[robosuite WARNING] No private macro file found! (macros.py:57)
[robosuite WARNING] It is recommended to use a private macro file (macros.py:58)
[robosuite WARNING] To setup, run: python /opt/anaconda3/envs/mujoco310/lib/python3.10/site-packages/robosuite/scripts/setup_macros.py (macros.py:59)
[robosuite WARNING] Could not import robosuite_models. Some robots may not be available. If you want to use these robots, please install robosuite_models from source (https://github.com/ARISE-Initiative/robosuite_models) or through pip install. (__init__.py:30)
[robosuite WARNING] Could not load the mink-based whole-body IK. Make sure you install related import properly, otherwise you will not be able to use the default IK controller setting for GR1 robot. (__init__.py:40)
Using device: mps
Execution mode: raw | privileged execution assistance: False
[robosuite INFO] Loading controller configuration from: /opt/anaconda3/envs/mujoco310/lib/python3.10/site-packages/robosuite/controllers/config/robots/default_panda.json (composite_controller_factory.py:121)
Scene rejected for ('push', 'A'): Deterministic push path is blocked by a distractor
Scene rejected for ('push', 'A'): Deterministic push path is blocked by a distractor
Scene rejected for ('push', 'A'): Deterministic push path is blocked by a distractor
Scene rejected for ('push', 'A'): Deterministic push path is blocked by a distractor
Scene rejected for ('push', 'A'): Deterministic push path is blocked by a distractor
Scene rejected for ('push', 'A'): Deterministic push path is blocked by a distractor
Episode 1/120: Push the red cube away from the robot | ensemble=temporal
Ep 1 | Step 1/200 | XYZ [ 0.511 -0.325 -0.602] | RPY [ 0.001 -0.004 -0.9  ] | Grip 1 (1.00) | Phase 5->5 | Ground 0.5cm | Target A | PredXYZ [ 0.063 -0.106  0.824] | TrueXYZ [ 0.058 -0.109  0.821] | EEF [-0.093 -0.019  1.018] | ObjZ 0.821 | Up 1.00 | Hold 0/0 | Age 0 (1) | Resets 0 | Shield 0
Ep 1 | Step 20/200 | XYZ [ 0.123 -0.105 -0.118] | RPY [0.011 0.001 0.004] | Grip 1 (1.00) | Phase 5->5 | Ground 0.2cm | Target A | PredXYZ [ 0.056 -0.11   0.822] | TrueXYZ [ 0.058 -0.109  0.822] | EEF [-0.033 -0.051  0.944] | ObjZ 0.822 | Up 1.00 | Hold 0/0 | Age 3 (4) | Resets 0 | Shield 0
Ep 1 | Step 40/200 | XYZ [ 0.018 -0.029 -0.392] | RPY [ 0.002 -0.005  0.003] | Grip 1 (1.00) | Phase 6->6 | Ground 0.7cm | Target A | PredXYZ [ 0.064 -0.106  0.822] | TrueXYZ [ 0.058 -0.109  0.822] | EEF [-0.015 -0.063  0.874] | ObjZ 0.822 | Up 1.00 | Hold 0/0 | Age 0 (1) | Resets 0 | Shield 0
Ep 1 | Step 60/200 | XYZ [ 0.006 -0.01  -0.073] | RPY [0.001 0.001 0.   ] | Grip 1 (1.00) | Phase 6->6 | Ground 0.1cm | Target A | PredXYZ [ 0.059 -0.108  0.822] | TrueXYZ [ 0.058 -0.109  0.822] | EEF [-0.015 -0.066  0.824] | ObjZ 0.822 | Up 1.00 | Hold 0/0 | Age 0 (1) | Resets 0 | Shield 0
Ep 1 | Step 80/200 | XYZ [ 0.078 -0.049  0.   ] | RPY [-0.005 -0.006 -0.004] | Grip 1 (1.00) | Phase 8->8 | Ground 0.7cm | Target A | PredXYZ [ 0.106 -0.145  0.822] | TrueXYZ [ 0.106 -0.141  0.822] | EEF [ 0.079 -0.123  0.818] | ObjZ 0.822 | Up 1.00 | Hold 0/0 | Age 3 (4) | Resets 0 | Shield 15
Ep 1 | Step 100/200 | XYZ [-0.07   0.022 -0.008] | RPY [-0.001  0.003 -0.007] | Grip 1 (1.00) | Phase 8->8 | Ground 0.6cm | Target A | PredXYZ [ 0.105 -0.148  0.822] | TrueXYZ [ 0.108 -0.142  0.822] | EEF [ 0.076 -0.124  0.823] | ObjZ 0.822 | Up 1.00 | Hold 0/0 | Age 3 (4) | Resets 0 | Shield 16
Ep 1 | Step 120/200 | XYZ [-0.022  0.013  0.027] | RPY [ 0.002  0.008 -0.001] | Grip 1 (1.00) | Phase 8->8 | Ground 0.4cm | Target A | PredXYZ [ 0.109 -0.139  0.822] | TrueXYZ [ 0.108 -0.142  0.822] | EEF [ 0.062 -0.119  0.825] | ObjZ 0.822 | Up 1.00 | Hold 0/0 | Age 3 (4) | Resets 0 | Shield 16
Ep 1 | Step 140/200 | XYZ [ 0.051 -0.011  0.042] | RPY [ 0.002  0.012 -0.009] | Grip 1 (1.00) | Phase 8->8 | Ground 0.5cm | Target A | PredXYZ [ 0.111 -0.138  0.822] | TrueXYZ [ 0.108 -0.142  0.822] | EEF [ 0.06  -0.119  0.833] | ObjZ 0.822 | Up 1.00 | Hold 0/0 | Age 3 (4) | Resets 0 | Shield 16
Ep 1 | Step 160/200 | XYZ [-0.024  0.024  0.184] | RPY [-0.     0.004 -0.007] | Grip 1 (1.00) | Phase 8->8 | Ground 0.2cm | Target A | PredXYZ [ 0.107 -0.14   0.822] | TrueXYZ [ 0.108 -0.142  0.822] | EEF [ 0.06  -0.118  0.856] | ObjZ 0.822 | Up 1.00 | Hold 0/0 | Age 3 (4) | Resets 0 | Shield 16
Ep 1 | Step 180/200 | XYZ [-0.073  0.033  0.144] | RPY [-0.002  0.007 -0.005] | Grip 1 (1.00) | Phase 5->5 | Ground 0.8cm | Target A | PredXYZ [ 0.106 -0.135  0.822] | TrueXYZ [ 0.108 -0.142  0.822] | EEF [ 0.05  -0.114  0.899] | ObjZ 0.822 | Up 1.00 | Hold 0/0 | Age 3 (4) | Resets 0 | Shield 16
Ep 1 | Step 200/200 | XYZ [ 0.03  -0.027 -0.41 ] | RPY [ 0.002 -0.002  0.003] | Grip 1 (1.00) | Phase 6->6 | Ground 0.6cm | Target A | PredXYZ [ 0.108 -0.137  0.822] | TrueXYZ [ 0.108 -0.142  0.822] | EEF [ 0.033 -0.106  0.876] | ObjZ 0.822 | Up 1.00 | Hold 0/0 | Age 0 (1) | Resets 0 | Shield 16
Episode 1: Fail | failure=insufficient_push_distance | termination=horizon
Episode 2/120: Pick up the red cube | ensemble=temporal
Ep 2 | Step 1/200 | XYZ [ 0.126 -0.588 -0.395] | RPY [ 0.001 -0.001 -0.034] | Grip -1 (0.00) | Phase 0->0 | Ground 0.1cm | Target A | PredXYZ [-0.081 -0.09   0.824] | TrueXYZ [-0.082 -0.089  0.821] | EEF [-0.097  0.009  1.004] | ObjZ 0.821 | Up 1.00 | Hold 0/0 | Age 0 (1) | Resets 0 | Shield 0
Ep 2 | Step 20/200 | XYZ [ 0.038 -0.125 -0.076] | RPY [-0.002  0.008 -0.003] | Grip -1 (0.00) | Phase 0->0 | Ground 0.3cm | Target A | PredXYZ [-0.082 -0.092  0.821] | TrueXYZ [-0.082 -0.089  0.822] | EEF [-0.088 -0.061  0.952] | ObjZ 0.822 | Up 1.00 | Hold 0/0 | Age 3 (4) | Resets 0 | Shield 0
Ep 2 | Step 40/200 | XYZ [ 0.024 -0.019 -0.255] | RPY [-0.002  0.013 -0.002] | Grip -1 (0.00) | Phase 1->1 | Ground 1.0cm | Target A | PredXYZ [-0.076 -0.097  0.822] | TrueXYZ [-0.082 -0.089  0.822] | EEF [-0.084 -0.079  0.851] | ObjZ 0.822 | Up 1.00 | Hold 0/0 | Age 0 (1) | Resets 0 | Shield 0
Ep 2 | Step 60/200 | XYZ [ 0.022  0.008 -0.051] | RPY [-0.002  0.001 -0.001] | Grip 1 (1.00) | Phase 2->2 | Ground 0.7cm | Target A | PredXYZ [-0.089 -0.087  0.823] | TrueXYZ [-0.082 -0.089  0.822] | EEF [-0.084 -0.086  0.818] | ObjZ 0.822 | Up 1.00 | Hold 0/0 | Age 0 (1) | Resets 0 | Shield 0
Ep 2 | Step 73/200 | XYZ [0.013 0.003 0.577] | RPY [ 0.005  0.023 -0.   ] | Grip 1 (1.00) | Phase 3->3 | Ground 1.3cm | Target A | PredXYZ [-0.079 -0.093  0.87 ] | TrueXYZ [-0.088 -0.086  0.87 ] | EEF [-0.09  -0.084  0.864] | ObjZ 0.870 | Up 1.00 | Hold 5/0 | Age 0 (1) | Resets 6 | Shield 0
Ep 2 | Step 79/200 | XYZ [0.013 0.003 0.435] | RPY [ 0.003  0.007 -0.001] | Grip 1 (1.00) | Phase 3->3 | Ground 1.7cm | Target A | PredXYZ [-0.092 -0.1    0.906] | TrueXYZ [-0.089 -0.084  0.905] | EEF [-0.091 -0.083  0.9  ] | ObjZ 0.905 | Up 1.00 | Hold 11/5 | Age 0 (1) | Resets 7 | Shield 0
Episode 2: Clean Success | failure=success | termination=success
Episode 3/120: Pick up the green cylinder | ensemble=temporal
Ep 3 | Step 1/200 | XYZ [ 0.472 -0.572 -0.568] | RPY [ 0.    -0.002  0.008] | Grip -1 (0.00) | Phase 0->0 | Ground 0.4cm | Target C | PredXYZ [ 0.005 -0.104  0.824] | TrueXYZ [ 0.009 -0.105  0.822] | EEF [-0.067 -0.013  1.035] | ObjZ 0.822 | Up 1.00 | Hold 0/0 | Age 0 (1) | Resets 0 | Shield 0
Ep 3 | Step 20/200 | XYZ [ 0.117 -0.137 -0.118] | RPY [-0.004  0.005 -0.005] | Grip -1 (0.00) | Phase 0->0 | Ground 0.3cm | Target C | PredXYZ [ 0.006 -0.103  0.822] | TrueXYZ [ 0.009 -0.105  0.822] | EEF [-0.011 -0.084  0.961] | ObjZ 0.822 | Up 1.00 | Hold 0/0 | Age 3 (4) | Resets 0 | Shield 0
Ep 3 | Step 40/200 | XYZ [ 0.02 -0.02 -0.38] | RPY [ 0.    -0.     0.002] | Grip -1 (0.00) | Phase 1->1 | Ground 0.3cm | Target C | PredXYZ [ 0.005 -0.105  0.822] | TrueXYZ [ 0.008 -0.105  0.822] | EEF [ 0.004 -0.101  0.87 ] | ObjZ 0.822 | Up 1.00 | Hold 0/0 | Age 0 (1) | Resets 0 | Shield 0
Ep 3 | Step 60/200 | XYZ [ 0.025  0.017 -0.074] | RPY [-0.002  0.002 -0.003] | Grip -1 (0.01) | Phase 1->1 | Ground 0.5cm | Target C | PredXYZ [ 0.007 -0.1    0.822] | TrueXYZ [ 0.009 -0.105  0.822] | EEF [ 0.004 -0.107  0.821] | ObjZ 0.822 | Up 1.00 | Hold 0/0 | Age 0 (1) | Resets 0 | Shield 0
Ep 3 | Step 75/200 | XYZ [0.012 0.002 0.578] | RPY [ 0.003  0.017 -0.001] | Grip 1 (1.00) | Phase 3->3 | Ground 0.8cm | Target C | PredXYZ [ 0.    -0.101  0.868] | TrueXYZ [ 0.004 -0.105  0.869] | EEF [ 0.    -0.106  0.864] | ObjZ 0.869 | Up 1.00 | Hold 5/0 | Age 0 (1) | Resets 2 | Shield 0
Ep 3 | Step 80/200 | XYZ [0.011 0.003 0.448] | RPY [ 0.002  0.008 -0.002] | Grip 1 (1.00) | Phase 3->3 | Ground 1.1cm | Target C | PredXYZ [-0.002 -0.101  0.902] | TrueXYZ [ 0.003 -0.105  0.899] | EEF [-0.001 -0.105  0.894] | ObjZ 0.899 | Up 1.00 | Hold 10/4 | Age 0 (1) | Resets 5 | Shield 0
Ep 3 | Step 81/200 | XYZ [0.011 0.003 0.428] | RPY [ 0.001  0.006 -0.002] | Grip 1 (1.00) | Phase 3->3 | Ground 1.1cm | Target C | PredXYZ [-0.006 -0.1    0.904] | TrueXYZ [ 0.003 -0.105  0.904] | EEF [-0.001 -0.105  0.9  ] | ObjZ 0.904 | Up 1.00 | Hold 11/5 | Age 0 (1) | Resets 5 | Shield 0
Episode 3: Clean Success | failure=success | termination=success
Scene rejected for ('push', 'A'): Deterministic push path is blocked by a distractor
Scene rejected for ('push', 'A'): Deterministic push path is blocked by a distractor
Scene rejected for ('push', 'A'): Deterministic push path is blocked by a distractor
Episode 4/120: Push the red cube away from the robot | ensemble=temporal
Ep 4 | Step 1/200 | XYZ [ 0.05   0.139 -0.601] | RPY [ 0.004 -0.003  0.9  ] | Grip 1 (1.00) | Phase 5->5 | Ground 0.8cm | Target A | PredXYZ [-0.11  -0.075  0.824] | TrueXYZ [-0.11  -0.067  0.821] | EEF [-0.091 -0.022  1.011] | ObjZ 0.821 | Up 1.00 | Hold 0/0 | Age 0 (1) | Resets 0 | Shield 0
Ep 4 | Step 20/200 | XYZ [ 0.049 -0.077 -0.112] | RPY [-0.04  -0.009  0.568] | Grip 1 (1.00) | Phase 5->5 | Ground 0.4cm | Target A | PredXYZ [-0.114 -0.067  0.822] | TrueXYZ [-0.11  -0.067  0.822] | EEF [-0.097 -0.003  0.932] | ObjZ 0.822 | Up 1.00 | Hold 0/0 | Age 3 (4) | Resets 0 | Shield 0
Ep 4 | Step 40/200 | XYZ [ 0.039  0.021 -0.202] | RPY [-0.002  0.008 -0.001] | Grip 1 (1.00) | Phase 6->6 | Ground 2.3cm | Target A | PredXYZ [-0.129 -0.081  0.822] | TrueXYZ [-0.11  -0.067  0.822] | EEF [-0.098 -0.022  0.844] | ObjZ 0.822 | Up 1.00 | Hold 0/0 | Age 0 (1) | Resets 0 | Shield 0
Ep 4 | Step 60/200 | XYZ [-0.218 -0.696 -0.031] | RPY [ 0.025 -0.007  0.022] | Grip 1 (1.00) | Phase 7->7 | Ground 2.5cm | Target A | PredXYZ [-0.128 -0.087  0.822] | TrueXYZ [-0.112 -0.072  0.823] | EEF [-0.102 -0.037  0.821] | ObjZ 0.823 | Up 1.00 | Hold 0/0 | Age 0 (1) | Resets 1 | Shield 0
Ep 4 | Step 80/200 | XYZ [-0.055 -0.255 -0.022] | RPY [-0.006  0.002 -0.008] | Grip 1 (1.00) | Phase 8->8 | Ground 1.3cm | Target A | PredXYZ [-0.134 -0.15   0.823] | TrueXYZ [-0.126 -0.144  0.826] | EEF [-0.114 -0.116  0.83 ] | ObjZ 0.826 | Up 0.98 | Hold 4/4 | Age 1 (2) | Resets 4 | Shield 0
Ep 4 | Step 81/200 | XYZ [-0.046 -0.204 -0.018] | RPY [-0.007  0.001 -0.008] | Grip 1 (1.00) | Phase 8->8 | Ground 1.3cm | Target A | PredXYZ [-0.135 -0.154  0.823] | TrueXYZ [-0.126 -0.146  0.826] | EEF [-0.115 -0.118  0.831] | ObjZ 0.826 | Up 0.98 | Hold 5/5 | Age 2 (3) | Resets 4 | Shield 0
Episode 4: Clean Success | failure=success | termination=success
Episode 5/120: Pick up the red cube | ensemble=temporal
Ep 5 | Step 1/200 | XYZ [-0.082  0.409 -0.431] | RPY [-0.001 -0.002 -0.076] | Grip -1 (0.00) | Phase 0->0 | Ground 1.1cm | Target A | PredXYZ [-0.118  0.067  0.824] | TrueXYZ [-0.107  0.066  0.821] | EEF [-0.107 -0.004  1.008] | ObjZ 0.821 | Up 1.00 | Hold 0/0 | Age 0 (1) | Resets 0 | Shield 0
Ep 5 | Step 20/200 | XYZ [-0.018  0.115 -0.088] | RPY [0.    0.006 0.002] | Grip -1 (0.00) | Phase 0->0 | Ground 1.7cm | Target A | PredXYZ [-0.124  0.071  0.822] | TrueXYZ [-0.107  0.066  0.822] | EEF [-0.12   0.049  0.955] | ObjZ 0.822 | Up 1.00 | Hold 0/0 | Age 3 (4) | Resets 0 | Shield 0
Ep 5 | Step 40/200 | XYZ [ 0.029  0.009 -0.259] | RPY [0.005 0.02  0.008] | Grip -1 (0.00) | Phase 1->1 | Ground 1.7cm | Target A | PredXYZ [-0.122  0.075  0.822] | TrueXYZ [-0.107  0.066  0.822] | EEF [-0.127  0.067  0.847] | ObjZ 0.822 | Up 1.00 | Hold 0/0 | Age 0 (1) | Resets 0 | Shield 0
Ep 5 | Step 60/200 | XYZ [ 0.043 -0.013 -0.057] | RPY [0.001 0.006 0.004] | Grip -1 (0.05) | Phase 1->1 | Ground 1.6cm | Target A | PredXYZ [-0.123  0.072  0.822] | TrueXYZ [-0.107  0.066  0.822] | EEF [-0.124  0.072  0.814] | ObjZ 0.822 | Up 1.00 | Hold 0/0 | Age 0 (1) | Resets 0 | Shield 0
Ep 5 | Step 80/200 | XYZ [ 0.019 -0.003  0.596] | RPY [-0.006  0.032 -0.003] | Grip 1 (1.00) | Phase 3->3 | Ground 1.9cm | Target A | PredXYZ [-0.129  0.07   0.851] | TrueXYZ [-0.116  0.063  0.869] | EEF [-0.132  0.068  0.858] | ObjZ 0.869 | Up 1.00 | Hold 4/0 | Age 0 (1) | Resets 2 | Shield 1
Ep 5 | Step 81/200 | XYZ [ 0.019 -0.002  0.569] | RPY [-0.006  0.029 -0.004] | Grip 1 (1.00) | Phase 3->3 | Ground 1.7cm | Target A | PredXYZ [-0.127  0.073  0.86 ] | TrueXYZ [-0.117  0.063  0.875] | EEF [-0.132  0.067  0.864] | ObjZ 0.875 | Up 1.00 | Hold 5/0 | Age 0 (1) | Resets 2 | Shield 1
Ep 5 | Step 86/200 | XYZ [ 0.018 -0.001  0.434] | RPY [-0.005  0.011 -0.005] | Grip 1 (1.00) | Phase 3->3 | Ground 2.6cm | Target A | PredXYZ [-0.136  0.079  0.899] | TrueXYZ [-0.117  0.06   0.904] | EEF [-0.133  0.064  0.894] | ObjZ 0.904 | Up 1.00 | Hold 10/5 | Age 0 (1) | Resets 5 | Shield 1
Episode 5: Clean Success | failure=success | termination=success
Episode 6/120: Pick up the blue ball | ensemble=temporal
Ep 6 | Step 1/200 | XYZ [ 0.9   -0.432 -0.403] | RPY [-0.001 -0.    -0.   ] | Grip -1 (0.00) | Phase 0->0 | Ground 0.3cm | Target B | PredXYZ [ 0.072 -0.066  0.829] | TrueXYZ [ 0.07  -0.067  0.826] | EEF [-0.103  0.004  1.012] | ObjZ 0.826 | Up 1.00 | Hold 0/0 | Age 0 (1) | Resets 0 | Shield 0
Ep 6 | Step 20/200 | XYZ [ 0.273 -0.102 -0.072] | RPY [-0.005 -0.006 -0.002] | Grip -1 (0.00) | Phase 0->0 | Ground 0.2cm | Target B | PredXYZ [ 0.07  -0.065  0.826] | TrueXYZ [ 0.07  -0.067  0.826] | EEF [ 0.027 -0.055  0.96 ] | ObjZ 0.826 | Up 1.00 | Hold 0/0 | Age 3 (4) | Resets 0 | Shield 0
Ep 6 | Step 40/200 | XYZ [ 0.041 -0.02  -0.517] | RPY [ 0.001 -0.005  0.002] | Grip -1 (0.00) | Phase 1->1 | Ground 0.4cm | Target B | PredXYZ [ 0.069 -0.064  0.826] | TrueXYZ [ 0.07  -0.067  0.826] | EEF [ 0.062 -0.065  0.895] | ObjZ 0.826 | Up 1.00 | Hold 0/0 | Age 0 (1) | Resets 0 | Shield 0
Ep 6 | Step 60/200 | XYZ [ 0.012  0.    -0.112] | RPY [-0.    -0.001  0.001] | Grip -1 (0.00) | Phase 1->1 | Ground 0.5cm | Target B | PredXYZ [ 0.066 -0.071  0.826] | TrueXYZ [ 0.07  -0.067  0.826] | EEF [ 0.066 -0.067  0.832] | ObjZ 0.826 | Up 1.00 | Hold 0/0 | Age 0 (1) | Resets 0 | Shield 0
Ep 6 | Step 80/200 | XYZ [0.005 0.001 0.592] | RPY [-0.002  0.002 -0.003] | Grip 1 (1.00) | Phase 3->3 | Ground 0.9cm | Target B | PredXYZ [ 0.068 -0.076  0.863] | TrueXYZ [ 0.069 -0.068  0.867] | EEF [ 0.067 -0.068  0.863] | ObjZ 0.867 | Up 1.00 | Hold 4/0 | Age 0 (1) | Resets 3 | Shield 0
Ep 6 | Step 81/200 | XYZ [0.005 0.001 0.563] | RPY [-0.001  0.003 -0.003] | Grip 1 (1.00) | Phase 3->3 | Ground 0.7cm | Target B | PredXYZ [ 0.065 -0.074  0.867] | TrueXYZ [ 0.069 -0.068  0.874] | EEF [ 0.067 -0.069  0.87 ] | ObjZ 0.874 | Up 1.00 | Hold 5/0 | Age 0 (1) | Resets 3 | Shield 0
Ep 6 | Step 86/200 | XYZ [0.004 0.001 0.431] | RPY [-0.001  0.006 -0.003] | Grip 1 (1.00) | Phase 3->3 | Ground 0.8cm | Target B | PredXYZ [ 0.064 -0.076  0.896] | TrueXYZ [ 0.068 -0.069  0.903] | EEF [ 0.065 -0.069  0.899] | ObjZ 0.903 | Up 1.00 | Hold 10/5 | Age 0 (1) | Resets 3 | Shield 0
Episode 6: Clean Success | failure=success | termination=success
Episode 7/120: Pick up the red cube | ensemble=temporal
Ep 7 | Step 1/200 | XYZ [ 0.085  0.703 -0.405] | RPY [ 0.003  0.    -0.9  ] | Grip -1 (0.05) | Phase 0->0 | Ground 0.3cm | Target A | PredXYZ [-0.093  0.128  0.824] | TrueXYZ [-0.095  0.126  0.821] | EEF [-1.08e-01  1.00e-03  1.01e+00] | ObjZ 0.821 | Up 1.00 | Hold 0/0 | Age 0 (1) | Resets 0 | Shield 0
Ep 7 | Step 20/200 | XYZ [ 0.108  0.273 -0.055] | RPY [ 0.011  0.039 -0.024] | Grip -1 (0.00) | Phase 0->0 | Ground 1.1cm | Target A | PredXYZ [-0.102  0.133  0.822] | TrueXYZ [-0.095  0.126  0.822] | EEF [-0.13   0.097  0.944] | ObjZ 0.822 | Up 1.00 | Hold 0/0 | Age 3 (4) | Resets 0 | Shield 0
Ep 7 | Step 40/200 | XYZ [0.196 0.006 0.145] | RPY [-0.008  0.033  0.025] | Grip -1 (0.00) | Phase 0->0 | Ground 0.8cm | Target A | PredXYZ [-0.094  0.134  0.822] | TrueXYZ [-0.095  0.126  0.822] | EEF [-0.148  0.124  0.926] | ObjZ 0.822 | Up 1.00 | Hold 0/0 | Age 3 (4) | Resets 0 | Shield 0
Ep 7 | Step 60/200 | XYZ [ 0.177 -0.001  0.023] | RPY [-0.002  0.012 -0.006] | Grip -1 (0.00) | Phase 0->0 | Ground 0.8cm | Target A | PredXYZ [-0.092  0.133  0.822] | TrueXYZ [-0.095  0.126  0.822] | EEF [-0.11   0.128  0.936] | ObjZ 0.822 | Up 1.00 | Hold 0/0 | Age 3 (4) | Resets 0 | Shield 0
Ep 7 | Step 80/200 | XYZ [ 0.086  0.011 -0.201] | RPY [0.002 0.011 0.01 ] | Grip -1 (0.00) | Phase 1->1 | Ground 0.2cm | Target A | PredXYZ [-0.094  0.127  0.822] | TrueXYZ [-0.095  0.126  0.822] | EEF [-0.083  0.128  0.914] | ObjZ 0.822 | Up 1.00 | Hold 0/0 | Age 0 (1) | Resets 0 | Shield 0
Ep 7 | Step 100/200 | XYZ [ 0.033 -0.004 -0.143] | RPY [0.003 0.009 0.005] | Grip -1 (0.00) | Phase 1->1 | Ground 0.7cm | Target A | PredXYZ [-0.088  0.129  0.822] | TrueXYZ [-0.095  0.126  0.822] | EEF [-0.076  0.131  0.833] | ObjZ 0.822 | Up 1.00 | Hold 0/0 | Age 0 (1) | Resets 2 | Shield 0
Ep 7 | Step 120/200 | XYZ [0.019 0.002 0.762] | RPY [-0.003  0.001  0.001] | Grip 1 (1.00) | Phase 3->3 | Ground 0.8cm | Target A | PredXYZ [-0.086  0.129  0.823] | TrueXYZ [-0.093  0.125  0.825] | EEF [-0.078  0.119  0.824] | ObjZ 0.825 | Up 1.00 | Hold 0/0 | Age 0 (1) | Resets 2 | Shield 0
Ep 7 | Step 127/200 | XYZ [ 0.015 -0.007  0.525] | RPY [-0.009  0.016 -0.004] | Grip 1 (1.00) | Phase 3->3 | Ground 2.0cm | Target A | PredXYZ [-0.078  0.116  0.872] | TrueXYZ [-0.097  0.12   0.874] | EEF [-0.083  0.113  0.873] | ObjZ 0.874 | Up 1.00 | Hold 5/0 | Age 0 (1) | Resets 7 | Shield 0
Ep 7 | Step 132/200 | XYZ [ 0.015 -0.004  0.407] | RPY [-0.005  0.006 -0.005] | Grip 1 (1.00) | Phase 3->3 | Ground 1.7cm | Target A | PredXYZ [-0.084  0.11   0.891] | TrueXYZ [-0.097  0.118  0.902] | EEF [-0.083  0.111  0.901] | ObjZ 0.902 | Up 1.00 | Hold 10/5 | Age 0 (1) | Resets 9 | Shield 0
Episode 7: Clean Success | failure=success | termination=success
Episode 8/120: Pick up the red cube | ensemble=temporal
Ep 8 | Step 1/200 | XYZ [-0.172 -0.065 -0.467] | RPY [-0.003  0.006 -0.124] | Grip -1 (0.00) | Phase 0->0 | Ground 1.0cm | Target A | PredXYZ [-0.121 -0.025  0.824] | TrueXYZ [-0.111 -0.023  0.821] | EEF [-0.103 -0.011  1.016] | ObjZ 0.821 | Up 1.00 | Hold 0/0 | Age 0 (1) | Resets 0 | Shield 0
Ep 8 | Step 20/200 | XYZ [-0.052  0.001 -0.108] | RPY [0.008 0.018 0.014] | Grip -1 (0.00) | Phase 0->0 | Ground 1.8cm | Target A | PredXYZ [-0.128 -0.027  0.822] | TrueXYZ [-0.111 -0.023  0.822] | EEF [-0.136 -0.008  0.953] | ObjZ 0.822 | Up 1.00 | Hold 0/0 | Age 3 (4) | Resets 0 | Shield 0
Ep 8 | Step 40/200 | XYZ [-0.004 -0.055 -0.478] | RPY [ 0.008 -0.008  0.004] | Grip -1 (0.00) | Phase 1->1 | Ground 1.5cm | Target A | PredXYZ [-0.124 -0.03   0.822] | TrueXYZ [-0.111 -0.023  0.822] | EEF [-0.147  0.011  0.875] | ObjZ 0.822 | Up 1.00 | Hold 0/0 | Age 0 (1) | Resets 0 | Shield 0
Ep 8 | Step 60/200 | XYZ [ 0.059 -0.008 -0.065] | RPY [-0.001  0.012  0.002] | Grip -1 (0.00) | Phase 1->1 | Ground 1.3cm | Target A | PredXYZ [-0.123 -0.019  0.823] | TrueXYZ [-0.111 -0.023  0.822] | EEF [-0.146  0.003  0.818] | ObjZ 0.822 | Up 1.00 | Hold 0/0 | Age 0 (1) | Resets 2 | Shield 0
Ep 8 | Step 80/200 | XYZ [ 0.012 -0.024  0.588] | RPY [-0.002  0.039 -0.004] | Grip 1 (1.00) | Phase 3->3 | Ground 0.9cm | Target A | PredXYZ [-0.116 -0.017  0.826] | TrueXYZ [-0.111 -0.023  0.822] | EEF [-0.148 -0.001  0.832] | ObjZ 0.822 | Up 1.00 | Hold 0/0 | Age 0 (1) | Resets 2 | Shield 0
Ep 8 | Step 100/200 | XYZ [-0.015  0.002  0.011] | RPY [ 0.001 -0.008  0.   ] | Grip 1 (1.00) | Phase 3->3 | Ground 2.2cm | Target A | PredXYZ [-0.13  -0.034  0.822] | TrueXYZ [-0.111 -0.023  0.822] | EEF [-0.154 -0.012  0.917] | ObjZ 0.822 | Up 1.00 | Hold 0/0 | Age 0 (1) | Resets 2 | Shield 0
Ep 8 | Step 120/200 | XYZ [-0.006 -0.005 -0.337] | RPY [ 0.003  0.006 -0.001] | Grip -1 (0.00) | Phase 1->1 | Ground 1.2cm | Target A | PredXYZ [-0.113 -0.017  0.832] | TrueXYZ [-0.111 -0.023  0.822] | EEF [-0.143  0.     0.828] | ObjZ 0.822 | Up 1.00 | Hold 0/0 | Age 0 (1) | Resets 2 | Shield 0
Ep 8 | Step 140/200 | XYZ [0.023 0.006 0.   ] | RPY [-0.003  0.002 -0.002] | Grip 1 (1.00) | Phase 2->2 | Ground 1.7cm | Target A | PredXYZ [-0.106 -0.016  0.837] | TrueXYZ [-0.111 -0.024  0.822] | EEF [-0.145 -0.003  0.81 ] | ObjZ 0.822 | Up 1.00 | Hold 0/0 | Age 0 (1) | Resets 4 | Shield 13
Ep 8 | Step 160/200 | XYZ [ 0.008 -0.014  0.272] | RPY [-0.     0.007 -0.   ] | Grip 1 (1.00) | Phase 3->3 | Ground 1.9cm | Target A | PredXYZ [-0.128 -0.032  0.822] | TrueXYZ [-0.111 -0.023  0.822] | EEF [-0.158 -0.012  0.906] | ObjZ 0.822 | Up 1.00 | Hold 0/0 | Age 0 (1) | Resets 9 | Shield 14
Ep 8 | Step 180/200 | XYZ [-0.029 -0.    -0.417] | RPY [ 0.007 -0.008  0.003] | Grip -1 (0.09) | Phase 1->1 | Ground 1.2cm | Target A | PredXYZ [-0.122 -0.028  0.822] | TrueXYZ [-0.111 -0.023  0.822] | EEF [-0.143 -0.002  0.855] | ObjZ 0.822 | Up 1.00 | Hold 0/0 | Age 0 (1) | Resets 9 | Shield 14
Ep 8 | Step 200/200 | XYZ [0.014 0.008 0.   ] | RPY [-0.002  0.003  0.003] | Grip 1 (1.00) | Phase 2->2 | Ground 1.8cm | Target A | PredXYZ [-0.107 -0.013  0.836] | TrueXYZ [-0.111 -0.023  0.822] | EEF [-0.15  -0.006  0.81 ] | ObjZ 0.822 | Up 1.00 | Hold 0/0 | Age 0 (1) | Resets 12 | Shield 21
Episode 8: Fail | failure=grasp_failed_after_contact | termination=horizon
Scene rejected for ('pick', 'B'): Pick target lacks bilateral gripper clearance
Scene rejected for ('pick', 'B'): Pick target lacks bilateral gripper clearance
Episode 9/120: Pick up the blue ball | ensemble=temporal
Ep 9 | Step 1/200 | XYZ [ 0.578 -0.275 -0.337] | RPY [-0.     0.001  0.001] | Grip -1 (0.00) | Phase 0->0 | Ground 1.0cm | Target B | PredXYZ [-0.021 -0.062  0.828] | TrueXYZ [-0.012 -0.059  0.826] | EEF [-0.112 -0.011  1.   ] | ObjZ 0.826 | Up 1.00 | Hold 0/0 | Age 0 (1) | Resets 0 | Shield 0
Ep 9 | Step 20/200 | XYZ [ 0.149 -0.087 -0.066] | RPY [-0.002 -0.001 -0.002] | Grip -1 (0.00) | Phase 0->0 | Ground 1.5cm | Target B | PredXYZ [-0.023 -0.068  0.826] | TrueXYZ [-0.012 -0.059  0.826] | EEF [-0.042 -0.052  0.957] | ObjZ 0.826 | Up 1.00 | Hold 0/0 | Age 3 (4) | Resets 0 | Shield 0
Ep 9 | Step 40/200 | XYZ [ 0.025 -0.015 -0.361] | RPY [0.001 0.001 0.   ] | Grip -1 (0.00) | Phase 1->1 | Ground 1.7cm | Target B | PredXYZ [-0.019 -0.074  0.826] | TrueXYZ [-0.012 -0.059  0.826] | EEF [-0.023 -0.06   0.87 ] | ObjZ 0.826 | Up 1.00 | Hold 0/0 | Age 0 (1) | Resets 0 | Shield 0
Ep 9 | Step 60/200 | XYZ [ 0.023  0.017 -0.076] | RPY [-0.001  0.002 -0.002] | Grip -1 (0.00) | Phase 1->1 | Ground 1.3cm | Target B | PredXYZ [-0.02  -0.068  0.826] | TrueXYZ [-0.012 -0.059  0.826] | EEF [-0.021 -0.063  0.824] | ObjZ 0.826 | Up 1.00 | Hold 0/0 | Age 0 (1) | Resets 0 | Shield 0
Ep 9 | Step 78/200 | XYZ [0.008 0.003 0.57 ] | RPY [-0.001  0.013 -0.003] | Grip 1 (1.00) | Phase 3->3 | Ground 1.8cm | Target B | PredXYZ [-0.027 -0.07   0.858] | TrueXYZ [-0.015 -0.059  0.872] | EEF [-0.022 -0.062  0.866] | ObjZ 0.872 | Up 1.00 | Hold 5/0 | Age 0 (1) | Resets 1 | Shield 0
Ep 9 | Step 80/200 | XYZ [0.007 0.003 0.514] | RPY [-0.001  0.011 -0.003] | Grip 1 (1.00) | Phase 3->3 | Ground 1.8cm | Target B | PredXYZ [-0.02  -0.076  0.879] | TrueXYZ [-0.015 -0.059  0.885] | EEF [-0.022 -0.062  0.879] | ObjZ 0.885 | Up 1.00 | Hold 7/1 | Age 0 (1) | Resets 3 | Shield 0
Ep 9 | Step 84/200 | XYZ [0.005 0.003 0.422] | RPY [-0.001  0.006 -0.003] | Grip 1 (1.00) | Phase 3->3 | Ground 0.8cm | Target B | PredXYZ [-0.018 -0.067  0.902] | TrueXYZ [-0.016 -0.059  0.907] | EEF [-0.023 -0.062  0.901] | ObjZ 0.907 | Up 1.00 | Hold 11/5 | Age 0 (1) | Resets 6 | Shield 0
Episode 9: Clean Success | failure=success | termination=success
Episode 10/120: Push the red cube away from the robot | ensemble=temporal
Ep 10 | Step 1/200 | XYZ [ 0.301 -0.398 -0.539] | RPY [ 0.001 -0.    -0.9  ] | Grip 1 (1.00) | Phase 5->5 | Ground 1.3cm | Target A | PredXYZ [-0.005 -0.118  0.824] | TrueXYZ [ 0.005 -0.11   0.821] | EEF [-0.107  0.012  1.01 ] | ObjZ 0.821 | Up 1.00 | Hold 0/0 | Age 0 (1) | Resets 0 | Shield 0
Ep 10 | Step 20/200 | XYZ [ 0.098 -0.095 -0.119] | RPY [ 0.018  0.001 -0.033] | Grip 1 (1.00) | Phase 5->5 | Ground 0.7cm | Target A | PredXYZ [-0.001 -0.113  0.822] | TrueXYZ [ 0.005 -0.11   0.822] | EEF [-0.072 -0.028  0.94 ] | ObjZ 0.822 | Up 1.00 | Hold 0/0 | Age 3 (4) | Resets 0 | Shield 0
Ep 10 | Step 40/200 | XYZ [ 0.01  -0.044 -0.367] | RPY [ 0.003 -0.005  0.004] | Grip 1 (1.00) | Phase 6->6 | Ground 0.7cm | Target A | PredXYZ [ 0.001 -0.115  0.822] | TrueXYZ [ 0.005 -0.11   0.822] | EEF [-0.057 -0.039  0.871] | ObjZ 0.822 | Up 1.00 | Hold 0/0 | Age 0 (1) | Resets 0 | Shield 0
Ep 10 | Step 60/200 | XYZ [ 0.014 -0.011 -0.062] | RPY [ 0.     0.002 -0.   ] | Grip 1 (1.00) | Phase 6->6 | Ground 0.8cm | Target A | PredXYZ [ 0.002 -0.117  0.822] | TrueXYZ [ 0.005 -0.11   0.822] | EEF [-0.058 -0.045  0.825] | ObjZ 0.822 | Up 1.00 | Hold 0/0 | Age 0 (1) | Resets 0 | Shield 0
Ep 10 | Step 80/200 | XYZ [ 0.245 -0.321 -0.014] | RPY [-0.007 -0.004 -0.007] | Grip 1 (1.00) | Phase 7->7 | Ground 0.3cm | Target A | PredXYZ [ 0.035 -0.157  0.822] | TrueXYZ [ 0.039 -0.162  0.822] | EEF [ 0.025 -0.134  0.819] | ObjZ 0.822 | Up 1.00 | Hold 0/0 | Age 0 (1) | Resets 0 | Shield 0
Ep 10 | Step 85/200 | XYZ [-0.029  0.039  0.028] | RPY [-0.012 -0.012 -0.006] | Grip 1 (1.00) | Phase 8->8 | Ground 0.4cm | Target A | PredXYZ [ 0.046 -0.167  0.822] | TrueXYZ [ 0.047 -0.171  0.822] | EEF [ 0.032 -0.142  0.821] | ObjZ 0.822 | Up 1.00 | Hold 5/5 | Age 3 (4) | Resets 0 | Shield 0
Episode 10: Clean Success | failure=success | termination=success
Episode 11/120: Pick up the green cylinder | ensemble=temporal
Ep 11 | Step 1/200 | XYZ [ 0.9   -0.142 -0.464] | RPY [-0.001  0.     0.001] | Grip -1 (0.00) | Phase 0->0 | Ground 0.0cm | Target C | PredXYZ [ 0.088 -0.016  0.824] | TrueXYZ [ 0.089 -0.017  0.822] | EEF [-0.09   0.003  1.021] | ObjZ 0.822 | Up 1.00 | Hold 0/0 | Age 0 (1) | Resets 0 | Shield 0
Ep 11 | Step 20/200 | XYZ [ 0.292 -0.04  -0.09 ] | RPY [-0.002 -0.007  0.001] | Grip -1 (0.00) | Phase 0->0 | Ground 0.6cm | Target C | PredXYZ [ 0.093 -0.02   0.822] | TrueXYZ [ 0.088 -0.017  0.822] | EEF [ 0.047 -0.016  0.961] | ObjZ 0.822 | Up 1.00 | Hold 0/0 | Age 3 (4) | Resets 0 | Shield 0
Ep 11 | Step 40/200 | XYZ [ 0.055 -0.003 -0.542] | RPY [ 0.    -0.003  0.001] | Grip -1 (0.00) | Phase 1->1 | Ground 0.6cm | Target C | PredXYZ [ 0.095 -0.017  0.822] | TrueXYZ [ 0.089 -0.017  0.822] | EEF [ 0.084 -0.019  0.899] | ObjZ 0.822 | Up 1.00 | Hold 0/0 | Age 0 (1) | Resets 0 | Shield 0
Ep 11 | Step 60/200 | XYZ [ 0.009  0.002 -0.119] | RPY [-0.    -0.001  0.   ] | Grip -1 (0.00) | Phase 1->1 | Ground 0.3cm | Target C | PredXYZ [ 0.09  -0.02   0.823] | TrueXYZ [ 0.088 -0.017  0.822] | EEF [ 0.09  -0.019  0.831] | ObjZ 0.822 | Up 1.00 | Hold 0/0 | Age 0 (1) | Resets 0 | Shield 0
Ep 11 | Step 80/200 | XYZ [0.004 0.001 0.566] | RPY [-0.001  0.001 -0.002] | Grip 1 (1.00) | Phase 3->3 | Ground 0.5cm | Target C | PredXYZ [ 0.091 -0.014  0.865] | TrueXYZ [ 0.088 -0.019  0.872] | EEF [ 0.09  -0.019  0.87 ] | ObjZ 0.872 | Up 1.00 | Hold 5/0 | Age 0 (1) | Resets 1 | Shield 0
Ep 11 | Step 86/200 | XYZ [0.003 0.001 0.41 ] | RPY [-0.001  0.006 -0.002] | Grip 1 (1.00) | Phase 3->3 | Ground 1.7cm | Target C | PredXYZ [ 0.094 -0.011  0.912] | TrueXYZ [ 0.086 -0.019  0.905] | EEF [ 0.088 -0.02   0.903] | ObjZ 0.905 | Up 1.00 | Hold 11/5 | Age 0 (1) | Resets 3 | Shield 0
Episode 11: Clean Success | failure=success | termination=success
Episode 12/120: Pick up the blue ball | ensemble=temporal
Ep 12 | Step 1/200 | XYZ [ 0.9   -0.577 -0.336] | RPY [-0.001 -0.     0.003] | Grip -1 (0.00) | Phase 0->0 | Ground 0.4cm | Target B | PredXYZ [ 0.091 -0.095  0.828] | TrueXYZ [ 0.092 -0.091  0.826] | EEF [-0.117 -0.001  0.999] | ObjZ 0.826 | Up 1.00 | Hold 0/0 | Age 0 (1) | Resets 0 | Shield 0
Ep 12 | Step 20/200 | XYZ [ 0.355 -0.139 -0.05 ] | RPY [-0.005 -0.007 -0.004] | Grip -1 (0.00) | Phase 0->0 | Ground 0.5cm | Target B | PredXYZ [ 0.089 -0.095  0.826] | TrueXYZ [ 0.092 -0.091  0.826] | EEF [ 0.03  -0.082  0.956] | ObjZ 0.826 | Up 1.00 | Hold 0/0 | Age 3 (4) | Resets 0 | Shield 0
Ep 12 | Step 40/200 | XYZ [ 0.067 -0.032 -0.673] | RPY [ 0.001 -0.005  0.003] | Grip -1 (0.00) | Phase 1->1 | Ground 0.8cm | Target B | PredXYZ [ 0.095 -0.098  0.826] | TrueXYZ [ 0.092 -0.091  0.826] | EEF [ 0.077 -0.098  0.917] | ObjZ 0.826 | Up 1.00 | Hold 0/0 | Age 0 (1) | Resets 0 | Shield 0
Ep 12 | Step 60/200 | XYZ [ 0.017  0.004 -0.143] | RPY [-0.    -0.001  0.001] | Grip -1 (0.00) | Phase 1->1 | Ground 0.8cm | Target B | PredXYZ [ 0.094 -0.099  0.826] | TrueXYZ [ 0.092 -0.091  0.826] | EEF [ 0.084 -0.101  0.834] | ObjZ 0.826 | Up 1.00 | Hold 0/0 | Age 0 (1) | Resets 0 | Shield 0
Ep 12 | Step 80/200 | XYZ [ 0.004  0.009 -0.042] | RPY [-0.003  0.001 -0.003] | Grip 1 (1.00) | Phase 2->2 | Ground 0.7cm | Target B | PredXYZ [ 0.096 -0.097  0.827] | TrueXYZ [ 0.094 -0.091  0.825] | EEF [ 0.09  -0.099  0.819] | ObjZ 0.825 | Up 1.00 | Hold 0/0 | Age 0 (1) | Resets 0 | Shield 0
Ep 12 | Step 88/200 | XYZ [0.006 0.003 0.566] | RPY [-0.003 -0.004 -0.003] | Grip 1 (1.00) | Phase 3->3 | Ground 1.2cm | Target B | PredXYZ [ 0.1   -0.101  0.869] | TrueXYZ [ 0.095 -0.091  0.873] | EEF [ 0.091 -0.1    0.867] | ObjZ 0.873 | Up 1.00 | Hold 5/0 | Age 0 (1) | Resets 3 | Shield 0
Ep 12 | Step 94/200 | XYZ [0.004 0.004 0.419] | RPY [-0.002  0.005 -0.004] | Grip 1 (1.00) | Phase 3->3 | Ground 1.6cm | Target B | PredXYZ [ 0.086 -0.104  0.894] | TrueXYZ [ 0.093 -0.092  0.907] | EEF [ 0.089 -0.1    0.901] | ObjZ 0.907 | Up 1.00 | Hold 11/5 | Age 0 (1) | Resets 5 | Shield 0
Episode 12: Clean Success | failure=success | termination=success
Scene rejected for ('pick', 'B'): Pick target lacks bilateral gripper clearance
Episode 13/120: Pick up the blue ball | ensemble=temporal
Ep 13 | Step 1/200 | XYZ [ 0.85  -0.557 -0.381] | RPY [-0.002  0.001 -0.006] | Grip -1 (0.00) | Phase 0->0 | Ground 0.5cm | Target B | PredXYZ [ 0.042 -0.076  0.828] | TrueXYZ [ 0.043 -0.072  0.826] | EEF [-0.096  0.013  1.006] | ObjZ 0.826 | Up 1.00 | Hold 0/0 | Age 0 (1) | Resets 0 | Shield 0
Ep 13 | Step 20/200 | XYZ [ 0.222 -0.112 -0.068] | RPY [-0.005 -0.005 -0.003] | Grip -1 (0.00) | Phase 0->0 | Ground 0.5cm | Target B | PredXYZ [ 0.046 -0.076  0.826] | TrueXYZ [ 0.043 -0.072  0.826] | EEF [ 0.012 -0.057  0.957] | ObjZ 0.826 | Up 1.00 | Hold 0/0 | Age 3 (4) | Resets 0 | Shield 0
Ep 13 | Step 40/200 | XYZ [ 0.033 -0.019 -0.431] | RPY [ 0.001 -0.003  0.002] | Grip -1 (0.00) | Phase 1->1 | Ground 0.8cm | Target B | PredXYZ [ 0.038 -0.078  0.826] | TrueXYZ [ 0.043 -0.072  0.826] | EEF [ 0.04  -0.067  0.881] | ObjZ 0.826 | Up 1.00 | Hold 0/0 | Age 0 (1) | Resets 0 | Shield 0
Ep 13 | Step 60/200 | XYZ [ 0.008  0.    -0.087] | RPY [-0.    -0.001  0.   ] | Grip -1 (0.00) | Phase 1->1 | Ground 0.6cm | Target B | PredXYZ [ 0.044 -0.078  0.826] | TrueXYZ [ 0.043 -0.072  0.826] | EEF [ 0.043 -0.07   0.829] | ObjZ 0.826 | Up 1.00 | Hold 0/0 | Age 0 (1) | Resets 0 | Shield 0
Ep 13 | Step 77/200 | XYZ [0.005 0.    0.558] | RPY [-0.001  0.006 -0.002] | Grip 1 (1.00) | Phase 3->3 | Ground 0.7cm | Target B | PredXYZ [ 0.046 -0.074  0.873] | TrueXYZ [ 0.042 -0.072  0.874] | EEF [ 0.042 -0.072  0.872] | ObjZ 0.874 | Up 1.00 | Hold 5/0 | Age 0 (1) | Resets 2 | Shield 0
Ep 13 | Step 80/200 | XYZ [0.005 0.001 0.474] | RPY [-0.001  0.006 -0.003] | Grip 1 (1.00) | Phase 3->3 | Ground 1.2cm | Target B | PredXYZ [ 0.045 -0.083  0.887] | TrueXYZ [ 0.041 -0.073  0.892] | EEF [ 0.041 -0.072  0.89 ] | ObjZ 0.892 | Up 1.00 | Hold 8/3 | Age 0 (1) | Resets 2 | Shield 0
Ep 13 | Step 82/200 | XYZ [0.005 0.001 0.426] | RPY [-0.001  0.006 -0.003] | Grip 1 (1.00) | Phase 3->3 | Ground 1.3cm | Target B | PredXYZ [ 0.047 -0.081  0.905] | TrueXYZ [ 0.041 -0.073  0.902] | EEF [ 0.041 -0.072  0.9  ] | ObjZ 0.902 | Up 1.00 | Hold 10/5 | Age 0 (1) | Resets 3 | Shield 0
Episode 13: Clean Success | failure=success | termination=success
Episode 14/120: Pick up the green cylinder | ensemble=temporal
Ep 14 | Step 1/200 | XYZ [ 0.9    0.014 -0.453] | RPY [-0.002  0.    -0.003] | Grip -1 (0.00) | Phase 0->0 | Ground 0.6cm | Target C | PredXYZ [0.129 0.026 0.824] | TrueXYZ [0.129 0.033 0.822] | EEF [-0.087  0.018  1.015] | ObjZ 0.822 | Up 1.00 | Hold 0/0 | Age 0 (1) | Resets 0 | Shield 0
Ep 14 | Step 20/200 | XYZ [ 0.364  0.023 -0.071] | RPY [ 0.    -0.008  0.002] | Grip -1 (0.00) | Phase 0->0 | Ground 0.4cm | Target C | PredXYZ [0.132 0.031 0.822] | TrueXYZ [0.129 0.033 0.822] | EEF [0.07  0.026 0.957] | ObjZ 0.822 | Up 1.00 | Hold 0/0 | Age 3 (4) | Resets 0 | Shield 0
Ep 14 | Step 40/200 | XYZ [ 0.066  0.013 -0.621] | RPY [-0.001 -0.002 -0.   ] | Grip -1 (0.00) | Phase 1->1 | Ground 0.5cm | Target C | PredXYZ [0.132 0.037 0.822] | TrueXYZ [0.129 0.033 0.822] | EEF [0.115 0.029 0.907] | ObjZ 0.822 | Up 1.00 | Hold 0/0 | Age 0 (1) | Resets 0 | Shield 0
Ep 14 | Step 60/200 | XYZ [ 0.013  0.006 -0.127] | RPY [-0.001 -0.001  0.   ] | Grip -1 (0.00) | Phase 1->1 | Ground 0.4cm | Target C | PredXYZ [0.126 0.03  0.822] | TrueXYZ [0.129 0.033 0.822] | EEF [0.122 0.03  0.831] | ObjZ 0.822 | Up 1.00 | Hold 0/0 | Age 0 (1) | Resets 0 | Shield 0
Ep 14 | Step 80/200 | XYZ [0.004 0.003 0.67 ] | RPY [ 0.001 -0.008 -0.002] | Grip 1 (1.00) | Phase 3->3 | Ground 1.4cm | Target C | PredXYZ [0.121 0.034 0.831] | TrueXYZ [0.13  0.031 0.85 ] | EEF [0.126 0.031 0.845] | ObjZ 0.850 | Up 1.00 | Hold 2/0 | Age 0 (1) | Resets 0 | Shield 0
Ep 14 | Step 83/200 | XYZ [0.004 0.002 0.575] | RPY [ 0.001 -0.005 -0.001] | Grip 1 (1.00) | Phase 3->3 | Ground 0.5cm | Target C | PredXYZ [0.126 0.033 0.867] | TrueXYZ [0.13  0.031 0.872] | EEF [0.126 0.031 0.867] | ObjZ 0.872 | Up 1.00 | Hold 5/0 | Age 0 (1) | Resets 2 | Shield 0
Ep 14 | Step 89/200 | XYZ [0.004 0.003 0.42 ] | RPY [ 0.     0.005 -0.001] | Grip 1 (1.00) | Phase 3->3 | Ground 0.6cm | Target C | PredXYZ [0.128 0.03  0.907] | TrueXYZ [0.128 0.031 0.906] | EEF [0.124 0.031 0.901] | ObjZ 0.906 | Up 1.00 | Hold 11/5 | Age 0 (1) | Resets 4 | Shield 0
Episode 14: Clean Success | failure=success | termination=success
Scene rejected for ('push', 'C'): Deterministic push path is blocked by a distractor
Scene rejected for ('push', 'C'): Deterministic push path is blocked by a distractor
Scene rejected for ('push', 'C'): Deterministic push path is blocked by a distractor
Scene rejected for ('push', 'C'): Deterministic push path is blocked by a distractor
Scene rejected for ('push', 'C'): Deterministic push path is blocked by a distractor
Scene rejected for ('push', 'C'): Deterministic push path is blocked by a distractor
Scene rejected for ('push', 'C'): Target is too close to the robot reference ray
Episode 15/120: Push the green cylinder away from the robot | ensemble=temporal
Ep 15 | Step 1/200 | XYZ [ 0.131  0.217 -0.439] | RPY [ 0.001 -0.001  0.9  ] | Grip 1 (1.00) | Phase 5->5 | Ground 1.4cm | Target C | PredXYZ [-0.049  0.118  0.824] | TrueXYZ [-0.054  0.106  0.822] | EEF [-0.114  0.016  0.988] | ObjZ 0.822 | Up 1.00 | Hold 0/0 | Age 0 (1) | Resets 0 | Shield 0
Ep 15 | Step 20/200 | XYZ [ 0.036 -0.002 -0.722] | RPY [-0.02  -0.006  0.185] | Grip 1 (1.00) | Phase 5->5 | Ground 1.6cm | Target C | PredXYZ [-0.049  0.122  0.822] | TrueXYZ [-0.054  0.106  0.822] | EEF [-0.107  0.04   0.927] | ObjZ 0.822 | Up 1.00 | Hold 0/0 | Age 3 (4) | Resets 0 | Shield 0
Ep 15 | Step 40/200 | XYZ [ 0.012  0.027 -0.151] | RPY [-0.001  0.006 -0.   ] | Grip 1 (1.00) | Phase 6->6 | Ground 1.1cm | Target C | PredXYZ [-0.057  0.116  0.822] | TrueXYZ [-0.054  0.106  0.822] | EEF [-0.101  0.034  0.831] | ObjZ 0.822 | Up 1.00 | Hold 0/0 | Age 0 (1) | Resets 0 | Shield 0
Ep 15 | Step 60/200 | XYZ [0.206 0.498 0.   ] | RPY [-0.008 -0.008 -0.005] | Grip 1 (1.00) | Phase 7->7 | Ground 0.9cm | Target C | PredXYZ [-0.047  0.133  0.822] | TrueXYZ [-0.044  0.13   0.823] | EEF [-0.066  0.098  0.818] | ObjZ 0.823 | Up 1.00 | Hold 0/0 | Age 0 (1) | Resets 0 | Shield 11
Ep 15 | Step 71/200 | XYZ [-0.007 -0.046  0.   ] | RPY [ 0.014 -0.007  0.005] | Grip 1 (1.00) | Phase 8->8 | Ground 1.3cm | Target C | PredXYZ [-0.04   0.182  0.823] | TrueXYZ [-0.029  0.177  0.822] | EEF [-0.051  0.146  0.818] | ObjZ 0.822 | Up 1.00 | Hold 5/5 | Age 2 (3) | Resets 1 | Shield 21
Episode 15: Clean Success | failure=success | termination=success
Scene rejected for ('push', 'B'): Deterministic push path is blocked by a distractor
Scene rejected for ('push', 'B'): Deterministic push path is blocked by a distractor
Scene rejected for ('push', 'B'): Deterministic push path is blocked by a distractor
Episode 16/120: Push the blue ball away from the robot | ensemble=temporal
Ep 16 | Step 1/200 | XYZ [ 0.885 -0.507 -0.516] | RPY [ 0.002 -0.    -0.9  ] | Grip 1 (1.00) | Phase 5->5 | Ground 0.7cm | Target B | PredXYZ [ 0.122 -0.104  0.828] | TrueXYZ [ 0.117 -0.099  0.826] | EEF [-0.094  0.007  1.007] | ObjZ 0.826 | Up 1.00 | Hold 0/0 | Age 0 (1) | Resets 0 | Shield 0
Ep 16 | Step 20/200 | XYZ [ 0.212 -0.134 -0.101] | RPY [ 0.007 -0.007  0.003] | Grip 1 (1.00) | Phase 5->5 | Ground 1.3cm | Target B | PredXYZ [ 0.129 -0.104  0.826] | TrueXYZ [ 0.117 -0.099  0.826] | EEF [ 0.021 -0.047  0.941] | ObjZ 0.826 | Up 1.00 | Hold 0/0 | Age 3 (4) | Resets 0 | Shield 0
Ep 16 | Step 40/200 | XYZ [ 0.024 -0.026 -0.387] | RPY [ 0.001 -0.004  0.002] | Grip 1 (1.00) | Phase 6->6 | Ground 0.8cm | Target B | PredXYZ [ 0.124 -0.104  0.826] | TrueXYZ [ 0.117 -0.099  0.826] | EEF [ 0.047 -0.063  0.877] | ObjZ 0.826 | Up 1.00 | Hold 0/0 | Age 0 (1) | Resets 0 | Shield 0
Ep 16 | Step 60/200 | XYZ [ 0.032 -0.047 -0.066] | RPY [ 0.    -0.004 -0.001] | Grip 1 (1.00) | Phase 6->6 | Ground 0.8cm | Target B | PredXYZ [ 0.124 -0.103  0.826] | TrueXYZ [ 0.117 -0.099  0.826] | EEF [ 0.048 -0.064  0.831] | ObjZ 0.826 | Up 1.00 | Hold 0/0 | Age 0 (1) | Resets 0 | Shield 0
Ep 16 | Step 76/200 | XYZ [-0.104  0.051  0.   ] | RPY [-0.014 -0.03  -0.007] | Grip 1 (1.00) | Phase 8->8 | Ground 1.5cm | Target B | PredXYZ [ 0.212 -0.139  0.826] | TrueXYZ [ 0.2   -0.141  0.826] | EEF [ 0.166 -0.132  0.824] | ObjZ 0.826 | Up 1.00 | Hold 5/5 | Age 2 (3) | Resets 4 | Shield 2
Episode 16: Clean Success | failure=success | termination=success
Episode 17/120: Pick up the green cylinder | ensemble=temporal
Ep 17 | Step 1/200 | XYZ [ 0.9    0.303 -0.341] | RPY [-0.001  0.    -0.   ] | Grip -1 (0.00) | Phase 0->0 | Ground 0.8cm | Target C | PredXYZ [0.084 0.074 0.824] | TrueXYZ [0.084 0.065 0.822] | EEF [-0.121  0.021  0.997] | ObjZ 0.822 | Up 1.00 | Hold 0/0 | Age 0 (1) | Resets 0 | Shield 0
Ep 17 | Step 20/200 | XYZ [ 0.314  0.079 -0.056] | RPY [ 0.003 -0.009  0.004] | Grip -1 (0.00) | Phase 0->0 | Ground 0.9cm | Target C | PredXYZ [0.081 0.074 0.822] | TrueXYZ [0.084 0.066 0.822] | EEF [0.024 0.064 0.954] | ObjZ 0.822 | Up 1.00 | Hold 0/0 | Age 3 (4) | Resets 0 | Shield 0
Ep 17 | Step 40/200 | XYZ [ 0.051  0.025 -0.525] | RPY [-0.001 -0.003 -0.002] | Grip -1 (0.00) | Phase 1->1 | Ground 0.7cm | Target C | PredXYZ [0.082 0.072 0.822] | TrueXYZ [0.084 0.066 0.822] | EEF [0.062 0.073 0.89 ] | ObjZ 0.822 | Up 1.00 | Hold 0/0 | Age 0 (1) | Resets 0 | Shield 0
Ep 17 | Step 60/200 | XYZ [ 0.017  0.006 -0.118] | RPY [ 0.001 -0.     0.001] | Grip -1 (0.00) | Phase 1->1 | Ground 0.5cm | Target C | PredXYZ [0.082 0.07  0.822] | TrueXYZ [0.084 0.066 0.822] | EEF [0.068 0.076 0.825] | ObjZ 0.822 | Up 1.00 | Hold 0/0 | Age 0 (1) | Resets 0 | Shield 0
Ep 17 | Step 80/200 | XYZ [0.008 0.001 0.718] | RPY [ 0.002 -0.005 -0.001] | Grip 1 (1.00) | Phase 3->3 | Ground 1.3cm | Target C | PredXYZ [0.078 0.084 0.822] | TrueXYZ [0.083 0.072 0.834] | EEF [0.074 0.075 0.827] | ObjZ 0.834 | Up 1.00 | Hold 0/0 | Age 0 (1) | Resets 0 | Shield 0
Ep 17 | Step 85/200 | XYZ [0.006 0.001 0.58 ] | RPY [ 0.001 -0.003 -0.001] | Grip 1 (1.00) | Phase 3->3 | Ground 1.0cm | Target C | PredXYZ [0.076 0.08  0.864] | TrueXYZ [0.083 0.073 0.872] | EEF [0.074 0.076 0.865] | ObjZ 0.872 | Up 1.00 | Hold 5/0 | Age 0 (1) | Resets 2 | Shield 0
Ep 17 | Step 91/200 | XYZ [0.006 0.001 0.43 ] | RPY [ 0.001  0.004 -0.001] | Grip 1 (1.00) | Phase 3->3 | Ground 1.0cm | Target C | PredXYZ [0.077 0.082 0.905] | TrueXYZ [0.081 0.073 0.907] | EEF [0.072 0.076 0.9  ] | ObjZ 0.907 | Up 1.00 | Hold 11/5 | Age 0 (1) | Resets 3 | Shield 0
Episode 17: Clean Success | failure=success | termination=success
Scene rejected for ('push', 'C'): Target is too close to the robot reference ray
Scene rejected for ('push', 'C'): Deterministic push path is blocked by a distractor
Scene rejected for ('push', 'C'): Deterministic push path is blocked by a distractor
Scene rejected for ('push', 'C'): Deterministic push path is blocked by a distractor
Scene rejected for ('push', 'C'): Deterministic push path is blocked by a distractor
Episode 18/120: Push the green cylinder away from the robot | ensemble=temporal
Ep 18 | Step 1/200 | XYZ [ 0.031  0.288 -0.51 ] | RPY [ 0.001 -0.002  0.9  ] | Grip 1 (1.00) | Phase 5->5 | Ground 0.9cm | Target C | PredXYZ [-0.113  0.129  0.824] | TrueXYZ [-0.105  0.132  0.822] | EEF [-1.240e-01 -1.000e-03  1.002e+00] | ObjZ 0.822 | Up 1.00 | Hold 0/0 | Age 0 (1) | Resets 0 | Shield 0
Ep 18 | Step 20/200 | XYZ [ 0.047 -0.007 -0.119] | RPY [-0.027 -0.011  0.699] | Grip 1 (1.00) | Phase 5->5 | Ground 0.6cm | Target C | PredXYZ [-0.11   0.133  0.822] | TrueXYZ [-0.105  0.132  0.822] | EEF [-0.13   0.044  0.932] | ObjZ 0.822 | Up 1.00 | Hold 0/0 | Age 3 (4) | Resets 0 | Shield 0
Ep 18 | Step 40/200 | XYZ [ 0.02   0.056 -0.195] | RPY [-0.003  0.007 -0.001] | Grip 1 (1.00) | Phase 6->6 | Ground 0.7cm | Target C | PredXYZ [-0.106  0.125  0.822] | TrueXYZ [-0.105  0.132  0.822] | EEF [-0.117  0.028  0.835] | ObjZ 0.822 | Up 1.00 | Hold 0/0 | Age 0 (1) | Resets 0 | Shield 0
Ep 18 | Step 60/200 | XYZ [-0.004  0.637  0.   ] | RPY [-0.018 -0.013 -0.016] | Grip 1 (1.00) | Phase 7->7 | Ground 1.1cm | Target C | PredXYZ [-0.116  0.132  0.822] | TrueXYZ [-0.105  0.132  0.822] | EEF [-0.108  0.09   0.819] | ObjZ 0.822 | Up 1.00 | Hold 0/0 | Age 0 (1) | Resets 0 | Shield 11
Ep 18 | Step 80/200 | XYZ [ 0.016 -0.06   0.031] | RPY [0.005 0.013 0.003] | Grip 1 (1.00) | Phase 8->8 | Ground 1.0cm | Target C | PredXYZ [-0.116  0.186  0.822] | TrueXYZ [-0.106  0.187  0.822] | EEF [-0.119  0.147  0.818] | ObjZ 0.822 | Up 1.00 | Hold 0/0 | Age 3 (4) | Resets 2 | Shield 11
Ep 18 | Step 100/200 | XYZ [ 0.    -0.553  0.   ] | RPY [0.011 0.022 0.012] | Grip 1 (1.00) | Phase 7->7 | Ground 3.1cm | Target C | PredXYZ [-0.108  0.156  0.822] | TrueXYZ [-0.106  0.187  0.822] | EEF [-0.137  0.083  0.817] | ObjZ 0.822 | Up 1.00 | Hold 0/0 | Age 0 (1) | Resets 2 | Shield 17
Ep 18 | Step 120/200 | XYZ [-0.005 -0.59   0.   ] | RPY [0.015 0.019 0.01 ] | Grip 1 (1.00) | Phase 7->7 | Ground 4.2cm | Target C | PredXYZ [-0.103  0.145  0.823] | TrueXYZ [-0.106  0.187  0.822] | EEF [-0.16  -0.046  0.811] | ObjZ 0.822 | Up 1.00 | Hold 0/0 | Age 0 (1) | Resets 2 | Shield 37
Ep 18 | Step 140/200 | XYZ [-0.027  0.765  0.   ] | RPY [-0.031 -0.012 -0.021] | Grip 1 (1.00) | Phase 7->7 | Ground 5.4cm | Target C | PredXYZ [-0.113  0.133  0.823] | TrueXYZ [-0.106  0.187  0.822] | EEF [-0.155 -0.103  0.817] | ObjZ 0.822 | Up 1.00 | Hold 0/0 | Age 0 (1) | Resets 4 | Shield 57
Ep 18 | Step 160/200 | XYZ [-0.007  0.663  0.   ] | RPY [-0.011 -0.003 -0.007] | Grip 1 (1.00) | Phase 7->7 | Ground 3.6cm | Target C | PredXYZ [-0.101  0.151  0.822] | TrueXYZ [-0.106  0.187  0.822] | EEF [-0.148  0.045  0.819] | ObjZ 0.822 | Up 1.00 | Hold 0/0 | Age 0 (1) | Resets 6 | Shield 68
Ep 18 | Step 180/200 | XYZ [ 0.004 -0.258  0.   ] | RPY [0.023 0.006 0.017] | Grip 1 (1.00) | Phase 8->8 | Ground 1.7cm | Target C | PredXYZ [-0.122  0.189  0.823] | TrueXYZ [-0.106  0.194  0.823] | EEF [-0.158  0.173  0.819] | ObjZ 0.823 | Up 1.00 | Hold 0/0 | Age 3 (4) | Resets 6 | Shield 88
Ep 18 | Step 200/200 | XYZ [-0.004 -0.661  0.   ] | RPY [0.022 0.023 0.015] | Grip 1 (1.00) | Phase 7->7 | Ground 4.0cm | Target C | PredXYZ [-0.103  0.154  0.823] | TrueXYZ [-0.107  0.194  0.822] | EEF [-0.213  0.048  0.812] | ObjZ 0.822 | Up 1.00 | Hold 0/0 | Age 0 (1) | Resets 6 | Shield 96
Episode 18: Fail | failure=insufficient_push_distance | termination=horizon
Episode 19/120: Pick up the red cube | ensemble=temporal
Ep 19 | Step 1/200 | XYZ [ 0.9   -0.359 -0.346] | RPY [ 0.002 -0.    -0.874] | Grip -1 (0.00) | Phase 0->0 | Ground 0.6cm | Target A | PredXYZ [ 0.123 -0.045  0.824] | TrueXYZ [ 0.12  -0.04   0.821] | EEF [-0.122  0.006  0.997] | ObjZ 0.821 | Up 1.00 | Hold 0/0 | Age 0 (1) | Resets 0 | Shield 0
Ep 19 | Step 20/200 | XYZ [ 0.417 -0.099 -0.043] | RPY [ 0.006 -0.009 -0.005] | Grip -1 (0.00) | Phase 0->0 | Ground 0.5cm | Target A | PredXYZ [ 0.121 -0.045  0.822] | TrueXYZ [ 0.12  -0.04   0.822] | EEF [ 0.041 -0.032  0.95 ] | ObjZ 0.822 | Up 1.00 | Hold 0/0 | Age 3 (4) | Resets 0 | Shield 0
Ep 19 | Step 40/200 | XYZ [ 0.072 -0.022 -0.7  ] | RPY [ 0.002 -0.003  0.003] | Grip -1 (0.00) | Phase 1->1 | Ground 0.7cm | Target A | PredXYZ [ 0.12  -0.047  0.822] | TrueXYZ [ 0.12  -0.04   0.822] | EEF [ 0.094 -0.045  0.917] | ObjZ 0.822 | Up 1.00 | Hold 0/0 | Age 0 (1) | Resets 0 | Shield 0
Ep 19 | Step 60/200 | XYZ [ 0.019  0.    -0.156] | RPY [ 0.001 -0.002 -0.   ] | Grip -1 (0.00) | Phase 1->1 | Ground 0.3cm | Target A | PredXYZ [ 0.12  -0.043  0.822] | TrueXYZ [ 0.12  -0.04   0.822] | EEF [ 0.102 -0.046  0.829] | ObjZ 0.822 | Up 1.00 | Hold 0/0 | Age 0 (1) | Resets 0 | Shield 0
Ep 19 | Step 80/200 | XYZ [ 0.005  0.002 -0.043] | RPY [-0.002 -0.001  0.001] | Grip 1 (1.00) | Phase 2->2 | Ground 1.2cm | Target A | PredXYZ [ 0.127 -0.05   0.822] | TrueXYZ [ 0.12  -0.041  0.821] | EEF [ 0.108 -0.042  0.812] | ObjZ 0.821 | Up 1.00 | Hold 0/0 | Age 0 (1) | Resets 0 | Shield 0
Ep 19 | Step 90/200 | XYZ [0.005 0.001 0.585] | RPY [-0.002 -0.01  -0.002] | Grip 1 (1.00) | Phase 3->3 | Ground 2.8cm | Target A | PredXYZ [ 0.109 -0.046  0.842] | TrueXYZ [ 0.122 -0.041  0.874] | EEF [ 0.112 -0.04   0.865] | ObjZ 0.874 | Up 1.00 | Hold 5/0 | Age 0 (1) | Resets 1 | Shield 0
Ep 19 | Step 95/200 | XYZ [0.005 0.001 0.458] | RPY [-0.002  0.    -0.003] | Grip 1 (1.00) | Phase 3->3 | Ground 1.5cm | Target A | PredXYZ [ 0.116 -0.047  0.886] | TrueXYZ [ 0.121 -0.042  0.905] | EEF [ 0.111 -0.041  0.895] | ObjZ 0.905 | Up 1.00 | Hold 10/5 | Age 0 (1) | Resets 3 | Shield 0
Episode 19: Clean Success | failure=success | termination=success
Scene rejected for ('push', 'C'): Target is too close to the robot reference ray
Scene rejected for ('push', 'C'): Target is too close to the robot reference ray
Scene rejected for ('push', 'C'): Deterministic push path is blocked by a distractor
Episode 20/120: Push the green cylinder away from the robot | ensemble=temporal
Ep 20 | Step 1/200 | XYZ [ 0.33   0.295 -0.552] | RPY [-0.    -0.003  0.9  ] | Grip 1 (1.00) | Phase 5->5 | Ground 0.4cm | Target C | PredXYZ [0.006 0.122 0.824] | TrueXYZ [0.006 0.117 0.822] | EEF [-0.107  0.026  1.01 ] | ObjZ 0.822 | Up 1.00 | Hold 0/0 | Age 0 (1) | Resets 0 | Shield 0
Ep 20 | Step 20/200 | XYZ [ 0.096  0.076 -0.11 ] | RPY [-0.015 -0.001  0.028] | Grip 1 (1.00) | Phase 5->5 | Ground 0.8cm | Target C | PredXYZ [0.008 0.126 0.822] | TrueXYZ [0.006 0.117 0.822] | EEF [-0.072  0.052  0.939] | ObjZ 0.822 | Up 1.00 | Hold 0/0 | Age 3 (4) | Resets 0 | Shield 0
Ep 20 | Step 40/200 | XYZ [ 0.008  0.037 -0.381] | RPY [-0.003 -0.004 -0.003] | Grip 1 (1.00) | Phase 6->6 | Ground 0.6cm | Target C | PredXYZ [0.001 0.121 0.822] | TrueXYZ [0.006 0.117 0.822] | EEF [-0.058  0.059  0.863] | ObjZ 0.822 | Up 1.00 | Hold 0/0 | Age 0 (1) | Resets 0 | Shield 0
Ep 20 | Step 60/200 | XYZ [0.555 0.574 0.   ] | RPY [ 0.001 -0.001 -0.   ] | Grip 1 (1.00) | Phase 7->7 | Ground 0.8cm | Target C | PredXYZ [0.001 0.123 0.822] | TrueXYZ [0.006 0.117 0.822] | EEF [-0.058  0.066  0.818] | ObjZ 0.822 | Up 1.00 | Hold 0/0 | Age 0 (1) | Resets 0 | Shield 1
Ep 20 | Step 80/200 | XYZ [-0.029 -0.035  0.   ] | RPY [ 0.01  -0.013  0.001] | Grip 1 (1.00) | Phase 8->8 | Ground 1.6cm | Target C | PredXYZ [0.052 0.191 0.823] | TrueXYZ [0.056 0.177 0.823] | EEF [0.028 0.15  0.815] | ObjZ 0.823 | Up 1.00 | Hold 4/4 | Age 1 (2) | Resets 3 | Shield 20
Ep 20 | Step 81/200 | XYZ [-0.032 -0.041  0.006] | RPY [ 0.012 -0.018  0.   ] | Grip 1 (1.00) | Phase 8->8 | Ground 1.3cm | Target C | PredXYZ [0.051 0.188 0.823] | TrueXYZ [0.057 0.177 0.823] | EEF [0.029 0.151 0.816] | ObjZ 0.823 | Up 1.00 | Hold 5/5 | Age 2 (3) | Resets 3 | Shield 20
Episode 20: Clean Success | failure=success | termination=success
Episode 21/120: Pick up the green cylinder | ensemble=temporal
Ep 21 | Step 1/200 | XYZ [-0.118  0.641 -0.456] | RPY [ 0.001 -0.001 -0.005] | Grip -1 (0.00) | Phase 0->0 | Ground 1.2cm | Target C | PredXYZ [-0.119  0.118  0.824] | TrueXYZ [-0.106  0.119  0.822] | EEF [-0.095  0.015  1.013] | ObjZ 0.822 | Up 1.00 | Hold 0/0 | Age 0 (1) | Resets 0 | Shield 0
Ep 21 | Step 20/200 | XYZ [-0.021  0.197 -0.096] | RPY [0.    0.007 0.003] | Grip -1 (0.00) | Phase 0->0 | Ground 1.1cm | Target C | PredXYZ [-0.115  0.126  0.822] | TrueXYZ [-0.107  0.119  0.822] | EEF [-0.113  0.096  0.956] | ObjZ 0.822 | Up 1.00 | Hold 0/0 | Age 3 (4) | Resets 0 | Shield 0
Ep 21 | Step 40/200 | XYZ [ 0.028  0.007 -0.308] | RPY [0.008 0.017 0.011] | Grip -1 (0.00) | Phase 1->1 | Ground 0.5cm | Target C | PredXYZ [-0.11   0.122  0.821] | TrueXYZ [-0.107  0.119  0.822] | EEF [-0.12   0.124  0.856] | ObjZ 0.822 | Up 1.00 | Hold 0/0 | Age 0 (1) | Resets 0 | Shield 0
Ep 21 | Step 60/200 | XYZ [ 0.049 -0.037 -0.059] | RPY [0.002 0.007 0.006] | Grip -1 (0.00) | Phase 1->1 | Ground 1.7cm | Target C | PredXYZ [-0.119  0.131  0.821] | TrueXYZ [-0.106  0.121  0.822] | EEF [-0.122  0.131  0.814] | ObjZ 0.822 | Up 1.00 | Hold 0/0 | Age 0 (1) | Resets 0 | Shield 0
Ep 21 | Step 77/200 | XYZ [ 0.023 -0.001  0.577] | RPY [-0.009  0.027 -0.005] | Grip 1 (1.00) | Phase 3->3 | Ground 1.3cm | Target C | PredXYZ [-0.124  0.116  0.86 ] | TrueXYZ [-0.113  0.115  0.871] | EEF [-0.128  0.122  0.864] | ObjZ 0.871 | Up 1.00 | Hold 5/0 | Age 0 (1) | Resets 3 | Shield 0
Ep 21 | Step 80/200 | XYZ [0.022 0.    0.505] | RPY [-0.01   0.018 -0.006] | Grip 1 (1.00) | Phase 3->3 | Ground 2.9cm | Target C | PredXYZ [-0.138  0.123  0.871] | TrueXYZ [-0.114  0.113  0.89 ] | EEF [-0.129  0.12   0.882] | ObjZ 0.890 | Up 1.00 | Hold 8/2 | Age 0 (1) | Resets 5 | Shield 0
Ep 21 | Step 83/200 | XYZ [ 0.023 -0.001  0.429] | RPY [-0.007  0.008 -0.005] | Grip 1 (1.00) | Phase 3->3 | Ground 1.4cm | Target C | PredXYZ [-0.127  0.111  0.906] | TrueXYZ [-0.114  0.111  0.906] | EEF [-0.129  0.118  0.899] | ObjZ 0.906 | Up 1.00 | Hold 11/5 | Age 0 (1) | Resets 7 | Shield 0
Episode 21: Clean Success | failure=success | termination=success
Scene rejected for ('push', 'A'): Deterministic push path is blocked by a distractor
Scene rejected for ('push', 'A'): Deterministic push path is blocked by a distractor
Scene rejected for ('push', 'A'): Deterministic push path is blocked by a distractor
Episode 22/120: Push the red cube away from the robot | ensemble=temporal
Ep 22 | Step 1/200 | XYZ [ 0.803  0.418 -0.412] | RPY [-0.002  0.002  0.883] | Grip 1 (1.00) | Phase 5->5 | Ground 1.0cm | Target A | PredXYZ [0.095 0.118 0.823] | TrueXYZ [0.087 0.125 0.821] | EEF [-0.122  0.018  0.985] | ObjZ 0.821 | Up 1.00 | Hold 0/0 | Age 0 (1) | Resets 0 | Shield 0
Ep 22 | Step 20/200 | XYZ [ 0.233  0.123 -0.081] | RPY [-0.005 -0.007  0.008] | Grip 1 (1.00) | Phase 5->5 | Ground 0.5cm | Target A | PredXYZ [0.091 0.123 0.822] | TrueXYZ [0.087 0.125 0.822] | EEF [-0.012  0.068  0.93 ] | ObjZ 0.822 | Up 1.00 | Hold 0/0 | Age 3 (4) | Resets 0 | Shield 0
Ep 22 | Step 40/200 | XYZ [ 0.022  0.031 -0.332] | RPY [-0.001 -0.002 -0.002] | Grip 1 (1.00) | Phase 6->6 | Ground 1.0cm | Target A | PredXYZ [0.096 0.123 0.821] | TrueXYZ [0.087 0.125 0.822] | EEF [0.015 0.081 0.863] | ObjZ 0.822 | Up 1.00 | Hold 0/0 | Age 0 (1) | Resets 0 | Shield 0
Ep 22 | Step 60/200 | XYZ [ 0.011  0.014 -0.051] | RPY [ 0.001 -0.003 -0.   ] | Grip 1 (1.00) | Phase 6->6 | Ground 0.5cm | Target A | PredXYZ [0.09  0.129 0.821] | TrueXYZ [0.087 0.125 0.822] | EEF [0.017 0.085 0.823] | ObjZ 0.822 | Up 1.00 | Hold 0/0 | Age 0 (1) | Resets 0 | Shield 0
Ep 22 | Step 80/200 | XYZ [0.176 0.112 0.005] | RPY [ 0.002 -0.007 -0.002] | Grip 1 (1.00) | Phase 8->8 | Ground 1.2cm | Target A | PredXYZ [0.148 0.159 0.822] | TrueXYZ [0.146 0.15  0.822] | EEF [0.117 0.138 0.818] | ObjZ 0.822 | Up 1.00 | Hold 0/0 | Age 0 (1) | Resets 2 | Shield 9
Ep 22 | Step 85/200 | XYZ [-0.058 -0.037  0.009] | RPY [ 0.01  -0.03  -0.003] | Grip 1 (1.00) | Phase 8->8 | Ground 0.6cm | Target A | PredXYZ [0.152 0.158 0.822] | TrueXYZ [0.152 0.152 0.823] | EEF [0.123 0.14  0.822] | ObjZ 0.823 | Up 1.00 | Hold 5/5 | Age 3 (4) | Resets 2 | Shield 11
Episode 22: Clean Success | failure=success | termination=success
Scene rejected for ('push', 'B'): Deterministic push path is blocked by a distractor
Scene rejected for ('push', 'B'): Deterministic push path is blocked by a distractor
Scene rejected for ('push', 'B'): Deterministic push path is blocked by a distractor
Scene rejected for ('push', 'B'): Deterministic push path is blocked by a distractor
Scene rejected for ('push', 'B'): Deterministic push path is blocked by a distractor
Scene rejected for ('push', 'B'): Deterministic push path is blocked by a distractor
Scene rejected for ('push', 'B'): Deterministic push path is blocked by a distractor
Scene rejected for ('push', 'B'): Deterministic push path is blocked by a distractor
Episode 23/120: Push the blue ball away from the robot | ensemble=temporal
Ep 23 | Step 1/200 | XYZ [ 0.297  0.351 -0.53 ] | RPY [-0.    -0.002  0.9  ] | Grip 1 (1.00) | Phase 5->5 | Ground 0.7cm | Target B | PredXYZ [-0.009  0.121  0.828] | TrueXYZ [-0.014  0.117  0.826] | EEF [-0.107  0.007  1.009] | ObjZ 0.826 | Up 1.00 | Hold 0/0 | Age 0 (1) | Resets 0 | Shield 0
Ep 23 | Step 20/200 | XYZ [ 0.073  0.069 -0.102] | RPY [-0.018 -0.001  0.062] | Grip 1 (1.00) | Phase 5->5 | Ground 0.5cm | Target B | PredXYZ [-0.01   0.119  0.826] | TrueXYZ [-0.014  0.117  0.826] | EEF [-0.078  0.038  0.941] | ObjZ 0.826 | Up 1.00 | Hold 0/0 | Age 3 (4) | Resets 0 | Shield 0
Ep 23 | Step 40/200 | XYZ [ 0.011  0.032 -0.282] | RPY [-0.002  0.004 -0.002] | Grip 1 (1.00) | Phase 6->6 | Ground 0.2cm | Target B | PredXYZ [-0.014  0.118  0.826] | TrueXYZ [-0.014  0.117  0.826] | EEF [-0.07   0.043  0.862] | ObjZ 0.826 | Up 1.00 | Hold 0/0 | Age 0 (1) | Resets 0 | Shield 0
Ep 23 | Step 60/200 | XYZ [ 0.736  0.9   -0.024] | RPY [-0.027  0.031 -0.018] | Grip 1 (1.00) | Phase 7->7 | Ground 0.6cm | Target B | PredXYZ [-0.009  0.12   0.826] | TrueXYZ [-0.014  0.117  0.826] | EEF [-0.046  0.07   0.825] | ObjZ 0.826 | Up 1.00 | Hold 0/0 | Age 0 (1) | Resets 0 | Shield 0
Ep 23 | Step 72/200 | XYZ [-0.053 -0.094  0.034] | RPY [ 0.021 -0.029  0.004] | Grip 1 (1.00) | Phase 8->8 | Ground 0.4cm | Target B | PredXYZ [0.032 0.179 0.826] | TrueXYZ [0.034 0.176 0.826] | EEF [0.015 0.146 0.829] | ObjZ 0.826 | Up 1.00 | Hold 5/5 | Age 1 (2) | Resets 3 | Shield 0
Episode 23: Clean Success | failure=success | termination=success
Scene rejected for ('push', 'A'): Deterministic push path is blocked by a distractor
Scene rejected for ('push', 'A'): Deterministic push path is blocked by a distractor
Scene rejected for ('push', 'A'): Deterministic push path is blocked by a distractor
Scene rejected for ('push', 'A'): Deterministic push path is blocked by a distractor
Scene rejected for ('push', 'A'): Deterministic push path is blocked by a distractor
Scene rejected for ('push', 'A'): Deterministic push path is blocked by a distractor
Episode 24/120: Push the red cube away from the robot | ensemble=temporal
Ep 24 | Step 1/200 | XYZ [ 0.189 -0.331 -0.59 ] | RPY [-0.    -0.001 -0.9  ] | Grip 1 (1.00) | Phase 5->5 | Ground 0.8cm | Target A | PredXYZ [-0.02  -0.123  0.824] | TrueXYZ [-0.028 -0.126  0.821] | EEF [-0.096 -0.004  1.018] | ObjZ 0.821 | Up 1.00 | Hold 0/0 | Age 0 (1) | Resets 0 | Shield 0
Ep 24 | Step 20/200 | XYZ [ 0.074 -0.042 -0.112] | RPY [ 0.03   0.004 -0.093] | Grip 1 (1.00) | Phase 5->5 | Ground 0.2cm | Target A | PredXYZ [-0.027 -0.126  0.822] | TrueXYZ [-0.028 -0.126  0.822] | EEF [-0.082 -0.04   0.94 ] | ObjZ 0.822 | Up 1.00 | Hold 0/0 | Age 3 (4) | Resets 0 | Shield 0
Ep 24 | Step 40/200 | XYZ [ 0.013 -0.052 -0.39 ] | RPY [ 0.004 -0.007  0.005] | Grip 1 (1.00) | Phase 6->6 | Ground 0.8cm | Target A | PredXYZ [-0.021 -0.123  0.822] | TrueXYZ [-0.028 -0.126  0.822] | EEF [-0.073 -0.041  0.876] | ObjZ 0.822 | Up 1.00 | Hold 0/0 | Age 0 (1) | Resets 0 | Shield 0
Ep 24 | Step 60/200 | XYZ [ 0.012 -0.006 -0.075] | RPY [-0.001  0.003 -0.001] | Grip 1 (1.00) | Phase 6->6 | Ground 1.0cm | Target A | PredXYZ [-0.019 -0.12   0.822] | TrueXYZ [-0.028 -0.126  0.822] | EEF [-0.074 -0.048  0.827] | ObjZ 0.822 | Up 1.00 | Hold 0/0 | Age 0 (1) | Resets 0 | Shield 0
Ep 24 | Step 80/200 | XYZ [ 0.     0.023 -0.002] | RPY [-0.007  0.001 -0.004] | Grip 1 (1.00) | Phase 8->8 | Ground 0.2cm | Target A | PredXYZ [-0.008 -0.178  0.822] | TrueXYZ [-0.007 -0.183  0.822] | EEF [-0.016 -0.145  0.821] | ObjZ 0.822 | Up 1.00 | Hold 0/0 | Age 1 (2) | Resets 1 | Shield 0
Ep 24 | Step 100/200 | XYZ [-0.05   0.064  0.022] | RPY [-0.001  0.004 -0.011] | Grip 1 (1.00) | Phase 8->8 | Ground 0.3cm | Target A | PredXYZ [-0.01  -0.184  0.822] | TrueXYZ [-0.008 -0.187  0.822] | EEF [-0.026 -0.141  0.827] | ObjZ 0.822 | Up 1.00 | Hold 0/0 | Age 3 (4) | Resets 1 | Shield 0
Ep 24 | Step 120/200 | XYZ [-0.024  0.019  0.009] | RPY [ 0.     0.006 -0.004] | Grip 1 (1.00) | Phase 8->8 | Ground 1.1cm | Target A | PredXYZ [-0.019 -0.188  0.822] | TrueXYZ [-0.008 -0.187  0.822] | EEF [-0.034 -0.136  0.829] | ObjZ 0.822 | Up 1.00 | Hold 0/0 | Age 3 (4) | Resets 1 | Shield 0
Ep 24 | Step 140/200 | XYZ [-0.015 -0.002  0.031] | RPY [ 0.001  0.008 -0.004] | Grip 1 (1.00) | Phase 8->8 | Ground 1.5cm | Target A | PredXYZ [-0.023 -0.189  0.822] | TrueXYZ [-0.008 -0.187  0.822] | EEF [-0.041 -0.136  0.833] | ObjZ 0.822 | Up 1.00 | Hold 0/0 | Age 3 (4) | Resets 1 | Shield 0
Ep 24 | Step 160/200 | XYZ [-0.024  0.015  0.049] | RPY [ 0.002  0.009 -0.005] | Grip 1 (1.00) | Phase 8->8 | Ground 0.9cm | Target A | PredXYZ [-0.017 -0.188  0.822] | TrueXYZ [-0.008 -0.187  0.822] | EEF [-0.048 -0.136  0.841] | ObjZ 0.822 | Up 1.00 | Hold 0/0 | Age 3 (4) | Resets 1 | Shield 0
Ep 24 | Step 180/200 | XYZ [-0.041  0.024  0.072] | RPY [ 0.     0.007 -0.004] | Grip 1 (1.00) | Phase 8->8 | Ground 1.4cm | Target A | PredXYZ [-0.022 -0.188  0.822] | TrueXYZ [-0.008 -0.187  0.822] | EEF [-0.057 -0.135  0.854] | ObjZ 0.822 | Up 1.00 | Hold 0/0 | Age 3 (4) | Resets 1 | Shield 0
Ep 24 | Step 200/200 | XYZ [-0.135  0.625  0.01 ] | RPY [-0.01   0.005 -0.011] | Grip 1 (1.00) | Phase 7->7 | Ground 1.4cm | Target A | PredXYZ [-0.021 -0.181  0.822] | TrueXYZ [-0.008 -0.187  0.822] | EEF [-0.088 -0.091  0.868] | ObjZ 0.822 | Up 1.00 | Hold 0/0 | Age 0 (1) | Resets 1 | Shield 0
Episode 24: Fail | failure=insufficient_push_distance | termination=horizon
Episode 25/120: Pick up the blue ball | ensemble=temporal
Ep 25 | Step 1/200 | XYZ [ 0.9    0.566 -0.289] | RPY [-0.001 -0.     0.008] | Grip -1 (0.00) | Phase 0->0 | Ground 1.0cm | Target B | PredXYZ [0.125 0.108 0.828] | TrueXYZ [0.12  0.1   0.826] | EEF [-0.117  0.01   0.99 ] | ObjZ 0.826 | Up 1.00 | Hold 0/0 | Age 0 (1) | Resets 0 | Shield 0
Ep 25 | Step 20/200 | XYZ [ 0.454  0.134 -0.038] | RPY [ 0.006 -0.004  0.006] | Grip -1 (0.00) | Phase 0->0 | Ground 1.1cm | Target B | PredXYZ [0.114 0.108 0.826] | TrueXYZ [0.12  0.1   0.826] | EEF [0.048 0.091 0.949] | ObjZ 0.826 | Up 1.00 | Hold 0/0 | Age 3 (4) | Resets 0 | Shield 0
Ep 25 | Step 40/200 | XYZ [ 0.059  0.032 -0.575] | RPY [-0.002 -0.003 -0.003] | Grip -1 (0.00) | Phase 1->1 | Ground 0.6cm | Target B | PredXYZ [0.114 0.101 0.826] | TrueXYZ [0.12  0.1   0.826] | EEF [0.102 0.107 0.905] | ObjZ 0.826 | Up 1.00 | Hold 0/0 | Age 0 (1) | Resets 0 | Shield 0
Ep 25 | Step 60/200 | XYZ [ 0.014  0.008 -0.136] | RPY [ 0.001 -0.002  0.001] | Grip -1 (0.00) | Phase 1->1 | Ground 0.5cm | Target B | PredXYZ [0.116 0.102 0.825] | TrueXYZ [0.12  0.1   0.826] | EEF [0.109 0.111 0.833] | ObjZ 0.826 | Up 1.00 | Hold 0/0 | Age 0 (1) | Resets 0 | Shield 0
Ep 25 | Step 80/200 | XYZ [ 0.006  0.005 -0.05 ] | RPY [ 0.001 -0.003 -0.   ] | Grip 1 (1.00) | Phase 2->2 | Ground 1.1cm | Target B | PredXYZ [0.125 0.11  0.825] | TrueXYZ [0.123 0.099 0.826] | EEF [0.116 0.111 0.819] | ObjZ 0.826 | Up 1.00 | Hold 0/0 | Age 0 (1) | Resets 0 | Shield 0
Ep 25 | Step 89/200 | XYZ [ 0.006 -0.001  0.567] | RPY [ 0.004 -0.011  0.   ] | Grip 1 (1.00) | Phase 3->3 | Ground 1.0cm | Target B | PredXYZ [0.122 0.107 0.861] | TrueXYZ [0.126 0.101 0.875] | EEF [0.119 0.112 0.869] | ObjZ 0.875 | Up 1.00 | Hold 5/0 | Age 0 (1) | Resets 2 | Shield 0
Ep 25 | Step 94/200 | XYZ [ 0.007 -0.001  0.448] | RPY [ 0.003 -0.001  0.001] | Grip 1 (1.00) | Phase 3->3 | Ground 0.7cm | Target B | PredXYZ [0.125 0.104 0.893] | TrueXYZ [0.125 0.101 0.905] | EEF [0.118 0.112 0.899] | ObjZ 0.905 | Up 1.00 | Hold 10/5 | Age 0 (1) | Resets 2 | Shield 0
Episode 25: Clean Success | failure=success | termination=success
Episode 26/120: Pick up the blue ball | ensemble=temporal
Ep 26 | Step 1/200 | XYZ [ 0.794  0.323 -0.402] | RPY [-0.     0.     0.004] | Grip -1 (0.00) | Phase 0->0 | Ground 0.6cm | Target B | PredXYZ [0.036 0.067 0.828] | TrueXYZ [0.039 0.062 0.826] | EEF [-0.092  0.017  1.01 ] | ObjZ 0.826 | Up 1.00 | Hold 0/0 | Age 0 (1) | Resets 0 | Shield 0
Ep 26 | Step 20/200 | XYZ [ 0.173  0.085 -0.073] | RPY [ 0.002 -0.003  0.005] | Grip -1 (0.00) | Phase 0->0 | Ground 0.5cm | Target B | PredXYZ [0.037 0.067 0.826] | TrueXYZ [0.039 0.062 0.826] | EEF [0.002 0.06  0.957] | ObjZ 0.826 | Up 1.00 | Hold 0/0 | Age 3 (4) | Resets 0 | Shield 0
Ep 26 | Step 40/200 | XYZ [ 0.034  0.019 -0.38 ] | RPY [-0.     0.    -0.001] | Grip -1 (0.00) | Phase 1->1 | Ground 0.7cm | Target B | PredXYZ [0.044 0.065 0.826] | TrueXYZ [0.039 0.062 0.826] | EEF [0.023 0.068 0.871] | ObjZ 0.826 | Up 1.00 | Hold 0/0 | Age 0 (1) | Resets 0 | Shield 0
Ep 26 | Step 60/200 | XYZ [ 0.025  0.004 -0.086] | RPY [0.001 0.001 0.002] | Grip -1 (0.00) | Phase 1->1 | Ground 0.8cm | Target B | PredXYZ [0.045 0.066 0.825] | TrueXYZ [0.039 0.062 0.826] | EEF [0.027 0.073 0.823] | ObjZ 0.826 | Up 1.00 | Hold 0/0 | Age 0 (1) | Resets 0 | Shield 0
Ep 26 | Step 80/200 | XYZ [ 0.01  -0.     0.599] | RPY [ 0.001  0.009 -0.   ] | Grip 1 (1.00) | Phase 3->3 | Ground 1.6cm | Target B | PredXYZ [0.053 0.058 0.867] | TrueXYZ [0.04  0.062 0.866] | EEF [0.032 0.072 0.859] | ObjZ 0.866 | Up 1.00 | Hold 4/0 | Age 0 (1) | Resets 1 | Shield 0
Ep 26 | Step 81/200 | XYZ [0.009 0.    0.573] | RPY [ 0.001  0.009 -0.   ] | Grip 1 (1.00) | Phase 3->3 | Ground 0.3cm | Target B | PredXYZ [0.042 0.064 0.866] | TrueXYZ [0.039 0.062 0.873] | EEF [0.032 0.072 0.866] | ObjZ 0.873 | Up 1.00 | Hold 5/0 | Age 0 (1) | Resets 2 | Shield 0
Ep 26 | Step 87/200 | XYZ [0.009 0.    0.423] | RPY [ 0.001  0.005 -0.   ] | Grip 1 (1.00) | Phase 3->3 | Ground 0.5cm | Target B | PredXYZ [0.043 0.063 0.905] | TrueXYZ [0.038 0.063 0.908] | EEF [0.03  0.073 0.901] | ObjZ 0.908 | Up 1.00 | Hold 11/5 | Age 0 (1) | Resets 4 | Shield 0
Episode 26: Clean Success | failure=success | termination=success
Scene rejected for ('push', 'C'): Deterministic push path is blocked by a distractor
Scene rejected for ('push', 'C'): Deterministic push path is blocked by a distractor
Scene rejected for ('push', 'C'): Deterministic push path is blocked by a distractor
Scene rejected for ('push', 'C'): Deterministic push path is blocked by a distractor
Scene rejected for ('push', 'C'): Target is too close to the robot reference ray
Scene rejected for ('push', 'C'): Target is too close to the robot reference ray
Episode 27/120: Push the green cylinder away from the robot | ensemble=temporal
Ep 27 | Step 1/200 | XYZ [-0.036  0.213 -0.607] | RPY [-0.003 -0.001 -0.9  ] | Grip 1 (1.00) | Phase 5->5 | Ground 0.5cm | Target C | PredXYZ [-0.121  0.118  0.824] | TrueXYZ [-0.118  0.114  0.822] | EEF [-0.097 -0.017  1.018] | ObjZ 0.822 | Up 1.00 | Hold 0/0 | Age 0 (1) | Resets 0 | Shield 0
Ep 27 | Step 20/200 | XYZ [ 0.034  0.135 -0.114] | RPY [ 0.035 -0.013 -0.645] | Grip 1 (1.00) | Phase 5->5 | Ground 0.7cm | Target C | PredXYZ [-0.123  0.118  0.821] | TrueXYZ [-0.118  0.114  0.822] | EEF [-0.115 -0.002  0.937] | ObjZ 0.822 | Up 1.00 | Hold 0/0 | Age 3 (4) | Resets 0 | Shield 0
Ep 27 | Step 40/200 | XYZ [ 0.025 -0.014 -0.467] | RPY [ 0.004 -0.013  0.004] | Grip 1 (1.00) | Phase 6->6 | Ground 0.4cm | Target C | PredXYZ [-0.122  0.114  0.822] | TrueXYZ [-0.118  0.114  0.822] | EEF [-0.114  0.018  0.875] | ObjZ 0.822 | Up 1.00 | Hold 0/0 | Age 0 (1) | Resets 0 | Shield 0
Ep 27 | Step 60/200 | XYZ [ 0.022 -0.003 -0.076] | RPY [ 0.     0.002 -0.   ] | Grip 1 (1.00) | Phase 6->6 | Ground 0.3cm | Target C | PredXYZ [-0.12   0.115  0.822] | TrueXYZ [-0.118  0.114  0.822] | EEF [-0.114  0.017  0.819] | ObjZ 0.822 | Up 1.00 | Hold 0/0 | Age 0 (1) | Resets 0 | Shield 0
Ep 27 | Step 80/200 | XYZ [ 0.027  0.517 -0.037] | RPY [-0.     0.01   0.001] | Grip 1 (1.00) | Phase 7->7 | Ground 1.6cm | Target C | PredXYZ [-0.128  0.149  0.822] | TrueXYZ [-0.114  0.142  0.828] | EEF [-0.118  0.102  0.827] | ObjZ 0.828 | Up 0.96 | Hold 0/0 | Age 0 (1) | Resets 0 | Shield 16
Ep 27 | Step 100/200 | XYZ [-0.013  0.145 -0.   ] | RPY [-0.001  0.    -0.006] | Grip 1 (1.00) | Phase 8->8 | Ground 2.7cm | Target C | PredXYZ [-0.132  0.177  0.822] | TrueXYZ [-0.109  0.168  0.831] | EEF [-0.112  0.129  0.833] | ObjZ 0.831 | Up 0.94 | Hold 0/0 | Age 3 (4) | Resets 0 | Shield 16
Ep 27 | Step 120/200 | XYZ [-0.007  0.094  0.003] | RPY [-0.001 -0.    -0.005] | Grip 1 (1.00) | Phase 8->8 | Ground 2.9cm | Target C | PredXYZ [-0.137  0.185  0.823] | TrueXYZ [-0.109  0.18   0.831] | EEF [-0.115  0.14   0.832] | ObjZ 0.831 | Up 0.95 | Hold 0/0 | Age 3 (4) | Resets 0 | Shield 16
Ep 27 | Step 127/200 | XYZ [-0.005  0.087  0.004] | RPY [-0.001 -0.001 -0.005] | Grip 1 (1.00) | Phase 8->8 | Ground 2.7cm | Target C | PredXYZ [-0.134  0.189  0.823] | TrueXYZ [-0.11   0.184  0.831] | EEF [-0.116  0.144  0.832] | ObjZ 0.831 | Up 0.95 | Hold 5/5 | Age 3 (4) | Resets 0 | Shield 16
Episode 27: Clean Success | failure=success | termination=success
Episode 28/120: Push the blue ball away from the robot | ensemble=temporal
Ep 28 | Step 1/200 | XYZ [ 0.721  0.489 -0.497] | RPY [-0.003  0.002  0.9  ] | Grip 1 (1.00) | Phase 5->5 | Ground 1.0cm | Target B | PredXYZ [0.078 0.108 0.828] | TrueXYZ [0.069 0.103 0.826] | EEF [-0.103 -0.009  1.005] | ObjZ 0.826 | Up 1.00 | Hold 0/0 | Age 0 (1) | Resets 0 | Shield 0
Ep 28 | Step 20/200 | XYZ [ 0.164  0.124 -0.098] | RPY [-0.009 -0.004  0.009] | Grip 1 (1.00) | Phase 5->5 | Ground 0.6cm | Target B | PredXYZ [0.072 0.108 0.826] | TrueXYZ [0.069 0.103 0.826] | EEF [-0.017  0.039  0.941] | ObjZ 0.826 | Up 1.00 | Hold 0/0 | Age 3 (4) | Resets 0 | Shield 0
Ep 28 | Step 40/200 | XYZ [ 0.014  0.028 -0.343] | RPY [-0.001 -0.001 -0.   ] | Grip 1 (1.00) | Phase 6->6 | Ground 0.3cm | Target B | PredXYZ [0.072 0.103 0.826] | TrueXYZ [0.069 0.103 0.826] | EEF [0.002 0.052 0.869] | ObjZ 0.826 | Up 1.00 | Hold 0/0 | Age 0 (1) | Resets 0 | Shield 0
Ep 28 | Step 60/200 | XYZ [ 0.9    0.718 -0.035] | RPY [-0.019  0.035 -0.008] | Grip 1 (1.00) | Phase 7->7 | Ground 0.3cm | Target B | PredXYZ [0.066 0.101 0.826] | TrueXYZ [0.069 0.103 0.826] | EEF [0.021 0.068 0.826] | ObjZ 0.826 | Up 1.00 | Hold 0/0 | Age 0 (1) | Resets 0 | Shield 0
Ep 28 | Step 73/200 | XYZ [-0.089 -0.063 -0.002] | RPY [ 0.018 -0.04   0.002] | Grip 1 (1.00) | Phase 8->8 | Ground 0.5cm | Target B | PredXYZ [0.143 0.155 0.825] | TrueXYZ [0.143 0.152 0.826] | EEF [0.114 0.131 0.828] | ObjZ 0.826 | Up 1.00 | Hold 5/5 | Age 1 (2) | Resets 6 | Shield 1
Episode 28: Clean Success | failure=success | termination=success
Episode 29/120: Pick up the green cylinder | ensemble=temporal
Ep 29 | Step 1/200 | XYZ [ 0.9   -0.522 -0.364] | RPY [-0.001 -0.     0.003] | Grip -1 (0.00) | Phase 0->0 | Ground 0.5cm | Target C | PredXYZ [ 0.086 -0.09   0.824] | TrueXYZ [ 0.086 -0.084  0.822] | EEF [-0.108 -0.004  1.   ] | ObjZ 0.822 | Up 1.00 | Hold 0/0 | Age 0 (1) | Resets 0 | Shield 0
Ep 29 | Step 20/200 | XYZ [ 0.322 -0.12  -0.059] | RPY [-0.005 -0.009 -0.004] | Grip -1 (0.00) | Phase 0->0 | Ground 0.4cm | Target C | PredXYZ [ 0.085 -0.088  0.822] | TrueXYZ [ 0.086 -0.084  0.822] | EEF [ 0.034 -0.076  0.956] | ObjZ 0.822 | Up 1.00 | Hold 0/0 | Age 3 (4) | Resets 0 | Shield 0
Ep 29 | Step 40/200 | XYZ [ 0.068 -0.028 -0.659] | RPY [ 0.001 -0.004  0.003] | Grip -1 (0.00) | Phase 1->1 | Ground 0.4cm | Target C | PredXYZ [ 0.087 -0.088  0.822] | TrueXYZ [ 0.086 -0.084  0.822] | EEF [ 0.077 -0.09   0.911] | ObjZ 0.822 | Up 1.00 | Hold 0/0 | Age 0 (1) | Resets 0 | Shield 0
Ep 29 | Step 60/200 | XYZ [ 0.013  0.    -0.133] | RPY [-0.001 -0.001  0.001] | Grip -1 (0.00) | Phase 1->1 | Ground 0.8cm | Target C | PredXYZ [ 0.091 -0.09   0.823] | TrueXYZ [ 0.086 -0.084  0.822] | EEF [ 0.084 -0.092  0.832] | ObjZ 0.822 | Up 1.00 | Hold 0/0 | Age 0 (1) | Resets 0 | Shield 0
Ep 29 | Step 80/200 | XYZ [0.003 0.003 0.661] | RPY [-0.004 -0.008 -0.003] | Grip 1 (1.00) | Phase 3->3 | Ground 1.2cm | Target C | PredXYZ [ 0.098 -0.092  0.843] | TrueXYZ [ 0.087 -0.091  0.851] | EEF [ 0.088 -0.092  0.847] | ObjZ 0.851 | Up 1.00 | Hold 2/0 | Age 0 (1) | Resets 1 | Shield 0
Ep 29 | Step 83/200 | XYZ [0.004 0.002 0.564] | RPY [-0.003 -0.004 -0.003] | Grip 1 (1.00) | Phase 3->3 | Ground 0.8cm | Target C | PredXYZ [ 0.091 -0.085  0.865] | TrueXYZ [ 0.086 -0.091  0.872] | EEF [ 0.087 -0.092  0.869] | ObjZ 0.872 | Up 1.00 | Hold 5/0 | Age 0 (1) | Resets 2 | Shield 0
Ep 29 | Step 89/200 | XYZ [0.004 0.001 0.416] | RPY [-0.001  0.005 -0.003] | Grip 1 (1.00) | Phase 3->3 | Ground 0.5cm | Target C | PredXYZ [ 0.084 -0.096  0.901] | TrueXYZ [ 0.084 -0.091  0.906] | EEF [ 0.085 -0.092  0.903] | ObjZ 0.906 | Up 1.00 | Hold 11/5 | Age 0 (1) | Resets 3 | Shield 0
Episode 29: Clean Success | failure=success | termination=success
Scene rejected for ('push', 'A'): Deterministic push path is blocked by a distractor
Scene rejected for ('push', 'A'): Target is too close to the robot reference ray
Episode 30/120: Push the red cube away from the robot | ensemble=temporal
Ep 30 | Step 1/200 | XYZ [ 0.     0.044 -0.624] | RPY [ 0.002 -0.001  0.9  ] | Grip 1 (1.00) | Phase 5->5 | Ground 1.0cm | Target A | PredXYZ [-0.123 -0.07   0.824] | TrueXYZ [-0.119 -0.061  0.821] | EEF [-0.079 -0.003  1.015] | ObjZ 0.821 | Up 1.00 | Hold 0/0 | Age 0 (1) | Resets 0 | Shield 0
Ep 30 | Step 20/200 | XYZ [ 0.078 -0.053 -0.096] | RPY [-0.041  0.004  0.328] | Grip 1 (1.00) | Phase 5->5 | Ground 0.5cm | Target A | PredXYZ [-0.12  -0.066  0.822] | TrueXYZ [-0.119 -0.061  0.822] | EEF [-0.091  0.006  0.933] | ObjZ 0.822 | Up 1.00 | Hold 0/0 | Age 3 (4) | Resets 0 | Shield 0
Ep 30 | Step 40/200 | XYZ [ 0.106  0.038 -0.134] | RPY [-0.006  0.012 -0.002] | Grip 1 (1.00) | Phase 5->5 | Ground 0.9cm | Target A | PredXYZ [-0.124 -0.069  0.822] | TrueXYZ [-0.119 -0.061  0.822] | EEF [-0.085 -0.01   0.914] | ObjZ 0.822 | Up 1.00 | Hold 0/0 | Age 3 (4) | Resets 0 | Shield 0
Ep 30 | Step 60/200 | XYZ [ 0.028  0.012 -0.241] | RPY [-0.002  0.003 -0.001] | Grip 1 (1.00) | Phase 6->6 | Ground 1.5cm | Target A | PredXYZ [-0.128 -0.072  0.822] | TrueXYZ [-0.119 -0.061  0.822] | EEF [-0.068 -0.005  0.852] | ObjZ 0.822 | Up 1.00 | Hold 0/0 | Age 0 (1) | Resets 1 | Shield 0
Ep 30 | Step 80/200 | XYZ [-0.27  -0.785 -0.034] | RPY [ 0.013 -0.006  0.008] | Grip 1 (1.00) | Phase 7->7 | Ground 0.5cm | Target A | PredXYZ [-0.116 -0.064  0.822] | TrueXYZ [-0.119 -0.061  0.822] | EEF [-0.068 -0.011  0.822] | ObjZ 0.822 | Up 1.00 | Hold 0/0 | Age 0 (1) | Resets 1 | Shield 0
Ep 30 | Step 100/200 | XYZ [-0.026 -0.201 -0.025] | RPY [-0.007  0.004 -0.01 ] | Grip 1 (1.00) | Phase 7->7 | Ground 1.4cm | Target A | PredXYZ [-0.125 -0.122  0.822] | TrueXYZ [-0.13  -0.113  0.829] | EEF [-0.083 -0.111  0.832] | ObjZ 0.829 | Up 0.93 | Hold 0/0 | Age 0 (1) | Resets 3 | Shield 0
Ep 30 | Step 120/200 | XYZ [-0.014 -0.027 -0.008] | RPY [-0.002 -0.002 -0.004] | Grip 1 (1.00) | Phase 8->8 | Ground 1.5cm | Target A | PredXYZ [-0.117 -0.122  0.822] | TrueXYZ [-0.127 -0.113  0.828] | EEF [-0.081 -0.124  0.834] | ObjZ 0.828 | Up 0.92 | Hold 0/0 | Age 3 (4) | Resets 3 | Shield 0
Ep 30 | Step 140/200 | XYZ [-0.015 -0.024 -0.007] | RPY [-0.002 -0.003 -0.004] | Grip 1 (1.00) | Phase 8->8 | Ground 1.9cm | Target A | PredXYZ [-0.111 -0.124  0.822] | TrueXYZ [-0.127 -0.114  0.828] | EEF [-0.081 -0.129  0.834] | ObjZ 0.828 | Up 0.92 | Hold 0/0 | Age 3 (4) | Resets 3 | Shield 0
Ep 30 | Step 160/200 | XYZ [-0.013 -0.018 -0.007] | RPY [-0.002 -0.003 -0.004] | Grip 1 (1.00) | Phase 8->8 | Ground 2.0cm | Target A | PredXYZ [-0.112 -0.127  0.822] | TrueXYZ [-0.126 -0.115  0.828] | EEF [-0.081 -0.131  0.834] | ObjZ 0.828 | Up 0.93 | Hold 0/0 | Age 3 (4) | Resets 3 | Shield 0
Ep 30 | Step 180/200 | XYZ [-0.015 -0.016 -0.007] | RPY [-0.003 -0.003 -0.004] | Grip 1 (1.00) | Phase 8->8 | Ground 2.4cm | Target A | PredXYZ [-0.109 -0.131  0.822] | TrueXYZ [-0.125 -0.115  0.828] | EEF [-0.082 -0.135  0.833] | ObjZ 0.828 | Up 0.94 | Hold 0/0 | Age 3 (4) | Resets 3 | Shield 0
Ep 30 | Step 200/200 | XYZ [-0.016 -0.016 -0.008] | RPY [-0.002 -0.004 -0.004] | Grip 1 (1.00) | Phase 8->8 | Ground 2.5cm | Target A | PredXYZ [-0.113 -0.135  0.822] | TrueXYZ [-0.125 -0.115  0.827] | EEF [-0.083 -0.139  0.833] | ObjZ 0.827 | Up 0.95 | Hold 0/0 | Age 3 (4) | Resets 3 | Shield 0
Episode 30: Fail | failure=insufficient_push_distance | termination=horizon
Scene rejected for ('push', 'C'): Deterministic push path is blocked by a distractor
Scene rejected for ('push', 'C'): Deterministic push path is blocked by a distractor
Scene rejected for ('push', 'C'): Deterministic push path is blocked by a distractor
Scene rejected for ('push', 'C'): Deterministic push path is blocked by a distractor
Scene rejected for ('push', 'C'): Deterministic push path is blocked by a distractor
Episode 31/120: Push the green cylinder away from the robot | ensemble=temporal
Ep 31 | Step 1/200 | XYZ [ 0.08  -0.293 -0.561] | RPY [-0.001  0.001 -0.897] | Grip 1 (1.00) | Phase 5->5 | Ground 0.8cm | Target C | PredXYZ [-0.073 -0.135  0.824] | TrueXYZ [-0.068 -0.129  0.822] | EEF [-0.1   -0.01   1.009] | ObjZ 0.822 | Up 1.00 | Hold 0/0 | Age 0 (1) | Resets 0 | Shield 0
Ep 31 | Step 20/200 | XYZ [ 0.058  0.001 -0.086] | RPY [ 0.034 -0.01  -0.353] | Grip 1 (1.00) | Phase 5->5 | Ground 0.7cm | Target C | PredXYZ [-0.07  -0.136  0.822] | TrueXYZ [-0.068 -0.129  0.822] | EEF [-0.101 -0.05   0.936] | ObjZ 0.822 | Up 1.00 | Hold 0/0 | Age 3 (4) | Resets 0 | Shield 0
Ep 31 | Step 40/200 | XYZ [ 0.011 -0.052 -0.422] | RPY [ 0.006 -0.01   0.006] | Grip 1 (1.00) | Phase 6->6 | Ground 0.4cm | Target C | PredXYZ [-0.068 -0.133  0.822] | TrueXYZ [-0.068 -0.129  0.822] | EEF [-0.086 -0.044  0.869] | ObjZ 0.822 | Up 1.00 | Hold 0/0 | Age 0 (1) | Resets 0 | Shield 0
Ep 31 | Step 60/200 | XYZ [ 0.005 -0.071 -0.048] | RPY [-0.001  0.002 -0.   ] | Grip 1 (1.00) | Phase 7->7 | Ground 0.5cm | Target C | PredXYZ [-0.072 -0.133  0.822] | TrueXYZ [-0.068 -0.129  0.822] | EEF [-0.089 -0.053  0.819] | ObjZ 0.822 | Up 1.00 | Hold 0/0 | Age 0 (1) | Resets 0 | Shield 0
Ep 31 | Step 80/200 | XYZ [0.004 0.062 0.033] | RPY [-0.015 -0.002 -0.013] | Grip 1 (1.00) | Phase 8->8 | Ground 2.3cm | Target C | PredXYZ [-0.068 -0.201  0.823] | TrueXYZ [-0.059 -0.182  0.822] | EEF [-0.071 -0.145  0.819] | ObjZ 0.822 | Up 1.00 | Hold 0/0 | Age 3 (4) | Resets 3 | Shield 10
Ep 31 | Step 100/200 | XYZ [-0.008  0.028  0.062] | RPY [-0.002  0.003 -0.004] | Grip 1 (1.00) | Phase 8->8 | Ground 1.1cm | Target C | PredXYZ [-0.067 -0.189  0.823] | TrueXYZ [-0.059 -0.182  0.822] | EEF [-0.078 -0.143  0.831] | ObjZ 0.822 | Up 1.00 | Hold 0/0 | Age 3 (4) | Resets 3 | Shield 10
Ep 31 | Step 120/200 | XYZ [-0.002  0.027  0.027] | RPY [-0.     0.007 -0.004] | Grip 1 (1.00) | Phase 8->8 | Ground 1.1cm | Target C | PredXYZ [-0.07  -0.184  0.823] | TrueXYZ [-0.059 -0.182  0.822] | EEF [-0.082 -0.138  0.84 ] | ObjZ 0.822 | Up 1.00 | Hold 0/0 | Age 3 (4) | Resets 3 | Shield 10
Ep 31 | Step 140/200 | XYZ [-0.003  0.013  0.043] | RPY [ 0.001  0.01  -0.004] | Grip 1 (1.00) | Phase 8->8 | Ground 0.6cm | Target C | PredXYZ [-0.065 -0.18   0.823] | TrueXYZ [-0.059 -0.182  0.822] | EEF [-0.086 -0.135  0.846] | ObjZ 0.822 | Up 1.00 | Hold 0/0 | Age 3 (4) | Resets 3 | Shield 10
Ep 31 | Step 160/200 | XYZ [-0.016 -0.006  0.099] | RPY [ 0.    0.01 -0.01] | Grip 1 (1.00) | Phase 8->8 | Ground 1.0cm | Target C | PredXYZ [-0.059 -0.192  0.823] | TrueXYZ [-0.059 -0.182  0.822] | EEF [-0.092 -0.137  0.859] | ObjZ 0.822 | Up 1.00 | Hold 0/0 | Age 3 (4) | Resets 3 | Shield 10
Ep 31 | Step 180/200 | XYZ [-0.017  0.018  0.121] | RPY [-0.     0.006 -0.011] | Grip 1 (1.00) | Phase 5->5 | Ground 2.8cm | Target C | PredXYZ [-0.085 -0.192  0.823] | TrueXYZ [-0.059 -0.182  0.822] | EEF [-0.1   -0.141  0.887] | ObjZ 0.822 | Up 1.00 | Hold 0/0 | Age 3 (4) | Resets 3 | Shield 10
Ep 31 | Step 200/200 | XYZ [-0.014 -0.012 -0.47 ] | RPY [ 0.006 -0.012  0.006] | Grip 1 (1.00) | Phase 6->6 | Ground 1.6cm | Target C | PredXYZ [-0.072 -0.19   0.823] | TrueXYZ [-0.059 -0.182  0.822] | EEF [-0.1   -0.128  0.873] | ObjZ 0.822 | Up 1.00 | Hold 0/0 | Age 0 (1) | Resets 3 | Shield 10
Episode 31: Fail | failure=insufficient_push_distance | termination=horizon
Scene rejected for ('push', 'A'): Deterministic push path is blocked by a distractor
Scene rejected for ('push', 'A'): Deterministic push path is blocked by a distractor
Scene rejected for ('push', 'A'): Deterministic push path is blocked by a distractor
Scene rejected for ('push', 'A'): Deterministic push path is blocked by a distractor
Scene rejected for ('push', 'A'): Deterministic push path is blocked by a distractor
Scene rejected for ('push', 'A'): Deterministic push path is blocked by a distractor
Scene rejected for ('push', 'A'): Deterministic push path is blocked by a distractor
Scene rejected for ('push', 'A'): Deterministic push path is blocked by a distractor
Episode 32/120: Push the red cube away from the robot | ensemble=temporal
Ep 32 | Step 1/200 | XYZ [ 0.099 -0.039 -0.53 ] | RPY [-0.003 -0.003 -0.849] | Grip 1 (1.00) | Phase 5->5 | Ground 0.9cm | Target A | PredXYZ [-0.017 -0.064  0.824] | TrueXYZ [-0.024 -0.058  0.821] | EEF [-0.102 -0.019  1.007] | ObjZ 0.821 | Up 1.00 | Hold 0/0 | Age 0 (1) | Resets 0 | Shield 0
Ep 32 | Step 20/200 | XYZ [ 0.034 -0.034 -0.111] | RPY [0.012 0.012 0.006] | Grip 1 (1.00) | Phase 5->5 | Ground 0.8cm | Target A | PredXYZ [-0.017 -0.063  0.822] | TrueXYZ [-0.024 -0.058  0.822] | EEF [-0.102 -0.011  0.936] | ObjZ 0.822 | Up 1.00 | Hold 0/0 | Age 3 (4) | Resets 0 | Shield 0
Ep 32 | Step 40/200 | XYZ [ 0.032 -0.023 -0.18 ] | RPY [0.001 0.011 0.002] | Grip 1 (1.00) | Phase 6->6 | Ground 0.6cm | Target A | PredXYZ [-0.019 -0.062  0.822] | TrueXYZ [-0.024 -0.058  0.822] | EEF [-0.103 -0.007  0.842] | ObjZ 0.822 | Up 1.00 | Hold 0/0 | Age 0 (1) | Resets 0 | Shield 0
Ep 32 | Step 60/200 | XYZ [ 0.513 -0.363 -0.004] | RPY [0.011 0.015 0.009] | Grip 1 (1.00) | Phase 7->7 | Ground 0.8cm | Target A | PredXYZ [-0.019 -0.065  0.822] | TrueXYZ [-0.021 -0.061  0.822] | EEF [-0.049 -0.04   0.82 ] | ObjZ 0.822 | Up 1.00 | Hold 0/0 | Age 0 (1) | Resets 0 | Shield 0
Ep 32 | Step 80/200 | XYZ [-0.044  0.018  0.002] | RPY [-0.004 -0.008 -0.005] | Grip 1 (1.00) | Phase 8->8 | Ground 1.0cm | Target A | PredXYZ [ 0.022 -0.107  0.822] | TrueXYZ [ 0.021 -0.098  0.822] | EEF [-0.003 -0.075  0.825] | ObjZ 0.822 | Up 1.00 | Hold 0/0 | Age 3 (4) | Resets 0 | Shield 0
Ep 32 | Step 100/200 | XYZ [-0.068  0.014 -0.021] | RPY [-0.     0.005 -0.002] | Grip 1 (1.00) | Phase 8->8 | Ground 0.7cm | Target A | PredXYZ [ 0.022 -0.105  0.822] | TrueXYZ [ 0.021 -0.098  0.822] | EEF [-0.017 -0.074  0.821] | ObjZ 0.822 | Up 1.00 | Hold 0/0 | Age 3 (4) | Resets 0 | Shield 0
Ep 32 | Step 120/200 | XYZ [-0.045  0.021  0.   ] | RPY [-0.002 -0.002 -0.003] | Grip 1 (1.00) | Phase 8->8 | Ground 0.8cm | Target A | PredXYZ [ 0.022 -0.106  0.822] | TrueXYZ [ 0.021 -0.098  0.822] | EEF [-0.022 -0.075  0.818] | ObjZ 0.822 | Up 1.00 | Hold 0/0 | Age 3 (4) | Resets 0 | Shield 10
Ep 32 | Step 140/200 | XYZ [0.006 0.009 0.   ] | RPY [-0.     0.007 -0.004] | Grip 1 (1.00) | Phase 8->8 | Ground 0.9cm | Target A | PredXYZ [ 0.022 -0.107  0.822] | TrueXYZ [ 0.021 -0.098  0.822] | EEF [-0.027 -0.074  0.818] | ObjZ 0.822 | Up 1.00 | Hold 0/0 | Age 3 (4) | Resets 0 | Shield 29
Ep 32 | Step 160/200 | XYZ [0.001 0.007 0.007] | RPY [-0.     0.007 -0.003] | Grip 1 (1.00) | Phase 8->8 | Ground 0.7cm | Target A | PredXYZ [ 0.023 -0.105  0.822] | TrueXYZ [ 0.021 -0.098  0.822] | EEF [-0.028 -0.074  0.817] | ObjZ 0.822 | Up 1.00 | Hold 0/0 | Age 3 (4) | Resets 0 | Shield 29
Ep 32 | Step 180/200 | XYZ [-0.014  0.011  0.012] | RPY [-0.     0.006 -0.004] | Grip 1 (1.00) | Phase 8->8 | Ground 0.5cm | Target A | PredXYZ [ 0.022 -0.103  0.822] | TrueXYZ [ 0.021 -0.098  0.822] | EEF [-0.029 -0.075  0.819] | ObjZ 0.822 | Up 1.00 | Hold 0/0 | Age 3 (4) | Resets 0 | Shield 29
Ep 32 | Step 200/200 | XYZ [-0.011  0.008  0.034] | RPY [ 0.     0.007 -0.006] | Grip 1 (1.00) | Phase 8->8 | Ground 0.7cm | Target A | PredXYZ [ 0.021 -0.105  0.822] | TrueXYZ [ 0.021 -0.098  0.822] | EEF [-0.03  -0.075  0.823] | ObjZ 0.822 | Up 1.00 | Hold 0/0 | Age 3 (4) | Resets 0 | Shield 29
Episode 32: Fail | failure=insufficient_push_distance | termination=horizon
Scene rejected for ('pick', 'A'): Pick target lacks bilateral gripper clearance
Scene rejected for ('pick', 'A'): Pick target lacks bilateral gripper clearance
Scene rejected for ('pick', 'A'): Pick target lacks bilateral gripper clearance
Scene rejected for ('pick', 'A'): Pick target lacks bilateral gripper clearance
Episode 33/120: Pick up the red cube | ensemble=temporal
Ep 33 | Step 1/200 | XYZ [-0.158 -0.378 -0.443] | RPY [ 0.005 -0.001  0.607] | Grip -1 (0.00) | Phase 0->0 | Ground 0.9cm | Target A | PredXYZ [-0.136 -0.087  0.824] | TrueXYZ [-0.128 -0.084  0.821] | EEF [-0.115 -0.017  1.005] | ObjZ 0.821 | Up 1.00 | Hold 0/0 | Age 0 (1) | Resets 0 | Shield 0
Ep 33 | Step 20/200 | XYZ [ 0.007 -0.079 -0.072] | RPY [-0.001  0.013 -0.004] | Grip -1 (0.00) | Phase 0->0 | Ground 0.6cm | Target A | PredXYZ [-0.132 -0.08   0.821] | TrueXYZ [-0.128 -0.084  0.822] | EEF [-0.14  -0.076  0.952] | ObjZ 0.822 | Up 1.00 | Hold 0/0 | Age 3 (4) | Resets 0 | Shield 0
Ep 33 | Step 40/200 | XYZ [ 0.096  0.037 -0.218] | RPY [-0.01   0.032 -0.014] | Grip -1 (0.00) | Phase 1->1 | Ground 0.5cm | Target A | PredXYZ [-0.124 -0.088  0.822] | TrueXYZ [-0.128 -0.084  0.822] | EEF [-0.147 -0.094  0.842] | ObjZ 0.822 | Up 1.00 | Hold 0/0 | Age 0 (1) | Resets 0 | Shield 0
Ep 33 | Step 60/200 | XYZ [ 0.037  0.03  -0.043] | RPY [-0.001  0.003 -0.001] | Grip 1 (0.73) | Phase 2->2 | Ground 0.3cm | Target A | PredXYZ [-0.128 -0.087  0.822] | TrueXYZ [-0.128 -0.084  0.822] | EEF [-0.135 -0.088  0.813] | ObjZ 0.822 | Up 1.00 | Hold 0/0 | Age 0 (1) | Resets 2 | Shield 0
Ep 33 | Step 75/200 | XYZ [0.019 0.005 0.565] | RPY [0.008 0.029 0.002] | Grip 1 (1.00) | Phase 3->3 | Ground 1.9cm | Target A | PredXYZ [-0.12  -0.083  0.876] | TrueXYZ [-0.137 -0.078  0.874] | EEF [-0.144 -0.082  0.864] | ObjZ 0.874 | Up 1.00 | Hold 5/0 | Age 0 (1) | Resets 5 | Shield 0
Ep 33 | Step 80/200 | XYZ [0.02  0.006 0.46 ] | RPY [0.007 0.016 0.003] | Grip 1 (1.00) | Phase 3->3 | Ground 1.5cm | Target A | PredXYZ [-0.129 -0.064  0.902] | TrueXYZ [-0.138 -0.075  0.903] | EEF [-0.146 -0.078  0.894] | ObjZ 0.903 | Up 1.00 | Hold 10/5 | Age 0 (1) | Resets 10 | Shield 0
Episode 33: Clean Success | failure=success | termination=success
Scene rejected for ('push', 'C'): Target is too close to the robot reference ray
Scene rejected for ('push', 'C'): Deterministic push path is blocked by a distractor
Scene rejected for ('push', 'C'): Deterministic push path is blocked by a distractor
Scene rejected for ('push', 'C'): Deterministic push path is blocked by a distractor
Scene rejected for ('push', 'C'): Deterministic push path is blocked by a distractor
Episode 34/120: Push the green cylinder away from the robot | ensemble=temporal
Ep 34 | Step 1/200 | XYZ [-0.011  0.094 -0.538] | RPY [ 0.005 -0.008  0.9  ] | Grip 1 (1.00) | Phase 5->5 | Ground 1.0cm | Target C | PredXYZ [-0.109  0.106  0.824] | TrueXYZ [-0.099  0.103  0.822] | EEF [-0.118  0.002  1.005] | ObjZ 0.822 | Up 1.00 | Hold 0/0 | Age 0 (1) | Resets 0 | Shield 0
Ep 34 | Step 20/200 | XYZ [ 0.019 -0.07  -0.124] | RPY [-0.023 -0.015  0.639] | Grip 1 (1.00) | Phase 5->5 | Ground 0.8cm | Target C | PredXYZ [-0.106  0.108  0.822] | TrueXYZ [-0.099  0.103  0.822] | EEF [-0.121  0.014  0.937] | ObjZ 0.822 | Up 1.00 | Hold 0/0 | Age 3 (4) | Resets 0 | Shield 0
Ep 34 | Step 40/200 | XYZ [ 0.022  0.037 -0.232] | RPY [-0.005  0.006  0.001] | Grip 1 (1.00) | Phase 6->6 | Ground 1.4cm | Target C | PredXYZ [-0.11   0.113  0.822] | TrueXYZ [-0.099  0.103  0.822] | EEF [-0.123 -0.001  0.843] | ObjZ 0.822 | Up 1.00 | Hold 0/0 | Age 0 (1) | Resets 0 | Shield 0
Ep 34 | Step 60/200 | XYZ [ 0.017  0.724 -0.02 ] | RPY [-0.029 -0.008 -0.023] | Grip 1 (1.00) | Phase 7->7 | Ground 1.0cm | Target C | PredXYZ [-0.108  0.108  0.822] | TrueXYZ [-0.099  0.103  0.822] | EEF [-0.117  0.036  0.82 ] | ObjZ 0.822 | Up 1.00 | Hold 0/0 | Age 0 (1) | Resets 0 | Shield 6
Ep 34 | Step 80/200 | XYZ [-0.013 -0.29   0.   ] | RPY [0.021 0.007 0.015] | Grip 1 (1.00) | Phase 8->8 | Ground 1.2cm | Target C | PredXYZ [-0.107  0.157  0.822] | TrueXYZ [-0.099  0.167  0.822] | EEF [-0.122  0.129  0.817] | ObjZ 0.822 | Up 1.00 | Hold 0/0 | Age 3 (4) | Resets 0 | Shield 9
Ep 34 | Step 100/200 | XYZ [-0.017 -0.536  0.   ] | RPY [0.01  0.022 0.008] | Grip 1 (1.00) | Phase 7->7 | Ground 1.8cm | Target C | PredXYZ [-0.101  0.149  0.822] | TrueXYZ [-0.099  0.167  0.822] | EEF [-0.159  0.023  0.81 ] | ObjZ 0.822 | Up 1.00 | Hold 0/0 | Age 0 (1) | Resets 0 | Shield 24
Ep 34 | Step 120/200 | XYZ [ 0.042 -0.19   0.   ] | RPY [-0.001  0.01  -0.001] | Grip 1 (1.00) | Phase 7->7 | Ground 2.7cm | Target C | PredXYZ [-0.104  0.14   0.823] | TrueXYZ [-0.099  0.167  0.822] | EEF [-0.166 -0.079  0.81 ] | ObjZ 0.822 | Up 1.00 | Hold 0/0 | Age 0 (1) | Resets 0 | Shield 44
Ep 34 | Step 140/200 | XYZ [-0.009  0.67  -0.036] | RPY [-0.015 -0.008 -0.011] | Grip 1 (1.00) | Phase 7->7 | Ground 1.7cm | Target C | PredXYZ [-0.099  0.15   0.822] | TrueXYZ [-0.099  0.167  0.822] | EEF [-0.132  0.029  0.82 ] | ObjZ 0.822 | Up 1.00 | Hold 0/0 | Age 0 (1) | Resets 0 | Shield 55
Ep 34 | Step 159/200 | XYZ [-0.024  0.143  0.   ] | RPY [0.009 0.002 0.005] | Grip 1 (1.00) | Phase 7->7 | Ground 1.9cm | Target C | PredXYZ [-0.111  0.187  0.823] | TrueXYZ [-0.091  0.188  0.823] | EEF [-0.14   0.164  0.818] | ObjZ 0.823 | Up 1.00 | Hold 5/5 | Age 0 (1) | Resets 1 | Shield 69
Episode 34: Clean Success | failure=success | termination=success
Scene rejected for ('pick', 'B'): Pick target lacks bilateral gripper clearance
Episode 35/120: Pick up the blue ball | ensemble=temporal
Ep 35 | Step 1/200 | XYZ [ 0.9   -0.499 -0.443] | RPY [-0.    -0.001 -0.004] | Grip -1 (0.00) | Phase 0->0 | Ground 0.5cm | Target B | PredXYZ [ 0.138 -0.098  0.828] | TrueXYZ [ 0.133 -0.096  0.826] | EEF [-0.092 -0.014  1.017] | ObjZ 0.826 | Up 1.00 | Hold 0/0 | Age 0 (1) | Resets 0 | Shield 0
Ep 35 | Step 20/200 | XYZ [ 0.453 -0.128 -0.062] | RPY [-0.005 -0.003 -0.004] | Grip -1 (0.00) | Phase 0->0 | Ground 0.7cm | Target B | PredXYZ [ 0.14  -0.092  0.826] | TrueXYZ [ 0.133 -0.096  0.826] | EEF [ 0.07  -0.085  0.959] | ObjZ 0.826 | Up 1.00 | Hold 0/0 | Age 3 (4) | Resets 0 | Shield 0
Ep 35 | Step 40/200 | XYZ [ 0.074 -0.026 -0.747] | RPY [ 0.001 -0.004  0.002] | Grip -1 (0.00) | Phase 1->1 | Ground 0.5cm | Target B | PredXYZ [ 0.138 -0.092  0.826] | TrueXYZ [ 0.133 -0.096  0.826] | EEF [ 0.128 -0.099  0.93 ] | ObjZ 0.826 | Up 1.00 | Hold 0/0 | Age 0 (1) | Resets 0 | Shield 0
Ep 35 | Step 60/200 | XYZ [ 0.012 -0.001 -0.145] | RPY [-0.    -0.002  0.001] | Grip -1 (0.00) | Phase 1->1 | Ground 1.1cm | Target B | PredXYZ [ 0.143 -0.092  0.826] | TrueXYZ [ 0.133 -0.096  0.826] | EEF [ 0.136 -0.101  0.84 ] | ObjZ 0.826 | Up 1.00 | Hold 0/0 | Age 0 (1) | Resets 0 | Shield 0
Ep 35 | Step 80/200 | XYZ [0.001 0.003 0.674] | RPY [-0.003 -0.013 -0.002] | Grip 1 (1.00) | Phase 3->3 | Ground 0.6cm | Target B | PredXYZ [ 0.14  -0.097  0.834] | TrueXYZ [ 0.136 -0.097  0.846] | EEF [ 0.141 -0.099  0.846] | ObjZ 0.846 | Up 1.00 | Hold 1/0 | Age 0 (1) | Resets 0 | Shield 0
Ep 35 | Step 84/200 | XYZ [0.003 0.002 0.538] | RPY [-0.002 -0.008 -0.002] | Grip 1 (1.00) | Phase 3->3 | Ground 0.9cm | Target B | PredXYZ [ 0.141 -0.094  0.876] | TrueXYZ [ 0.137 -0.097  0.875] | EEF [ 0.142 -0.099  0.876] | ObjZ 0.875 | Up 1.00 | Hold 5/0 | Age 0 (1) | Resets 2 | Shield 0
Ep 35 | Step 89/200 | XYZ [0.002 0.002 0.413] | RPY [-0.001  0.004 -0.003] | Grip 1 (1.00) | Phase 3->3 | Ground 0.7cm | Target B | PredXYZ [ 0.137 -0.102  0.904] | TrueXYZ [ 0.135 -0.097  0.903] | EEF [ 0.14  -0.099  0.904] | ObjZ 0.903 | Up 1.00 | Hold 10/5 | Age 0 (1) | Resets 2 | Shield 0
Episode 35: Clean Success | failure=success | termination=success
Episode 36/120: Pick up the blue ball | ensemble=temporal
Ep 36 | Step 1/200 | XYZ [-0.091  0.409 -0.37 ] | RPY [-0.    -0.005 -0.006] | Grip -1 (0.00) | Phase 0->0 | Ground 1.2cm | Target B | PredXYZ [-0.128  0.084  0.827] | TrueXYZ [-0.118  0.079  0.826] | EEF [-0.113  0.011  0.999] | ObjZ 0.826 | Up 1.00 | Hold 0/0 | Age 0 (1) | Resets 0 | Shield 0
Ep 36 | Step 20/200 | XYZ [-0.011  0.103 -0.076] | RPY [0.001 0.004 0.001] | Grip -1 (0.00) | Phase 0->0 | Ground 1.2cm | Target B | PredXYZ [-0.129  0.076  0.826] | TrueXYZ [-0.118  0.079  0.826] | EEF [-0.124  0.06   0.956] | ObjZ 0.826 | Up 1.00 | Hold 0/0 | Age 3 (4) | Resets 0 | Shield 0
Ep 36 | Step 40/200 | XYZ [ 0.029  0.01  -0.218] | RPY [0.004 0.019 0.006] | Grip -1 (0.00) | Phase 1->1 | Ground 0.9cm | Target B | PredXYZ [-0.126  0.075  0.826] | TrueXYZ [-0.118  0.079  0.826] | EEF [-0.13   0.074  0.844] | ObjZ 0.826 | Up 1.00 | Hold 0/0 | Age 0 (1) | Resets 0 | Shield 0
Ep 36 | Step 60/200 | XYZ [ 0.024 -0.    -0.044] | RPY [-0.001  0.003  0.001] | Grip 1 (1.00) | Phase 2->2 | Ground 0.7cm | Target B | PredXYZ [-0.123  0.079  0.826] | TrueXYZ [-0.116  0.079  0.825] | EEF [-0.125  0.079  0.819] | ObjZ 0.825 | Up 1.00 | Hold 0/0 | Age 0 (1) | Resets 0 | Shield 0
Ep 36 | Step 71/200 | XYZ [0.016 0.001 0.569] | RPY [-0.007  0.029 -0.004] | Grip 1 (1.00) | Phase 3->3 | Ground 0.8cm | Target B | PredXYZ [-0.121  0.069  0.866] | TrueXYZ [-0.122  0.076  0.871] | EEF [-0.131  0.076  0.864] | ObjZ 0.871 | Up 1.00 | Hold 5/0 | Age 0 (1) | Resets 2 | Shield 0
Ep 36 | Step 77/200 | XYZ [0.015 0.001 0.433] | RPY [-0.005  0.01  -0.004] | Grip 1 (1.00) | Phase 3->3 | Ground 1.1cm | Target B | PredXYZ [-0.122  0.072  0.911] | TrueXYZ [-0.123  0.073  0.906] | EEF [-0.132  0.074  0.899] | ObjZ 0.906 | Up 1.00 | Hold 11/5 | Age 0 (1) | Resets 5 | Shield 0
Episode 36: Clean Success | failure=success | termination=success
Episode 37/120: Pick up the blue ball | ensemble=temporal
Ep 37 | Step 1/200 | XYZ [ 0.441 -0.748 -0.373] | RPY [0.001 0.001 0.   ] | Grip -1 (0.00) | Phase 0->0 | Ground 0.7cm | Target B | PredXYZ [-0.029 -0.113  0.828] | TrueXYZ [-0.025 -0.107  0.826] | EEF [-0.096  0.022  1.002] | ObjZ 0.826 | Up 1.00 | Hold 0/0 | Age 0 (1) | Resets 0 | Shield 0
Ep 37 | Step 20/200 | XYZ [ 0.124 -0.164 -0.068] | RPY [-0.005  0.004 -0.007] | Grip -1 (0.00) | Phase 0->0 | Ground 0.9cm | Target B | PredXYZ [-0.032 -0.112  0.826] | TrueXYZ [-0.025 -0.107  0.826] | EEF [-0.044 -0.074  0.954] | ObjZ 0.826 | Up 1.00 | Hold 0/0 | Age 3 (4) | Resets 0 | Shield 0
Ep 37 | Step 40/200 | XYZ [ 0.02  -0.024 -0.364] | RPY [-0.    -0.001  0.   ] | Grip -1 (0.00) | Phase 1->1 | Ground 0.9cm | Target B | PredXYZ [-0.034 -0.108  0.826] | TrueXYZ [-0.025 -0.107  0.826] | EEF [-0.027 -0.09   0.871] | ObjZ 0.826 | Up 1.00 | Hold 0/0 | Age 0 (1) | Resets 0 | Shield 0
Ep 37 | Step 60/200 | XYZ [ 0.019  0.009 -0.073] | RPY [-0.002  0.    -0.002] | Grip -1 (0.02) | Phase 1->1 | Ground 0.7cm | Target B | PredXYZ [-0.03  -0.111  0.826] | TrueXYZ [-0.025 -0.107  0.826] | EEF [-0.028 -0.096  0.825] | ObjZ 0.826 | Up 1.00 | Hold 0/0 | Age 0 (1) | Resets 0 | Shield 0
Ep 37 | Step 76/200 | XYZ [0.009 0.002 0.57 ] | RPY [ 0.001  0.013 -0.002] | Grip 1 (1.00) | Phase 3->3 | Ground 0.9cm | Target B | PredXYZ [-0.033 -0.112  0.865] | TrueXYZ [-0.027 -0.107  0.87 ] | EEF [-0.027 -0.105  0.869] | ObjZ 0.870 | Up 1.00 | Hold 5/0 | Age 0 (1) | Resets 4 | Shield 0
Ep 37 | Step 80/200 | XYZ [0.009 0.002 0.467] | RPY [ 0.001  0.008 -0.002] | Grip 1 (1.00) | Phase 3->3 | Ground 1.0cm | Target B | PredXYZ [-0.038 -0.106  0.887] | TrueXYZ [-0.028 -0.108  0.894] | EEF [-0.029 -0.105  0.893] | ObjZ 0.894 | Up 1.00 | Hold 9/3 | Age 0 (1) | Resets 6 | Shield 0
Ep 37 | Step 82/200 | XYZ [0.009 0.003 0.422] | RPY [ 0.001  0.006 -0.002] | Grip 1 (1.00) | Phase 3->3 | Ground 1.4cm | Target B | PredXYZ [-0.042 -0.105  0.899] | TrueXYZ [-0.028 -0.108  0.905] | EEF [-0.029 -0.105  0.903] | ObjZ 0.905 | Up 1.00 | Hold 11/5 | Age 0 (1) | Resets 6 | Shield 0
Episode 37: Clean Success | failure=success | termination=success
Scene rejected for ('push', 'C'): Deterministic push path is blocked by a distractor
Scene rejected for ('push', 'C'): Target is too close to the robot reference ray
Scene rejected for ('push', 'C'): Deterministic push path is blocked by a distractor
Scene rejected for ('push', 'C'): Deterministic push path is blocked by a distractor
Scene rejected for ('push', 'C'): Deterministic push path is blocked by a distractor
Scene rejected for ('push', 'C'): Target is too close to the robot reference ray
Scene rejected for ('push', 'C'): Deterministic push path is blocked by a distractor
Scene rejected for ('push', 'C'): Deterministic push path is blocked by a distractor
Episode 38/120: Push the green cylinder away from the robot | ensemble=temporal
Ep 38 | Step 1/200 | XYZ [ 0.061 -0.247 -0.583] | RPY [-0.002  0.    -0.9  ] | Grip 1 (1.00) | Phase 5->5 | Ground 1.1cm | Target C | PredXYZ [-0.074 -0.12   0.824] | TrueXYZ [-0.072 -0.109  0.822] | EEF [-0.102 -0.006  1.015] | ObjZ 0.822 | Up 1.00 | Hold 0/0 | Age 0 (1) | Resets 0 | Shield 0
Ep 38 | Step 20/200 | XYZ [ 0.042  0.041 -0.123] | RPY [ 0.031 -0.01  -0.39 ] | Grip 1 (1.00) | Phase 5->5 | Ground 1.2cm | Target C | PredXYZ [-0.073 -0.121  0.822] | TrueXYZ [-0.072 -0.109  0.822] | EEF [-0.102 -0.038  0.942] | ObjZ 0.822 | Up 1.00 | Hold 0/0 | Age 3 (4) | Resets 0 | Shield 0
Ep 38 | Step 40/200 | XYZ [ 0.015 -0.031 -0.212] | RPY [0.002 0.007 0.002] | Grip 1 (1.00) | Phase 6->6 | Ground 0.9cm | Target C | PredXYZ [-0.069 -0.118  0.822] | TrueXYZ [-0.072 -0.109  0.822] | EEF [-0.105 -0.028  0.841] | ObjZ 0.822 | Up 1.00 | Hold 0/0 | Age 0 (1) | Resets 0 | Shield 0
Ep 38 | Step 60/200 | XYZ [ 0.105 -0.635 -0.019] | RPY [ 0.022 -0.005  0.023] | Grip 1 (1.00) | Phase 7->7 | Ground 0.9cm | Target C | PredXYZ [-0.076 -0.117  0.823] | TrueXYZ [-0.072 -0.111  0.823] | EEF [-0.088 -0.076  0.819] | ObjZ 0.823 | Up 1.00 | Hold 0/0 | Age 0 (1) | Resets 0 | Shield 2
Ep 38 | Step 75/200 | XYZ [0.004 0.071 0.015] | RPY [-0.016  0.001 -0.015] | Grip 1 (1.00) | Phase 8->8 | Ground 2.0cm | Target C | PredXYZ [-0.054 -0.202  0.823] | TrueXYZ [-0.059 -0.183  0.822] | EEF [-0.081 -0.149  0.818] | ObjZ 0.822 | Up 1.00 | Hold 5/5 | Age 3 (4) | Resets 2 | Shield 5
Episode 38: Clean Success | failure=success | termination=success
Episode 39/120: Push the blue ball away from the robot | ensemble=temporal
Ep 39 | Step 1/200 | XYZ [ 0.289 -0.282 -0.476] | RPY [-0.002 -0.002 -0.9  ] | Grip 1 (1.00) | Phase 5->5 | Ground 0.4cm | Target B | PredXYZ [-0.    -0.103  0.828] | TrueXYZ [-0.001 -0.099  0.826] | EEF [-0.103 -0.009  1.001] | ObjZ 0.826 | Up 1.00 | Hold 0/0 | Age 0 (1) | Resets 0 | Shield 0
Ep 39 | Step 20/200 | XYZ [ 0.079 -0.065 -0.102] | RPY [ 0.011 -0.001 -0.002] | Grip 1 (1.00) | Phase 5->5 | Ground 0.5cm | Target B | PredXYZ [ 0.003 -0.096  0.826] | TrueXYZ [-0.001 -0.099  0.826] | EEF [-0.071 -0.034  0.942] | ObjZ 0.826 | Up 1.00 | Hold 0/0 | Age 3 (4) | Resets 0 | Shield 0
Ep 39 | Step 40/200 | XYZ [ 0.001 -0.025 -0.273] | RPY [0.001 0.003 0.004] | Grip 1 (1.00) | Phase 6->6 | Ground 0.6cm | Target B | PredXYZ [ 0.004 -0.102  0.826] | TrueXYZ [-0.001 -0.099  0.826] | EEF [-0.062 -0.041  0.859] | ObjZ 0.826 | Up 1.00 | Hold 0/0 | Age 0 (1) | Resets 0 | Shield 0
Ep 39 | Step 60/200 | XYZ [ 0.819 -0.754 -0.011] | RPY [0.027 0.04  0.017] | Grip 1 (1.00) | Phase 7->7 | Ground 0.5cm | Target B | PredXYZ [-0.003 -0.104  0.826] | TrueXYZ [ 0.005 -0.104  0.826] | EEF [-0.021 -0.078  0.823] | ObjZ 0.826 | Up 1.00 | Hold 0/0 | Age 0 (1) | Resets 0 | Shield 0
Ep 39 | Step 70/200 | XYZ [-0.065  0.078  0.004] | RPY [-0.022 -0.034 -0.005] | Grip 1 (1.00) | Phase 8->8 | Ground 0.7cm | Target B | PredXYZ [ 0.058 -0.153  0.826] | TrueXYZ [ 0.066 -0.153  0.826] | EEF [ 0.036 -0.135  0.828] | ObjZ 0.826 | Up 1.00 | Hold 5/5 | Age 3 (4) | Resets 4 | Shield 0
Episode 39: Clean Success | failure=success | termination=success
Episode 40/120: Pick up the red cube | ensemble=temporal
Ep 40 | Step 1/200 | XYZ [-0.073 -0.437 -0.515] | RPY [ 0.004 -0.003  0.256] | Grip -1 (0.00) | Phase 0->0 | Ground 0.5cm | Target A | PredXYZ [-0.093 -0.073  0.824] | TrueXYZ [-0.094 -0.078  0.821] | EEF [-8.300e-02 -1.000e-03  1.021e+00] | ObjZ 0.821 | Up 1.00 | Hold 0/0 | Age 0 (1) | Resets 0 | Shield 0
Ep 40 | Step 20/200 | XYZ [ 0.009 -0.106 -0.103] | RPY [-0.002  0.014 -0.004] | Grip -1 (0.00) | Phase 0->0 | Ground 0.6cm | Target A | PredXYZ [-0.095 -0.073  0.821] | TrueXYZ [-0.094 -0.078  0.822] | EEF [-0.095 -0.06   0.955] | ObjZ 0.822 | Up 1.00 | Hold 0/0 | Age 3 (4) | Resets 0 | Shield 0
Ep 40 | Step 40/200 | XYZ [ 0.062  0.025 -0.272] | RPY [-0.009  0.025 -0.01 ] | Grip -1 (0.00) | Phase 1->1 | Ground 0.7cm | Target A | PredXYZ [-0.089 -0.083  0.822] | TrueXYZ [-0.094 -0.078  0.822] | EEF [-0.104 -0.085  0.851] | ObjZ 0.822 | Up 1.00 | Hold 0/0 | Age 0 (1) | Resets 0 | Shield 0
Ep 40 | Step 60/200 | XYZ [ 0.03   0.023 -0.052] | RPY [-0.001  0.003 -0.   ] | Grip 1 (0.91) | Phase 2->2 | Ground 0.3cm | Target A | PredXYZ [-0.094 -0.082  0.822] | TrueXYZ [-0.094 -0.078  0.822] | EEF [-0.097 -0.084  0.818] | ObjZ 0.822 | Up 1.00 | Hold 0/0 | Age 0 (1) | Resets 0 | Shield 0
Ep 40 | Step 75/200 | XYZ [0.011 0.005 0.588] | RPY [0.007 0.03  0.002] | Grip 1 (1.00) | Phase 3->3 | Ground 0.9cm | Target A | PredXYZ [-0.097 -0.076  0.869] | TrueXYZ [-0.103 -0.074  0.868] | EEF [-0.105 -0.075  0.862] | ObjZ 0.868 | Up 1.00 | Hold 5/0 | Age 0 (1) | Resets 4 | Shield 0
Ep 40 | Step 80/200 | XYZ [0.014 0.007 0.465] | RPY [0.008 0.016 0.003] | Grip 1 (1.00) | Phase 3->3 | Ground 1.7cm | Target A | PredXYZ [-0.109 -0.085  0.901] | TrueXYZ [-0.105 -0.07   0.898] | EEF [-0.107 -0.071  0.892] | ObjZ 0.898 | Up 1.00 | Hold 10/4 | Age 0 (1) | Resets 7 | Shield 0
Ep 40 | Step 81/200 | XYZ [0.014 0.007 0.441] | RPY [0.007 0.013 0.003] | Grip 1 (1.00) | Phase 3->3 | Ground 2.1cm | Target A | PredXYZ [-0.104 -0.087  0.911] | TrueXYZ [-0.105 -0.069  0.903] | EEF [-0.107 -0.07   0.897] | ObjZ 0.903 | Up 1.00 | Hold 11/5 | Age 0 (1) | Resets 8 | Shield 0
Episode 40: Clean Success | failure=success | termination=success
Episode 41/120: Pick up the blue ball | ensemble=temporal
Ep 41 | Step 1/200 | XYZ [-0.183 -0.253 -0.503] | RPY [ 0.002 -0.003 -0.003] | Grip -1 (0.00) | Phase 0->0 | Ground 1.3cm | Target B | PredXYZ [-0.125 -0.045  0.828] | TrueXYZ [-0.115 -0.036  0.826] | EEF [-0.088  0.004  1.028] | ObjZ 0.826 | Up 1.00 | Hold 0/0 | Age 0 (1) | Resets 0 | Shield 0
Ep 41 | Step 20/200 | XYZ [-0.104 -0.08  -0.157] | RPY [0.001 0.003 0.004] | Grip -1 (0.00) | Phase 0->0 | Ground 1.9cm | Target B | PredXYZ [-0.125 -0.053  0.827] | TrueXYZ [-0.115 -0.036  0.826] | EEF [-0.115 -0.026  0.963] | ObjZ 0.826 | Up 1.00 | Hold 0/0 | Age 3 (4) | Resets 0 | Shield 0
Ep 41 | Step 40/200 | XYZ [ 0.042  0.027 -0.317] | RPY [-0.006  0.021 -0.009] | Grip -1 (0.00) | Phase 1->1 | Ground 0.9cm | Target B | PredXYZ [-0.113 -0.043  0.832] | TrueXYZ [-0.115 -0.036  0.826] | EEF [-0.128 -0.046  0.861] | ObjZ 0.826 | Up 1.00 | Hold 0/0 | Age 0 (1) | Resets 0 | Shield 0
Ep 41 | Step 60/200 | XYZ [ 0.035  0.029 -0.059] | RPY [-0.001  0.005 -0.002] | Grip -1 (0.01) | Phase 1->1 | Ground 0.6cm | Target B | PredXYZ [-0.116 -0.042  0.828] | TrueXYZ [-0.115 -0.036  0.826] | EEF [-0.125 -0.042  0.823] | ObjZ 0.826 | Up 1.00 | Hold 0/0 | Age 0 (1) | Resets 6 | Shield 0
Ep 41 | Step 77/200 | XYZ [0.014 0.004 0.565] | RPY [ 0.004  0.033 -0.   ] | Grip 1 (1.00) | Phase 3->3 | Ground 1.0cm | Target B | PredXYZ [-0.115 -0.033  0.871] | TrueXYZ [-0.125 -0.034  0.873] | EEF [-0.133 -0.036  0.865] | ObjZ 0.873 | Up 1.00 | Hold 5/0 | Age 0 (1) | Resets 10 | Shield 0
Ep 41 | Step 80/200 | XYZ [0.015 0.006 0.492] | RPY [0.003 0.023 0.   ] | Grip 1 (1.00) | Phase 3->3 | Ground 1.4cm | Target B | PredXYZ [-0.127 -0.024  0.896] | TrueXYZ [-0.126 -0.032  0.891] | EEF [-0.134 -0.035  0.883] | ObjZ 0.891 | Up 1.00 | Hold 8/2 | Age 0 (1) | Resets 12 | Shield 0
Ep 41 | Step 83/200 | XYZ [0.014 0.006 0.427] | RPY [0.003 0.013 0.001] | Grip 1 (1.00) | Phase 3->3 | Ground 1.3cm | Target B | PredXYZ [-0.137 -0.03   0.909] | TrueXYZ [-0.126 -0.031  0.907] | EEF [-0.135 -0.034  0.9  ] | ObjZ 0.907 | Up 1.00 | Hold 11/5 | Age 0 (1) | Resets 15 | Shield 0
Episode 41: Clean Success | failure=success | termination=success
Scene rejected for ('push', 'B'): Target is too close to the robot reference ray
Episode 42/120: Push the blue ball away from the robot | ensemble=temporal
Ep 42 | Step 1/200 | XYZ [ 0.618  0.457 -0.436] | RPY [-0.002 -0.001  0.9  ] | Grip 1 (1.00) | Phase 5->5 | Ground 0.4cm | Target B | PredXYZ [0.046 0.122 0.828] | TrueXYZ [0.048 0.118 0.826] | EEF [-0.118  0.003  0.992] | ObjZ 0.826 | Up 1.00 | Hold 0/0 | Age 0 (1) | Resets 0 | Shield 0
Ep 42 | Step 20/200 | XYZ [ 0.152  0.101 -0.084] | RPY [-0.007 -0.006  0.012] | Grip 1 (1.00) | Phase 5->5 | Ground 0.6cm | Target B | PredXYZ [0.047 0.124 0.826] | TrueXYZ [0.048 0.118 0.826] | EEF [-0.038  0.05   0.937] | ObjZ 0.826 | Up 1.00 | Hold 0/0 | Age 3 (4) | Resets 0 | Shield 0
Ep 42 | Step 40/200 | XYZ [ 0.015  0.026 -0.288] | RPY [-0.001  0.002 -0.001] | Grip 1 (1.00) | Phase 6->6 | Ground 0.3cm | Target B | PredXYZ [0.048 0.121 0.826] | TrueXYZ [0.048 0.118 0.826] | EEF [-0.021  0.062  0.863] | ObjZ 0.826 | Up 1.00 | Hold 0/0 | Age 0 (1) | Resets 0 | Shield 0
Ep 42 | Step 60/200 | XYZ [ 0.9    0.794 -0.038] | RPY [-0.014  0.024 -0.006] | Grip 1 (1.00) | Phase 7->7 | Ground 0.9cm | Target B | PredXYZ [0.04  0.118 0.826] | TrueXYZ [0.048 0.118 0.826] | EEF [-0.009  0.073  0.826] | ObjZ 0.826 | Up 1.00 | Hold 0/0 | Age 0 (1) | Resets 0 | Shield 0
Ep 42 | Step 74/200 | XYZ [-0.086 -0.077  0.006] | RPY [ 0.02  -0.043  0.002] | Grip 1 (1.00) | Phase 8->8 | Ground 0.8cm | Target B | PredXYZ [0.102 0.164 0.826] | TrueXYZ [0.111 0.162 0.826] | EEF [0.081 0.143 0.827] | ObjZ 0.826 | Up 1.00 | Hold 5/5 | Age 3 (4) | Resets 3 | Shield 1
Episode 42: Clean Success | failure=success | termination=success
Episode 43/120: Pick up the blue ball | ensemble=temporal
Ep 43 | Step 1/200 | XYZ [ 0.585  0.512 -0.419] | RPY [ 0.001 -0.     0.003] | Grip -1 (0.00) | Phase 0->0 | Ground 1.0cm | Target B | PredXYZ [0.003 0.082 0.828] | TrueXYZ [0.012 0.079 0.826] | EEF [-0.089 -0.002  1.013] | ObjZ 0.826 | Up 1.00 | Hold 0/0 | Age 0 (1) | Resets 0 | Shield 0
Ep 43 | Step 20/200 | XYZ [ 0.126  0.116 -0.071] | RPY [0.003 0.002 0.005] | Grip -1 (0.00) | Phase 0->0 | Ground 1.0cm | Target B | PredXYZ [0.005 0.086 0.826] | TrueXYZ [0.012 0.079 0.826] | EEF [-0.024  0.061  0.958] | ObjZ 0.826 | Up 1.00 | Hold 0/0 | Age 3 (4) | Resets 0 | Shield 0
Ep 43 | Step 40/200 | XYZ [ 0.026  0.026 -0.348] | RPY [ 0.     0.003 -0.001] | Grip -1 (0.00) | Phase 1->1 | Ground 1.5cm | Target B | PredXYZ [-0.001  0.086  0.826] | TrueXYZ [0.012 0.079 0.826] | EEF [-0.009  0.074  0.864] | ObjZ 0.826 | Up 1.00 | Hold 0/0 | Age 0 (1) | Resets 0 | Shield 0
Ep 43 | Step 60/200 | XYZ [ 0.038  0.002 -0.083] | RPY [0.    0.003 0.002] | Grip -1 (0.00) | Phase 1->1 | Ground 1.2cm | Target B | PredXYZ [0.003 0.087 0.825] | TrueXYZ [0.012 0.079 0.826] | EEF [-0.006  0.081  0.819] | ObjZ 0.826 | Up 1.00 | Hold 0/0 | Age 0 (1) | Resets 0 | Shield 0
Ep 43 | Step 78/200 | XYZ [0.013 0.002 0.578] | RPY [-0.002  0.016 -0.002] | Grip 1 (1.00) | Phase 3->3 | Ground 1.5cm | Target B | PredXYZ [0.008 0.092 0.861] | TrueXYZ [0.012 0.079 0.87 ] | EEF [-0.002  0.082  0.862] | ObjZ 0.870 | Up 1.00 | Hold 5/0 | Age 0 (1) | Resets 2 | Shield 0
Ep 43 | Step 80/200 | XYZ [0.012 0.002 0.528] | RPY [-0.002  0.012 -0.002] | Grip 1 (1.00) | Phase 3->3 | Ground 1.5cm | Target B | PredXYZ [0.006 0.09  0.869] | TrueXYZ [0.012 0.079 0.883] | EEF [-0.003  0.082  0.875] | ObjZ 0.883 | Up 1.00 | Hold 7/1 | Age 0 (1) | Resets 2 | Shield 0
Ep 43 | Step 84/200 | XYZ [0.01  0.001 0.43 ] | RPY [-0.001  0.006 -0.002] | Grip 1 (1.00) | Phase 3->3 | Ground 1.5cm | Target B | PredXYZ [0.007 0.094 0.9  ] | TrueXYZ [0.012 0.079 0.905] | EEF [-0.003  0.082  0.897] | ObjZ 0.905 | Up 1.00 | Hold 11/5 | Age 0 (1) | Resets 3 | Shield 0
Episode 43: Clean Success | failure=success | termination=success
Episode 44/120: Pick up the blue ball | ensemble=temporal
Ep 44 | Step 1/200 | XYZ [ 0.42  -0.433 -0.366] | RPY [ 0. -0.  0.] | Grip -1 (0.00) | Phase 0->0 | Ground 0.9cm | Target B | PredXYZ [-0.034 -0.068  0.828] | TrueXYZ [-0.036 -0.076  0.826] | EEF [-0.099  0.01   1.003] | ObjZ 0.826 | Up 1.00 | Hold 0/0 | Age 0 (1) | Resets 0 | Shield 0
Ep 44 | Step 20/200 | XYZ [ 0.101 -0.103 -0.072] | RPY [-0.003  0.003 -0.004] | Grip -1 (0.00) | Phase 0->0 | Ground 0.5cm | Target B | PredXYZ [-0.034 -0.071  0.826] | TrueXYZ [-0.036 -0.076  0.826] | EEF [-0.052 -0.047  0.956] | ObjZ 0.826 | Up 1.00 | Hold 0/0 | Age 3 (4) | Resets 0 | Shield 0
Ep 44 | Step 40/200 | XYZ [ 0.022 -0.01  -0.275] | RPY [-0.     0.006  0.   ] | Grip -1 (0.00) | Phase 1->1 | Ground 1.1cm | Target B | PredXYZ [-0.037 -0.065  0.826] | TrueXYZ [-0.036 -0.076  0.826] | EEF [-0.04  -0.057  0.859] | ObjZ 0.826 | Up 1.00 | Hold 0/0 | Age 0 (1) | Resets 0 | Shield 0
Ep 44 | Step 60/200 | XYZ [ 0.014  0.008 -0.07 ] | RPY [-0.001 -0.    -0.001] | Grip 1 (1.00) | Phase 2->2 | Ground 0.9cm | Target B | PredXYZ [-0.024 -0.088  0.826] | TrueXYZ [-0.033 -0.089  0.825] | EEF [-0.028 -0.076  0.836] | ObjZ 0.825 | Up 1.00 | Hold 0/0 | Age 0 (1) | Resets 0 | Shield 0
Ep 44 | Step 73/200 | XYZ [0.008 0.001 0.513] | RPY [ 0.     0.013 -0.002] | Grip 1 (1.00) | Phase 3->3 | Ground 2.6cm | Target B | PredXYZ [-0.02  -0.087  0.884] | TrueXYZ [-0.036 -0.089  0.869] | EEF [-0.027 -0.086  0.881] | ObjZ 0.869 | Up 1.00 | Hold 5/0 | Age 0 (1) | Resets 4 | Shield 0
Ep 44 | Step 79/200 | XYZ [0.008 0.003 0.368] | RPY [ 0.     0.003 -0.002] | Grip 1 (1.00) | Phase 3->3 | Ground 1.9cm | Target B | PredXYZ [-0.026 -0.086  0.912] | TrueXYZ [-0.037 -0.089  0.9  ] | EEF [-0.028 -0.086  0.912] | ObjZ 0.900 | Up 1.00 | Hold 11/5 | Age 0 (1) | Resets 5 | Shield 0
Episode 44: Clean Success | failure=success | termination=success
Scene rejected for ('pick', 'A'): Pick target lacks bilateral gripper clearance
Episode 45/120: Pick up the red cube | ensemble=temporal
Ep 45 | Step 1/200 | XYZ [ 0.454 -0.565 -0.422] | RPY [ 0.002 -0.    -0.831] | Grip -1 (0.00) | Phase 0->0 | Ground 0.4cm | Target A | PredXYZ [-0.034 -0.078  0.825] | TrueXYZ [-0.038 -0.078  0.821] | EEF [-0.102  0.014  1.006] | ObjZ 0.821 | Up 1.00 | Hold 0/0 | Age 0 (1) | Resets 0 | Shield 0
Ep 45 | Step 20/200 | XYZ [ 0.088 -0.127 -0.075] | RPY [0.005 0.    0.004] | Grip -1 (0.00) | Phase 0->0 | Ground 0.5cm | Target A | PredXYZ [-0.038 -0.084  0.822] | TrueXYZ [-0.038 -0.078  0.822] | EEF [-0.053 -0.044  0.953] | ObjZ 0.822 | Up 1.00 | Hold 0/0 | Age 3 (4) | Resets 0 | Shield 0
Ep 45 | Step 40/200 | XYZ [ 0.01  -0.038 -0.373] | RPY [ 0.002 -0.001  0.004] | Grip -1 (0.00) | Phase 1->1 | Ground 1.4cm | Target A | PredXYZ [-0.031 -0.09   0.822] | TrueXYZ [-0.038 -0.078  0.822] | EEF [-0.041 -0.058  0.867] | ObjZ 0.822 | Up 1.00 | Hold 0/0 | Age 0 (1) | Resets 0 | Shield 0
Ep 45 | Step 60/200 | XYZ [ 0.023 -0.002 -0.082] | RPY [-0.     0.003  0.   ] | Grip -1 (0.00) | Phase 1->1 | Ground 1.5cm | Target A | PredXYZ [-0.024 -0.082  0.827] | TrueXYZ [-0.038 -0.078  0.822] | EEF [-0.041 -0.062  0.819] | ObjZ 0.822 | Up 1.00 | Hold 0/0 | Age 0 (1) | Resets 3 | Shield 0
Ep 45 | Step 80/200 | XYZ [ 0.011 -0.003  0.654] | RPY [-0.     0.017 -0.002] | Grip 1 (1.00) | Phase 3->3 | Ground 0.7cm | Target A | PredXYZ [-0.035 -0.076  0.849] | TrueXYZ [-0.042 -0.079  0.855] | EEF [-0.046 -0.068  0.846] | ObjZ 0.855 | Up 1.00 | Hold 2/0 | Age 0 (1) | Resets 5 | Shield 0
Ep 45 | Step 83/200 | XYZ [ 0.011 -0.003  0.565] | RPY [-0.001  0.016 -0.002] | Grip 1 (1.00) | Phase 3->3 | Ground 1.2cm | Target A | PredXYZ [-0.031 -0.079  0.868] | TrueXYZ [-0.044 -0.08   0.876] | EEF [-0.048 -0.069  0.867] | ObjZ 0.876 | Up 1.00 | Hold 5/0 | Age 0 (1) | Resets 5 | Shield 0
Ep 45 | Step 88/200 | XYZ [ 0.009 -0.002  0.436] | RPY [-0.001  0.007 -0.003] | Grip 1 (1.00) | Phase 3->3 | Ground 1.6cm | Target A | PredXYZ [-0.031 -0.077  0.904] | TrueXYZ [-0.045 -0.081  0.905] | EEF [-0.049 -0.071  0.896] | ObjZ 0.905 | Up 1.00 | Hold 10/5 | Age 0 (1) | Resets 8 | Shield 0
Episode 45: Clean Success | failure=success | termination=success
Episode 46/120: Pick up the green cylinder | ensemble=temporal
Ep 46 | Step 1/200 | XYZ [ 0.068 -0.655 -0.426] | RPY [ 0.002 -0.001  0.003] | Grip -1 (0.00) | Phase 0->0 | Ground 1.4cm | Target C | PredXYZ [-0.093 -0.095  0.824] | TrueXYZ [-0.079 -0.093  0.822] | EEF [-0.103  0.02   1.01 ] | ObjZ 0.822 | Up 1.00 | Hold 0/0 | Age 0 (1) | Resets 0 | Shield 0
Ep 46 | Step 20/200 | XYZ [ 0.036 -0.169 -0.089] | RPY [-0.002  0.009 -0.004] | Grip -1 (0.00) | Phase 0->0 | Ground 0.6cm | Target C | PredXYZ [-0.083 -0.097  0.822] | TrueXYZ [-0.079 -0.093  0.822] | EEF [-0.098 -0.063  0.954] | ObjZ 0.822 | Up 1.00 | Hold 0/0 | Age 3 (4) | Resets 0 | Shield 0
Ep 46 | Step 40/200 | XYZ [ 0.025 -0.017 -0.329] | RPY [-0.002  0.009 -0.004] | Grip -1 (0.00) | Phase 1->1 | Ground 0.3cm | Target C | PredXYZ [-0.082 -0.092  0.822] | TrueXYZ [-0.079 -0.093  0.822] | EEF [-0.094 -0.086  0.859] | ObjZ 0.822 | Up 1.00 | Hold 0/0 | Age 0 (1) | Resets 0 | Shield 0
Ep 46 | Step 60/200 | XYZ [ 0.043  0.024 -0.064] | RPY [-0.003  0.004 -0.004] | Grip -1 (0.01) | Phase 1->1 | Ground 0.8cm | Target C | PredXYZ [-0.086 -0.089  0.822] | TrueXYZ [-0.079 -0.093  0.822] | EEF [-0.095 -0.094  0.815] | ObjZ 0.822 | Up 1.00 | Hold 0/0 | Age 0 (1) | Resets 0 | Shield 0
Ep 46 | Step 76/200 | XYZ [0.019 0.002 0.568] | RPY [0.007 0.024 0.002] | Grip 1 (1.00) | Phase 3->3 | Ground 3.8cm | Target C | PredXYZ [-0.12  -0.092  0.854] | TrueXYZ [-0.085 -0.087  0.874] | EEF [-0.098 -0.089  0.866] | ObjZ 0.874 | Up 1.00 | Hold 5/0 | Age 0 (1) | Resets 2 | Shield 0
Ep 46 | Step 80/200 | XYZ [0.018 0.004 0.462] | RPY [0.006 0.012 0.001] | Grip 1 (1.00) | Phase 3->3 | Ground 2.5cm | Target C | PredXYZ [-0.108 -0.095  0.891] | TrueXYZ [-0.086 -0.085  0.898] | EEF [-0.099 -0.087  0.89 ] | ObjZ 0.898 | Up 1.00 | Hold 9/4 | Age 0 (1) | Resets 3 | Shield 0
Ep 46 | Step 81/200 | XYZ [0.017 0.003 0.441] | RPY [0.005 0.009 0.001] | Grip 1 (1.00) | Phase 3->3 | Ground 3.1cm | Target C | PredXYZ [-0.114 -0.094  0.89 ] | TrueXYZ [-0.085 -0.085  0.903] | EEF [-0.099 -0.087  0.896] | ObjZ 0.903 | Up 1.00 | Hold 10/5 | Age 0 (1) | Resets 3 | Shield 0
Episode 46: Clean Success | failure=success | termination=success
Episode 47/120: Pick up the red cube | ensemble=temporal
Ep 47 | Step 1/200 | XYZ [ 0.9    0.532 -0.42 ] | RPY [-0.003  0.001  0.9  ] | Grip -1 (0.00) | Phase 0->0 | Ground 0.2cm | Target A | PredXYZ [0.083 0.11  0.824] | TrueXYZ [0.082 0.109 0.821] | EEF [-0.105  0.026  1.008] | ObjZ 0.821 | Up 1.00 | Hold 0/0 | Age 0 (1) | Resets 0 | Shield 0
Ep 47 | Step 20/200 | XYZ [ 0.28   0.147 -0.074] | RPY [-0.005 -0.01   0.005] | Grip -1 (0.00) | Phase 0->0 | Ground 0.5cm | Target A | PredXYZ [0.084 0.113 0.822] | TrueXYZ [0.082 0.109 0.822] | EEF [0.03  0.096 0.955] | ObjZ 0.822 | Up 1.00 | Hold 0/0 | Age 3 (4) | Resets 0 | Shield 0
Ep 47 | Step 40/200 | XYZ [ 0.041  0.037 -0.546] | RPY [-0.002 -0.005 -0.003] | Grip -1 (0.00) | Phase 1->1 | Ground 0.4cm | Target A | PredXYZ [0.086 0.108 0.822] | TrueXYZ [0.082 0.109 0.822] | EEF [0.064 0.115 0.895] | ObjZ 0.822 | Up 1.00 | Hold 0/0 | Age 0 (1) | Resets 0 | Shield 0
Ep 47 | Step 60/200 | XYZ [ 0.01   0.008 -0.122] | RPY [-0.    -0.001  0.001] | Grip -1 (0.00) | Phase 1->1 | Ground 1.0cm | Target A | PredXYZ [0.079 0.118 0.822] | TrueXYZ [0.082 0.109 0.822] | EEF [0.068 0.119 0.826] | ObjZ 0.822 | Up 1.00 | Hold 0/0 | Age 0 (1) | Resets 0 | Shield 0
Ep 47 | Step 80/200 | XYZ [0.005 0.004 0.667] | RPY [ 0.002 -0.004 -0.003] | Grip 1 (1.00) | Phase 3->3 | Ground 1.5cm | Target A | PredXYZ [0.078 0.125 0.828] | TrueXYZ [0.078 0.117 0.849] | EEF [0.074 0.115 0.844] | ObjZ 0.849 | Up 1.00 | Hold 2/0 | Age 0 (1) | Resets 0 | Shield 0
Ep 47 | Step 83/200 | XYZ [0.006 0.005 0.579] | RPY [ 0.002 -0.001 -0.002] | Grip 1 (1.00) | Phase 3->3 | Ground 1.2cm | Target A | PredXYZ [0.082 0.128 0.861] | TrueXYZ [0.078 0.118 0.871] | EEF [0.073 0.115 0.866] | ObjZ 0.871 | Up 1.00 | Hold 5/0 | Age 0 (1) | Resets 1 | Shield 0
Ep 47 | Step 89/200 | XYZ [0.004 0.006 0.428] | RPY [ 0.002  0.005 -0.001] | Grip 1 (1.00) | Phase 3->3 | Ground 1.4cm | Target A | PredXYZ [0.076 0.132 0.9  ] | TrueXYZ [0.076 0.118 0.906] | EEF [0.071 0.116 0.901] | ObjZ 0.906 | Up 1.00 | Hold 11/5 | Age 0 (1) | Resets 3 | Shield 0
Episode 47: Clean Success | failure=success | termination=success
Scene rejected for ('push', 'A'): Deterministic push path is blocked by a distractor
Scene rejected for ('push', 'A'): Target is too close to the robot reference ray
Episode 48/120: Push the red cube away from the robot | ensemble=temporal
Ep 48 | Step 1/200 | XYZ [ 0.607  0.424 -0.482] | RPY [-0.003 -0.     0.9  ] | Grip 1 (1.00) | Phase 5->5 | Ground 0.8cm | Target A | PredXYZ [0.067 0.135 0.824] | TrueXYZ [0.069 0.128 0.821] | EEF [-0.106  0.016  0.996] | ObjZ 0.821 | Up 1.00 | Hold 0/0 | Age 0 (1) | Resets 0 | Shield 0
Ep 48 | Step 20/200 | XYZ [ 0.159  0.116 -0.095] | RPY [-0.009 -0.005  0.002] | Grip 1 (1.00) | Phase 5->5 | Ground 0.7cm | Target A | PredXYZ [0.063 0.131 0.822] | TrueXYZ [0.069 0.128 0.822] | EEF [-0.029  0.062  0.934] | ObjZ 0.822 | Up 1.00 | Hold 0/0 | Age 3 (4) | Resets 0 | Shield 0
Ep 48 | Step 40/200 | XYZ [ 0.021  0.034 -0.335] | RPY [-0.002 -0.001 -0.003] | Grip 1 (1.00) | Phase 6->6 | Ground 0.1cm | Target A | PredXYZ [0.07  0.128 0.821] | TrueXYZ [0.069 0.128 0.822] | EEF [-0.009  0.075  0.863] | ObjZ 0.822 | Up 1.00 | Hold 0/0 | Age 0 (1) | Resets 0 | Shield 0
Ep 48 | Step 60/200 | XYZ [ 0.4    0.307 -0.043] | RPY [ 0.001 -0.001 -0.002] | Grip 1 (1.00) | Phase 7->7 | Ground 0.6cm | Target A | PredXYZ [0.066 0.132 0.821] | TrueXYZ [0.069 0.128 0.822] | EEF [-0.006  0.081  0.823] | ObjZ 0.822 | Up 1.00 | Hold 0/0 | Age 0 (1) | Resets 0 | Shield 0
Ep 48 | Step 80/200 | XYZ [0.309 0.205 0.   ] | RPY [ 0.002 -0.007 -0.002] | Grip 1 (1.00) | Phase 7->7 | Ground 1.0cm | Target A | PredXYZ [0.119 0.166 0.822] | TrueXYZ [0.126 0.159 0.822] | EEF [0.097 0.147 0.817] | ObjZ 0.822 | Up 1.00 | Hold 0/0 | Age 0 (1) | Resets 0 | Shield 13
Ep 48 | Step 85/200 | XYZ [-0.045 -0.032  0.006] | RPY [ 0.01  -0.025 -0.003] | Grip 1 (1.00) | Phase 8->8 | Ground 0.9cm | Target A | PredXYZ [0.136 0.172 0.822] | TrueXYZ [0.134 0.164 0.822] | EEF [0.105 0.151 0.821] | ObjZ 0.822 | Up 1.00 | Hold 5/5 | Age 3 (4) | Resets 0 | Shield 15
Episode 48: Clean Success | failure=success | termination=success
Scene rejected for ('pick', 'A'): Pick target lacks bilateral gripper clearance
Episode 49/120: Pick up the red cube | ensemble=temporal
Ep 49 | Step 1/200 | XYZ [-0.057  0.661 -0.439] | RPY [ 0.    -0.001 -0.159] | Grip -1 (0.00) | Phase 0->0 | Ground 1.2cm | Target A | PredXYZ [-0.112  0.103  0.824] | TrueXYZ [-0.105  0.093  0.821] | EEF [-0.099 -0.009  1.008] | ObjZ 0.821 | Up 1.00 | Hold 0/0 | Age 0 (1) | Resets 0 | Shield 0
Ep 49 | Step 20/200 | XYZ [-0.004  0.148 -0.094] | RPY [0.002 0.01  0.005] | Grip -1 (0.00) | Phase 0->0 | Ground 1.1cm | Target A | PredXYZ [-0.114  0.1    0.822] | TrueXYZ [-0.105  0.093  0.822] | EEF [-0.113  0.072  0.953] | ObjZ 0.822 | Up 1.00 | Hold 0/0 | Age 3 (4) | Resets 0 | Shield 0
Ep 49 | Step 40/200 | XYZ [ 0.046 -0.009 -0.26 ] | RPY [0.009 0.026 0.015] | Grip -1 (0.00) | Phase 1->1 | Ground 1.5cm | Target A | PredXYZ [-0.117  0.102  0.821] | TrueXYZ [-0.105  0.093  0.822] | EEF [-0.124  0.097  0.848] | ObjZ 0.822 | Up 1.00 | Hold 0/0 | Age 0 (1) | Resets 0 | Shield 0
Ep 49 | Step 60/200 | XYZ [ 0.048 -0.028 -0.054] | RPY [0.001 0.006 0.005] | Grip -1 (0.01) | Phase 1->1 | Ground 1.1cm | Target A | PredXYZ [-0.113  0.1    0.821] | TrueXYZ [-0.105  0.093  0.822] | EEF [-0.12   0.1    0.815] | ObjZ 0.822 | Up 1.00 | Hold 0/0 | Age 0 (1) | Resets 0 | Shield 0
Ep 49 | Step 80/200 | XYZ [ 0.018 -0.003  0.62 ] | RPY [-0.008  0.033 -0.003] | Grip 1 (1.00) | Phase 3->3 | Ground 2.2cm | Target A | PredXYZ [-0.13   0.098  0.845] | TrueXYZ [-0.113  0.09   0.863] | EEF [-0.127  0.095  0.852] | ObjZ 0.863 | Up 1.00 | Hold 4/0 | Age 0 (1) | Resets 1 | Shield 0
Ep 49 | Step 81/200 | XYZ [ 0.019 -0.003  0.591] | RPY [-0.009  0.031 -0.004] | Grip 1 (1.00) | Phase 3->3 | Ground 1.7cm | Target A | PredXYZ [-0.128  0.094  0.856] | TrueXYZ [-0.113  0.089  0.869] | EEF [-0.127  0.094  0.859] | ObjZ 0.869 | Up 1.00 | Hold 5/0 | Age 0 (1) | Resets 2 | Shield 0
Ep 49 | Step 87/200 | XYZ [ 0.018 -0.002  0.43 ] | RPY [-0.007  0.011 -0.006] | Grip 1 (1.00) | Phase 3->3 | Ground 2.6cm | Target A | PredXYZ [-0.134  0.102  0.899] | TrueXYZ [-0.115  0.084  0.904] | EEF [-0.129  0.089  0.894] | ObjZ 0.904 | Up 1.00 | Hold 11/5 | Age 0 (1) | Resets 5 | Shield 0
Episode 49: Clean Success | failure=success | termination=success
Scene rejected for ('push', 'A'): Deterministic push path is blocked by a distractor
Scene rejected for ('push', 'A'): Deterministic push path is blocked by a distractor
Scene rejected for ('push', 'A'): Deterministic push path is blocked by a distractor
Scene rejected for ('push', 'A'): Deterministic push path is blocked by a distractor
Scene rejected for ('push', 'A'): Target is too close to the robot reference ray
Episode 50/120: Push the red cube away from the robot | ensemble=temporal
Ep 50 | Step 1/200 | XYZ [ 0.064 -0.181 -0.486] | RPY [-0.002  0.002 -0.9  ] | Grip 1 (1.00) | Phase 5->5 | Ground 1.3cm | Target A | PredXYZ [-0.083 -0.1    0.824] | TrueXYZ [-0.071 -0.093  0.821] | EEF [-0.117  0.003  0.998] | ObjZ 0.821 | Up 1.00 | Hold 0/0 | Age 0 (1) | Resets 0 | Shield 0
Ep 50 | Step 20/200 | XYZ [ 0.032  0.054 -0.084] | RPY [ 0.019 -0.005 -0.411] | Grip 1 (1.00) | Phase 5->5 | Ground 1.3cm | Target A | PredXYZ [-0.082 -0.101  0.822] | TrueXYZ [-0.071 -0.093  0.822] | EEF [-0.118 -0.021  0.937] | ObjZ 0.822 | Up 1.00 | Hold 0/0 | Age 3 (4) | Resets 0 | Shield 0
Ep 50 | Step 40/200 | XYZ [ 0.016 -0.036 -0.176] | RPY [0.001 0.007 0.003] | Grip 1 (1.00) | Phase 6->6 | Ground 1.5cm | Target A | PredXYZ [-0.083 -0.102  0.822] | TrueXYZ [-0.071 -0.093  0.822] | EEF [-0.113 -0.008  0.839] | ObjZ 0.822 | Up 1.00 | Hold 0/0 | Age 0 (1) | Resets 0 | Shield 0
Ep 50 | Step 60/200 | XYZ [ 0.059 -0.576 -0.018] | RPY [ 0.012 -0.012  0.015] | Grip 1 (1.00) | Phase 7->7 | Ground 2.0cm | Target A | PredXYZ [-0.086 -0.11   0.822] | TrueXYZ [-0.065 -0.107  0.822] | EEF [-0.097 -0.077  0.824] | ObjZ 0.822 | Up 1.00 | Hold 0/0 | Age 0 (1) | Resets 0 | Shield 0
Ep 50 | Step 80/200 | XYZ [-0.09  0.32  0.04] | RPY [-0.012  0.017 -0.019] | Grip 1 (1.00) | Phase 7->7 | Ground 1.6cm | Target A | PredXYZ [-0.067 -0.159  0.822] | TrueXYZ [-0.053 -0.151  0.822] | EEF [-0.102 -0.125  0.822] | ObjZ 0.822 | Up 1.00 | Hold 0/0 | Age 0 (1) | Resets 3 | Shield 0
Ep 50 | Step 100/200 | XYZ [-0.056  0.575 -0.006] | RPY [-0.01   0.019 -0.025] | Grip 1 (1.00) | Phase 7->7 | Ground 1.0cm | Target A | PredXYZ [-0.044 -0.147  0.822] | TrueXYZ [-0.053 -0.151  0.822] | EEF [-0.144 -0.01   0.821] | ObjZ 0.822 | Up 1.00 | Hold 0/0 | Age 0 (1) | Resets 3 | Shield 0
Ep 50 | Step 120/200 | XYZ [-0.012  0.449 -0.026] | RPY [-0.002  0.018 -0.022] | Grip 1 (1.00) | Phase 7->7 | Ground 2.4cm | Target A | PredXYZ [-0.068 -0.132  0.823] | TrueXYZ [-0.053 -0.151  0.822] | EEF [-0.163  0.112  0.82 ] | ObjZ 0.822 | Up 1.00 | Hold 0/0 | Age 0 (1) | Resets 3 | Shield 11
Ep 50 | Step 140/200 | XYZ [-0.102 -0.821  0.025] | RPY [ 0.027 -0.008  0.033] | Grip 1 (1.00) | Phase 7->7 | Ground 2.4cm | Target A | PredXYZ [-0.066 -0.131  0.823] | TrueXYZ [-0.053 -0.151  0.822] | EEF [-0.149  0.104  0.83 ] | ObjZ 0.822 | Up 1.00 | Hold 0/0 | Age 0 (1) | Resets 3 | Shield 11
Ep 50 | Step 160/200 | XYZ [-0.085 -0.646  0.021] | RPY [0.011 0.001 0.01 ] | Grip 1 (1.00) | Phase 7->7 | Ground 0.5cm | Target A | PredXYZ [-0.056 -0.147  0.822] | TrueXYZ [-0.053 -0.151  0.822] | EEF [-0.17  -0.048  0.843] | ObjZ 0.822 | Up 1.00 | Hold 0/0 | Age 0 (1) | Resets 3 | Shield 11
Ep 50 | Step 180/200 | XYZ [-0.113 -0.534 -0.04 ] | RPY [ 0.006 -0.003 -0.04 ] | Grip 1 (1.00) | Phase 7->7 | Ground 2.2cm | Target A | PredXYZ [-0.075 -0.152  0.823] | TrueXYZ [-0.053 -0.151  0.822] | EEF [-0.196 -0.192  0.84 ] | ObjZ 0.822 | Up 1.00 | Hold 0/0 | Age 0 (1) | Resets 3 | Shield 11
Ep 50 | Step 200/200 | XYZ [0.061 0.788 0.036] | RPY [-0.014  0.014 -0.083] | Grip 1 (1.00) | Phase 7->7 | Ground 0.7cm | Target A | PredXYZ [-0.06  -0.153  0.823] | TrueXYZ [-0.053 -0.151  0.822] | EEF [-0.232 -0.25   0.829] | ObjZ 0.822 | Up 1.00 | Hold 0/0 | Age 0 (1) | Resets 3 | Shield 11
Episode 50: Fail | failure=wrong_object_contact | termination=horizon
Episode 51/120: Push the green cylinder away from the robot | ensemble=temporal
Ep 51 | Step 1/200 | XYZ [-0.016  0.105 -0.445] | RPY [-0.002  0.002 -0.858] | Grip 1 (1.00) | Phase 5->5 | Ground 0.9cm | Target C | PredXYZ [-0.122 -0.077  0.824] | TrueXYZ [-0.113 -0.076  0.822] | EEF [-0.113 -0.009  0.989] | ObjZ 0.822 | Up 1.00 | Hold 0/0 | Age 0 (1) | Resets 0 | Shield 0
Ep 51 | Step 20/200 | XYZ [ 0.019  0.097 -0.106] | RPY [ 0.017 -0.012 -0.742] | Grip 1 (1.00) | Phase 5->5 | Ground 0.8cm | Target C | PredXYZ [-0.121 -0.077  0.822] | TrueXYZ [-0.113 -0.076  0.822] | EEF [-0.12  -0.016  0.928] | ObjZ 0.822 | Up 1.00 | Hold 0/0 | Age 3 (4) | Resets 0 | Shield 0
Ep 51 | Step 40/200 | XYZ [ 0.013 -0.032 -0.199] | RPY [0.002 0.007 0.003] | Grip 1 (1.00) | Phase 6->6 | Ground 0.6cm | Target C | PredXYZ [-0.119 -0.077  0.822] | TrueXYZ [-0.113 -0.076  0.822] | EEF [-0.116  0.004  0.836] | ObjZ 0.822 | Up 1.00 | Hold 0/0 | Age 0 (1) | Resets 0 | Shield 0
Ep 51 | Step 60/200 | XYZ [-0.054 -0.581 -0.022] | RPY [ 0.012 -0.016  0.013] | Grip 1 (1.00) | Phase 7->7 | Ground 1.6cm | Target C | PredXYZ [-0.128 -0.098  0.822] | TrueXYZ [-0.113 -0.097  0.823] | EEF [-0.111 -0.059  0.82 ] | ObjZ 0.823 | Up 1.00 | Hold 0/0 | Age 0 (1) | Resets 2 | Shield 2
Ep 51 | Step 72/200 | XYZ [0.005 0.05  0.006] | RPY [-0.013  0.002 -0.014] | Grip 1 (1.00) | Phase 8->8 | Ground 1.5cm | Target C | PredXYZ [-0.127 -0.145  0.822] | TrueXYZ [-0.118 -0.158  0.823] | EEF [-0.117 -0.12   0.818] | ObjZ 0.823 | Up 1.00 | Hold 5/5 | Age 3 (4) | Resets 3 | Shield 5
Episode 51: Clean Success | failure=success | termination=success
Scene rejected for ('push', 'A'): Deterministic push path is blocked by a distractor
Scene rejected for ('push', 'A'): Deterministic push path is blocked by a distractor
Scene rejected for ('push', 'A'): Deterministic push path is blocked by a distractor
Scene rejected for ('push', 'A'): Deterministic push path is blocked by a distractor
Scene rejected for ('push', 'A'): Deterministic push path is blocked by a distractor
Scene rejected for ('push', 'A'): Deterministic push path is blocked by a distractor
Scene rejected for ('push', 'A'): Deterministic push path is blocked by a distractor
Scene rejected for ('push', 'A'): Deterministic push path is blocked by a distractor
Episode 52/120: Push the red cube away from the robot | ensemble=temporal
Ep 52 | Step 1/200 | XYZ [-0.017  0.059 -0.576] | RPY [-0.005  0.002 -0.9  ] | Grip 1 (1.00) | Phase 5->5 | Ground 0.3cm | Target A | PredXYZ [-0.101 -0.076  0.824] | TrueXYZ [-0.099 -0.074  0.821] | EEF [-0.096 -0.004  1.012] | ObjZ 0.821 | Up 1.00 | Hold 0/0 | Age 0 (1) | Resets 0 | Shield 0
Ep 52 | Step 20/200 | XYZ [ 0.025  0.136 -0.137] | RPY [ 0.036 -0.019 -0.763] | Grip 1 (1.00) | Phase 5->5 | Ground 1.2cm | Target A | PredXYZ [-0.105 -0.084  0.822] | TrueXYZ [-0.099 -0.074  0.822] | EEF [-0.107 -0.005  0.935] | ObjZ 0.822 | Up 1.00 | Hold 0/0 | Age 3 (4) | Resets 0 | Shield 0
Ep 52 | Step 40/200 | XYZ [ 0.039 -0.02  -0.21 ] | RPY [0.002 0.008 0.002] | Grip 1 (1.00) | Phase 6->6 | Ground 0.7cm | Target A | PredXYZ [-0.104 -0.078  0.822] | TrueXYZ [-0.099 -0.074  0.822] | EEF [-0.113  0.016  0.849] | ObjZ 0.822 | Up 1.00 | Hold 0/0 | Age 0 (1) | Resets 0 | Shield 0
Ep 52 | Step 60/200 | XYZ [-0.022 -0.701 -0.026] | RPY [ 0.026 -0.007  0.026] | Grip 1 (1.00) | Phase 7->7 | Ground 0.3cm | Target A | PredXYZ [-0.101 -0.073  0.822] | TrueXYZ [-0.099 -0.074  0.822] | EEF [-0.107 -0.024  0.826] | ObjZ 0.822 | Up 1.00 | Hold 0/0 | Age 0 (1) | Resets 0 | Shield 0
Ep 52 | Step 78/200 | XYZ [-0.017 -0.435 -0.031] | RPY [-0.005  0.004 -0.008] | Grip 1 (1.00) | Phase 7->7 | Ground 0.9cm | Target A | PredXYZ [-0.11  -0.156  0.822] | TrueXYZ [-0.102 -0.159  0.822] | EEF [-0.108 -0.129  0.825] | ObjZ 0.822 | Up 1.00 | Hold 5/5 | Age 0 (1) | Resets 1 | Shield 0
Episode 52: Clean Success | failure=success | termination=success
Episode 53/120: Pick up the blue ball | ensemble=temporal
Ep 53 | Step 1/200 | XYZ [ 0.345 -0.74  -0.371] | RPY [-0.    -0.    -0.015] | Grip -1 (0.00) | Phase 0->0 | Ground 0.2cm | Target B | PredXYZ [-0.058 -0.123  0.828] | TrueXYZ [-0.056 -0.122  0.826] | EEF [-0.105 -0.     1.001] | ObjZ 0.826 | Up 1.00 | Hold 0/0 | Age 0 (1) | Resets 0 | Shield 0
Ep 53 | Step 20/200 | XYZ [ 0.082 -0.152 -0.066] | RPY [-0.004  0.006 -0.007] | Grip -1 (0.00) | Phase 0->0 | Ground 0.9cm | Target B | PredXYZ [-0.062 -0.116  0.826] | TrueXYZ [-0.056 -0.122  0.826] | EEF [-0.07  -0.094  0.954] | ObjZ 0.826 | Up 1.00 | Hold 0/0 | Age 3 (4) | Resets 0 | Shield 0
Ep 53 | Step 40/200 | XYZ [ 0.02  -0.019 -0.328] | RPY [-0.001  0.003 -0.001] | Grip -1 (0.00) | Phase 1->1 | Ground 1.1cm | Target B | PredXYZ [-0.056 -0.111  0.826] | TrueXYZ [-0.056 -0.122  0.826] | EEF [-0.058 -0.109  0.863] | ObjZ 0.826 | Up 1.00 | Hold 0/0 | Age 0 (1) | Resets 0 | Shield 0
Ep 53 | Step 60/200 | XYZ [ 0.025  0.013 -0.063] | RPY [-0.003  0.001 -0.003] | Grip -1 (0.42) | Phase 1->1 | Ground 1.2cm | Target B | PredXYZ [-0.066 -0.115  0.826] | TrueXYZ [-0.056 -0.122  0.826] | EEF [-0.061 -0.116  0.821] | ObjZ 0.826 | Up 1.00 | Hold 0/0 | Age 0 (1) | Resets 0 | Shield 0
Ep 53 | Step 75/200 | XYZ [0.01  0.002 0.576] | RPY [ 0.003  0.017 -0.001] | Grip 1 (1.00) | Phase 3->3 | Ground 0.6cm | Target B | PredXYZ [-0.065 -0.12   0.865] | TrueXYZ [-0.06  -0.122  0.872] | EEF [-0.063 -0.116  0.866] | ObjZ 0.872 | Up 1.00 | Hold 5/0 | Age 0 (1) | Resets 1 | Shield 0
Ep 53 | Step 80/200 | XYZ [0.01  0.001 0.458] | RPY [ 0.002  0.008 -0.001] | Grip 1 (1.00) | Phase 3->3 | Ground 1.3cm | Target B | PredXYZ [-0.072 -0.124  0.889] | TrueXYZ [-0.061 -0.122  0.902] | EEF [-0.064 -0.116  0.896] | ObjZ 0.902 | Up 1.00 | Hold 10/4 | Age 0 (1) | Resets 3 | Shield 0
Ep 53 | Step 81/200 | XYZ [0.01  0.001 0.436] | RPY [ 0.002  0.006 -0.001] | Grip 1 (1.00) | Phase 3->3 | Ground 1.7cm | Target B | PredXYZ [-0.077 -0.127  0.897] | TrueXYZ [-0.061 -0.122  0.907] | EEF [-0.064 -0.116  0.901] | ObjZ 0.907 | Up 1.00 | Hold 11/5 | Age 0 (1) | Resets 3 | Shield 0
Episode 53: Clean Success | failure=success | termination=success
Scene rejected for ('push', 'A'): Deterministic push path is blocked by a distractor
Scene rejected for ('push', 'A'): Deterministic push path is blocked by a distractor
Scene rejected for ('push', 'A'): Target is too close to the robot reference ray
Scene rejected for ('push', 'A'): Deterministic push path is blocked by a distractor
Scene rejected for ('push', 'A'): Deterministic push path is blocked by a distractor
Scene rejected for ('push', 'A'): Deterministic push path is blocked by a distractor
Scene rejected for ('push', 'A'): Target is too close to the robot reference ray
Scene rejected for ('push', 'A'): Deterministic push path is blocked by a distractor
Episode 54/120: Push the red cube away from the robot | ensemble=temporal
Ep 54 | Step 1/200 | XYZ [ 0.715  0.386 -0.586] | RPY [-0.003 -0.002  0.9  ] | Grip 1 (1.00) | Phase 5->5 | Ground 0.9cm | Target A | PredXYZ [0.09  0.125 0.824] | TrueXYZ [0.087 0.117 0.821] | EEF [-0.098  0.026  1.015] | ObjZ 0.821 | Up 1.00 | Hold 0/0 | Age 0 (1) | Resets 0 | Shield 0
Ep 54 | Step 20/200 | XYZ [ 0.167  0.117 -0.114] | RPY [-0.012 -0.003  0.002] | Grip 1 (1.00) | Phase 5->5 | Ground 0.5cm | Target A | PredXYZ [0.088 0.122 0.822] | TrueXYZ [0.087 0.117 0.822] | EEF [-0.013  0.066  0.938] | ObjZ 0.822 | Up 1.00 | Hold 0/0 | Age 3 (4) | Resets 0 | Shield 0
Ep 54 | Step 40/200 | XYZ [ 0.024  0.031 -0.374] | RPY [-0.002 -0.003 -0.001] | Grip 1 (1.00) | Phase 6->6 | Ground 0.9cm | Target A | PredXYZ [0.095 0.121 0.822] | TrueXYZ [0.087 0.117 0.822] | EEF [0.007 0.079 0.869] | ObjZ 0.822 | Up 1.00 | Hold 0/0 | Age 0 (1) | Resets 0 | Shield 0
Ep 54 | Step 60/200 | XYZ [ 0.009  0.006 -0.062] | RPY [ 0.001 -0.    -0.   ] | Grip 1 (1.00) | Phase 6->6 | Ground 0.7cm | Target A | PredXYZ [0.086 0.124 0.822] | TrueXYZ [0.087 0.117 0.822] | EEF [0.008 0.083 0.824] | ObjZ 0.822 | Up 1.00 | Hold 0/0 | Age 0 (1) | Resets 0 | Shield 0
Ep 54 | Step 80/200 | XYZ [0.322 0.216 0.   ] | RPY [ 0.003 -0.005 -0.002] | Grip 1 (1.00) | Phase 7->7 | Ground 2.7cm | Target A | PredXYZ [0.143 0.163 0.822] | TrueXYZ [0.147 0.137 0.822] | EEF [0.109 0.146 0.818] | ObjZ 0.822 | Up 1.00 | Hold 0/0 | Age 0 (1) | Resets 2 | Shield 10
Ep 54 | Step 85/200 | XYZ [-0.047 -0.037  0.021] | RPY [ 0.012 -0.026 -0.001] | Grip 1 (1.00) | Phase 8->8 | Ground 2.2cm | Target A | PredXYZ [0.156 0.163 0.822] | TrueXYZ [0.158 0.141 0.824] | EEF [0.117 0.151 0.822] | ObjZ 0.824 | Up 0.99 | Hold 5/5 | Age 3 (4) | Resets 2 | Shield 12
Episode 54: Clean Success | failure=success | termination=success
Scene rejected for ('pick', 'B'): Pick target lacks bilateral gripper clearance
Episode 55/120: Pick up the blue ball | ensemble=temporal
Ep 55 | Step 1/200 | XYZ [ 0.9   -0.547 -0.448] | RPY [ 0.    -0.001  0.003] | Grip -1 (0.00) | Phase 0->0 | Ground 0.4cm | Target B | PredXYZ [ 0.128 -0.099  0.828] | TrueXYZ [ 0.131 -0.096  0.826] | EEF [-0.087 -0.009  1.018] | ObjZ 0.826 | Up 1.00 | Hold 0/0 | Age 0 (1) | Resets 0 | Shield 0
Ep 55 | Step 20/200 | XYZ [ 0.403 -0.125 -0.069] | RPY [-0.006 -0.004 -0.004] | Grip -1 (0.00) | Phase 0->0 | Ground 0.7cm | Target B | PredXYZ [ 0.125 -0.092  0.826] | TrueXYZ [ 0.131 -0.096  0.826] | EEF [ 0.07  -0.087  0.959] | ObjZ 0.826 | Up 1.00 | Hold 0/0 | Age 3 (4) | Resets 0 | Shield 0
Ep 55 | Step 40/200 | XYZ [ 0.07  -0.025 -0.709] | RPY [ 0.001 -0.005  0.003] | Grip -1 (0.00) | Phase 1->1 | Ground 1.1cm | Target B | PredXYZ [ 0.128 -0.086  0.826] | TrueXYZ [ 0.131 -0.096  0.826] | EEF [ 0.121 -0.101  0.924] | ObjZ 0.826 | Up 1.00 | Hold 0/0 | Age 0 (1) | Resets 0 | Shield 0
Ep 55 | Step 60/200 | XYZ [ 0.015  0.001 -0.139] | RPY [-0.001 -0.002  0.   ] | Grip -1 (0.00) | Phase 1->1 | Ground 0.7cm | Target B | PredXYZ [ 0.135 -0.09   0.826] | TrueXYZ [ 0.131 -0.096  0.826] | EEF [ 0.129 -0.103  0.837] | ObjZ 0.826 | Up 1.00 | Hold 0/0 | Age 0 (1) | Resets 0 | Shield 0
Ep 55 | Step 80/200 | XYZ [0.004 0.003 0.674] | RPY [-0.002 -0.01  -0.002] | Grip 1 (1.00) | Phase 3->3 | Ground 0.5cm | Target B | PredXYZ [ 0.132 -0.094  0.835] | TrueXYZ [ 0.134 -0.098  0.846] | EEF [ 0.135 -0.1    0.845] | ObjZ 0.846 | Up 1.00 | Hold 1/0 | Age 0 (1) | Resets 1 | Shield 0
Ep 55 | Step 84/200 | XYZ [0.003 0.001 0.544] | RPY [-0.002 -0.006 -0.002] | Grip 1 (1.00) | Phase 3->3 | Ground 0.7cm | Target B | PredXYZ [ 0.13  -0.101  0.873] | TrueXYZ [ 0.134 -0.098  0.875] | EEF [ 0.135 -0.1    0.875] | ObjZ 0.875 | Up 1.00 | Hold 5/0 | Age 0 (1) | Resets 4 | Shield 0
Ep 55 | Step 89/200 | XYZ [0.002 0.001 0.419] | RPY [-0.001  0.005 -0.003] | Grip 1 (1.00) | Phase 3->3 | Ground 0.9cm | Target B | PredXYZ [ 0.129 -0.106  0.9  ] | TrueXYZ [ 0.133 -0.098  0.903] | EEF [ 0.134 -0.1    0.903] | ObjZ 0.903 | Up 1.00 | Hold 10/5 | Age 0 (1) | Resets 4 | Shield 0
Episode 55: Clean Success | failure=success | termination=success
Scene rejected for ('push', 'C'): Deterministic push path is blocked by a distractor
Scene rejected for ('push', 'C'): Deterministic push path is blocked by a distractor
Scene rejected for ('push', 'C'): Target is too close to the robot reference ray
Scene rejected for ('push', 'C'): Deterministic push path is blocked by a distractor
Scene rejected for ('push', 'C'): Deterministic push path is blocked by a distractor
Scene rejected for ('push', 'C'): Deterministic push path is blocked by a distractor
Scene rejected for ('push', 'C'): Deterministic push path is blocked by a distractor
Scene rejected for ('push', 'C'): Deterministic push path is blocked by a distractor
Episode 56/120: Push the green cylinder away from the robot | ensemble=temporal
Ep 56 | Step 1/200 | XYZ [ 0.737 -0.402 -0.424] | RPY [-0.002 -0.    -0.898] | Grip 1 (1.00) | Phase 5->5 | Ground 0.3cm | Target C | PredXYZ [ 0.072 -0.079  0.824] | TrueXYZ [ 0.07  -0.081  0.822] | EEF [-0.129  0.023  0.993] | ObjZ 0.822 | Up 1.00 | Hold 0/0 | Age 0 (1) | Resets 0 | Shield 0
Ep 56 | Step 20/200 | XYZ [ 0.194 -0.127 -0.097] | RPY [ 0.006 -0.004 -0.003] | Grip 1 (1.00) | Phase 5->5 | Ground 0.3cm | Target C | PredXYZ [ 0.071 -0.083  0.822] | TrueXYZ [ 0.07  -0.081  0.822] | EEF [-0.036 -0.02   0.935] | ObjZ 0.822 | Up 1.00 | Hold 0/0 | Age 3 (4) | Resets 0 | Shield 0
Ep 56 | Step 40/200 | XYZ [ 0.024 -0.029 -0.381] | RPY [ 0.001 -0.003  0.003] | Grip 1 (1.00) | Phase 6->6 | Ground 0.6cm | Target C | PredXYZ [ 0.066 -0.086  0.822] | TrueXYZ [ 0.07  -0.081  0.822] | EEF [-0.013 -0.034  0.866] | ObjZ 0.822 | Up 1.00 | Hold 0/0 | Age 0 (1) | Resets 0 | Shield 0
Ep 56 | Step 60/200 | XYZ [ 0.009 -0.004 -0.081] | RPY [ 0.    -0.001  0.   ] | Grip 1 (1.00) | Phase 6->6 | Ground 0.3cm | Target C | PredXYZ [ 0.072 -0.082  0.822] | TrueXYZ [ 0.07  -0.081  0.822] | EEF [-0.01  -0.037  0.818] | ObjZ 0.822 | Up 1.00 | Hold 0/0 | Age 0 (1) | Resets 0 | Shield 0
Ep 56 | Step 80/200 | XYZ [ 0.338 -0.196  0.   ] | RPY [-0.002 -0.006 -0.001] | Grip 1 (1.00) | Phase 7->7 | Ground 0.5cm | Target C | PredXYZ [ 0.124 -0.112  0.823] | TrueXYZ [ 0.124 -0.111  0.823] | EEF [ 0.095 -0.083  0.817] | ObjZ 0.823 | Up 1.00 | Hold 0/0 | Age 0 (1) | Resets 0 | Shield 20
Ep 56 | Step 86/200 | XYZ [-0.053  0.031  0.022] | RPY [-0.007 -0.028 -0.003] | Grip 1 (1.00) | Phase 8->8 | Ground 0.7cm | Target C | PredXYZ [ 0.137 -0.111  0.823] | TrueXYZ [ 0.131 -0.115  0.825] | EEF [ 0.102 -0.085  0.821] | ObjZ 0.825 | Up 1.00 | Hold 5/5 | Age 3 (4) | Resets 0 | Shield 23
Episode 56: Clean Success | failure=success | termination=success
Episode 57/120: Push the green cylinder away from the robot | ensemble=temporal
Ep 57 | Step 1/200 | XYZ [-0.006  0.048 -0.604] | RPY [ 0.005 -0.007  0.9  ] | Grip 1 (1.00) | Phase 5->5 | Ground 0.3cm | Target C | PredXYZ [-0.117 -0.053  0.824] | TrueXYZ [-0.119 -0.051  0.822] | EEF [-0.092  0.021  1.014] | ObjZ 0.822 | Up 1.00 | Hold 0/0 | Age 0 (1) | Resets 0 | Shield 0
Ep 57 | Step 20/200 | XYZ [ 0.048 -0.077 -0.102] | RPY [-0.039 -0.007  0.455] | Grip 1 (1.00) | Phase 5->5 | Ground 0.3cm | Target C | PredXYZ [-0.116 -0.052  0.822] | TrueXYZ [-0.119 -0.051  0.822] | EEF [-0.107  0.029  0.933] | ObjZ 0.822 | Up 1.00 | Hold 0/0 | Age 3 (4) | Resets 0 | Shield 0
Ep 57 | Step 40/200 | XYZ [ 0.045  0.024 -0.188] | RPY [-0.002  0.01  -0.001] | Grip 1 (1.00) | Phase 6->6 | Ground 0.7cm | Target C | PredXYZ [-0.117 -0.058  0.822] | TrueXYZ [-0.119 -0.051  0.822] | EEF [-0.108  0.011  0.837] | ObjZ 0.822 | Up 1.00 | Hold 0/0 | Age 0 (1) | Resets 0 | Shield 0
Ep 57 | Step 60/200 | XYZ [-0.181 -0.666  0.   ] | RPY [ 0.03  -0.001  0.029] | Grip 1 (1.00) | Phase 7->7 | Ground 1.5cm | Target C | PredXYZ [-0.128 -0.039  0.822] | TrueXYZ [-0.122 -0.057  0.823] | EEF [-0.118 -0.013  0.817] | ObjZ 0.823 | Up 1.00 | Hold 0/0 | Age 0 (1) | Resets 1 | Shield 8
Ep 57 | Step 75/200 | XYZ [-0.092 -0.488  0.   ] | RPY [0.006 0.011 0.004] | Grip 1 (1.00) | Phase 7->7 | Ground 1.6cm | Target C | PredXYZ [-0.136 -0.121  0.823] | TrueXYZ [-0.145 -0.14   0.823] | EEF [-0.146 -0.095  0.818] | ObjZ 0.823 | Up 1.00 | Hold 5/5 | Age 0 (1) | Resets 6 | Shield 23
Episode 57: Clean Success | failure=success | termination=success
Episode 58/120: Push the red cube away from the robot | ensemble=temporal
Ep 58 | Step 1/200 | XYZ [ 0.9    0.073 -0.493] | RPY [0.001 0.    0.08 ] | Grip 1 (1.00) | Phase 5->5 | Ground 0.9cm | Target A | PredXYZ [0.127 0.023 0.824] | TrueXYZ [0.124 0.032 0.821] | EEF [-0.116  0.004  1.001] | ObjZ 0.821 | Up 1.00 | Hold 0/0 | Age 0 (1) | Resets 0 | Shield 0
Ep 58 | Step 20/200 | XYZ [ 0.258  0.017 -0.106] | RPY [-0.002 -0.005  0.   ] | Grip 1 (1.00) | Phase 5->5 | Ground 0.3cm | Target A | PredXYZ [0.128 0.032 0.821] | TrueXYZ [0.124 0.032 0.822] | EEF [0.001 0.009 0.938] | ObjZ 0.822 | Up 1.00 | Hold 0/0 | Age 3 (4) | Resets 0 | Shield 0
Ep 58 | Step 40/200 | XYZ [ 0.042  0.01  -0.457] | RPY [-0.001 -0.005  0.   ] | Grip 1 (1.00) | Phase 6->6 | Ground 0.5cm | Target A | PredXYZ [0.128 0.035 0.822] | TrueXYZ [0.124 0.032 0.822] | EEF [0.034 0.011 0.878] | ObjZ 0.822 | Up 1.00 | Hold 0/0 | Age 0 (1) | Resets 0 | Shield 0
Ep 58 | Step 60/200 | XYZ [ 0.006  0.005 -0.088] | RPY [-0.    -0.002 -0.001] | Grip 1 (1.00) | Phase 6->6 | Ground 0.6cm | Target A | PredXYZ [0.124 0.025 0.822] | TrueXYZ [0.124 0.032 0.822] | EEF [0.038 0.012 0.824] | ObjZ 0.822 | Up 1.00 | Hold 0/0 | Age 0 (1) | Resets 0 | Shield 0
Ep 58 | Step 80/200 | XYZ [0.419 0.044 0.   ] | RPY [ 0.    -0.004 -0.001] | Grip 1 (1.00) | Phase 7->7 | Ground 0.2cm | Target A | PredXYZ [0.175 0.038 0.822] | TrueXYZ [0.178 0.037 0.822] | EEF [0.147 0.022 0.813] | ObjZ 0.822 | Up 1.00 | Hold 0/0 | Age 0 (1) | Resets 0 | Shield 8
Ep 58 | Step 87/200 | XYZ [-0.059  0.     0.007] | RPY [ 0.002 -0.039 -0.003] | Grip 1 (1.00) | Phase 8->8 | Ground 0.9cm | Target A | PredXYZ [0.203 0.045 0.822] | TrueXYZ [0.198 0.038 0.824] | EEF [0.167 0.024 0.82 ] | ObjZ 0.824 | Up 1.00 | Hold 5/5 | Age 3 (4) | Resets 1 | Shield 12
Episode 58: Clean Success | failure=success | termination=success
Episode 59/120: Pick up the blue ball | ensemble=temporal
Ep 59 | Step 1/200 | XYZ [ 0.9   -0.685 -0.435] | RPY [0.001 0.    0.003] | Grip -1 (0.00) | Phase 0->0 | Ground 0.1cm | Target B | PredXYZ [ 0.124 -0.121  0.828] | TrueXYZ [ 0.125 -0.12   0.826] | EEF [-0.087 -0.015  1.014] | ObjZ 0.826 | Up 1.00 | Hold 0/0 | Age 0 (1) | Resets 0 | Shield 0
Ep 59 | Step 20/200 | XYZ [ 0.451 -0.166 -0.065] | RPY [-0.008  0.001 -0.006] | Grip -1 (0.00) | Phase 0->0 | Ground 0.9cm | Target B | PredXYZ [ 0.13  -0.127  0.826] | TrueXYZ [ 0.125 -0.12   0.826] | EEF [ 0.073 -0.113  0.956] | ObjZ 0.826 | Up 1.00 | Hold 0/0 | Age 3 (4) | Resets 0 | Shield 0
Ep 59 | Step 40/200 | XYZ [ 0.069 -0.029 -0.694] | RPY [ 0.001 -0.004  0.002] | Grip -1 (0.00) | Phase 1->1 | Ground 0.6cm | Target B | PredXYZ [ 0.129 -0.116  0.826] | TrueXYZ [ 0.125 -0.12   0.826] | EEF [ 0.128 -0.13   0.922] | ObjZ 0.826 | Up 1.00 | Hold 0/0 | Age 0 (1) | Resets 0 | Shield 0
Ep 59 | Step 60/200 | XYZ [ 0.012  0.002 -0.142] | RPY [-0.001 -0.002  0.   ] | Grip -1 (0.00) | Phase 1->1 | Ground 1.2cm | Target B | PredXYZ [ 0.136 -0.123  0.83 ] | TrueXYZ [ 0.125 -0.12   0.826] | EEF [ 0.136 -0.133  0.839] | ObjZ 0.826 | Up 1.00 | Hold 0/0 | Age 0 (1) | Resets 0 | Shield 0
Ep 59 | Step 80/200 | XYZ [0.003 0.004 0.608] | RPY [-0.003 -0.015 -0.002] | Grip 1 (1.00) | Phase 3->3 | Ground 2.8cm | Target B | PredXYZ [ 0.147 -0.14   0.856] | TrueXYZ [ 0.132 -0.119  0.853] | EEF [ 0.149 -0.121  0.86 ] | ObjZ 0.853 | Up 1.00 | Hold 2/0 | Age 0 (1) | Resets 1 | Shield 0
Ep 59 | Step 83/200 | XYZ [0.004 0.002 0.514] | RPY [-0.003 -0.009 -0.002] | Grip 1 (1.00) | Phase 3->3 | Ground 0.7cm | Target B | PredXYZ [ 0.136 -0.118  0.872] | TrueXYZ [ 0.132 -0.12   0.874] | EEF [ 0.15  -0.122  0.88 ] | ObjZ 0.874 | Up 1.00 | Hold 5/0 | Age 0 (1) | Resets 3 | Shield 0
Ep 59 | Step 89/200 | XYZ [0.003 0.002 0.368] | RPY [-0.001  0.005 -0.003] | Grip 1 (1.00) | Phase 3->3 | Ground 1.0cm | Target B | PredXYZ [ 0.141 -0.121  0.901] | TrueXYZ [ 0.131 -0.12   0.903] | EEF [ 0.148 -0.122  0.911] | ObjZ 0.903 | Up 1.00 | Hold 11/5 | Age 0 (1) | Resets 4 | Shield 0
Episode 59: Clean Success | failure=success | termination=success
Episode 60/120: Pick up the blue ball | ensemble=temporal
Ep 60 | Step 1/200 | XYZ [ 0.9    0.128 -0.248] | RPY [-0.001  0.     0.001] | Grip -1 (0.00) | Phase 0->0 | Ground 1.2cm | Target B | PredXYZ [0.064 0.038 0.828] | TrueXYZ [0.056 0.029 0.826] | EEF [-0.124  0.021  0.984] | ObjZ 0.826 | Up 1.00 | Hold 0/0 | Age 0 (1) | Resets 0 | Shield 0
Ep 60 | Step 20/200 | XYZ [ 0.298  0.026 -0.045] | RPY [ 0.002 -0.011  0.001] | Grip -1 (0.00) | Phase 0->0 | Ground 0.8cm | Target B | PredXYZ [0.062 0.035 0.826] | TrueXYZ [0.056 0.029 0.826] | EEF [0.014 0.039 0.953] | ObjZ 0.826 | Up 1.00 | Hold 0/0 | Age 3 (4) | Resets 0 | Shield 0
Ep 60 | Step 40/200 | XYZ [ 0.044  0.01  -0.447] | RPY [-0.    -0.002 -0.001] | Grip -1 (0.00) | Phase 1->1 | Ground 1.1cm | Target B | PredXYZ [0.062 0.038 0.826] | TrueXYZ [0.056 0.029 0.826] | EEF [0.049 0.042 0.886] | ObjZ 0.826 | Up 1.00 | Hold 0/0 | Age 0 (1) | Resets 0 | Shield 0
Ep 60 | Step 60/200 | XYZ [ 0.008  0.002 -0.102] | RPY [ 0.002 -0.001  0.001] | Grip -1 (0.00) | Phase 1->1 | Ground 0.8cm | Target B | PredXYZ [0.058 0.036 0.826] | TrueXYZ [0.057 0.028 0.826] | EEF [0.055 0.041 0.832] | ObjZ 0.826 | Up 1.00 | Hold 0/0 | Age 0 (1) | Resets 0 | Shield 0
Ep 60 | Step 77/200 | XYZ [ 0.003 -0.001  0.558] | RPY [ 0.    -0.004 -0.001] | Grip 1 (1.00) | Phase 3->3 | Ground 0.9cm | Target B | PredXYZ [0.065 0.035 0.865] | TrueXYZ [0.061 0.026 0.87 ] | EEF [0.063 0.029 0.875] | ObjZ 0.870 | Up 1.00 | Hold 5/0 | Age 0 (1) | Resets 1 | Shield 0
Ep 60 | Step 80/200 | XYZ [ 0.003 -0.001  0.469] | RPY [ 0.001  0.002 -0.001] | Grip 1 (1.00) | Phase 3->3 | Ground 1.1cm | Target B | PredXYZ [0.066 0.034 0.887] | TrueXYZ [0.06  0.026 0.888] | EEF [0.063 0.029 0.893] | ObjZ 0.888 | Up 1.00 | Hold 8/2 | Age 0 (1) | Resets 2 | Shield 0
Ep 60 | Step 83/200 | XYZ [ 0.003 -0.001  0.402] | RPY [ 0.001  0.005 -0.001] | Grip 1 (1.00) | Phase 3->3 | Ground 1.3cm | Target B | PredXYZ [0.065 0.034 0.908] | TrueXYZ [0.06  0.027 0.903] | EEF [0.062 0.029 0.908] | ObjZ 0.903 | Up 1.00 | Hold 11/5 | Age 0 (1) | Resets 2 | Shield 0
Episode 60: Clean Success | failure=success | termination=success
Episode 61/120: Pick up the red cube | ensemble=temporal
Ep 61 | Step 1/200 | XYZ [ 0.564  0.152 -0.408] | RPY [-0.004 -0.    -0.189] | Grip -1 (0.00) | Phase 0->0 | Ground 0.3cm | Target A | PredXYZ [-0.021  0.028  0.824] | TrueXYZ [-0.024  0.029  0.821] | EEF [-1.070e-01 -1.000e-03  1.005e+00] | ObjZ 0.821 | Up 1.00 | Hold 0/0 | Age 0 (1) | Resets 0 | Shield 0
Ep 61 | Step 20/200 | XYZ [ 0.111  0.049 -0.083] | RPY [0.001 0.    0.001] | Grip -1 (0.00) | Phase 0->0 | Ground 0.3cm | Target A | PredXYZ [-0.027  0.03   0.822] | TrueXYZ [-0.024  0.029  0.822] | EEF [-0.045  0.024  0.956] | ObjZ 0.822 | Up 1.00 | Hold 0/0 | Age 3 (4) | Resets 0 | Shield 0
Ep 61 | Step 40/200 | XYZ [ 0.028  0.01  -0.278] | RPY [0.    0.006 0.   ] | Grip -1 (0.00) | Phase 1->1 | Ground 0.5cm | Target A | PredXYZ [-0.021  0.033  0.822] | TrueXYZ [-0.024  0.029  0.822] | EEF [-0.033  0.027  0.852] | ObjZ 0.822 | Up 1.00 | Hold 0/0 | Age 0 (1) | Resets 0 | Shield 0
Ep 61 | Step 60/200 | XYZ [ 0.015 -0.002 -0.059] | RPY [ 0.    -0.001  0.001] | Grip 1 (1.00) | Phase 2->2 | Ground 0.7cm | Target A | PredXYZ [-0.018  0.027  0.822] | TrueXYZ [-0.024  0.029  0.822] | EEF [-0.03   0.031  0.816] | ObjZ 0.822 | Up 1.00 | Hold 0/0 | Age 0 (1) | Resets 0 | Shield 0
Ep 61 | Step 74/200 | XYZ [0.008 0.    0.588] | RPY [-0.001  0.014 -0.002] | Grip 1 (1.00) | Phase 3->3 | Ground 0.9cm | Target A | PredXYZ [-0.019  0.03   0.862] | TrueXYZ [-0.029  0.03   0.871] | EEF [-0.033  0.031  0.863] | ObjZ 0.871 | Up 1.00 | Hold 5/0 | Age 0 (1) | Resets 3 | Shield 0
Ep 61 | Step 80/200 | XYZ [0.008 0.    0.443] | RPY [-0.     0.007 -0.002] | Grip 1 (1.00) | Phase 3->3 | Ground 0.9cm | Target A | PredXYZ [-0.021  0.028  0.905] | TrueXYZ [-0.03   0.03   0.907] | EEF [-0.035  0.03   0.899] | ObjZ 0.907 | Up 1.00 | Hold 11/5 | Age 0 (1) | Resets 5 | Shield 0
Episode 61: Clean Success | failure=success | termination=success
Episode 62/120: Push the blue ball away from the robot | ensemble=temporal
Ep 62 | Step 1/200 | XYZ [ 0.15   0.292 -0.596] | RPY [ 0.001 -0.003  0.9  ] | Grip 1 (1.00) | Phase 5->5 | Ground 1.1cm | Target B | PredXYZ [-0.04   0.129  0.828] | TrueXYZ [-0.049  0.123  0.826] | EEF [-0.097  0.018  1.02 ] | ObjZ 0.826 | Up 1.00 | Hold 0/0 | Age 0 (1) | Resets 0 | Shield 0
Ep 62 | Step 20/200 | XYZ [ 0.073 -0.008 -0.117] | RPY [-0.038 -0.004  0.32 ] | Grip 1 (1.00) | Phase 5->5 | Ground 1.2cm | Target B | PredXYZ [-0.047  0.135  0.826] | TrueXYZ [-0.049  0.123  0.826] | EEF [-0.092  0.049  0.939] | ObjZ 0.826 | Up 1.00 | Hold 0/0 | Age 3 (4) | Resets 0 | Shield 0
Ep 62 | Step 40/200 | XYZ [ 0.02   0.046 -0.393] | RPY [-0.005 -0.007 -0.001] | Grip 1 (1.00) | Phase 6->6 | Ground 1.0cm | Target B | PredXYZ [-0.04   0.126  0.826] | TrueXYZ [-0.049  0.123  0.826] | EEF [-0.085  0.041  0.876] | ObjZ 0.826 | Up 1.00 | Hold 0/0 | Age 0 (1) | Resets 0 | Shield 0
Ep 62 | Step 60/200 | XYZ [ 0.012 -0.018 -0.064] | RPY [-0.     0.002 -0.003] | Grip 1 (1.00) | Phase 6->6 | Ground 1.4cm | Target B | PredXYZ [-0.036  0.125  0.826] | TrueXYZ [-0.049  0.123  0.826] | EEF [-0.086  0.045  0.828] | ObjZ 0.826 | Up 1.00 | Hold 0/0 | Age 0 (1) | Resets 0 | Shield 0
Ep 62 | Step 78/200 | XYZ [-0.011 -0.088  0.058] | RPY [ 0.02  -0.01   0.006] | Grip 1 (1.00) | Phase 8->8 | Ground 0.8cm | Target B | PredXYZ [-0.021  0.198  0.825] | TrueXYZ [-0.027  0.194  0.826] | EEF [-0.035  0.16   0.827] | ObjZ 0.826 | Up 1.00 | Hold 5/5 | Age 3 (4) | Resets 4 | Shield 0
Episode 62: Clean Success | failure=success | termination=success
Scene rejected for ('pick', 'C'): Pick target lacks bilateral gripper clearance
Scene rejected for ('pick', 'C'): Pick target lacks bilateral gripper clearance
Scene rejected for ('pick', 'C'): Pick target lacks bilateral gripper clearance
Episode 63/120: Pick up the green cylinder | ensemble=temporal
Ep 63 | Step 1/200 | XYZ [ 0.11   0.483 -0.397] | RPY [ 0.001 -0.001 -0.003] | Grip -1 (0.00) | Phase 0->0 | Ground 0.9cm | Target C | PredXYZ [-0.089  0.105  0.824] | TrueXYZ [-0.08   0.101  0.822] | EEF [-0.103  0.023  1.004] | ObjZ 0.822 | Up 1.00 | Hold 0/0 | Age 0 (1) | Resets 0 | Shield 0
Ep 63 | Step 20/200 | XYZ [ 0.031  0.112 -0.069] | RPY [0.002 0.004 0.003] | Grip -1 (0.00) | Phase 0->0 | Ground 0.4cm | Target C | PredXYZ [-0.084  0.101  0.822] | TrueXYZ [-0.08   0.101  0.822] | EEF [-0.091  0.082  0.956] | ObjZ 0.822 | Up 1.00 | Hold 0/0 | Age 3 (4) | Resets 0 | Shield 0
Ep 63 | Step 40/200 | XYZ [ 0.026  0.021 -0.244] | RPY [0.003 0.014 0.004] | Grip -1 (0.00) | Phase 1->1 | Ground 0.7cm | Target C | PredXYZ [-0.084  0.095  0.822] | TrueXYZ [-0.08   0.101  0.822] | EEF [-0.09   0.097  0.846] | ObjZ 0.822 | Up 1.00 | Hold 0/0 | Age 0 (1) | Resets 0 | Shield 0
Ep 63 | Step 60/200 | XYZ [ 0.03  -0.01  -0.057] | RPY [0.001 0.003 0.004] | Grip 1 (0.95) | Phase 2->2 | Ground 1.1cm | Target C | PredXYZ [-0.086  0.092  0.822] | TrueXYZ [-0.079  0.102  0.822] | EEF [-0.088  0.103  0.815] | ObjZ 0.822 | Up 1.00 | Hold 0/0 | Age 0 (1) | Resets 0 | Shield 0
Ep 63 | Step 72/200 | XYZ [0.015 0.003 0.59 ] | RPY [-0.006  0.023 -0.004] | Grip 1 (1.00) | Phase 3->3 | Ground 2.3cm | Target C | PredXYZ [-0.102  0.111  0.851] | TrueXYZ [-0.085  0.102  0.869] | EEF [-0.091  0.101  0.862] | ObjZ 0.869 | Up 1.00 | Hold 5/0 | Age 0 (1) | Resets 3 | Shield 0
Ep 63 | Step 78/200 | XYZ [0.013 0.003 0.438] | RPY [-0.003  0.008 -0.003] | Grip 1 (1.00) | Phase 3->3 | Ground 0.9cm | Target C | PredXYZ [-0.094  0.1    0.9  ] | TrueXYZ [-0.086  0.101  0.905] | EEF [-0.092  0.1    0.898] | ObjZ 0.905 | Up 1.00 | Hold 11/5 | Age 0 (1) | Resets 5 | Shield 0
Episode 63: Clean Success | failure=success | termination=success
Episode 64/120: Pick up the green cylinder | ensemble=temporal
Ep 64 | Step 1/200 | XYZ [ 0.299  0.609 -0.558] | RPY [ 0.    -0.002  0.002] | Grip -1 (0.00) | Phase 0->0 | Ground 0.5cm | Target C | PredXYZ [-0.033  0.101  0.824] | TrueXYZ [-0.037  0.099  0.822] | EEF [-0.076 -0.003  1.034] | ObjZ 0.822 | Up 1.00 | Hold 0/0 | Age 0 (1) | Resets 0 | Shield 0
Ep 64 | Step 20/200 | XYZ [ 0.06   0.161 -0.125] | RPY [0.002 0.005 0.003] | Grip -1 (0.00) | Phase 0->0 | Ground 0.4cm | Target C | PredXYZ [-0.037  0.102  0.822] | TrueXYZ [-0.037  0.098  0.822] | EEF [-0.048  0.068  0.96 ] | ObjZ 0.822 | Up 1.00 | Hold 0/0 | Age 3 (4) | Resets 0 | Shield 0
Ep 64 | Step 40/200 | XYZ [ 0.016  0.013 -0.349] | RPY [0.003 0.006 0.003] | Grip -1 (0.00) | Phase 1->1 | Ground 0.6cm | Target C | PredXYZ [-0.042  0.096  0.822] | TrueXYZ [-0.037  0.098  0.822] | EEF [-0.043  0.092  0.864] | ObjZ 0.822 | Up 1.00 | Hold 0/0 | Age 0 (1) | Resets 1 | Shield 0
Ep 64 | Step 60/200 | XYZ [ 0.028 -0.009 -0.07 ] | RPY [0.001 0.002 0.002] | Grip -1 (0.12) | Phase 1->1 | Ground 1.4cm | Target C | PredXYZ [-0.05   0.099  0.822] | TrueXYZ [-0.037  0.098  0.822] | EEF [-0.043  0.098  0.819] | ObjZ 0.822 | Up 1.00 | Hold 0/0 | Age 0 (1) | Resets 1 | Shield 0
Ep 64 | Step 74/200 | XYZ [0.013 0.003 0.586] | RPY [-0.006  0.022 -0.005] | Grip 1 (1.00) | Phase 3->3 | Ground 0.5cm | Target C | PredXYZ [-0.039  0.099  0.865] | TrueXYZ [-0.042  0.095  0.868] | EEF [-0.046  0.095  0.863] | ObjZ 0.868 | Up 1.00 | Hold 5/0 | Age 0 (1) | Resets 3 | Shield 0
Ep 64 | Step 80/200 | XYZ [0.014 0.003 0.441] | RPY [-0.005  0.009 -0.005] | Grip 1 (1.00) | Phase 3->3 | Ground 2.4cm | Target C | PredXYZ [-0.061  0.103  0.887] | TrueXYZ [-0.043  0.093  0.904] | EEF [-0.047  0.093  0.899] | ObjZ 0.904 | Up 1.00 | Hold 11/5 | Age 0 (1) | Resets 6 | Shield 0
Episode 64: Clean Success | failure=success | termination=success
Episode 65/120: Pick up the blue ball | ensemble=temporal
Ep 65 | Step 1/200 | XYZ [ 0.9    0.227 -0.362] | RPY [ 0.    -0.002  0.002] | Grip -1 (0.00) | Phase 0->0 | Ground 1.1cm | Target B | PredXYZ [0.078 0.037 0.828] | TrueXYZ [0.077 0.026 0.826] | EEF [-0.1   -0.002  1.003] | ObjZ 0.826 | Up 1.00 | Hold 0/0 | Age 0 (1) | Resets 0 | Shield 0
Ep 65 | Step 20/200 | XYZ [ 0.273  0.023 -0.064] | RPY [ 0.001 -0.01   0.002] | Grip -1 (0.00) | Phase 0->0 | Ground 0.3cm | Target B | PredXYZ [0.074 0.027 0.826] | TrueXYZ [0.077 0.026 0.826] | EEF [0.036 0.02  0.957] | ObjZ 0.826 | Up 1.00 | Hold 0/0 | Age 3 (4) | Resets 0 | Shield 0
Ep 65 | Step 40/200 | XYZ [ 0.043  0.008 -0.464] | RPY [-0.    -0.002 -0.001] | Grip -1 (0.00) | Phase 1->1 | Ground 0.3cm | Target B | PredXYZ [0.078 0.029 0.826] | TrueXYZ [0.077 0.026 0.826] | EEF [0.069 0.023 0.887] | ObjZ 0.826 | Up 1.00 | Hold 0/0 | Age 0 (1) | Resets 0 | Shield 0
Ep 65 | Step 60/200 | XYZ [ 0.01   0.008 -0.101] | RPY [ 0.    -0.001  0.   ] | Grip -1 (0.00) | Phase 1->1 | Ground 0.2cm | Target B | PredXYZ [0.079 0.028 0.826] | TrueXYZ [0.077 0.026 0.826] | EEF [0.073 0.024 0.83 ] | ObjZ 0.826 | Up 1.00 | Hold 0/0 | Age 0 (1) | Resets 0 | Shield 0
Ep 65 | Step 79/200 | XYZ [0.004 0.    0.566] | RPY [-0.     0.001 -0.001] | Grip 1 (1.00) | Phase 3->3 | Ground 0.6cm | Target B | PredXYZ [0.074 0.03  0.868] | TrueXYZ [0.077 0.026 0.873] | EEF [0.075 0.025 0.869] | ObjZ 0.873 | Up 1.00 | Hold 5/0 | Age 0 (1) | Resets 2 | Shield 0
Ep 65 | Step 80/200 | XYZ [0.004 0.    0.538] | RPY [-0.     0.002 -0.001] | Grip 1 (1.00) | Phase 3->3 | Ground 1.2cm | Target B | PredXYZ [0.068 0.032 0.869] | TrueXYZ [0.077 0.026 0.88 ] | EEF [0.075 0.025 0.876] | ObjZ 0.880 | Up 1.00 | Hold 6/0 | Age 0 (1) | Resets 2 | Shield 0
Ep 65 | Step 85/200 | XYZ [0.003 0.001 0.412] | RPY [-0.     0.005 -0.001] | Grip 1 (1.00) | Phase 3->3 | Ground 1.0cm | Target B | PredXYZ [0.067 0.029 0.9  ] | TrueXYZ [0.076 0.026 0.907] | EEF [0.073 0.025 0.903] | ObjZ 0.907 | Up 1.00 | Hold 11/5 | Age 0 (1) | Resets 2 | Shield 0
Episode 65: Clean Success | failure=success | termination=success
Scene rejected for ('pick', 'C'): Pick target lacks bilateral gripper clearance
Episode 66/120: Pick up the green cylinder | ensemble=temporal
Ep 66 | Step 1/200 | XYZ [-0.077 -0.365 -0.325] | RPY [ 0.003 -0.003 -0.   ] | Grip -1 (0.00) | Phase 0->0 | Ground 0.6cm | Target C | PredXYZ [-0.129 -0.062  0.824] | TrueXYZ [-0.123 -0.062  0.822] | EEF [-0.117  0.002  0.989] | ObjZ 0.822 | Up 1.00 | Hold 0/0 | Age 0 (1) | Resets 0 | Shield 0
Ep 66 | Step 20/200 | XYZ [ 0.001 -0.079 -0.075] | RPY [-0.     0.006 -0.003] | Grip -1 (0.00) | Phase 0->0 | Ground 1.1cm | Target C | PredXYZ [-0.133 -0.059  0.822] | TrueXYZ [-0.123 -0.062  0.822] | EEF [-0.127 -0.041  0.951] | ObjZ 0.822 | Up 1.00 | Hold 0/0 | Age 3 (4) | Resets 0 | Shield 0
Ep 66 | Step 40/200 | XYZ [ 0.039 -0.004 -0.181] | RPY [-0.001  0.019 -0.003] | Grip -1 (0.00) | Phase 1->1 | Ground 1.3cm | Target C | PredXYZ [-0.132 -0.054  0.822] | TrueXYZ [-0.123 -0.066  0.825] | EEF [-0.125 -0.056  0.85 ] | ObjZ 0.825 | Up 0.99 | Hold 0/0 | Age 0 (1) | Resets 1 | Shield 0
Ep 66 | Step 60/200 | XYZ [ 0.02   0.015 -0.074] | RPY [-0.002  0.001 -0.002] | Grip -1 (0.53) | Phase 1->1 | Ground 0.6cm | Target C | PredXYZ [-0.131 -0.062  0.822] | TrueXYZ [-0.125 -0.062  0.822] | EEF [-0.117 -0.061  0.828] | ObjZ 0.822 | Up 1.00 | Hold 0/0 | Age 0 (1) | Resets 1 | Shield 0
Ep 66 | Step 74/200 | XYZ [0.011 0.003 0.565] | RPY [ 0.003  0.025 -0.001] | Grip 1 (1.00) | Phase 3->3 | Ground 1.0cm | Target C | PredXYZ [-0.125 -0.061  0.87 ] | TrueXYZ [-0.133 -0.059  0.869] | EEF [-0.123 -0.059  0.872] | ObjZ 0.869 | Up 1.00 | Hold 5/0 | Age 0 (1) | Resets 3 | Shield 0
Ep 66 | Step 80/200 | XYZ [0.012 0.002 0.418] | RPY [0.003 0.007 0.   ] | Grip 1 (1.00) | Phase 3->3 | Ground 1.4cm | Target C | PredXYZ [-0.142 -0.064  0.907] | TrueXYZ [-0.134 -0.058  0.903] | EEF [-0.125 -0.058  0.906] | ObjZ 0.903 | Up 1.00 | Hold 11/5 | Age 0 (1) | Resets 7 | Shield 0
Episode 66: Clean Success | failure=success | termination=success
Scene rejected for ('push', 'B'): Target is too close to the robot reference ray
Scene rejected for ('push', 'B'): Deterministic push path is blocked by a distractor
Scene rejected for ('push', 'B'): Deterministic push path is blocked by a distractor
Scene rejected for ('push', 'B'): Deterministic push path is blocked by a distractor
Scene rejected for ('push', 'B'): Deterministic push path is blocked by a distractor
Scene rejected for ('push', 'B'): Deterministic push path is blocked by a distractor
Scene rejected for ('push', 'B'): Deterministic push path is blocked by a distractor
Scene rejected for ('push', 'B'): Deterministic push path is blocked by a distractor
Scene rejected for ('push', 'B'): Deterministic push path is blocked by a distractor
Scene rejected for ('push', 'B'): Deterministic push path is blocked by a distractor
Scene rejected for ('push', 'B'): Deterministic push path is blocked by a distractor
Episode 67/120: Push the blue ball away from the robot | ensemble=temporal
Ep 67 | Step 1/200 | XYZ [ 0.29   0.351 -0.461] | RPY [ 0.    -0.002  0.9  ] | Grip 1 (1.00) | Phase 5->5 | Ground 0.4cm | Target B | PredXYZ [-0.02   0.109  0.828] | TrueXYZ [-0.023  0.107  0.826] | EEF [-0.119 -0.011  0.996] | ObjZ 0.826 | Up 1.00 | Hold 0/0 | Age 0 (1) | Resets 0 | Shield 0
Ep 67 | Step 20/200 | XYZ [ 0.068  0.046 -0.087] | RPY [-0.012 -0.004  0.085] | Grip 1 (1.00) | Phase 5->5 | Ground 0.5cm | Target B | PredXYZ [-0.02   0.11   0.826] | TrueXYZ [-0.023  0.107  0.826] | EEF [-0.088  0.023  0.937] | ObjZ 0.826 | Up 1.00 | Hold 0/0 | Age 3 (4) | Resets 0 | Shield 0
Ep 67 | Step 40/200 | XYZ [ 0.016  0.033 -0.208] | RPY [-0.001  0.006 -0.001] | Grip 1 (1.00) | Phase 6->6 | Ground 0.4cm | Target B | PredXYZ [-0.019  0.108  0.826] | TrueXYZ [-0.023  0.107  0.826] | EEF [-0.079  0.026  0.85 ] | ObjZ 0.826 | Up 1.00 | Hold 0/0 | Age 0 (1) | Resets 0 | Shield 0
Ep 67 | Step 60/200 | XYZ [ 0.608  0.873 -0.009] | RPY [-0.03   0.026 -0.024] | Grip 1 (1.00) | Phase 7->7 | Ground 0.8cm | Target B | PredXYZ [-0.02   0.114  0.826] | TrueXYZ [-0.019  0.112  0.826] | EEF [-0.034  0.079  0.822] | ObjZ 0.826 | Up 1.00 | Hold 0/0 | Age 0 (1) | Resets 0 | Shield 0
Ep 67 | Step 80/200 | XYZ [-0.027 -0.037  0.089] | RPY [ 0.007 -0.003  0.002] | Grip 1 (1.00) | Phase 8->8 | Ground 1.0cm | Target B | PredXYZ [0.    0.153 0.826] | TrueXYZ [0.009 0.149 0.826] | EEF [-0.012  0.116  0.839] | ObjZ 0.826 | Up 1.00 | Hold 0/0 | Age 3 (4) | Resets 3 | Shield 0
Ep 67 | Step 100/200 | XYZ [-0.013 -0.037  0.151] | RPY [0.003 0.005 0.001] | Grip 1 (1.00) | Phase 5->5 | Ground 0.9cm | Target B | PredXYZ [0.    0.148 0.826] | TrueXYZ [0.009 0.149 0.826] | EEF [-0.019  0.11   0.864] | ObjZ 0.826 | Up 1.00 | Hold 0/0 | Age 3 (4) | Resets 3 | Shield 0
Ep 67 | Step 120/200 | XYZ [-0.083 -0.058  0.131] | RPY [-0.001  0.01  -0.003] | Grip 1 (1.00) | Phase 5->5 | Ground 0.8cm | Target B | PredXYZ [0.001 0.146 0.826] | TrueXYZ [0.009 0.149 0.826] | EEF [-0.031  0.101  0.898] | ObjZ 0.826 | Up 1.00 | Hold 0/0 | Age 3 (4) | Resets 3 | Shield 0
Ep 67 | Step 140/200 | XYZ [-0.01   0.017 -0.26 ] | RPY [-0.002  0.001  0.   ] | Grip 1 (1.00) | Phase 6->6 | Ground 1.4cm | Target B | PredXYZ [-0.002  0.141  0.826] | TrueXYZ [0.009 0.149 0.826] | EEF [-0.043  0.09   0.858] | ObjZ 0.826 | Up 1.00 | Hold 0/0 | Age 0 (1) | Resets 3 | Shield 0
Ep 67 | Step 160/200 | XYZ [ 0.746  0.84  -0.008] | RPY [-0.033  0.044 -0.021] | Grip 1 (1.00) | Phase 7->7 | Ground 0.7cm | Target B | PredXYZ [0.002 0.15  0.826] | TrueXYZ [0.009 0.149 0.826] | EEF [-0.014  0.124  0.823] | ObjZ 0.826 | Up 1.00 | Hold 0/0 | Age 0 (1) | Resets 3 | Shield 0
Ep 67 | Step 166/200 | XYZ [-0.053 -0.043 -0.001] | RPY [-0.     0.004 -0.002] | Grip 1 (1.00) | Phase 8->8 | Ground 0.9cm | Target B | PredXYZ [0.035 0.194 0.826] | TrueXYZ [0.047 0.196 0.826] | EEF [0.027 0.166 0.823] | ObjZ 0.826 | Up 1.00 | Hold 5/5 | Age 0 (1) | Resets 6 | Shield 0
Episode 67: Clean Success | failure=success | termination=success
Episode 68/120: Push the blue ball away from the robot | ensemble=temporal
Ep 68 | Step 1/200 | XYZ [ 0.082  0.228 -0.416] | RPY [ 0.002 -0.     0.9  ] | Grip 1 (1.00) | Phase 5->5 | Ground 0.7cm | Target B | PredXYZ [-0.078  0.113  0.827] | TrueXYZ [-0.074  0.107  0.826] | EEF [-0.122  0.003  0.987] | ObjZ 0.826 | Up 1.00 | Hold 0/0 | Age 0 (1) | Resets 0 | Shield 0
Ep 68 | Step 20/200 | XYZ [ 0.021 -0.016 -0.696] | RPY [-0.023 -0.02   0.329] | Grip 1 (1.00) | Phase 6->6 | Ground 1.2cm | Target B | PredXYZ [-0.086  0.11   0.826] | TrueXYZ [-0.074  0.107  0.826] | EEF [-0.117  0.032  0.924] | ObjZ 0.826 | Up 1.00 | Hold 0/0 | Age 0 (1) | Resets 0 | Shield 0
Ep 68 | Step 40/200 | XYZ [ 0.017  0.025 -0.137] | RPY [-0.001  0.006  0.   ] | Grip 1 (1.00) | Phase 6->6 | Ground 0.8cm | Target B | PredXYZ [-0.082  0.108  0.826] | TrueXYZ [-0.074  0.107  0.826] | EEF [-0.112  0.024  0.839] | ObjZ 0.826 | Up 1.00 | Hold 0/0 | Age 0 (1) | Resets 0 | Shield 0
Ep 68 | Step 60/200 | XYZ [ 0.165  0.814 -0.028] | RPY [-0.009 -0.015 -0.009] | Grip 1 (1.00) | Phase 7->7 | Ground 1.1cm | Target B | PredXYZ [-0.073  0.144  0.825] | TrueXYZ [-0.061  0.145  0.826] | EEF [-0.063  0.109  0.826] | ObjZ 0.826 | Up 1.00 | Hold 0/0 | Age 0 (1) | Resets 1 | Shield 0
Ep 68 | Step 80/200 | XYZ [-0.018 -0.056  0.083] | RPY [0.005 0.003 0.002] | Grip 1 (1.00) | Phase 8->8 | Ground 0.7cm | Target B | PredXYZ [-0.062  0.162  0.825] | TrueXYZ [-0.057  0.157  0.826] | EEF [-0.071  0.119  0.837] | ObjZ 0.826 | Up 1.00 | Hold 0/0 | Age 3 (4) | Resets 2 | Shield 0
Ep 68 | Step 100/200 | XYZ [-0.005 -0.057  0.134] | RPY [0.002 0.008 0.   ] | Grip 1 (1.00) | Phase 5->5 | Ground 0.8cm | Target B | PredXYZ [-0.059  0.149  0.826] | TrueXYZ [-0.057  0.157  0.826] | EEF [-0.078  0.109  0.859] | ObjZ 0.826 | Up 1.00 | Hold 0/0 | Age 3 (4) | Resets 2 | Shield 0
Ep 68 | Step 120/200 | XYZ [-0.014 -0.103  0.088] | RPY [ 0.007 -0.002  0.011] | Grip 1 (1.00) | Phase 5->5 | Ground 0.8cm | Target B | PredXYZ [-0.059  0.15   0.826] | TrueXYZ [-0.057  0.157  0.826] | EEF [-0.084  0.096  0.891] | ObjZ 0.826 | Up 1.00 | Hold 0/0 | Age 3 (4) | Resets 2 | Shield 0
Ep 68 | Step 140/200 | XYZ [-0.005  0.005 -0.125] | RPY [-0.001  0.002  0.001] | Grip 1 (1.00) | Phase 6->6 | Ground 1.1cm | Target B | PredXYZ [-0.056  0.146  0.826] | TrueXYZ [-0.057  0.157  0.826] | EEF [-0.082  0.089  0.834] | ObjZ 0.826 | Up 1.00 | Hold 0/0 | Age 0 (1) | Resets 2 | Shield 0
Ep 68 | Step 156/200 | XYZ [-0.029 -0.051 -0.004] | RPY [ 0.001 -0.008 -0.004] | Grip 1 (1.00) | Phase 8->8 | Ground 2.1cm | Target B | PredXYZ [-0.054  0.214  0.825] | TrueXYZ [-0.042  0.202  0.826] | EEF [-0.053  0.168  0.824] | ObjZ 0.826 | Up 1.00 | Hold 5/5 | Age 0 (1) | Resets 6 | Shield 0
Episode 68: Clean Success | failure=success | termination=success
Scene rejected for ('push', 'C'): Deterministic push path is blocked by a distractor
Scene rejected for ('push', 'C'): Deterministic push path is blocked by a distractor
Scene rejected for ('push', 'C'): Deterministic push path is blocked by a distractor
Scene rejected for ('push', 'C'): Deterministic push path is blocked by a distractor
Scene rejected for ('push', 'C'): Deterministic push path is blocked by a distractor
Scene rejected for ('push', 'C'): Deterministic push path is blocked by a distractor
Scene rejected for ('push', 'C'): Deterministic push path is blocked by a distractor
Scene rejected for ('push', 'C'): Deterministic push path is blocked by a distractor
Scene rejected for ('push', 'C'): Deterministic push path is blocked by a distractor
Scene rejected for ('push', 'C'): Deterministic push path is blocked by a distractor
Scene rejected for ('push', 'C'): Deterministic push path is blocked by a distractor
Scene rejected for ('push', 'C'): Deterministic push path is blocked by a distractor
Episode 69/120: Push the green cylinder away from the robot | ensemble=temporal
Ep 69 | Step 1/200 | XYZ [ 0.019 -0.207 -0.373] | RPY [-0.002  0.001 -0.894] | Grip 1 (1.00) | Phase 5->5 | Ground 0.8cm | Target C | PredXYZ [-0.125 -0.125  0.824] | TrueXYZ [-0.122 -0.118  0.822] | EEF [-0.126 -0.008  0.979] | ObjZ 0.822 | Up 1.00 | Hold 0/0 | Age 0 (1) | Resets 0 | Shield 0
Ep 69 | Step 20/200 | XYZ [ 0.023  0.001 -0.096] | RPY [ 0.012 -0.008 -0.749] | Grip 1 (1.00) | Phase 5->5 | Ground 0.9cm | Target C | PredXYZ [-0.123 -0.127  0.822] | TrueXYZ [-0.122 -0.118  0.822] | EEF [-0.131 -0.048  0.925] | ObjZ 0.822 | Up 1.00 | Hold 0/0 | Age 3 (4) | Resets 0 | Shield 0
Ep 69 | Step 40/200 | XYZ [ 0.001 -0.044 -0.2  ] | RPY [0.001 0.004 0.004] | Grip 1 (1.00) | Phase 6->6 | Ground 0.3cm | Target C | PredXYZ [-0.123 -0.121  0.822] | TrueXYZ [-0.122 -0.118  0.822] | EEF [-0.116 -0.039  0.835] | ObjZ 0.822 | Up 1.00 | Hold 0/0 | Age 0 (1) | Resets 0 | Shield 0
Ep 69 | Step 60/200 | XYZ [-0.03  -0.548 -0.027] | RPY [ 0.008 -0.015  0.009] | Grip 1 (1.00) | Phase 7->7 | Ground 0.5cm | Target C | PredXYZ [-0.121 -0.131  0.822] | TrueXYZ [-0.12  -0.142  0.823] | EEF [-0.113 -0.104  0.82 ] | ObjZ 0.823 | Up 1.00 | Hold 0/0 | Age 0 (1) | Resets 0 | Shield 7
Ep 69 | Step 71/200 | XYZ [0.003 0.05  0.005] | RPY [-0.014  0.002 -0.014] | Grip 1 (1.00) | Phase 8->8 | Ground 0.6cm | Target C | PredXYZ [-0.117 -0.188  0.823] | TrueXYZ [-0.12  -0.194  0.822] | EEF [-0.118 -0.156  0.818] | ObjZ 0.822 | Up 1.00 | Hold 5/5 | Age 3 (4) | Resets 0 | Shield 10
Episode 69: Clean Success | failure=success | termination=success
Scene rejected for ('push', 'B'): Deterministic push path is blocked by a distractor
Scene rejected for ('push', 'B'): Deterministic push path is blocked by a distractor
Scene rejected for ('push', 'B'): Deterministic push path is blocked by a distractor
Scene rejected for ('push', 'B'): Deterministic push path leaves the safe workspace
Scene rejected for ('push', 'B'): Deterministic push path is blocked by a distractor
Episode 70/120: Push the blue ball away from the robot | ensemble=temporal
Ep 70 | Step 1/200 | XYZ [ 0.242 -0.278 -0.467] | RPY [-0.002 -0.001 -0.9  ] | Grip 1 (1.00) | Phase 5->5 | Ground 0.1cm | Target B | PredXYZ [-0.01  -0.101  0.828] | TrueXYZ [-0.01  -0.101  0.826] | EEF [-0.103 -0.004  0.999] | ObjZ 0.826 | Up 1.00 | Hold 0/0 | Age 0 (1) | Resets 0 | Shield 0
Ep 70 | Step 20/200 | XYZ [ 0.082 -0.076 -0.1  ] | RPY [ 0.016  0.001 -0.01 ] | Grip 1 (1.00) | Phase 5->5 | Ground 0.4cm | Target B | PredXYZ [-0.006 -0.101  0.826] | TrueXYZ [-0.01  -0.101  0.826] | EEF [-0.078 -0.03   0.938] | ObjZ 0.826 | Up 1.00 | Hold 0/0 | Age 3 (4) | Resets 0 | Shield 0
Ep 70 | Step 40/200 | XYZ [ 0.004 -0.036 -0.289] | RPY [0.002 0.002 0.005] | Grip 1 (1.00) | Phase 6->6 | Ground 0.3cm | Target B | PredXYZ [-0.008 -0.1    0.826] | TrueXYZ [-0.01  -0.101  0.826] | EEF [-0.067 -0.037  0.862] | ObjZ 0.826 | Up 1.00 | Hold 0/0 | Age 0 (1) | Resets 0 | Shield 0
Ep 70 | Step 60/200 | XYZ [ 0.78  -0.866 -0.022] | RPY [0.028 0.036 0.019] | Grip 1 (1.00) | Phase 7->7 | Ground 0.9cm | Target B | PredXYZ [-0.018 -0.104  0.826] | TrueXYZ [-0.01  -0.101  0.826] | EEF [-0.037 -0.071  0.825] | ObjZ 0.826 | Up 1.00 | Hold 0/0 | Age 0 (1) | Resets 0 | Shield 0
Ep 70 | Step 71/200 | XYZ [-0.06   0.089  0.006] | RPY [-0.024 -0.032 -0.006] | Grip 1 (1.00) | Phase 8->8 | Ground 0.3cm | Target B | PredXYZ [ 0.05  -0.165  0.826] | TrueXYZ [ 0.052 -0.163  0.826] | EEF [ 0.023 -0.142  0.828] | ObjZ 0.826 | Up 1.00 | Hold 5/5 | Age 3 (4) | Resets 5 | Shield 0
Episode 70: Clean Success | failure=success | termination=success
Episode 71/120: Pick up the green cylinder | ensemble=temporal
Ep 71 | Step 1/200 | XYZ [-0.013  0.523 -0.411] | RPY [0.003 0.    0.001] | Grip -1 (0.00) | Phase 0->0 | Ground 1.3cm | Target C | PredXYZ [-0.101  0.121  0.824] | TrueXYZ [-0.09   0.114  0.822] | EEF [-0.1    0.038  1.005] | ObjZ 0.822 | Up 1.00 | Hold 0/0 | Age 0 (1) | Resets 0 | Shield 0
Ep 71 | Step 20/200 | XYZ [ 0.017  0.122 -0.071] | RPY [0.002 0.007 0.005] | Grip -1 (0.00) | Phase 0->0 | Ground 1.1cm | Target C | PredXYZ [-0.097  0.122  0.822] | TrueXYZ [-0.09   0.114  0.822] | EEF [-0.101  0.103  0.956] | ObjZ 0.822 | Up 1.00 | Hold 0/0 | Age 3 (4) | Resets 0 | Shield 0
Ep 71 | Step 40/200 | XYZ [ 0.028  0.012 -0.252] | RPY [0.005 0.015 0.007] | Grip -1 (0.00) | Phase 1->1 | Ground 1.0cm | Target C | PredXYZ [-0.099  0.116  0.822] | TrueXYZ [-0.09   0.114  0.822] | EEF [-0.101  0.119  0.847] | ObjZ 0.822 | Up 1.00 | Hold 0/0 | Age 0 (1) | Resets 0 | Shield 0
Ep 71 | Step 60/200 | XYZ [ 0.038 -0.017 -0.053] | RPY [0.001 0.004 0.004] | Grip 1 (0.63) | Phase 1->1 | Ground 0.6cm | Target C | PredXYZ [-0.095  0.115  0.822] | TrueXYZ [-0.089  0.116  0.822] | EEF [-0.102  0.124  0.814] | ObjZ 0.822 | Up 1.00 | Hold 0/0 | Age 0 (1) | Resets 0 | Shield 0
Ep 71 | Step 74/200 | XYZ [0.02  0.003 0.565] | RPY [-0.007  0.023 -0.004] | Grip 1 (1.00) | Phase 3->3 | Ground 1.7cm | Target C | PredXYZ [-0.11   0.12   0.861] | TrueXYZ [-0.095  0.115  0.875] | EEF [-0.106  0.12   0.868] | ObjZ 0.875 | Up 1.00 | Hold 5/0 | Age 0 (1) | Resets 4 | Shield 0
Ep 71 | Step 79/200 | XYZ [0.018 0.003 0.439] | RPY [-0.004  0.007 -0.004] | Grip 1 (1.00) | Phase 3->3 | Ground 1.7cm | Target C | PredXYZ [-0.107  0.127  0.896] | TrueXYZ [-0.095  0.114  0.904] | EEF [-0.106  0.119  0.897] | ObjZ 0.904 | Up 1.00 | Hold 10/5 | Age 0 (1) | Resets 6 | Shield 0
Episode 71: Clean Success | failure=success | termination=success
Scene rejected for ('push', 'A'): Deterministic push path is blocked by a distractor
Scene rejected for ('push', 'A'): Deterministic push path is blocked by a distractor
Scene rejected for ('push', 'A'): Deterministic push path is blocked by a distractor
Scene rejected for ('push', 'A'): Deterministic push path is blocked by a distractor
Episode 72/120: Push the red cube away from the robot | ensemble=temporal
Ep 72 | Step 1/200 | XYZ [ 0.563  0.149 -0.543] | RPY [ 0.001 -0.     0.541] | Grip 1 (1.00) | Phase 5->5 | Ground 0.8cm | Target A | PredXYZ [0.067 0.05  0.824] | TrueXYZ [0.059 0.051 0.821] | EEF [-0.102  0.01   1.007] | ObjZ 0.821 | Up 1.00 | Hold 0/0 | Age 0 (1) | Resets 0 | Shield 0
Ep 72 | Step 20/200 | XYZ [ 0.129  0.058 -0.097] | RPY [-0.005 -0.     0.   ] | Grip 1 (1.00) | Phase 5->5 | Ground 1.0cm | Target A | PredXYZ [0.069 0.05  0.822] | TrueXYZ [0.059 0.051 0.822] | EEF [-0.037  0.017  0.939] | ObjZ 0.822 | Up 1.00 | Hold 0/0 | Age 3 (4) | Resets 0 | Shield 0
Ep 72 | Step 40/200 | XYZ [ 0.02   0.016 -0.31 ] | RPY [-0.001  0.002 -0.001] | Grip 1 (1.00) | Phase 6->6 | Ground 1.5cm | Target A | PredXYZ [0.072 0.045 0.822] | TrueXYZ [0.059 0.051 0.822] | EEF [-0.021  0.022  0.858] | ObjZ 0.822 | Up 1.00 | Hold 0/0 | Age 0 (1) | Resets 0 | Shield 0
Ep 72 | Step 60/200 | XYZ [ 0.664  0.204 -0.035] | RPY [ 0.001 -0.001 -0.002] | Grip 1 (1.00) | Phase 7->7 | Ground 1.3cm | Target A | PredXYZ [0.07  0.044 0.822] | TrueXYZ [0.059 0.051 0.822] | EEF [-0.014  0.025  0.821] | ObjZ 0.822 | Up 1.00 | Hold 0/0 | Age 0 (1) | Resets 0 | Shield 0
Ep 72 | Step 80/200 | XYZ [-0.041 -0.009  0.   ] | RPY [ 0.004 -0.018 -0.   ] | Grip 1 (1.00) | Phase 8->8 | Ground 0.3cm | Target A | PredXYZ [0.115 0.072 0.822] | TrueXYZ [0.119 0.07  0.822] | EEF [0.091 0.058 0.818] | ObjZ 0.822 | Up 1.00 | Hold 0/0 | Age 3 (4) | Resets 1 | Shield 17
Ep 72 | Step 86/200 | XYZ [-0.042 -0.01   0.058] | RPY [ 0.005 -0.019 -0.001] | Grip 1 (1.00) | Phase 8->8 | Ground 0.4cm | Target A | PredXYZ [0.122 0.075 0.822] | TrueXYZ [0.121 0.071 0.823] | EEF [0.092 0.059 0.823] | ObjZ 0.823 | Up 1.00 | Hold 5/5 | Age 3 (4) | Resets 1 | Shield 17
Episode 72: Clean Success | failure=success | termination=success
Scene rejected for ('pick', 'C'): Pick target lacks bilateral gripper clearance
Episode 73/120: Pick up the green cylinder | ensemble=temporal
Ep 73 | Step 1/200 | XYZ [ 0.121 -0.669 -0.484] | RPY [ 0.    -0.001  0.001] | Grip -1 (0.00) | Phase 0->0 | Ground 0.8cm | Target C | PredXYZ [-0.077 -0.106  0.824] | TrueXYZ [-0.075 -0.098  0.822] | EEF [-0.095  0.006  1.018] | ObjZ 0.822 | Up 1.00 | Hold 0/0 | Age 0 (1) | Resets 0 | Shield 0
Ep 73 | Step 20/200 | XYZ [ 0.036 -0.156 -0.1  ] | RPY [-0.002  0.006 -0.003] | Grip -1 (0.00) | Phase 0->0 | Ground 0.3cm | Target C | PredXYZ [-0.077 -0.096  0.822] | TrueXYZ [-0.075 -0.098  0.822] | EEF [-0.086 -0.076  0.958] | ObjZ 0.822 | Up 1.00 | Hold 0/0 | Age 3 (4) | Resets 0 | Shield 0
Ep 73 | Step 40/200 | XYZ [ 0.02  -0.019 -0.332] | RPY [-0.001  0.008 -0.003] | Grip -1 (0.00) | Phase 1->1 | Ground 1.0cm | Target C | PredXYZ [-0.085 -0.098  0.822] | TrueXYZ [-0.075 -0.098  0.822] | EEF [-0.081 -0.095  0.862] | ObjZ 0.822 | Up 1.00 | Hold 0/0 | Age 0 (1) | Resets 0 | Shield 0
Ep 73 | Step 60/200 | XYZ [ 0.039  0.031 -0.062] | RPY [-0.003  0.004 -0.004] | Grip -1 (0.01) | Phase 1->1 | Ground 0.2cm | Target C | PredXYZ [-0.073 -0.097  0.822] | TrueXYZ [-0.075 -0.098  0.822] | EEF [-0.084 -0.103  0.817] | ObjZ 0.822 | Up 1.00 | Hold 0/0 | Age 0 (1) | Resets 0 | Shield 0
Ep 73 | Step 75/200 | XYZ [0.015 0.003 0.591] | RPY [0.007 0.024 0.001] | Grip 1 (1.00) | Phase 3->3 | Ground 1.1cm | Target C | PredXYZ [-0.091 -0.099  0.857] | TrueXYZ [-0.082 -0.097  0.869] | EEF [-0.087 -0.099  0.862] | ObjZ 0.869 | Up 1.00 | Hold 5/0 | Age 0 (1) | Resets 4 | Shield 0
Ep 73 | Step 80/200 | XYZ [0.014 0.004 0.462] | RPY [0.004 0.011 0.   ] | Grip 1 (1.00) | Phase 3->3 | Ground 1.4cm | Target C | PredXYZ [-0.096 -0.093  0.889] | TrueXYZ [-0.083 -0.095  0.899] | EEF [-0.089 -0.097  0.892] | ObjZ 0.899 | Up 1.00 | Hold 10/4 | Age 0 (1) | Resets 7 | Shield 0
Ep 73 | Step 81/200 | XYZ [0.015 0.004 0.44 ] | RPY [ 0.004  0.008 -0.   ] | Grip 1 (1.00) | Phase 3->3 | Ground 0.9cm | Target C | PredXYZ [-0.084 -0.095  0.908] | TrueXYZ [-0.083 -0.095  0.905] | EEF [-0.089 -0.096  0.898] | ObjZ 0.905 | Up 1.00 | Hold 11/5 | Age 0 (1) | Resets 8 | Shield 0
Episode 73: Clean Success | failure=success | termination=success
Episode 74/120: Push the blue ball away from the robot | ensemble=temporal
Ep 74 | Step 1/200 | XYZ [ 0.9    0.31  -0.437] | RPY [-0.001  0.003  0.591] | Grip 1 (1.00) | Phase 5->5 | Ground 0.5cm | Target B | PredXYZ [0.129 0.077 0.827] | TrueXYZ [0.125 0.075 0.826] | EEF [-0.105  0.006  0.992] | ObjZ 0.826 | Up 1.00 | Hold 0/0 | Age 0 (1) | Resets 0 | Shield 0
Ep 74 | Step 20/200 | XYZ [ 0.237  0.076 -0.087] | RPY [-0.003 -0.008  0.003] | Grip 1 (1.00) | Phase 5->5 | Ground 0.7cm | Target B | PredXYZ [0.131 0.079 0.826] | TrueXYZ [0.125 0.075 0.826] | EEF [0.016 0.034 0.938] | ObjZ 0.826 | Up 1.00 | Hold 0/0 | Age 3 (4) | Resets 0 | Shield 0
Ep 74 | Step 40/200 | XYZ [ 0.033  0.019 -0.384] | RPY [-0.001 -0.003 -0.   ] | Grip 1 (1.00) | Phase 6->6 | Ground 0.2cm | Target B | PredXYZ [0.127 0.076 0.826] | TrueXYZ [0.125 0.075 0.826] | EEF [0.045 0.042 0.876] | ObjZ 0.826 | Up 1.00 | Hold 0/0 | Age 0 (1) | Resets 0 | Shield 0
Ep 74 | Step 60/200 | XYZ [ 0.004  0.006 -0.078] | RPY [-0.001 -0.003 -0.001] | Grip 1 (1.00) | Phase 6->6 | Ground 0.5cm | Target B | PredXYZ [0.128 0.079 0.826] | TrueXYZ [0.125 0.075 0.826] | EEF [0.049 0.043 0.831] | ObjZ 0.826 | Up 1.00 | Hold 0/0 | Age 0 (1) | Resets 0 | Shield 0
Ep 74 | Step 78/200 | XYZ [-0.099 -0.038 -0.024] | RPY [ 0.013 -0.043  0.001] | Grip 1 (1.00) | Phase 8->8 | Ground 0.9cm | Target B | PredXYZ [0.193 0.109 0.826] | TrueXYZ [0.202 0.103 0.826] | EEF [0.168 0.093 0.825] | ObjZ 0.826 | Up 1.00 | Hold 5/5 | Age 3 (4) | Resets 3 | Shield 2
Episode 74: Clean Success | failure=success | termination=success
Episode 75/120: Pick up the red cube | ensemble=temporal
Ep 75 | Step 1/200 | XYZ [ 0.635 -0.422 -0.498] | RPY [-0.001 -0.004  0.9  ] | Grip -1 (0.00) | Phase 0->0 | Ground 1.1cm | Target A | PredXYZ [ 0.017 -0.07   0.824] | TrueXYZ [ 0.011 -0.079  0.821] | EEF [-0.089  0.002  1.018] | ObjZ 0.821 | Up 1.00 | Hold 0/0 | Age 0 (1) | Resets 0 | Shield 0
Ep 75 | Step 20/200 | XYZ [ 0.2   -0.106 -0.066] | RPY [-0.018  0.023 -0.001] | Grip -1 (0.00) | Phase 0->0 | Ground 0.2cm | Target A | PredXYZ [ 0.009 -0.078  0.821] | TrueXYZ [ 0.011 -0.079  0.822] | EEF [-0.025 -0.062  0.947] | ObjZ 0.822 | Up 1.00 | Hold 0/0 | Age 3 (4) | Resets 0 | Shield 0
Ep 75 | Step 40/200 | XYZ [ 0.037 -0.016 -0.499] | RPY [-0.002 -0.007  0.003] | Grip -1 (0.00) | Phase 1->1 | Ground 0.5cm | Target A | PredXYZ [ 0.015 -0.081  0.822] | TrueXYZ [ 0.011 -0.079  0.822] | EEF [ 0.001 -0.072  0.891] | ObjZ 0.822 | Up 1.00 | Hold 0/0 | Age 0 (1) | Resets 0 | Shield 0
Ep 75 | Step 60/200 | XYZ [ 0.02   0.007 -0.103] | RPY [-0.001  0.003 -0.001] | Grip -1 (0.00) | Phase 1->1 | Ground 0.1cm | Target A | PredXYZ [ 0.011 -0.081  0.821] | TrueXYZ [ 0.011 -0.079  0.822] | EEF [ 0.004 -0.077  0.827] | ObjZ 0.822 | Up 1.00 | Hold 0/0 | Age 0 (1) | Resets 0 | Shield 0
Ep 75 | Step 80/200 | XYZ [0.009 0.006 0.595] | RPY [ 0.003  0.009 -0.002] | Grip 1 (1.00) | Phase 3->3 | Ground 0.9cm | Target A | PredXYZ [ 0.001 -0.083  0.859] | TrueXYZ [ 0.007 -0.077  0.868] | EEF [ 0.005 -0.078  0.864] | ObjZ 0.868 | Up 1.00 | Hold 4/0 | Age 0 (1) | Resets 3 | Shield 0
Ep 75 | Step 81/200 | XYZ [0.009 0.006 0.564] | RPY [ 0.003  0.009 -0.002] | Grip 1 (1.00) | Phase 3->3 | Ground 0.9cm | Target A | PredXYZ [ 0.003 -0.085  0.868] | TrueXYZ [ 0.007 -0.077  0.875] | EEF [ 0.004 -0.078  0.871] | ObjZ 0.875 | Up 1.00 | Hold 5/0 | Age 0 (1) | Resets 3 | Shield 0
Ep 75 | Step 86/200 | XYZ [0.007 0.006 0.434] | RPY [ 0.002  0.005 -0.002] | Grip 1 (1.00) | Phase 3->3 | Ground 2.8cm | Target A | PredXYZ [ 0.028 -0.087  0.913] | TrueXYZ [ 0.006 -0.077  0.904] | EEF [ 0.003 -0.077  0.9  ] | ObjZ 0.904 | Up 1.00 | Hold 10/5 | Age 0 (1) | Resets 6 | Shield 0
Episode 75: Clean Success | failure=success | termination=success
Scene rejected for ('push', 'C'): Deterministic push path is blocked by a distractor
Scene rejected for ('push', 'C'): Deterministic push path is blocked by a distractor
Scene rejected for ('push', 'C'): Deterministic push path is blocked by a distractor
Scene rejected for ('push', 'C'): Deterministic push path is blocked by a distractor
Scene rejected for ('push', 'C'): Deterministic push path is blocked by a distractor
Scene rejected for ('push', 'C'): Deterministic push path is blocked by a distractor
Scene rejected for ('push', 'C'): Deterministic push path is blocked by a distractor
Scene rejected for ('push', 'C'): Deterministic push path is blocked by a distractor
Scene rejected for ('push', 'C'): Deterministic push path is blocked by a distractor
Scene rejected for ('push', 'C'): Deterministic push path is blocked by a distractor
Episode 76/120: Push the green cylinder away from the robot | ensemble=temporal
Ep 76 | Step 1/200 | XYZ [ 0.094 -0.241 -0.663] | RPY [-0.002 -0.002 -0.9  ] | Grip 1 (1.00) | Phase 5->5 | Ground 1.0cm | Target C | PredXYZ [-0.043 -0.138  0.824] | TrueXYZ [-0.04  -0.129  0.822] | EEF [-0.078 -0.031  1.028] | ObjZ 0.822 | Up 1.00 | Hold 0/0 | Age 0 (1) | Resets 0 | Shield 0
Ep 76 | Step 20/200 | XYZ [ 0.081  0.014 -0.119] | RPY [ 0.044 -0.006 -0.314] | Grip 1 (1.00) | Phase 5->5 | Ground 0.9cm | Target C | PredXYZ [-0.039 -0.139  0.822] | TrueXYZ [-0.04  -0.129  0.822] | EEF [-0.08  -0.068  0.938] | ObjZ 0.822 | Up 1.00 | Hold 0/0 | Age 3 (4) | Resets 0 | Shield 0
Ep 76 | Step 40/200 | XYZ [ 0.012 -0.039 -0.521] | RPY [ 0.006 -0.014  0.001] | Grip 1 (1.00) | Phase 6->6 | Ground 1.3cm | Target C | PredXYZ [-0.051 -0.135  0.822] | TrueXYZ [-0.04  -0.129  0.822] | EEF [-0.069 -0.059  0.884] | ObjZ 0.822 | Up 1.00 | Hold 0/0 | Age 0 (1) | Resets 0 | Shield 0
Ep 76 | Step 60/200 | XYZ [ 0.007 -0.006 -0.077] | RPY [ 0.     0.001 -0.001] | Grip 1 (1.00) | Phase 6->6 | Ground 0.7cm | Target C | PredXYZ [-0.044 -0.135  0.822] | TrueXYZ [-0.04  -0.129  0.822] | EEF [-0.072 -0.064  0.82 ] | ObjZ 0.822 | Up 1.00 | Hold 0/0 | Age 0 (1) | Resets 0 | Shield 0
Ep 76 | Step 80/200 | XYZ [0.004 0.072 0.037] | RPY [-0.016 -0.003 -0.012] | Grip 1 (1.00) | Phase 8->8 | Ground 1.2cm | Target C | PredXYZ [-0.028 -0.19   0.823] | TrueXYZ [-0.034 -0.181  0.823] | EEF [-0.057 -0.147  0.819] | ObjZ 0.823 | Up 1.00 | Hold 0/0 | Age 3 (4) | Resets 2 | Shield 12
Ep 76 | Step 100/200 | XYZ [-0.006  0.039  0.031] | RPY [-0.002  0.004 -0.004] | Grip 1 (1.00) | Phase 8->8 | Ground 1.1cm | Target C | PredXYZ [-0.037 -0.193  0.823] | TrueXYZ [-0.036 -0.182  0.822] | EEF [-0.063 -0.142  0.83 ] | ObjZ 0.822 | Up 1.00 | Hold 0/0 | Age 3 (4) | Resets 2 | Shield 12
Ep 76 | Step 120/200 | XYZ [0.001 0.058 0.002] | RPY [-0.002  0.005 -0.006] | Grip 1 (1.00) | Phase 8->8 | Ground 1.3cm | Target C | PredXYZ [-0.025 -0.188  0.822] | TrueXYZ [-0.036 -0.182  0.822] | EEF [-0.066 -0.132  0.831] | ObjZ 0.822 | Up 1.00 | Hold 0/0 | Age 3 (4) | Resets 2 | Shield 12
Ep 76 | Step 140/200 | XYZ [0.004 0.028 0.001] | RPY [ 0.003  0.004 -0.005] | Grip 1 (1.00) | Phase 8->8 | Ground 1.4cm | Target C | PredXYZ [-0.022 -0.181  0.822] | TrueXYZ [-0.036 -0.182  0.822] | EEF [-0.067 -0.124  0.83 ] | ObjZ 0.822 | Up 1.00 | Hold 0/0 | Age 3 (4) | Resets 2 | Shield 12
Ep 76 | Step 160/200 | XYZ [ 0.     0.002 -0.003] | RPY [ 0.003  0.004 -0.005] | Grip 1 (1.00) | Phase 8->8 | Ground 1.5cm | Target C | PredXYZ [-0.021 -0.186  0.822] | TrueXYZ [-0.036 -0.182  0.822] | EEF [-0.069 -0.122  0.829] | ObjZ 0.822 | Up 1.00 | Hold 0/0 | Age 3 (4) | Resets 2 | Shield 12
Ep 76 | Step 180/200 | XYZ [-0.003  0.014 -0.001] | RPY [ 0.003  0.004 -0.004] | Grip 1 (1.00) | Phase 8->8 | Ground 1.1cm | Target C | PredXYZ [-0.025 -0.182  0.823] | TrueXYZ [-0.036 -0.182  0.822] | EEF [-0.07  -0.12   0.828] | ObjZ 0.822 | Up 1.00 | Hold 0/0 | Age 3 (4) | Resets 2 | Shield 12
Ep 76 | Step 200/200 | XYZ [-0.005  0.011 -0.004] | RPY [ 0.003  0.004 -0.006] | Grip 1 (1.00) | Phase 8->8 | Ground 1.2cm | Target C | PredXYZ [-0.025 -0.176  0.822] | TrueXYZ [-0.036 -0.182  0.822] | EEF [-0.072 -0.117  0.826] | ObjZ 0.822 | Up 1.00 | Hold 0/0 | Age 3 (4) | Resets 2 | Shield 12
Episode 76: Fail | failure=insufficient_push_distance | termination=horizon
Episode 77/120: Push the red cube away from the robot | ensemble=temporal
Ep 77 | Step 1/200 | XYZ [-0.018  0.133 -0.59 ] | RPY [ 0.002  0.001 -0.9  ] | Grip 1 (1.00) | Phase 5->5 | Ground 0.8cm | Target A | PredXYZ [-0.111  0.129  0.824] | TrueXYZ [-0.104  0.124  0.821] | EEF [-0.098  0.009  1.016] | ObjZ 0.821 | Up 1.00 | Hold 0/0 | Age 0 (1) | Resets 0 | Shield 0
Ep 77 | Step 20/200 | XYZ [ 0.05   0.143 -0.116] | RPY [ 0.041 -0.012 -0.734] | Grip 1 (1.00) | Phase 5->5 | Ground 0.8cm | Target A | PredXYZ [-0.107  0.131  0.821] | TrueXYZ [-0.104  0.124  0.822] | EEF [-0.109  0.02   0.933] | ObjZ 0.822 | Up 1.00 | Hold 0/0 | Age 3 (4) | Resets 0 | Shield 0
Ep 77 | Step 40/200 | XYZ [ 0.037 -0.004 -0.461] | RPY [ 0.005 -0.013 -0.006] | Grip 1 (1.00) | Phase 6->6 | Ground 0.8cm | Target A | PredXYZ [-0.112  0.124  0.822] | TrueXYZ [-0.104  0.124  0.822] | EEF [-0.107  0.042  0.879] | ObjZ 0.822 | Up 1.00 | Hold 0/0 | Age 0 (1) | Resets 0 | Shield 0
Ep 77 | Step 60/200 | XYZ [ 0.026 -0.003 -0.073] | RPY [ 0.001  0.001 -0.002] | Grip 1 (1.00) | Phase 6->6 | Ground 0.4cm | Target A | PredXYZ [-0.108  0.123  0.822] | TrueXYZ [-0.104  0.124  0.822] | EEF [-0.103  0.041  0.825] | ObjZ 0.822 | Up 1.00 | Hold 0/0 | Age 0 (1) | Resets 0 | Shield 0
Ep 77 | Step 80/200 | XYZ [ 0.012  0.352 -0.021] | RPY [ 0.007  0.001 -0.   ] | Grip 1 (1.00) | Phase 7->7 | Ground 0.8cm | Target A | PredXYZ [-0.11   0.177  0.823] | TrueXYZ [-0.105  0.173  0.822] | EEF [-0.105  0.136  0.824] | ObjZ 0.822 | Up 1.00 | Hold 0/0 | Age 0 (1) | Resets 2 | Shield 0
Ep 77 | Step 96/200 | XYZ [ 0.036  0.447 -0.003] | RPY [-0.001  0.001 -0.006] | Grip 1 (1.00) | Phase 7->7 | Ground 1.4cm | Target A | PredXYZ [-0.101  0.187  0.823] | TrueXYZ [-0.099  0.204  0.826] | EEF [-0.09   0.174  0.83 ] | ObjZ 0.826 | Up 0.98 | Hold 5/5 | Age 0 (1) | Resets 2 | Shield 0
Episode 77: Clean Success | failure=success | termination=success
Episode 78/120: Pick up the red cube | ensemble=temporal
Ep 78 | Step 1/200 | XYZ [ 0.9   -0.817 -0.399] | RPY [ 0.002  0.001 -0.733] | Grip -1 (0.00) | Phase 0->0 | Ground 1.2cm | Target A | PredXYZ [ 0.067 -0.124  0.824] | TrueXYZ [ 0.062 -0.113  0.821] | EEF [-0.099  0.011  1.002] | ObjZ 0.821 | Up 1.00 | Hold 0/0 | Age 0 (1) | Resets 0 | Shield 0
Ep 78 | Step 20/200 | XYZ [ 0.239 -0.171 -0.065] | RPY [-0.003 -0.01  -0.003] | Grip -1 (0.00) | Phase 0->0 | Ground 0.6cm | Target A | PredXYZ [ 0.061 -0.12   0.822] | TrueXYZ [ 0.062 -0.113  0.822] | EEF [ 0.029 -0.084  0.953] | ObjZ 0.822 | Up 1.00 | Hold 0/0 | Age 3 (4) | Resets 0 | Shield 0
Ep 78 | Step 40/200 | XYZ [ 0.038 -0.041 -0.519] | RPY [ 0.002 -0.006  0.004] | Grip -1 (0.00) | Phase 1->1 | Ground 0.9cm | Target A | PredXYZ [ 0.057 -0.121  0.822] | TrueXYZ [ 0.062 -0.113  0.822] | EEF [ 0.06  -0.103  0.892] | ObjZ 0.822 | Up 1.00 | Hold 0/0 | Age 0 (1) | Resets 0 | Shield 0
Ep 78 | Step 60/200 | XYZ [ 0.01  -0.009 -0.116] | RPY [ 0.    -0.001  0.002] | Grip -1 (0.00) | Phase 1->1 | Ground 0.8cm | Target A | PredXYZ [ 0.069 -0.117  0.822] | TrueXYZ [ 0.062 -0.113  0.822] | EEF [ 0.064 -0.107  0.828] | ObjZ 0.822 | Up 1.00 | Hold 0/0 | Age 0 (1) | Resets 0 | Shield 0
Ep 78 | Step 80/200 | XYZ [0.004 0.    0.64 ] | RPY [-0.003 -0.002 -0.003] | Grip 1 (1.00) | Phase 3->3 | Ground 1.0cm | Target A | PredXYZ [ 0.065 -0.122  0.85 ] | TrueXYZ [ 0.063 -0.113  0.858] | EEF [ 0.064 -0.112  0.854] | ObjZ 0.858 | Up 1.00 | Hold 3/0 | Age 0 (1) | Resets 3 | Shield 0
Ep 78 | Step 82/200 | XYZ [ 0.005 -0.     0.571] | RPY [-0.003  0.001 -0.003] | Grip 1 (1.00) | Phase 3->3 | Ground 1.0cm | Target A | PredXYZ [ 0.068 -0.12   0.87 ] | TrueXYZ [ 0.062 -0.113  0.872] | EEF [ 0.064 -0.112  0.868] | ObjZ 0.872 | Up 1.00 | Hold 5/0 | Age 0 (1) | Resets 4 | Shield 0
Ep 78 | Step 88/200 | XYZ [ 0.004 -0.     0.423] | RPY [-0.001  0.006 -0.004] | Grip 1 (1.00) | Phase 3->3 | Ground 1.0cm | Target A | PredXYZ [ 0.068 -0.118  0.904] | TrueXYZ [ 0.06  -0.114  0.906] | EEF [ 0.062 -0.113  0.902] | ObjZ 0.906 | Up 1.00 | Hold 11/5 | Age 0 (1) | Resets 7 | Shield 0
Episode 78: Clean Success | failure=success | termination=success
Scene rejected for ('push', 'A'): Deterministic push path is blocked by a distractor
Scene rejected for ('push', 'A'): Deterministic push path is blocked by a distractor
Episode 79/120: Push the red cube away from the robot | ensemble=temporal
Ep 79 | Step 1/200 | XYZ [ 0.833  0.366 -0.532] | RPY [-0.002 -0.002  0.888] | Grip 1 (1.00) | Phase 5->5 | Ground 0.9cm | Target A | PredXYZ [0.115 0.109 0.824] | TrueXYZ [0.11  0.102 0.821] | EEF [-0.097  0.018  1.004] | ObjZ 0.821 | Up 1.00 | Hold 0/0 | Age 0 (1) | Resets 0 | Shield 0
Ep 79 | Step 20/200 | XYZ [ 0.194  0.095 -0.103] | RPY [-0.006 -0.006 -0.   ] | Grip 1 (1.00) | Phase 5->5 | Ground 0.7cm | Target A | PredXYZ [0.116 0.105 0.822] | TrueXYZ [0.11  0.102 0.822] | EEF [0.006 0.055 0.938] | ObjZ 0.822 | Up 1.00 | Hold 0/0 | Age 3 (4) | Resets 0 | Shield 0
Ep 79 | Step 40/200 | XYZ [ 0.031  0.024 -0.365] | RPY [-0.002 -0.002 -0.002] | Grip 1 (1.00) | Phase 6->6 | Ground 0.5cm | Target A | PredXYZ [0.114 0.099 0.822] | TrueXYZ [0.11  0.102 0.822] | EEF [0.03  0.065 0.866] | ObjZ 0.822 | Up 1.00 | Hold 0/0 | Age 0 (1) | Resets 0 | Shield 0
Ep 79 | Step 60/200 | XYZ [ 0.122  0.055 -0.052] | RPY [-0.001 -0.002 -0.002] | Grip 1 (1.00) | Phase 7->7 | Ground 0.3cm | Target A | PredXYZ [0.113 0.103 0.822] | TrueXYZ [0.11  0.102 0.822] | EEF [0.033 0.067 0.823] | ObjZ 0.822 | Up 1.00 | Hold 0/0 | Age 0 (1) | Resets 0 | Shield 0
Ep 79 | Step 80/200 | XYZ [0.312 0.154 0.   ] | RPY [ 0.001 -0.006 -0.003] | Grip 1 (1.00) | Phase 7->7 | Ground 0.9cm | Target A | PredXYZ [0.176 0.126 0.822] | TrueXYZ [0.176 0.12  0.822] | EEF [0.144 0.116 0.816] | ObjZ 0.822 | Up 1.00 | Hold 1/1 | Age 0 (1) | Resets 1 | Shield 8
Ep 79 | Step 84/200 | XYZ [-0.054 -0.024  0.   ] | RPY [ 0.009 -0.033 -0.004] | Grip 1 (1.00) | Phase 8->8 | Ground 0.3cm | Target A | PredXYZ [0.184 0.124 0.822] | TrueXYZ [0.183 0.123 0.822] | EEF [0.151 0.118 0.82 ] | ObjZ 0.822 | Up 1.00 | Hold 5/5 | Age 3 (4) | Resets 1 | Shield 12
Episode 79: Clean Success | failure=success | termination=success
Scene rejected for ('push', 'C'): Deterministic push path is blocked by a distractor
Scene rejected for ('push', 'C'): Deterministic push path is blocked by a distractor
Scene rejected for ('push', 'C'): Deterministic push path is blocked by a distractor
Scene rejected for ('push', 'C'): Deterministic push path is blocked by a distractor
Scene rejected for ('push', 'C'): Deterministic push path is blocked by a distractor
Scene rejected for ('push', 'C'): Deterministic push path is blocked by a distractor
Scene rejected for ('push', 'C'): Deterministic push path is blocked by a distractor
Scene rejected for ('push', 'C'): Deterministic push path is blocked by a distractor
Scene rejected for ('push', 'C'): Deterministic push path is blocked by a distractor
Scene rejected for ('push', 'C'): Deterministic push path is blocked by a distractor
Scene rejected for ('push', 'C'): Deterministic push path is blocked by a distractor
Scene rejected for ('push', 'C'): Deterministic push path is blocked by a distractor
Scene rejected for ('push', 'C'): Deterministic push path is blocked by a distractor
Episode 80/120: Push the green cylinder away from the robot | ensemble=temporal
Ep 80 | Step 1/200 | XYZ [-0.044  0.22  -0.616] | RPY [-0.001 -0.002 -0.9  ] | Grip 1 (1.00) | Phase 5->5 | Ground 0.7cm | Target C | PredXYZ [-0.121  0.132  0.824] | TrueXYZ [-0.115  0.129  0.822] | EEF [-0.09  -0.005  1.021] | ObjZ 0.822 | Up 1.00 | Hold 0/0 | Age 0 (1) | Resets 0 | Shield 0
Ep 80 | Step 20/200 | XYZ [ 0.035  0.146 -0.126] | RPY [ 0.038 -0.013 -0.75 ] | Grip 1 (1.00) | Phase 5->5 | Ground 0.7cm | Target C | PredXYZ [-0.123  0.13   0.822] | TrueXYZ [-0.115  0.129  0.822] | EEF [-0.109  0.011  0.936] | ObjZ 0.822 | Up 1.00 | Hold 0/0 | Age 3 (4) | Resets 0 | Shield 0
Ep 80 | Step 40/200 | XYZ [ 0.05  -0.004 -0.556] | RPY [ 0.005 -0.01   0.007] | Grip 1 (1.00) | Phase 6->6 | Ground 0.1cm | Target C | PredXYZ [-0.116  0.129  0.822] | TrueXYZ [-0.115  0.129  0.822] | EEF [-0.11   0.032  0.891] | ObjZ 0.822 | Up 1.00 | Hold 0/0 | Age 0 (1) | Resets 0 | Shield 0
Ep 80 | Step 60/200 | XYZ [ 0.029 -0.009 -0.096] | RPY [-0.001  0.004  0.   ] | Grip 1 (1.00) | Phase 6->6 | Ground 0.4cm | Target C | PredXYZ [-0.119  0.127  0.822] | TrueXYZ [-0.115  0.129  0.822] | EEF [-0.107  0.032  0.822] | ObjZ 0.822 | Up 1.00 | Hold 0/0 | Age 0 (1) | Resets 0 | Shield 0
Ep 80 | Step 80/200 | XYZ [-0.028  0.53  -0.034] | RPY [0.    0.011 0.   ] | Grip 1 (1.00) | Phase 7->7 | Ground 0.7cm | Target C | PredXYZ [-0.123  0.156  0.823] | TrueXYZ [-0.116  0.156  0.826] | EEF [-0.113  0.115  0.822] | ObjZ 0.826 | Up 0.98 | Hold 0/0 | Age 0 (1) | Resets 0 | Shield 14
Ep 80 | Step 100/200 | XYZ [-0.013  0.132  0.003] | RPY [-0.     0.    -0.004] | Grip 1 (1.00) | Phase 8->8 | Ground 1.4cm | Target C | PredXYZ [-0.119  0.187  0.824] | TrueXYZ [-0.108  0.194  0.829] | EEF [-0.095  0.157  0.831] | ObjZ 0.829 | Up 0.98 | Hold 0/0 | Age 3 (4) | Resets 1 | Shield 14
Ep 80 | Step 106/200 | XYZ [-0.011  0.097  0.002] | RPY [-0.001  0.    -0.004] | Grip 1 (1.00) | Phase 8->8 | Ground 1.3cm | Target C | PredXYZ [-0.121  0.194  0.825] | TrueXYZ [-0.109  0.2    0.828] | EEF [-0.096  0.162  0.832] | ObjZ 0.828 | Up 0.98 | Hold 5/5 | Age 3 (4) | Resets 1 | Shield 14
Episode 80: Clean Success | failure=success | termination=success
Episode 81/120: Pick up the green cylinder | ensemble=temporal
Ep 81 | Step 1/200 | XYZ [ 0.79  -0.535 -0.46 ] | RPY [-0.001  0.001  0.   ] | Grip -1 (0.00) | Phase 0->0 | Ground 0.4cm | Target C | PredXYZ [ 0.041 -0.076  0.824] | TrueXYZ [ 0.037 -0.075  0.822] | EEF [-0.088  0.012  1.015] | ObjZ 0.822 | Up 1.00 | Hold 0/0 | Age 0 (1) | Resets 0 | Shield 0
Ep 81 | Step 20/200 | XYZ [ 0.208 -0.121 -0.084] | RPY [-0.006 -0.001 -0.004] | Grip -1 (0.00) | Phase 0->0 | Ground 0.8cm | Target C | PredXYZ [ 0.038 -0.082  0.822] | TrueXYZ [ 0.036 -0.075  0.822] | EEF [ 0.012 -0.059  0.956] | ObjZ 0.822 | Up 1.00 | Hold 0/0 | Age 3 (4) | Resets 0 | Shield 0
Ep 81 | Step 40/200 | XYZ [ 0.03  -0.019 -0.43 ] | RPY [ 0.001 -0.002  0.002] | Grip -1 (0.00) | Phase 1->1 | Ground 1.1cm | Target C | PredXYZ [ 0.033 -0.085  0.822] | TrueXYZ [ 0.036 -0.075  0.822] | EEF [ 0.038 -0.07   0.879] | ObjZ 0.822 | Up 1.00 | Hold 0/0 | Age 0 (1) | Resets 0 | Shield 0
Ep 81 | Step 60/200 | XYZ [ 0.008  0.004 -0.09 ] | RPY [-0.001  0.    -0.001] | Grip -1 (0.00) | Phase 1->1 | Ground 1.2cm | Target C | PredXYZ [ 0.032 -0.087  0.822] | TrueXYZ [ 0.036 -0.075  0.822] | EEF [ 0.04  -0.074  0.827] | ObjZ 0.822 | Up 1.00 | Hold 0/0 | Age 0 (1) | Resets 0 | Shield 0
Ep 81 | Step 76/200 | XYZ [0.006 0.002 0.564] | RPY [-0.001  0.008 -0.003] | Grip 1 (1.00) | Phase 3->3 | Ground 0.4cm | Target C | PredXYZ [ 0.036 -0.077  0.867] | TrueXYZ [ 0.033 -0.075  0.87 ] | EEF [ 0.038 -0.076  0.87 ] | ObjZ 0.870 | Up 1.00 | Hold 5/0 | Age 0 (1) | Resets 4 | Shield 0
Ep 81 | Step 80/200 | XYZ [0.005 0.002 0.454] | RPY [-0.001  0.007 -0.003] | Grip 1 (1.00) | Phase 3->3 | Ground 0.8cm | Target C | PredXYZ [ 0.031 -0.078  0.896] | TrueXYZ [ 0.032 -0.076  0.894] | EEF [ 0.036 -0.076  0.893] | ObjZ 0.894 | Up 1.00 | Hold 9/3 | Age 0 (1) | Resets 5 | Shield 0
Ep 81 | Step 82/200 | XYZ [0.005 0.002 0.412] | RPY [-0.001  0.006 -0.003] | Grip 1 (1.00) | Phase 3->3 | Ground 0.9cm | Target C | PredXYZ [ 0.022 -0.075  0.898] | TrueXYZ [ 0.031 -0.076  0.904] | EEF [ 0.036 -0.076  0.903] | ObjZ 0.904 | Up 1.00 | Hold 11/5 | Age 0 (1) | Resets 5 | Shield 0
Episode 81: Clean Success | failure=success | termination=success
Episode 82/120: Pick up the blue ball | ensemble=temporal
Ep 82 | Step 1/200 | XYZ [-0.092 -0.533 -0.443] | RPY [ 0.003 -0.003  0.001] | Grip -1 (0.00) | Phase 0->0 | Ground 1.2cm | Target B | PredXYZ [-0.112 -0.089  0.828] | TrueXYZ [-0.1   -0.092  0.826] | EEF [-0.097  0.002  1.016] | ObjZ 0.826 | Up 1.00 | Hold 0/0 | Age 0 (1) | Resets 0 | Shield 0
Ep 82 | Step 20/200 | XYZ [-0.005 -0.163 -0.111] | RPY [ 0.     0.006 -0.002] | Grip -1 (0.00) | Phase 0->0 | Ground 0.5cm | Target B | PredXYZ [-0.099 -0.087  0.827] | TrueXYZ [-0.1   -0.092  0.826] | EEF [-0.108 -0.067  0.96 ] | ObjZ 0.826 | Up 1.00 | Hold 0/0 | Age 3 (4) | Resets 0 | Shield 0
Ep 82 | Step 40/200 | XYZ [ 0.018 -0.014 -0.348] | RPY [-0.003  0.009 -0.006] | Grip -1 (0.00) | Phase 1->1 | Ground 0.1cm | Target B | PredXYZ [-0.1   -0.091  0.826] | TrueXYZ [-0.1   -0.092  0.826] | EEF [-0.11  -0.09   0.865] | ObjZ 0.826 | Up 1.00 | Hold 0/0 | Age 0 (1) | Resets 0 | Shield 0
Ep 82 | Step 60/200 | XYZ [ 0.051  0.046 -0.057] | RPY [-0.003  0.006 -0.004] | Grip -1 (0.00) | Phase 1->1 | Ground 1.0cm | Target B | PredXYZ [-0.11  -0.095  0.826] | TrueXYZ [-0.1   -0.092  0.826] | EEF [-0.114 -0.098  0.821] | ObjZ 0.826 | Up 1.00 | Hold 0/0 | Age 0 (1) | Resets 0 | Shield 0
Ep 82 | Step 80/200 | XYZ [0.017 0.003 0.598] | RPY [0.007 0.031 0.001] | Grip 1 (1.00) | Phase 3->3 | Ground 1.7cm | Target B | PredXYZ [-0.119 -0.09   0.853] | TrueXYZ [-0.103 -0.087  0.864] | EEF [-0.112 -0.09   0.857] | ObjZ 0.864 | Up 1.00 | Hold 4/0 | Age 0 (1) | Resets 1 | Shield 0
Ep 82 | Step 81/200 | XYZ [0.017 0.004 0.574] | RPY [0.006 0.029 0.001] | Grip 1 (1.00) | Phase 3->3 | Ground 1.6cm | Target B | PredXYZ [-0.119 -0.086  0.86 ] | TrueXYZ [-0.104 -0.086  0.87 ] | EEF [-0.113 -0.09   0.863] | ObjZ 0.870 | Up 1.00 | Hold 5/0 | Age 0 (1) | Resets 1 | Shield 0
Ep 82 | Step 87/200 | XYZ [0.017 0.005 0.436] | RPY [0.005 0.011 0.001] | Grip 1 (1.00) | Phase 3->3 | Ground 2.2cm | Target B | PredXYZ [-0.127 -0.087  0.904] | TrueXYZ [-0.105 -0.083  0.905] | EEF [-0.114 -0.086  0.898] | ObjZ 0.905 | Up 1.00 | Hold 11/5 | Age 0 (1) | Resets 3 | Shield 0
Episode 82: Clean Success | failure=success | termination=success
Scene rejected for ('push', 'A'): Deterministic push path is blocked by a distractor
Scene rejected for ('push', 'A'): Deterministic push path is blocked by a distractor
Scene rejected for ('push', 'A'): Deterministic push path is blocked by a distractor
Scene rejected for ('push', 'A'): Deterministic push path is blocked by a distractor
Scene rejected for ('push', 'A'): Deterministic push path is blocked by a distractor
Episode 83/120: Push the red cube away from the robot | ensemble=temporal
Ep 83 | Step 1/200 | XYZ [ 0.275  0.202 -0.538] | RPY [-0.001 -0.001  0.9  ] | Grip 1 (1.00) | Phase 5->5 | Ground 0.3cm | Target A | PredXYZ [0.004 0.1   0.824] | TrueXYZ [0.002 0.098 0.821] | EEF [-0.104  0.018  1.004] | ObjZ 0.821 | Up 1.00 | Hold 0/0 | Age 0 (1) | Resets 0 | Shield 0
Ep 83 | Step 20/200 | XYZ [ 0.091  0.062 -0.103] | RPY [-0.016  0.003  0.014] | Grip 1 (1.00) | Phase 5->5 | Ground 0.6cm | Target A | PredXYZ [-0.001  0.103  0.822] | TrueXYZ [0.002 0.098 0.822] | EEF [-0.078  0.034  0.934] | ObjZ 0.822 | Up 1.00 | Hold 0/0 | Age 3 (4) | Resets 0 | Shield 0
Ep 83 | Step 40/200 | XYZ [ 0.013  0.034 -0.314] | RPY [-0.002  0.001 -0.003] | Grip 1 (1.00) | Phase 6->6 | Ground 0.4cm | Target A | PredXYZ [0.002 0.102 0.822] | TrueXYZ [0.002 0.098 0.822] | EEF [-0.065  0.037  0.861] | ObjZ 0.822 | Up 1.00 | Hold 0/0 | Age 0 (1) | Resets 0 | Shield 0
Ep 83 | Step 60/200 | XYZ [ 0.62   0.527 -0.029] | RPY [-0.008  0.013 -0.005] | Grip 1 (1.00) | Phase 7->7 | Ground 0.9cm | Target A | PredXYZ [-0.     0.107  0.822] | TrueXYZ [0.002 0.098 0.822] | EEF [-0.056  0.049  0.823] | ObjZ 0.822 | Up 1.00 | Hold 0/0 | Age 0 (1) | Resets 0 | Shield 0
Ep 83 | Step 80/200 | XYZ [ 0.012  0.022 -0.004] | RPY [ 0.006 -0.003 -0.001] | Grip 1 (1.00) | Phase 8->8 | Ground 1.3cm | Target A | PredXYZ [0.04  0.16  0.822] | TrueXYZ [0.052 0.154 0.822] | EEF [0.035 0.126 0.819] | ObjZ 0.822 | Up 1.00 | Hold 3/3 | Age 3 (4) | Resets 1 | Shield 0
Ep 83 | Step 82/200 | XYZ [-0.029 -0.028  0.005] | RPY [ 0.011 -0.012 -0.001] | Grip 1 (1.00) | Phase 8->8 | Ground 0.7cm | Target A | PredXYZ [0.049 0.161 0.822] | TrueXYZ [0.053 0.155 0.822] | EEF [0.036 0.128 0.82 ] | ObjZ 0.822 | Up 1.00 | Hold 5/5 | Age 3 (4) | Resets 1 | Shield 0
Episode 83: Clean Success | failure=success | termination=success
Scene rejected for ('push', 'B'): Deterministic push path is blocked by a distractor
Scene rejected for ('push', 'B'): Deterministic push path is blocked by a distractor
Episode 84/120: Push the blue ball away from the robot | ensemble=temporal
Ep 84 | Step 1/200 | XYZ [ 0.534 -0.389 -0.523] | RPY [ 0.    -0.002 -0.9  ] | Grip 1 (1.00) | Phase 5->5 | Ground 0.8cm | Target B | PredXYZ [ 0.038 -0.11   0.828] | TrueXYZ [ 0.046 -0.106  0.826] | EEF [-0.113 -0.008  1.009] | ObjZ 0.826 | Up 1.00 | Hold 0/0 | Age 0 (1) | Resets 0 | Shield 0
Ep 84 | Step 20/200 | XYZ [ 0.144 -0.114 -0.105] | RPY [ 0.012 -0.001 -0.   ] | Grip 1 (1.00) | Phase 5->5 | Ground 0.5cm | Target B | PredXYZ [ 0.04  -0.108  0.826] | TrueXYZ [ 0.046 -0.106  0.826] | EEF [-0.049 -0.045  0.941] | ObjZ 0.826 | Up 1.00 | Hold 0/0 | Age 3 (4) | Resets 0 | Shield 0
Ep 84 | Step 40/200 | XYZ [ 0.014 -0.032 -0.346] | RPY [ 0.001 -0.002  0.004] | Grip 1 (1.00) | Phase 6->6 | Ground 0.6cm | Target B | PredXYZ [ 0.042 -0.11   0.826] | TrueXYZ [ 0.046 -0.106  0.826] | EEF [-0.032 -0.057  0.871] | ObjZ 0.826 | Up 1.00 | Hold 0/0 | Age 0 (1) | Resets 0 | Shield 0
Ep 84 | Step 60/200 | XYZ [ 0.9   -0.741 -0.041] | RPY [0.012 0.018 0.002] | Grip 1 (1.00) | Phase 7->7 | Ground 0.6cm | Target B | PredXYZ [ 0.04  -0.109  0.826] | TrueXYZ [ 0.046 -0.106  0.826] | EEF [-0.02  -0.069  0.828] | ObjZ 0.826 | Up 1.00 | Hold 0/0 | Age 0 (1) | Resets 0 | Shield 0
Ep 84 | Step 74/200 | XYZ [-0.079  0.071 -0.008] | RPY [-0.021 -0.039 -0.004] | Grip 1 (1.00) | Phase 8->8 | Ground 0.6cm | Target B | PredXYZ [ 0.104 -0.152  0.826] | TrueXYZ [ 0.112 -0.155  0.826] | EEF [ 0.079 -0.139  0.828] | ObjZ 0.826 | Up 1.00 | Hold 5/5 | Age 2 (3) | Resets 3 | Shield 0
Episode 84: Clean Success | failure=success | termination=success
Episode 85/120: Push the blue ball away from the robot | ensemble=temporal
Ep 85 | Step 1/200 | XYZ [ 0.52   0.21  -0.481] | RPY [-0.002 -0.001  0.825] | Grip 1 (1.00) | Phase 5->5 | Ground 0.4cm | Target B | PredXYZ [0.045 0.073 0.828] | TrueXYZ [0.047 0.07  0.826] | EEF [-0.107  0.008  1.   ] | ObjZ 0.826 | Up 1.00 | Hold 0/0 | Age 0 (1) | Resets 0 | Shield 0
Ep 85 | Step 20/200 | XYZ [ 0.125  0.076 -0.095] | RPY [-0.007  0.     0.003] | Grip 1 (1.00) | Phase 5->5 | Ground 0.7cm | Target B | PredXYZ [0.049 0.077 0.826] | TrueXYZ [0.047 0.07  0.826] | EEF [-0.049  0.024  0.938] | ObjZ 0.826 | Up 1.00 | Hold 0/0 | Age 3 (4) | Resets 0 | Shield 0
Ep 85 | Step 40/200 | XYZ [ 0.018  0.019 -0.261] | RPY [-0.001  0.004 -0.001] | Grip 1 (1.00) | Phase 6->6 | Ground 0.7cm | Target B | PredXYZ [0.047 0.078 0.826] | TrueXYZ [0.047 0.07  0.826] | EEF [-0.035  0.032  0.858] | ObjZ 0.826 | Up 1.00 | Hold 0/0 | Age 0 (1) | Resets 0 | Shield 0
Ep 85 | Step 60/200 | XYZ [ 0.9    0.476 -0.009] | RPY [-0.019  0.047 -0.011] | Grip 1 (1.00) | Phase 7->7 | Ground 0.6cm | Target B | PredXYZ [0.052 0.073 0.826] | TrueXYZ [0.047 0.07  0.826] | EEF [0.003 0.051 0.823] | ObjZ 0.826 | Up 1.00 | Hold 0/0 | Age 0 (1) | Resets 0 | Shield 0
Ep 85 | Step 72/200 | XYZ [-0.089 -0.056  0.01 ] | RPY [ 0.015 -0.041  0.003] | Grip 1 (1.00) | Phase 8->8 | Ground 0.4cm | Target B | PredXYZ [0.112 0.105 0.826] | TrueXYZ [0.117 0.106 0.826] | EEF [0.086 0.09  0.828] | ObjZ 0.826 | Up 1.00 | Hold 5/5 | Age 3 (4) | Resets 3 | Shield 1
Episode 85: Clean Success | failure=success | termination=success
Scene rejected for ('push', 'B'): Deterministic push path is blocked by a distractor
Episode 86/120: Push the blue ball away from the robot | ensemble=temporal
Ep 86 | Step 1/200 | XYZ [ 0.771  0.212 -0.564] | RPY [ 0.    -0.003  0.658] | Grip 1 (1.00) | Phase 5->5 | Ground 0.5cm | Target B | PredXYZ [0.103 0.085 0.828] | TrueXYZ [0.101 0.081 0.826] | EEF [-0.087  0.038  1.016] | ObjZ 0.826 | Up 1.00 | Hold 0/0 | Age 0 (1) | Resets 0 | Shield 0
Ep 86 | Step 20/200 | XYZ [ 0.163  0.066 -0.118] | RPY [-0.005 -0.003 -0.004] | Grip 1 (1.00) | Phase 5->5 | Ground 0.6cm | Target B | PredXYZ [0.106 0.084 0.826] | TrueXYZ [0.101 0.081 0.826] | EEF [-0.     0.053  0.946] | ObjZ 0.826 | Up 1.00 | Hold 0/0 | Age 3 (4) | Resets 0 | Shield 0
Ep 86 | Step 40/200 | XYZ [ 0.021  0.013 -0.394] | RPY [-0.001 -0.003  0.   ] | Grip 1 (1.00) | Phase 6->6 | Ground 0.9cm | Target B | PredXYZ [0.11  0.081 0.826] | TrueXYZ [0.101 0.081 0.826] | EEF [0.02  0.061 0.874] | ObjZ 0.826 | Up 1.00 | Hold 0/0 | Age 0 (1) | Resets 0 | Shield 0
Ep 86 | Step 60/200 | XYZ [ 0.9    0.345 -0.06 ] | RPY [-0.003 -0.001  0.002] | Grip 1 (1.00) | Phase 7->7 | Ground 0.2cm | Target B | PredXYZ [0.103 0.082 0.826] | TrueXYZ [0.101 0.081 0.826] | EEF [0.025 0.062 0.828] | ObjZ 0.826 | Up 1.00 | Hold 0/0 | Age 0 (1) | Resets 0 | Shield 0
Ep 86 | Step 76/200 | XYZ [-0.099 -0.04  -0.024] | RPY [ 0.011 -0.039  0.001] | Grip 1 (1.00) | Phase 8->8 | Ground 0.9cm | Target B | PredXYZ [0.178 0.116 0.825] | TrueXYZ [0.183 0.108 0.826] | EEF [0.15  0.099 0.824] | ObjZ 0.826 | Up 1.00 | Hold 5/5 | Age 2 (3) | Resets 5 | Shield 2
Episode 86: Clean Success | failure=success | termination=success
Scene rejected for ('push', 'B'): Deterministic push path is blocked by a distractor
Scene rejected for ('push', 'B'): Deterministic push path is blocked by a distractor
Scene rejected for ('push', 'B'): Deterministic push path is blocked by a distractor
Scene rejected for ('push', 'B'): Deterministic push path is blocked by a distractor
Scene rejected for ('push', 'B'): Deterministic push path leaves the safe workspace
Episode 87/120: Push the blue ball away from the robot | ensemble=temporal
Ep 87 | Step 1/200 | XYZ [ 0.15   0.168 -0.565] | RPY [ 0.    -0.005  0.9  ] | Grip 1 (1.00) | Phase 5->5 | Ground 0.6cm | Target B | PredXYZ [-0.015  0.096  0.828] | TrueXYZ [-0.01   0.093  0.826] | EEF [-0.088  0.009  1.015] | ObjZ 0.826 | Up 1.00 | Hold 0/0 | Age 0 (1) | Resets 0 | Shield 0
Ep 87 | Step 20/200 | XYZ [ 0.065  0.032 -0.108] | RPY [-0.022  0.007  0.058] | Grip 1 (1.00) | Phase 5->5 | Ground 0.4cm | Target B | PredXYZ [-0.014  0.093  0.826] | TrueXYZ [-0.01   0.093  0.826] | EEF [-0.081  0.021  0.94 ] | ObjZ 0.826 | Up 1.00 | Hold 0/0 | Age 3 (4) | Resets 0 | Shield 0
Ep 87 | Step 40/200 | XYZ [ 0.025  0.034 -0.326] | RPY [-0.003  0.002 -0.003] | Grip 1 (1.00) | Phase 6->6 | Ground 0.1cm | Target B | PredXYZ [-0.009  0.092  0.826] | TrueXYZ [-0.01   0.093  0.826] | EEF [-0.074  0.019  0.868] | ObjZ 0.826 | Up 1.00 | Hold 0/0 | Age 0 (1) | Resets 0 | Shield 0
Ep 87 | Step 60/200 | XYZ [ 0.79   0.897 -0.037] | RPY [-0.013  0.015 -0.007] | Grip 1 (1.00) | Phase 7->7 | Ground 0.6cm | Target B | PredXYZ [-0.016  0.094  0.826] | TrueXYZ [-0.01   0.093  0.826] | EEF [-0.063  0.032  0.828] | ObjZ 0.826 | Up 1.00 | Hold 0/0 | Age 0 (1) | Resets 0 | Shield 0
Ep 87 | Step 75/200 | XYZ [-0.04  -0.076  0.069] | RPY [ 0.021 -0.024  0.005] | Grip 1 (1.00) | Phase 8->8 | Ground 0.3cm | Target B | PredXYZ [0.039 0.147 0.826] | TrueXYZ [0.037 0.148 0.826] | EEF [0.015 0.12  0.83 ] | ObjZ 0.826 | Up 1.00 | Hold 5/5 | Age 3 (4) | Resets 4 | Shield 0
Episode 87: Clean Success | failure=success | termination=success
Episode 88/120: Pick up the green cylinder | ensemble=temporal
Ep 88 | Step 1/200 | XYZ [ 0.9   -0.625 -0.401] | RPY [0.001 0.002 0.006] | Grip -1 (0.00) | Phase 0->0 | Ground 0.9cm | Target C | PredXYZ [ 0.125 -0.108  0.824] | TrueXYZ [ 0.117 -0.105  0.822] | EEF [-0.107 -0.009  1.006] | ObjZ 0.822 | Up 1.00 | Hold 0/0 | Age 0 (1) | Resets 0 | Shield 0
Ep 88 | Step 20/200 | XYZ [ 0.43  -0.16  -0.055] | RPY [-0.007 -0.003 -0.005] | Grip -1 (0.00) | Phase 0->0 | Ground 0.6cm | Target C | PredXYZ [ 0.119 -0.111  0.822] | TrueXYZ [ 0.117 -0.105  0.822] | EEF [ 0.052 -0.101  0.954] | ObjZ 0.822 | Up 1.00 | Hold 0/0 | Age 3 (4) | Resets 0 | Shield 0
Ep 88 | Step 40/200 | XYZ [ 0.074 -0.029 -0.751] | RPY [ 0.001 -0.004  0.002] | Grip -1 (0.00) | Phase 1->1 | Ground 0.7cm | Target C | PredXYZ [ 0.12  -0.112  0.822] | TrueXYZ [ 0.117 -0.105  0.822] | EEF [ 0.107 -0.119  0.927] | ObjZ 0.822 | Up 1.00 | Hold 0/0 | Age 0 (1) | Resets 0 | Shield 0
Ep 88 | Step 60/200 | XYZ [ 0.018  0.004 -0.122] | RPY [-0.002 -0.006  0.004] | Grip 1 (0.61) | Phase 1->1 | Ground 1.3cm | Target C | PredXYZ [ 0.127 -0.114  0.824] | TrueXYZ [ 0.119 -0.104  0.824] | EEF [ 0.12  -0.12   0.854] | ObjZ 0.824 | Up 1.00 | Hold 0/0 | Age 0 (1) | Resets 0 | Shield 0
Ep 88 | Step 80/200 | XYZ [0.008 0.006 0.359] | RPY [-0.002 -0.001 -0.001] | Grip 1 (1.00) | Phase 3->3 | Ground 1.1cm | Target C | PredXYZ [ 0.128 -0.107  0.822] | TrueXYZ [ 0.118 -0.102  0.822] | EEF [ 0.126 -0.111  0.895] | ObjZ 0.822 | Up 1.00 | Hold 0/0 | Age 0 (1) | Resets 2 | Shield 0
Ep 88 | Step 100/200 | XYZ [-0.004  0.003 -0.57 ] | RPY [-0.002  0.001 -0.006] | Grip 1 (0.98) | Phase 6->6 | Ground 1.0cm | Target C | PredXYZ [ 0.123 -0.111  0.822] | TrueXYZ [ 0.118 -0.102  0.822] | EEF [ 0.119 -0.11   0.914] | ObjZ 0.822 | Up 1.00 | Hold 0/0 | Age 3 (4) | Resets 2 | Shield 0
Ep 88 | Step 120/200 | XYZ [ 0.002 -0.004 -0.083] | RPY [-0.004 -0.007  0.003] | Grip 1 (1.00) | Phase 2->2 | Ground 1.7cm | Target C | PredXYZ [ 0.132 -0.111  0.823] | TrueXYZ [ 0.127 -0.098  0.831] | EEF [ 0.137 -0.116  0.86 ] | ObjZ 0.831 | Up 0.93 | Hold 0/0 | Age 0 (1) | Resets 2 | Shield 0
Ep 88 | Step 140/200 | XYZ [-0.016  0.02   0.219] | RPY [-0.002  0.003 -0.007] | Grip 1 (1.00) | Phase 3->3 | Ground 1.6cm | Target C | PredXYZ [ 0.132 -0.103  0.825] | TrueXYZ [ 0.121 -0.096  0.824] | EEF [ 0.154 -0.107  0.918] | ObjZ 0.824 | Up 1.00 | Hold 0/0 | Age 0 (1) | Resets 9 | Shield 0
Ep 88 | Step 160/200 | XYZ [ 0.01  -0.    -0.549] | RPY [-0.001  0.     0.   ] | Grip 1 (0.69) | Phase 6->6 | Ground 0.9cm | Target C | PredXYZ [ 0.129 -0.096  0.822] | TrueXYZ [ 0.12  -0.097  0.822] | EEF [ 0.131 -0.103  0.897] | ObjZ 0.822 | Up 1.00 | Hold 0/0 | Age 3 (4) | Resets 9 | Shield 0
Ep 88 | Step 180/200 | XYZ [0.011 0.006 0.384] | RPY [-0.002 -0.004 -0.004] | Grip 1 (1.00) | Phase 3->3 | Ground 1.0cm | Target C | PredXYZ [ 0.129 -0.101  0.822] | TrueXYZ [ 0.12  -0.096  0.822] | EEF [ 0.141 -0.105  0.897] | ObjZ 0.822 | Up 1.00 | Hold 0/0 | Age 0 (1) | Resets 9 | Shield 0
Ep 88 | Step 200/200 | XYZ [-0.004  0.002 -0.588] | RPY [-0.002  0.002 -0.004] | Grip 1 (0.97) | Phase 6->6 | Ground 1.1cm | Target C | PredXYZ [ 0.131 -0.099  0.822] | TrueXYZ [ 0.12  -0.096  0.822] | EEF [ 0.131 -0.103  0.913] | ObjZ 0.822 | Up 1.00 | Hold 0/0 | Age 3 (4) | Resets 9 | Shield 0
Episode 88: Fail | failure=grasp_failed_after_contact | termination=horizon
Scene rejected for ('push', 'A'): Deterministic push path is blocked by a distractor
Scene rejected for ('push', 'A'): Deterministic push path is blocked by a distractor
Scene rejected for ('push', 'A'): Deterministic push path is blocked by a distractor
Scene rejected for ('push', 'A'): Deterministic push path is blocked by a distractor
Scene rejected for ('push', 'A'): Deterministic push path is blocked by a distractor
Scene rejected for ('push', 'A'): Deterministic push path is blocked by a distractor
Scene rejected for ('push', 'A'): Deterministic push path is blocked by a distractor
Scene rejected for ('push', 'A'): Deterministic push path is blocked by a distractor
Episode 89/120: Push the red cube away from the robot | ensemble=temporal
Ep 89 | Step 1/200 | XYZ [ 0.9    0.403 -0.504] | RPY [-0.001  0.001  0.797] | Grip 1 (1.00) | Phase 5->5 | Ground 0.2cm | Target A | PredXYZ [0.128 0.101 0.824] | TrueXYZ [0.127 0.1   0.821] | EEF [-0.109  0.007  0.998] | ObjZ 0.821 | Up 1.00 | Hold 0/0 | Age 0 (1) | Resets 0 | Shield 0
Ep 89 | Step 20/200 | XYZ [ 0.255  0.124 -0.098] | RPY [-0.006 -0.005  0.005] | Grip 1 (1.00) | Phase 5->5 | Ground 0.5cm | Target A | PredXYZ [0.128 0.105 0.822] | TrueXYZ [0.127 0.1   0.822] | EEF [0.014 0.046 0.933] | ObjZ 0.822 | Up 1.00 | Hold 0/0 | Age 3 (4) | Resets 0 | Shield 0
Ep 89 | Step 40/200 | XYZ [ 0.036  0.026 -0.4  ] | RPY [-0.002 -0.004 -0.001] | Grip 1 (1.00) | Phase 6->6 | Ground 0.1cm | Target A | PredXYZ [0.127 0.101 0.822] | TrueXYZ [0.127 0.1   0.822] | EEF [0.044 0.06  0.873] | ObjZ 0.822 | Up 1.00 | Hold 0/0 | Age 0 (1) | Resets 0 | Shield 0
Ep 89 | Step 60/200 | XYZ [ 0.007  0.009 -0.082] | RPY [ 0.    -0.002 -0.001] | Grip 1 (1.00) | Phase 6->6 | Ground 0.3cm | Target A | PredXYZ [0.127 0.097 0.822] | TrueXYZ [0.127 0.1   0.822] | EEF [0.048 0.062 0.825] | ObjZ 0.822 | Up 1.00 | Hold 0/0 | Age 0 (1) | Resets 0 | Shield 0
Ep 89 | Step 80/200 | XYZ [0.379 0.204 0.   ] | RPY [ 0.002 -0.004 -0.   ] | Grip 1 (1.00) | Phase 7->7 | Ground 0.7cm | Target A | PredXYZ [0.178 0.138 0.822] | TrueXYZ [0.177 0.136 0.822] | EEF [0.155 0.11  0.816] | ObjZ 0.822 | Up 1.00 | Hold 0/0 | Age 0 (1) | Resets 2 | Shield 8
Ep 89 | Step 86/200 | XYZ [-0.055 -0.022 -0.005] | RPY [ 0.009 -0.035 -0.003] | Grip 1 (1.00) | Phase 8->8 | Ground 0.7cm | Target A | PredXYZ [0.189 0.15  0.823] | TrueXYZ [0.193 0.143 0.824] | EEF [0.17  0.116 0.821] | ObjZ 0.824 | Up 1.00 | Hold 5/5 | Age 3 (4) | Resets 2 | Shield 11
Episode 89: Clean Success | failure=success | termination=success
Scene rejected for ('push', 'A'): Deterministic push path is blocked by a distractor
Scene rejected for ('push', 'A'): Deterministic push path is blocked by a distractor
Scene rejected for ('push', 'A'): Deterministic push path is blocked by a distractor
Scene rejected for ('push', 'A'): Deterministic push path is blocked by a distractor
Episode 90/120: Push the red cube away from the robot | ensemble=temporal
Ep 90 | Step 1/200 | XYZ [ 0.788 -0.403 -0.482] | RPY [ 0.001 -0.002 -0.898] | Grip 1 (1.00) | Phase 5->5 | Ground 0.9cm | Target A | PredXYZ [ 0.105 -0.108  0.824] | TrueXYZ [ 0.096 -0.106  0.821] | EEF [-0.1   -0.015  0.997] | ObjZ 0.821 | Up 1.00 | Hold 0/0 | Age 0 (1) | Resets 0 | Shield 0
Ep 90 | Step 20/200 | XYZ [ 0.168 -0.108 -0.095] | RPY [ 0.005 -0.006  0.003] | Grip 1 (1.00) | Phase 5->5 | Ground 1.0cm | Target A | PredXYZ [ 0.106 -0.108  0.822] | TrueXYZ [ 0.096 -0.106  0.822] | EEF [-0.005 -0.058  0.936] | ObjZ 0.822 | Up 1.00 | Hold 0/0 | Age 3 (4) | Resets 0 | Shield 0
Ep 90 | Step 40/200 | XYZ [ 0.026 -0.024 -0.328] | RPY [ 0.001 -0.001  0.002] | Grip 1 (1.00) | Phase 6->6 | Ground 1.2cm | Target A | PredXYZ [ 0.108 -0.107  0.822] | TrueXYZ [ 0.096 -0.106  0.822] | EEF [ 0.016 -0.07   0.864] | ObjZ 0.822 | Up 1.00 | Hold 0/0 | Age 0 (1) | Resets 0 | Shield 0
Ep 90 | Step 60/200 | XYZ [ 0.741 -0.344 -0.034] | RPY [ 0.001 -0.001 -0.001] | Grip 1 (1.00) | Phase 7->7 | Ground 0.8cm | Target A | PredXYZ [ 0.104 -0.104  0.822] | TrueXYZ [ 0.096 -0.106  0.822] | EEF [ 0.021 -0.073  0.824] | ObjZ 0.822 | Up 1.00 | Hold 0/0 | Age 0 (1) | Resets 0 | Shield 0
Ep 90 | Step 80/200 | XYZ [ 0.008 -0.009  0.   ] | RPY [-0.004 -0.007 -0.003] | Grip 1 (1.00) | Phase 8->8 | Ground 1.2cm | Target A | PredXYZ [ 0.172 -0.13   0.822] | TrueXYZ [ 0.164 -0.125  0.822] | EEF [ 0.129 -0.123  0.819] | ObjZ 0.822 | Up 1.00 | Hold 2/2 | Age 3 (4) | Resets 1 | Shield 11
Ep 90 | Step 83/200 | XYZ [-0.048  0.02  -0.005] | RPY [-0.008 -0.028 -0.001] | Grip 1 (1.00) | Phase 8->8 | Ground 1.6cm | Target A | PredXYZ [ 0.182 -0.128  0.822] | TrueXYZ [ 0.167 -0.126  0.822] | EEF [ 0.133 -0.124  0.822] | ObjZ 0.822 | Up 1.00 | Hold 5/5 | Age 3 (4) | Resets 1 | Shield 12
Episode 90: Clean Success | failure=success | termination=success
Scene rejected for ('push', 'C'): Deterministic push path is blocked by a distractor
Scene rejected for ('push', 'C'): Deterministic push path is blocked by a distractor
Episode 91/120: Push the green cylinder away from the robot | ensemble=temporal
Ep 91 | Step 1/200 | XYZ [ 0.865 -0.183 -0.543] | RPY [-0.  -0.  -0.4] | Grip 1 (1.00) | Phase 5->5 | Ground 1.2cm | Target C | PredXYZ [ 0.124 -0.043  0.824] | TrueXYZ [ 0.13  -0.032  0.822] | EEF [-0.103 -0.004  1.012] | ObjZ 0.822 | Up 1.00 | Hold 0/0 | Age 0 (1) | Resets 0 | Shield 0
Ep 91 | Step 20/200 | XYZ [ 0.239 -0.077 -0.118] | RPY [ 0.003 -0.003  0.001] | Grip 1 (1.00) | Phase 5->5 | Ground 1.1cm | Target C | PredXYZ [ 0.128 -0.043  0.822] | TrueXYZ [ 0.13  -0.032  0.822] | EEF [ 0.008 -0.024  0.94 ] | ObjZ 0.822 | Up 1.00 | Hold 0/0 | Age 3 (4) | Resets 0 | Shield 0
Ep 91 | Step 40/200 | XYZ [ 0.039 -0.009 -0.447] | RPY [ 0.    -0.005  0.002] | Grip 1 (1.00) | Phase 6->6 | Ground 0.5cm | Target C | PredXYZ [ 0.128 -0.037  0.822] | TrueXYZ [ 0.13  -0.032  0.822] | EEF [ 0.039 -0.031  0.876] | ObjZ 0.822 | Up 1.00 | Hold 0/0 | Age 0 (1) | Resets 0 | Shield 0
Ep 91 | Step 60/200 | XYZ [ 0.005  0.    -0.085] | RPY [ 0.    -0.002 -0.   ] | Grip 1 (1.00) | Phase 6->6 | Ground 1.1cm | Target C | PredXYZ [ 0.126 -0.043  0.822] | TrueXYZ [ 0.13  -0.032  0.822] | EEF [ 0.042 -0.031  0.822] | ObjZ 0.822 | Up 1.00 | Hold 0/0 | Age 0 (1) | Resets 0 | Shield 0
Ep 91 | Step 80/200 | XYZ [ 0.383 -0.059  0.   ] | RPY [-0.001 -0.    -0.001] | Grip 1 (1.00) | Phase 7->7 | Ground 0.7cm | Target C | PredXYZ [ 0.186 -0.044  0.824] | TrueXYZ [ 0.191 -0.038  0.823] | EEF [ 0.15  -0.052  0.815] | ObjZ 0.823 | Up 1.00 | Hold 0/0 | Age 0 (1) | Resets 1 | Shield 16
Ep 91 | Step 85/200 | XYZ [-0.065  0.017  0.   ] | RPY [-0.004 -0.032 -0.001] | Grip 1 (1.00) | Phase 8->8 | Ground 0.8cm | Target C | PredXYZ [ 0.196 -0.045  0.823] | TrueXYZ [ 0.203 -0.04   0.825] | EEF [ 0.162 -0.054  0.82 ] | ObjZ 0.825 | Up 1.00 | Hold 5/5 | Age 3 (4) | Resets 1 | Shield 19
Episode 91: Clean Success | failure=success | termination=success
Episode 92/120: Pick up the green cylinder | ensemble=temporal
Ep 92 | Step 1/200 | XYZ [ 0.847  0.666 -0.461] | RPY [-0.001  0.001  0.007] | Grip -1 (0.00) | Phase 0->0 | Ground 0.5cm | Target C | PredXYZ [0.052 0.096 0.824] | TrueXYZ [0.052 0.091 0.822] | EEF [-0.091 -0.014  1.017] | ObjZ 0.822 | Up 1.00 | Hold 0/0 | Age 0 (1) | Resets 0 | Shield 0
Ep 92 | Step 20/200 | XYZ [ 0.219  0.139 -0.08 ] | RPY [0.007 0.    0.008] | Grip -1 (0.00) | Phase 0->0 | Ground 0.9cm | Target C | PredXYZ [0.052 0.1   0.822] | TrueXYZ [0.052 0.091 0.822] | EEF [0.015 0.069 0.955] | ObjZ 0.822 | Up 1.00 | Hold 0/0 | Age 3 (4) | Resets 0 | Shield 0
Ep 92 | Step 40/200 | XYZ [ 0.034  0.027 -0.454] | RPY [-0.001 -0.004 -0.002] | Grip -1 (0.00) | Phase 1->1 | Ground 0.5cm | Target C | PredXYZ [0.052 0.096 0.821] | TrueXYZ [0.052 0.091 0.822] | EEF [0.043 0.084 0.881] | ObjZ 0.822 | Up 1.00 | Hold 0/0 | Age 0 (1) | Resets 0 | Shield 0
Ep 92 | Step 60/200 | XYZ [ 0.019  0.005 -0.099] | RPY [0.001 0.002 0.002] | Grip -1 (0.00) | Phase 1->1 | Ground 1.0cm | Target C | PredXYZ [0.042 0.094 0.822] | TrueXYZ [0.052 0.091 0.822] | EEF [0.046 0.09  0.824] | ObjZ 0.822 | Up 1.00 | Hold 0/0 | Age 0 (1) | Resets 0 | Shield 0
Ep 92 | Step 79/200 | XYZ [0.007 0.001 0.584] | RPY [-0.     0.008 -0.001] | Grip 1 (1.00) | Phase 3->3 | Ground 0.7cm | Target C | PredXYZ [0.045 0.096 0.861] | TrueXYZ [0.049 0.091 0.87 ] | EEF [0.046 0.091 0.864] | ObjZ 0.870 | Up 1.00 | Hold 5/0 | Age 0 (1) | Resets 2 | Shield 0
Ep 92 | Step 80/200 | XYZ [0.007 0.001 0.552] | RPY [-0.     0.008 -0.001] | Grip 1 (1.00) | Phase 3->3 | Ground 0.8cm | Target C | PredXYZ [0.053 0.097 0.873] | TrueXYZ [0.049 0.091 0.877] | EEF [0.045 0.091 0.87 ] | ObjZ 0.877 | Up 1.00 | Hold 6/0 | Age 0 (1) | Resets 3 | Shield 0
Ep 92 | Step 85/200 | XYZ [0.006 0.001 0.434] | RPY [-0.     0.006 -0.001] | Grip 1 (1.00) | Phase 3->3 | Ground 1.8cm | Target C | PredXYZ [0.06  0.092 0.912] | TrueXYZ [0.047 0.091 0.905] | EEF [0.044 0.092 0.899] | ObjZ 0.905 | Up 1.00 | Hold 11/5 | Age 0 (1) | Resets 4 | Shield 0
Episode 92: Clean Success | failure=success | termination=success
Episode 93/120: Pick up the red cube | ensemble=temporal
Ep 93 | Step 1/200 | XYZ [-0.118 -0.792 -0.428] | RPY [ 0.002 -0.001  0.736] | Grip -1 (0.01) | Phase 0->0 | Ground 0.9cm | Target A | PredXYZ [-0.127 -0.112  0.824] | TrueXYZ [-0.122 -0.119  0.821] | EEF [-0.116  0.027  1.006] | ObjZ 0.821 | Up 1.00 | Hold 0/0 | Age 0 (1) | Resets 0 | Shield 0
Ep 93 | Step 20/200 | XYZ [ 0.026 -0.198 -0.05 ] | RPY [-0.004  0.032 -0.005] | Grip -1 (0.00) | Phase 0->0 | Ground 1.0cm | Target A | PredXYZ [-0.132 -0.116  0.822] | TrueXYZ [-0.122 -0.119  0.822] | EEF [-0.153 -0.073  0.943] | ObjZ 0.822 | Up 1.00 | Hold 0/0 | Age 3 (4) | Resets 0 | Shield 0
Ep 93 | Step 40/200 | XYZ [0.072 0.02  0.084] | RPY [0.004 0.022 0.021] | Grip -1 (0.01) | Phase 0->0 | Ground 1.3cm | Target A | PredXYZ [-0.135 -0.118  0.822] | TrueXYZ [-0.122 -0.119  0.822] | EEF [-0.183 -0.091  0.938] | ObjZ 0.822 | Up 1.00 | Hold 0/0 | Age 3 (4) | Resets 0 | Shield 0
Ep 93 | Step 60/200 | XYZ [ 0.185 -0.007  0.003] | RPY [-0.003  0.015 -0.007] | Grip -1 (0.00) | Phase 0->0 | Ground 1.0cm | Target A | PredXYZ [-0.132 -0.116  0.822] | TrueXYZ [-0.122 -0.119  0.822] | EEF [-0.152 -0.098  0.942] | ObjZ 0.822 | Up 1.00 | Hold 0/0 | Age 3 (4) | Resets 0 | Shield 0
Ep 93 | Step 80/200 | XYZ [ 0.103 -0.036 -0.134] | RPY [-0.004  0.008 -0.003] | Grip -1 (0.00) | Phase 0->0 | Ground 1.3cm | Target A | PredXYZ [-0.129 -0.108  0.822] | TrueXYZ [-0.122 -0.119  0.822] | EEF [-0.118 -0.1    0.934] | ObjZ 0.822 | Up 1.00 | Hold 0/0 | Age 3 (4) | Resets 0 | Shield 0
Ep 93 | Step 100/200 | XYZ [ 0.029 -0.006 -0.288] | RPY [-0.003  0.008 -0.002] | Grip -1 (0.00) | Phase 1->1 | Ground 0.8cm | Target A | PredXYZ [-0.117 -0.116  0.826] | TrueXYZ [-0.122 -0.119  0.822] | EEF [-0.102 -0.104  0.856] | ObjZ 0.822 | Up 1.00 | Hold 0/0 | Age 0 (1) | Resets 0 | Shield 0
Ep 93 | Step 120/200 | XYZ [ 0.03   0.02  -0.059] | RPY [-0.002  0.002 -0.   ] | Grip -1 (0.11) | Phase 1->1 | Ground 1.6cm | Target A | PredXYZ [-0.116 -0.105  0.822] | TrueXYZ [-0.122 -0.119  0.822] | EEF [-0.099 -0.104  0.821] | ObjZ 0.822 | Up 1.00 | Hold 0/0 | Age 0 (1) | Resets 0 | Shield 0
Ep 93 | Step 140/200 | XYZ [-0.009  0.043  0.056] | RPY [-0.001  0.001 -0.015] | Grip 1 (1.00) | Phase 2->2 | Ground 3.3cm | Target A | PredXYZ [-0.101 -0.099  0.824] | TrueXYZ [-0.129 -0.116  0.822] | EEF [-0.093 -0.102  0.815] | ObjZ 0.822 | Up 1.00 | Hold 0/0 | Age 0 (1) | Resets 0 | Shield 0
Ep 93 | Step 160/200 | XYZ [ 0.026 -0.01   0.212] | RPY [0.001 0.003 0.   ] | Grip 1 (1.00) | Phase 3->3 | Ground 0.5cm | Target A | PredXYZ [-0.123 -0.116  0.821] | TrueXYZ [-0.128 -0.116  0.822] | EEF [-0.096 -0.097  0.917] | ObjZ 0.822 | Up 1.00 | Hold 0/0 | Age 0 (1) | Resets 9 | Shield 0
Ep 93 | Step 180/200 | XYZ [ 0.01   0.008 -0.287] | RPY [-0.001  0.002 -0.002] | Grip 1 (0.86) | Phase 6->6 | Ground 6.6cm | Target A | PredXYZ [-0.077 -0.104  0.861] | TrueXYZ [-0.128 -0.116  0.822] | EEF [-0.087 -0.097  0.853] | ObjZ 0.822 | Up 1.00 | Hold 0/0 | Age 1 (2) | Resets 14 | Shield 0
Ep 93 | Step 200/200 | XYZ [-0.422 -0.318  0.194] | RPY [ 0.007 -0.008  0.004] | Grip 1 (1.00) | Phase 7->7 | Ground 2.9cm | Target A | PredXYZ [-0.106 -0.1    0.83 ] | TrueXYZ [-0.131 -0.118  0.823] | EEF [-0.097 -0.102  0.823] | ObjZ 0.823 | Up 1.00 | Hold 0/0 | Age 3 (4) | Resets 17 | Shield 0
Episode 93: Fail | failure=grasp_failed_after_contact | termination=horizon
Episode 94/120: Pick up the red cube | ensemble=temporal
Ep 94 | Step 1/200 | XYZ [ 0.36  -0.627 -0.463] | RPY [ 0.    -0.001 -0.056] | Grip -1 (0.00) | Phase 0->0 | Ground 1.3cm | Target A | PredXYZ [-0.043 -0.097  0.824] | TrueXYZ [-0.056 -0.098  0.821] | EEF [-0.105  0.004  1.013] | ObjZ 0.821 | Up 1.00 | Hold 0/0 | Age 0 (1) | Resets 0 | Shield 0
Ep 94 | Step 20/200 | XYZ [ 0.086 -0.146 -0.091] | RPY [-0.003  0.007 -0.005] | Grip -1 (0.00) | Phase 0->0 | Ground 0.7cm | Target A | PredXYZ [-0.049 -0.098  0.822] | TrueXYZ [-0.056 -0.098  0.822] | EEF [-0.068 -0.074  0.955] | ObjZ 0.822 | Up 1.00 | Hold 0/0 | Age 3 (4) | Resets 0 | Shield 0
Ep 94 | Step 40/200 | XYZ [ 0.015 -0.025 -0.34 ] | RPY [-0.     0.002  0.   ] | Grip -1 (0.00) | Phase 1->1 | Ground 0.9cm | Target A | PredXYZ [-0.049 -0.103  0.822] | TrueXYZ [-0.056 -0.098  0.822] | EEF [-0.056 -0.09   0.865] | ObjZ 0.822 | Up 1.00 | Hold 0/0 | Age 0 (1) | Resets 0 | Shield 0
Ep 94 | Step 60/200 | XYZ [ 0.02   0.015 -0.061] | RPY [-0.003  0.001 -0.002] | Grip 1 (0.82) | Phase 2->2 | Ground 1.0cm | Target A | PredXYZ [-0.053 -0.107  0.822] | TrueXYZ [-0.056 -0.098  0.822] | EEF [-0.058 -0.098  0.822] | ObjZ 0.822 | Up 1.00 | Hold 0/0 | Age 0 (1) | Resets 0 | Shield 0
Ep 94 | Step 75/200 | XYZ [0.012 0.003 0.561] | RPY [ 0.003  0.019 -0.001] | Grip 1 (1.00) | Phase 3->3 | Ground 0.8cm | Target A | PredXYZ [-0.056 -0.093  0.873] | TrueXYZ [-0.062 -0.096  0.874] | EEF [-0.063 -0.096  0.872] | ObjZ 0.874 | Up 1.00 | Hold 5/0 | Age 0 (1) | Resets 6 | Shield 0
Ep 94 | Step 80/200 | XYZ [0.011 0.003 0.436] | RPY [ 0.001  0.007 -0.002] | Grip 1 (1.00) | Phase 3->3 | Ground 0.6cm | Target A | PredXYZ [-0.063 -0.101  0.901] | TrueXYZ [-0.063 -0.096  0.904] | EEF [-0.064 -0.096  0.901] | ObjZ 0.904 | Up 1.00 | Hold 10/5 | Age 0 (1) | Resets 8 | Shield 0
Episode 94: Clean Success | failure=success | termination=success
Scene rejected for ('push', 'B'): Deterministic push path is blocked by a distractor
Scene rejected for ('push', 'B'): Deterministic push path leaves the safe workspace
Scene rejected for ('push', 'B'): Deterministic push path is blocked by a distractor
Episode 95/120: Push the blue ball away from the robot | ensemble=temporal
Ep 95 | Step 1/200 | XYZ [-0.014  0.07  -0.503] | RPY [-0.005  0.    -0.9  ] | Grip 1 (1.00) | Phase 5->5 | Ground 0.8cm | Target B | PredXYZ [-0.062 -0.067  0.828] | TrueXYZ [-0.054 -0.067  0.826] | EEF [-0.107 -0.024  1.007] | ObjZ 0.826 | Up 1.00 | Hold 0/0 | Age 0 (1) | Resets 0 | Shield 0
Ep 95 | Step 20/200 | XYZ [ 0.038  0.104 -0.09 ] | RPY [ 0.027  0.013 -0.096] | Grip 1 (1.00) | Phase 5->5 | Ground 1.0cm | Target B | PredXYZ [-0.063 -0.07   0.826] | TrueXYZ [-0.054 -0.067  0.826] | EEF [-0.124 -0.01   0.938] | ObjZ 0.826 | Up 1.00 | Hold 0/0 | Age 3 (4) | Resets 0 | Shield 0
Ep 95 | Step 40/200 | XYZ [ 0.078 -0.031 -0.14 ] | RPY [0.001 0.014 0.003] | Grip 1 (1.00) | Phase 6->6 | Ground 0.8cm | Target B | PredXYZ [-0.061 -0.07   0.826] | TrueXYZ [-0.054 -0.067  0.826] | EEF [-0.125  0.01   0.844] | ObjZ 0.826 | Up 1.00 | Hold 0/0 | Age 0 (1) | Resets 0 | Shield 0
Ep 95 | Step 60/200 | XYZ [ 0.438 -0.9   -0.018] | RPY [0.025 0.004 0.024] | Grip 1 (1.00) | Phase 7->7 | Ground 0.9cm | Target B | PredXYZ [-0.052 -0.088  0.826] | TrueXYZ [-0.042 -0.088  0.826] | EEF [-0.064 -0.059  0.827] | ObjZ 0.826 | Up 1.00 | Hold 0/0 | Age 0 (1) | Resets 1 | Shield 0
Ep 95 | Step 69/200 | XYZ [-0.022  0.104  0.007] | RPY [-0.024 -0.017 -0.011] | Grip 1 (1.00) | Phase 8->8 | Ground 1.4cm | Target B | PredXYZ [-0.031 -0.14   0.826] | TrueXYZ [-0.017 -0.138  0.826] | EEF [-0.043 -0.112  0.831] | ObjZ 0.826 | Up 1.00 | Hold 5/5 | Age 3 (4) | Resets 3 | Shield 0
Episode 95: Clean Success | failure=success | termination=success
Episode 96/120: Pick up the red cube | ensemble=temporal
Ep 96 | Step 1/200 | XYZ [ 0.818  0.546 -0.405] | RPY [ 0.002  0.001 -0.9  ] | Grip -1 (0.16) | Phase 0->0 | Ground 1.0cm | Target A | PredXYZ [0.056 0.097 0.825] | TrueXYZ [0.05  0.089 0.821] | EEF [-0.099 -0.007  1.007] | ObjZ 0.821 | Up 1.00 | Hold 0/0 | Age 0 (1) | Resets 0 | Shield 0
Ep 96 | Step 20/200 | XYZ [ 0.291  0.121 -0.028] | RPY [ 0.022  0.007 -0.022] | Grip -1 (0.00) | Phase 0->0 | Ground 0.6cm | Target A | PredXYZ [0.047 0.095 0.821] | TrueXYZ [0.05  0.089 0.822] | EEF [0.007 0.072 0.949] | ObjZ 0.822 | Up 1.00 | Hold 0/0 | Age 3 (4) | Resets 0 | Shield 0
Ep 96 | Step 40/200 | XYZ [ 0.037  0.019 -0.509] | RPY [ 0.    -0.007 -0.003] | Grip -1 (0.00) | Phase 1->1 | Ground 0.3cm | Target A | PredXYZ [0.048 0.092 0.821] | TrueXYZ [0.05  0.089 0.822] | EEF [0.044 0.088 0.891] | ObjZ 0.822 | Up 1.00 | Hold 0/0 | Age 0 (1) | Resets 0 | Shield 0
Ep 96 | Step 60/200 | XYZ [ 0.019  0.004 -0.117] | RPY [ 0.002 -0.     0.001] | Grip -1 (0.00) | Phase 1->1 | Ground 0.9cm | Target A | PredXYZ [0.053 0.098 0.821] | TrueXYZ [0.05  0.089 0.822] | EEF [0.048 0.092 0.825] | ObjZ 0.822 | Up 1.00 | Hold 0/0 | Age 0 (1) | Resets 0 | Shield 0
Ep 96 | Step 80/200 | XYZ [ 0.008 -0.001  0.588] | RPY [-0.001  0.001 -0.001] | Grip 1 (1.00) | Phase 3->3 | Ground 1.3cm | Target A | PredXYZ [0.05  0.103 0.864] | TrueXYZ [0.05  0.09  0.871] | EEF [0.049 0.093 0.865] | ObjZ 0.871 | Up 1.00 | Hold 4/0 | Age 0 (1) | Resets 2 | Shield 0
Ep 96 | Step 81/200 | XYZ [ 0.009 -0.001  0.557] | RPY [-0.001  0.003 -0.001] | Grip 1 (1.00) | Phase 3->3 | Ground 1.3cm | Target A | PredXYZ [0.055 0.102 0.874] | TrueXYZ [0.05  0.09  0.877] | EEF [0.049 0.093 0.871] | ObjZ 0.877 | Up 1.00 | Hold 5/0 | Age 0 (1) | Resets 3 | Shield 0
Ep 96 | Step 86/200 | XYZ [ 0.008 -0.002  0.44 ] | RPY [-0.001  0.004 -0.002] | Grip 1 (1.00) | Phase 3->3 | Ground 2.0cm | Target A | PredXYZ [0.058 0.108 0.899] | TrueXYZ [0.049 0.09  0.906] | EEF [0.048 0.092 0.9  ] | ObjZ 0.906 | Up 1.00 | Hold 10/5 | Age 0 (1) | Resets 4 | Shield 0
Episode 96: Clean Success | failure=success | termination=success
Episode 97/120: Pick up the green cylinder | ensemble=temporal
Ep 97 | Step 1/200 | XYZ [ 0.878 -0.635 -0.384] | RPY [-0.001  0.001 -0.013] | Grip -1 (0.00) | Phase 0->0 | Ground 0.2cm | Target C | PredXYZ [ 0.048 -0.102  0.824] | TrueXYZ [ 0.05  -0.103  0.822] | EEF [-0.098  0.002  1.002] | ObjZ 0.822 | Up 1.00 | Hold 0/0 | Age 0 (1) | Resets 0 | Shield 0
Ep 97 | Step 20/200 | XYZ [ 0.235 -0.126 -0.067] | RPY [-0.007 -0.003 -0.005] | Grip -1 (0.00) | Phase 0->0 | Ground 0.2cm | Target C | PredXYZ [ 0.052 -0.103  0.822] | TrueXYZ [ 0.05  -0.103  0.822] | EEF [ 0.015 -0.081  0.952] | ObjZ 0.822 | Up 1.00 | Hold 0/0 | Age 3 (4) | Resets 0 | Shield 0
Ep 97 | Step 40/200 | XYZ [ 0.035 -0.024 -0.482] | RPY [ 0.001 -0.005  0.002] | Grip -1 (0.00) | Phase 1->1 | Ground 0.5cm | Target C | PredXYZ [ 0.049 -0.107  0.822] | TrueXYZ [ 0.05  -0.103  0.822] | EEF [ 0.046 -0.094  0.887] | ObjZ 0.822 | Up 1.00 | Hold 0/0 | Age 0 (1) | Resets 0 | Shield 0
Ep 97 | Step 60/200 | XYZ [ 0.012 -0.    -0.106] | RPY [-0.001  0.     0.   ] | Grip -1 (0.00) | Phase 1->1 | Ground 0.8cm | Target C | PredXYZ [ 0.052 -0.095  0.822] | TrueXYZ [ 0.05  -0.103  0.822] | EEF [ 0.05  -0.098  0.828] | ObjZ 0.822 | Up 1.00 | Hold 0/0 | Age 0 (1) | Resets 0 | Shield 0
Ep 97 | Step 79/200 | XYZ [0.006 0.002 0.566] | RPY [-0.001  0.005 -0.003] | Grip 1 (1.00) | Phase 3->3 | Ground 1.6cm | Target C | PredXYZ [ 0.062 -0.094  0.869] | TrueXYZ [ 0.048 -0.1    0.871] | EEF [ 0.049 -0.1    0.868] | ObjZ 0.871 | Up 1.00 | Hold 5/0 | Age 0 (1) | Resets 3 | Shield 0
Ep 97 | Step 80/200 | XYZ [0.006 0.002 0.535] | RPY [-0.001  0.006 -0.003] | Grip 1 (1.00) | Phase 3->3 | Ground 1.5cm | Target C | PredXYZ [ 0.058 -0.098  0.882] | TrueXYZ [ 0.048 -0.1    0.877] | EEF [ 0.048 -0.1    0.875] | ObjZ 0.877 | Up 1.00 | Hold 6/0 | Age 0 (1) | Resets 4 | Shield 0
Ep 97 | Step 85/200 | XYZ [0.005 0.002 0.417] | RPY [-0.001  0.006 -0.003] | Grip 1 (1.00) | Phase 3->3 | Ground 1.4cm | Target C | PredXYZ [ 0.057 -0.103  0.909] | TrueXYZ [ 0.046 -0.1    0.905] | EEF [ 0.047 -0.101  0.902] | ObjZ 0.905 | Up 1.00 | Hold 11/5 | Age 0 (1) | Resets 6 | Shield 0
Episode 97: Clean Success | failure=success | termination=success
Episode 98/120: Pick up the blue ball | ensemble=temporal
Ep 98 | Step 1/200 | XYZ [ 0.9    0.553 -0.457] | RPY [-0.     0.001  0.001] | Grip -1 (0.00) | Phase 0->0 | Ground 0.6cm | Target B | PredXYZ [0.125 0.106 0.827] | TrueXYZ [0.123 0.111 0.826] | EEF [-0.079  0.014  1.02 ] | ObjZ 0.826 | Up 1.00 | Hold 0/0 | Age 0 (1) | Resets 0 | Shield 0
Ep 98 | Step 20/200 | XYZ [ 0.339  0.13  -0.074] | RPY [ 0.008 -0.004  0.007] | Grip -1 (0.00) | Phase 0->0 | Ground 0.5cm | Target B | PredXYZ [0.12  0.107 0.826] | TrueXYZ [0.123 0.111 0.826] | EEF [0.07  0.09  0.958] | ObjZ 0.826 | Up 1.00 | Hold 0/0 | Age 3 (4) | Resets 0 | Shield 0
Ep 98 | Step 40/200 | XYZ [ 0.055  0.027 -0.619] | RPY [-0.001 -0.005 -0.002] | Grip -1 (0.00) | Phase 1->1 | Ground 0.2cm | Target B | PredXYZ [0.122 0.109 0.826] | TrueXYZ [0.123 0.111 0.826] | EEF [0.113 0.106 0.909] | ObjZ 0.826 | Up 1.00 | Hold 0/0 | Age 0 (1) | Resets 0 | Shield 0
Ep 98 | Step 60/200 | XYZ [ 0.014  0.009 -0.123] | RPY [ 0.    -0.     0.001] | Grip -1 (0.00) | Phase 1->1 | Ground 0.1cm | Target B | PredXYZ [0.124 0.11  0.826] | TrueXYZ [0.123 0.111 0.826] | EEF [0.119 0.11  0.834] | ObjZ 0.826 | Up 1.00 | Hold 0/0 | Age 0 (1) | Resets 0 | Shield 0
Ep 98 | Step 80/200 | XYZ [0.004 0.001 0.629] | RPY [ 0.002 -0.005 -0.001] | Grip 1 (1.00) | Phase 3->3 | Ground 0.5cm | Target B | PredXYZ [0.126 0.114 0.854] | TrueXYZ [0.125 0.112 0.857] | EEF [0.122 0.112 0.853] | ObjZ 0.857 | Up 1.00 | Hold 3/0 | Age 0 (1) | Resets 2 | Shield 0
Ep 98 | Step 82/200 | XYZ [0.005 0.002 0.57 ] | RPY [ 0.002 -0.003 -0.   ] | Grip 1 (1.00) | Phase 3->3 | Ground 0.7cm | Target B | PredXYZ [0.118 0.113 0.868] | TrueXYZ [0.125 0.112 0.872] | EEF [0.122 0.112 0.868] | ObjZ 0.872 | Up 1.00 | Hold 5/0 | Age 0 (1) | Resets 2 | Shield 0
Ep 98 | Step 88/200 | XYZ [0.004 0.002 0.42 ] | RPY [ 0.001  0.005 -0.   ] | Grip 1 (1.00) | Phase 3->3 | Ground 0.9cm | Target B | PredXYZ [0.122 0.115 0.91 ] | TrueXYZ [0.123 0.113 0.906] | EEF [0.12  0.113 0.902] | ObjZ 0.906 | Up 1.00 | Hold 11/5 | Age 0 (1) | Resets 4 | Shield 0
Episode 98: Clean Success | failure=success | termination=success
Scene rejected for ('push', 'A'): Deterministic push path is blocked by a distractor
Episode 99/120: Push the red cube away from the robot | ensemble=temporal
Ep 99 | Step 1/200 | XYZ [-0.085  0.253 -0.597] | RPY [-0.007 -0.001 -0.9  ] | Grip 1 (1.00) | Phase 5->5 | Ground 0.6cm | Target A | PredXYZ [-0.09  -0.048  0.824] | TrueXYZ [-0.084 -0.049  0.821] | EEF [-0.106 -0.014  1.016] | ObjZ 0.821 | Up 1.00 | Hold 0/0 | Age 0 (1) | Resets 0 | Shield 0
Ep 99 | Step 20/200 | XYZ [-0.003  0.119 -0.122] | RPY [ 0.025  0.005 -0.195] | Grip 1 (1.00) | Phase 5->5 | Ground 0.4cm | Target A | PredXYZ [-0.088 -0.05   0.822] | TrueXYZ [-0.084 -0.049  0.822] | EEF [-0.13   0.01   0.937] | ObjZ 0.822 | Up 1.00 | Hold 0/0 | Age 3 (4) | Resets 0 | Shield 0
Ep 99 | Step 40/200 | XYZ [ 0.099 -0.038 -0.176] | RPY [0.005 0.025 0.007] | Grip 1 (1.00) | Phase 6->6 | Ground 0.7cm | Target A | PredXYZ [-0.09  -0.047  0.822] | TrueXYZ [-0.084 -0.049  0.822] | EEF [-0.148  0.032  0.837] | ObjZ 0.822 | Up 1.00 | Hold 0/0 | Age 0 (1) | Resets 0 | Shield 0
Ep 99 | Step 60/200 | XYZ [ 0.262 -0.623  0.   ] | RPY [0.022 0.005 0.023] | Grip 1 (1.00) | Phase 7->7 | Ground 0.7cm | Target A | PredXYZ [-0.09  -0.046  0.822] | TrueXYZ [-0.084 -0.049  0.822] | EEF [-0.117 -0.009  0.818] | ObjZ 0.822 | Up 1.00 | Hold 0/0 | Age 0 (1) | Resets 0 | Shield 7
Ep 99 | Step 79/200 | XYZ [-0.     0.025  0.   ] | RPY [-0.007  0.006 -0.008] | Grip 1 (1.00) | Phase 8->8 | Ground 1.0cm | Target A | PredXYZ [-0.062 -0.131  0.822] | TrueXYZ [-0.054 -0.126  0.822] | EEF [-0.081 -0.104  0.818] | ObjZ 0.822 | Up 1.00 | Hold 5/5 | Age 3 (4) | Resets 1 | Shield 14
Episode 99: Clean Success | failure=success | termination=success
Episode 100/120: Pick up the green cylinder | ensemble=temporal
Ep 100 | Step 1/200 | XYZ [-0.189 -0.665 -0.493] | RPY [ 0.003 -0.004  0.006] | Grip -1 (0.00) | Phase 0->0 | Ground 1.6cm | Target C | PredXYZ [-0.13  -0.107  0.824] | TrueXYZ [-0.116 -0.099  0.822] | EEF [-0.093  0.01   1.021] | ObjZ 0.822 | Up 1.00 | Hold 0/0 | Age 0 (1) | Resets 0 | Shield 0
Ep 100 | Step 20/200 | XYZ [-0.056 -0.185 -0.122] | RPY [0.001 0.005 0.001] | Grip -1 (0.00) | Phase 0->0 | Ground 1.0cm | Target C | PredXYZ [-0.125 -0.101  0.822] | TrueXYZ [-0.116 -0.099  0.822] | EEF [-0.118 -0.068  0.961] | ObjZ 0.822 | Up 1.00 | Hold 0/0 | Age 3 (4) | Resets 0 | Shield 0
Ep 100 | Step 40/200 | XYZ [ 0.024 -0.012 -0.426] | RPY [-0.005  0.01  -0.007] | Grip -1 (0.00) | Phase 1->1 | Ground 0.8cm | Target C | PredXYZ [-0.123 -0.104  0.822] | TrueXYZ [-0.116 -0.099  0.822] | EEF [-0.13  -0.101  0.873] | ObjZ 0.822 | Up 1.00 | Hold 0/0 | Age 0 (1) | Resets 0 | Shield 0
Ep 100 | Step 60/200 | XYZ [ 0.07   0.059 -0.068] | RPY [-0.003  0.01  -0.005] | Grip -1 (0.00) | Phase 1->1 | Ground 1.2cm | Target C | PredXYZ [-0.123 -0.108  0.822] | TrueXYZ [-0.116 -0.099  0.822] | EEF [-0.131 -0.109  0.82 ] | ObjZ 0.822 | Up 1.00 | Hold 0/0 | Age 0 (1) | Resets 0 | Shield 0
Ep 100 | Step 80/200 | XYZ [0.024 0.004 0.641] | RPY [ 0.007  0.034 -0.001] | Grip 1 (1.00) | Phase 3->3 | Ground 0.9cm | Target C | PredXYZ [-0.126 -0.1    0.843] | TrueXYZ [-0.121 -0.094  0.853] | EEF [-0.131 -0.099  0.846] | ObjZ 0.853 | Up 1.00 | Hold 2/0 | Age 0 (1) | Resets 1 | Shield 0
Ep 100 | Step 83/200 | XYZ [0.025 0.005 0.566] | RPY [0.009 0.03  0.002] | Grip 1 (1.00) | Phase 3->3 | Ground 1.3cm | Target C | PredXYZ [-0.122 -0.105  0.87 ] | TrueXYZ [-0.124 -0.091  0.873] | EEF [-0.134 -0.096  0.866] | ObjZ 0.873 | Up 1.00 | Hold 5/0 | Age 0 (1) | Resets 2 | Shield 0
Ep 100 | Step 89/200 | XYZ [0.023 0.005 0.431] | RPY [0.009 0.013 0.004] | Grip 1 (1.00) | Phase 3->3 | Ground 3.3cm | Target C | PredXYZ [-0.139 -0.116  0.899] | TrueXYZ [-0.125 -0.086  0.906] | EEF [-0.135 -0.091  0.9  ] | ObjZ 0.906 | Up 1.00 | Hold 11/5 | Age 0 (1) | Resets 4 | Shield 0
Episode 100: Clean Success | failure=success | termination=success
Scene rejected for ('push', 'B'): Deterministic push path is blocked by a distractor
Scene rejected for ('push', 'B'): Deterministic push path is blocked by a distractor
Episode 101/120: Push the blue ball away from the robot | ensemble=temporal
Ep 101 | Step 1/200 | XYZ [ 0.27   0.162 -0.532] | RPY [-0.001 -0.002  0.9  ] | Grip 1 (1.00) | Phase 5->5 | Ground 0.5cm | Target B | PredXYZ [0.005 0.068 0.828] | TrueXYZ [0.011 0.067 0.826] | EEF [-0.107  0.004  1.009] | ObjZ 0.826 | Up 1.00 | Hold 0/0 | Age 0 (1) | Resets 0 | Shield 0
Ep 101 | Step 20/200 | XYZ [ 0.087  0.051 -0.107] | RPY [-0.016  0.012  0.016] | Grip 1 (1.00) | Phase 5->5 | Ground 0.5cm | Target B | PredXYZ [0.006 0.068 0.826] | TrueXYZ [0.011 0.067 0.826] | EEF [-0.086  0.012  0.937] | ObjZ 0.826 | Up 1.00 | Hold 0/0 | Age 3 (4) | Resets 0 | Shield 0
Ep 101 | Step 40/200 | XYZ [ 0.029  0.029 -0.336] | RPY [-0.003  0.003 -0.002] | Grip 1 (1.00) | Phase 6->6 | Ground 0.4cm | Target B | PredXYZ [0.007 0.067 0.826] | TrueXYZ [0.011 0.067 0.826] | EEF [-0.073  0.013  0.868] | ObjZ 0.826 | Up 1.00 | Hold 0/0 | Age 0 (1) | Resets 0 | Shield 0
Ep 101 | Step 60/200 | XYZ [ 0.9    0.656 -0.039] | RPY [-0.01   0.015 -0.006] | Grip 1 (1.00) | Phase 7->7 | Ground 0.5cm | Target B | PredXYZ [0.008 0.071 0.826] | TrueXYZ [0.011 0.067 0.826] | EEF [-0.061  0.023  0.827] | ObjZ 0.826 | Up 1.00 | Hold 0/0 | Age 0 (1) | Resets 0 | Shield 0
Ep 101 | Step 75/200 | XYZ [-0.073 -0.068  0.035] | RPY [ 0.018 -0.035  0.004] | Grip 1 (1.00) | Phase 8->8 | Ground 0.5cm | Target B | PredXYZ [0.068 0.109 0.826] | TrueXYZ [0.073 0.106 0.826] | EEF [0.043 0.089 0.828] | ObjZ 0.826 | Up 1.00 | Hold 5/5 | Age 3 (4) | Resets 4 | Shield 1
Episode 101: Clean Success | failure=success | termination=success
Episode 102/120: Push the red cube away from the robot | ensemble=temporal
Ep 102 | Step 1/200 | XYZ [ 0.002  0.147 -0.456] | RPY [ 0.004 -0.002  0.9  ] | Grip 1 (1.00) | Phase 5->5 | Ground 1.1cm | Target A | PredXYZ [-0.117  0.119  0.823] | TrueXYZ [-0.112  0.109  0.821] | EEF [-0.121  0.011  0.99 ] | ObjZ 0.821 | Up 1.00 | Hold 0/0 | Age 0 (1) | Resets 0 | Shield 0
Ep 102 | Step 20/200 | XYZ [ 0.036 -0.03  -0.107] | RPY [-0.018 -0.011  0.649] | Grip 1 (1.00) | Phase 5->5 | Ground 1.6cm | Target A | PredXYZ [-0.114  0.125  0.822] | TrueXYZ [-0.112  0.109  0.822] | EEF [-0.125  0.038  0.93 ] | ObjZ 0.822 | Up 1.00 | Hold 0/0 | Age 3 (4) | Resets 0 | Shield 0
Ep 102 | Step 40/200 | XYZ [ 0.012  0.04  -0.174] | RPY [-0.002  0.007  0.001] | Grip 1 (1.00) | Phase 6->6 | Ground 1.3cm | Target A | PredXYZ [-0.114  0.122  0.822] | TrueXYZ [-0.112  0.109  0.822] | EEF [-0.12   0.025  0.838] | ObjZ 0.822 | Up 1.00 | Hold 0/0 | Age 0 (1) | Resets 0 | Shield 0
Ep 102 | Step 60/200 | XYZ [-0.03   0.611 -0.03 ] | RPY [-0.015 -0.013 -0.013] | Grip 1 (1.00) | Phase 7->7 | Ground 1.6cm | Target A | PredXYZ [-0.125  0.13   0.822] | TrueXYZ [-0.115  0.123  0.822] | EEF [-0.11   0.089  0.822] | ObjZ 0.822 | Up 1.00 | Hold 0/0 | Age 0 (1) | Resets 0 | Shield 0
Ep 102 | Step 75/200 | XYZ [ 0.004 -0.056  0.003] | RPY [0.013 0.01  0.008] | Grip 1 (1.00) | Phase 8->8 | Ground 0.7cm | Target A | PredXYZ [-0.117  0.187  0.822] | TrueXYZ [-0.12   0.181  0.822] | EEF [-0.113  0.149  0.82 ] | ObjZ 0.822 | Up 1.00 | Hold 5/5 | Age 3 (4) | Resets 3 | Shield 0
Episode 102: Clean Success | failure=success | termination=success
Scene rejected for ('push', 'B'): Deterministic push path is blocked by a distractor
Scene rejected for ('push', 'B'): Deterministic push path is blocked by a distractor
Scene rejected for ('push', 'B'): Target is too close to the robot reference ray
Scene rejected for ('push', 'B'): Target is too close to the robot reference ray
Scene rejected for ('push', 'B'): Deterministic push path is blocked by a distractor
Scene rejected for ('push', 'B'): Deterministic push path is blocked by a distractor
Scene rejected for ('push', 'B'): Deterministic push path is blocked by a distractor
Scene rejected for ('push', 'B'): Deterministic push path leaves the safe workspace
Scene rejected for ('push', 'B'): Deterministic push path is blocked by a distractor
Scene rejected for ('push', 'B'): Deterministic push path leaves the safe workspace
Scene rejected for ('push', 'B'): Deterministic push path leaves the safe workspace
Scene rejected for ('push', 'B'): Target is too close to the robot reference ray
Scene rejected for ('push', 'B'): Deterministic push path is blocked by a distractor
Episode 103/120: Push the blue ball away from the robot | ensemble=temporal
Ep 103 | Step 1/200 | XYZ [ 0.041 -0.194 -0.561] | RPY [ 0.     0.004 -0.9  ] | Grip 1 (1.00) | Phase 5->5 | Ground 0.6cm | Target B | PredXYZ [-0.086 -0.101  0.828] | TrueXYZ [-0.081 -0.098  0.826] | EEF [-0.097  0.007  1.016] | ObjZ 0.826 | Up 1.00 | Hold 0/0 | Age 0 (1) | Resets 0 | Shield 0
Ep 103 | Step 20/200 | XYZ [ 0.053  0.061 -0.091] | RPY [ 0.037 -0.011 -0.513] | Grip 1 (1.00) | Phase 5->5 | Ground 0.5cm | Target B | PredXYZ [-0.079 -0.103  0.826] | TrueXYZ [-0.081 -0.098  0.826] | EEF [-0.101 -0.022  0.941] | ObjZ 0.826 | Up 1.00 | Hold 0/0 | Age 3 (4) | Resets 0 | Shield 0
Ep 103 | Step 40/200 | XYZ [ 0.039 -0.025 -0.176] | RPY [0.    0.008 0.002] | Grip 1 (1.00) | Phase 6->6 | Ground 0.2cm | Target B | PredXYZ [-0.083 -0.099  0.826] | TrueXYZ [-0.081 -0.098  0.826] | EEF [-0.101 -0.006  0.847] | ObjZ 0.826 | Up 1.00 | Hold 0/0 | Age 0 (1) | Resets 0 | Shield 0
Ep 103 | Step 60/200 | XYZ [ 0.076 -0.9   -0.025] | RPY [ 0.028 -0.009  0.029] | Grip 1 (1.00) | Phase 7->7 | Ground 2.0cm | Target B | PredXYZ [-0.098 -0.112  0.826] | TrueXYZ [-0.077 -0.119  0.826] | EEF [-0.071 -0.082  0.829] | ObjZ 0.826 | Up 1.00 | Hold 0/0 | Age 0 (1) | Resets 1 | Shield 0
Ep 103 | Step 69/200 | XYZ [-0.006  0.104 -0.004] | RPY [-0.019 -0.007 -0.01 ] | Grip 1 (1.00) | Phase 8->8 | Ground 2.5cm | Target B | PredXYZ [-0.094 -0.179  0.826] | TrueXYZ [-0.069 -0.181  0.826] | EEF [-0.069 -0.145  0.83 ] | ObjZ 0.826 | Up 1.00 | Hold 5/5 | Age 3 (4) | Resets 3 | Shield 0
Episode 103: Clean Success | failure=success | termination=success
Episode 104/120: Pick up the blue ball | ensemble=temporal
Ep 104 | Step 1/200 | XYZ [ 0.814 -0.053 -0.328] | RPY [-0.001  0.001 -0.001] | Grip -1 (0.00) | Phase 0->0 | Ground 0.4cm | Target B | PredXYZ [ 0.022 -0.005  0.828] | TrueXYZ [ 0.018 -0.006  0.826] | EEF [-0.112  0.004  0.998] | ObjZ 0.826 | Up 1.00 | Hold 0/0 | Age 0 (1) | Resets 0 | Shield 0
Ep 104 | Step 20/200 | XYZ [ 0.194 -0.014 -0.063] | RPY [-0.001 -0.008 -0.   ] | Grip -1 (0.00) | Phase 0->0 | Ground 0.2cm | Target B | PredXYZ [ 0.018 -0.008  0.826] | TrueXYZ [ 0.018 -0.006  0.826] | EEF [-0.01  -0.003  0.959] | ObjZ 0.826 | Up 1.00 | Hold 0/0 | Age 3 (4) | Resets 0 | Shield 0
Ep 104 | Step 40/200 | XYZ [ 0.033 -0.002 -0.371] | RPY [0.001 0.    0.   ] | Grip -1 (0.00) | Phase 1->1 | Ground 0.3cm | Target B | PredXYZ [ 0.016 -0.004  0.826] | TrueXYZ [ 0.018 -0.006  0.826] | EEF [ 0.013 -0.003  0.873] | ObjZ 0.826 | Up 1.00 | Hold 0/0 | Age 0 (1) | Resets 0 | Shield 0
Ep 104 | Step 60/200 | XYZ [ 0.009 -0.001 -0.082] | RPY [ 0.    -0.001  0.001] | Grip -1 (0.00) | Phase 1->1 | Ground 0.8cm | Target B | PredXYZ [ 0.012 -0.003  0.825] | TrueXYZ [ 0.018 -0.006  0.826] | EEF [ 0.016 -0.003  0.826] | ObjZ 0.826 | Up 1.00 | Hold 0/0 | Age 0 (1) | Resets 0 | Shield 0
Ep 104 | Step 77/200 | XYZ [0.005 0.    0.57 ] | RPY [-0.001  0.007 -0.002] | Grip 1 (1.00) | Phase 3->3 | Ground 1.0cm | Target B | PredXYZ [0.011 0.    0.862] | TrueXYZ [ 0.017 -0.006  0.874] | EEF [ 0.016 -0.005  0.869] | ObjZ 0.874 | Up 1.00 | Hold 5/0 | Age 0 (1) | Resets 3 | Shield 0
Ep 104 | Step 80/200 | XYZ [ 0.004 -0.     0.482] | RPY [-0.     0.006 -0.002] | Grip 1 (1.00) | Phase 3->3 | Ground 0.7cm | Target B | PredXYZ [ 0.012 -0.003  0.883] | TrueXYZ [ 0.016 -0.006  0.893] | EEF [ 0.015 -0.005  0.888] | ObjZ 0.893 | Up 1.00 | Hold 8/3 | Age 0 (1) | Resets 4 | Shield 0
Ep 104 | Step 82/200 | XYZ [ 0.004 -0.     0.435] | RPY [-0.     0.006 -0.002] | Grip 1 (1.00) | Phase 3->3 | Ground 0.3cm | Target B | PredXYZ [ 0.017 -0.004  0.897] | TrueXYZ [ 0.016 -0.006  0.903] | EEF [ 0.015 -0.005  0.899] | ObjZ 0.903 | Up 1.00 | Hold 10/5 | Age 0 (1) | Resets 4 | Shield 0
Episode 104: Clean Success | failure=success | termination=success
Scene rejected for ('push', 'C'): Deterministic push path is blocked by a distractor
Scene rejected for ('push', 'C'): Deterministic push path is blocked by a distractor
Scene rejected for ('push', 'C'): Deterministic push path is blocked by a distractor
Episode 105/120: Push the green cylinder away from the robot | ensemble=temporal
Ep 105 | Step 1/200 | XYZ [-0.064 -0.171 -0.656] | RPY [ 0.006 -0.005  0.9  ] | Grip 1 (1.00) | Phase 5->5 | Ground 1.1cm | Target C | PredXYZ [-0.127 -0.106  0.824] | TrueXYZ [-0.118 -0.099  0.822] | EEF [-0.087  0.01   1.024] | ObjZ 0.822 | Up 1.00 | Hold 0/0 | Age 0 (1) | Resets 0 | Shield 0
Ep 105 | Step 20/200 | XYZ [ 0.047 -0.134 -0.101] | RPY [-0.04   0.005  0.445] | Grip 1 (1.00) | Phase 5->5 | Ground 0.5cm | Target C | PredXYZ [-0.123 -0.099  0.822] | TrueXYZ [-0.118 -0.099  0.822] | EEF [-0.112 -0.008  0.936] | ObjZ 0.822 | Up 1.00 | Hold 0/0 | Age 3 (4) | Resets 0 | Shield 0
Ep 105 | Step 40/200 | XYZ [ 0.104  0.004 -0.114] | RPY [-0.001  0.013  0.002] | Grip 1 (1.00) | Phase 5->5 | Ground 1.1cm | Target C | PredXYZ [-0.128 -0.102  0.822] | TrueXYZ [-0.118 -0.099  0.822] | EEF [-0.118 -0.028  0.918] | ObjZ 0.822 | Up 1.00 | Hold 0/0 | Age 3 (4) | Resets 0 | Shield 0
Ep 105 | Step 60/200 | XYZ [ 0.029  0.012 -0.359] | RPY [-0.005 -0.003 -0.   ] | Grip 1 (1.00) | Phase 6->6 | Ground 1.3cm | Target C | PredXYZ [-0.127 -0.108  0.822] | TrueXYZ [-0.118 -0.099  0.822] | EEF [-0.096 -0.028  0.859] | ObjZ 0.822 | Up 1.00 | Hold 0/0 | Age 0 (1) | Resets 0 | Shield 0
Ep 105 | Step 80/200 | XYZ [ 0.017 -0.009  0.   ] | RPY [ 0.    -0.001 -0.001] | Grip 1 (1.00) | Phase 6->6 | Ground 0.8cm | Target C | PredXYZ [-0.119 -0.107  0.822] | TrueXYZ [-0.118 -0.099  0.822] | EEF [-0.094 -0.026  0.818] | ObjZ 0.822 | Up 1.00 | Hold 0/0 | Age 0 (1) | Resets 0 | Shield 3
Ep 105 | Step 100/200 | XYZ [-0.084 -0.512 -0.022] | RPY [0.008 0.009 0.005] | Grip 1 (1.00) | Phase 7->7 | Ground 1.4cm | Target C | PredXYZ [-0.152 -0.168  0.824] | TrueXYZ [-0.14  -0.177  0.823] | EEF [-0.13  -0.135  0.819] | ObjZ 0.823 | Up 1.00 | Hold 3/3 | Age 0 (1) | Resets 2 | Shield 20
Ep 105 | Step 102/200 | XYZ [-0.062 -0.468  0.   ] | RPY [0.005 0.008 0.   ] | Grip 1 (1.00) | Phase 7->7 | Ground 0.9cm | Target C | PredXYZ [-0.149 -0.18   0.824] | TrueXYZ [-0.142 -0.188  0.823] | EEF [-0.132 -0.146  0.819] | ObjZ 0.823 | Up 1.00 | Hold 5/5 | Age 0 (1) | Resets 2 | Shield 22
Episode 105: Clean Success | failure=success | termination=success
Episode 106/120: Pick up the red cube | ensemble=temporal
Ep 106 | Step 1/200 | XYZ [-0.169 -0.28  -0.474] | RPY [-0.001 -0.004 -0.529] | Grip -1 (0.00) | Phase 0->0 | Ground 0.7cm | Target A | PredXYZ [-0.115 -0.072  0.824] | TrueXYZ [-0.11  -0.067  0.821] | EEF [-0.087 -0.022  1.013] | ObjZ 0.821 | Up 1.00 | Hold 0/0 | Age 0 (1) | Resets 0 | Shield 0
Ep 106 | Step 20/200 | XYZ [-0.027 -0.062 -0.085] | RPY [0.006 0.007 0.011] | Grip -1 (0.00) | Phase 0->0 | Ground 1.0cm | Target A | PredXYZ [-0.12  -0.069  0.822] | TrueXYZ [-0.11  -0.067  0.822] | EEF [-0.109 -0.045  0.957] | ObjZ 0.822 | Up 1.00 | Hold 0/0 | Age 3 (4) | Resets 0 | Shield 0
Ep 106 | Step 40/200 | XYZ [ 0.04  -0.012 -0.197] | RPY [-0.001  0.02  -0.001] | Grip -1 (0.00) | Phase 1->1 | Ground 1.6cm | Target A | PredXYZ [-0.105 -0.056  0.832] | TrueXYZ [-0.11  -0.067  0.822] | EEF [-0.113 -0.049  0.843] | ObjZ 0.822 | Up 1.00 | Hold 0/0 | Age 0 (1) | Resets 0 | Shield 0
Ep 106 | Step 60/200 | XYZ [ 0.02   0.007 -0.042] | RPY [-0.002  0.003  0.001] | Grip 1 (1.00) | Phase 2->2 | Ground 1.1cm | Target A | PredXYZ [-0.11  -0.055  0.822] | TrueXYZ [-0.11  -0.067  0.821] | EEF [-0.111 -0.054  0.817] | ObjZ 0.821 | Up 1.00 | Hold 0/0 | Age 0 (1) | Resets 2 | Shield 0
Ep 106 | Step 73/200 | XYZ [ 0.014 -0.001  0.562] | RPY [ 0.     0.029 -0.002] | Grip 1 (1.00) | Phase 3->3 | Ground 1.2cm | Target A | PredXYZ [-0.107 -0.069  0.872] | TrueXYZ [-0.118 -0.065  0.873] | EEF [-0.122 -0.061  0.868] | ObjZ 0.873 | Up 1.00 | Hold 5/0 | Age 0 (1) | Resets 6 | Shield 0
Ep 106 | Step 79/200 | XYZ [ 0.014 -0.     0.412] | RPY [-0.001  0.009 -0.003] | Grip 1 (1.00) | Phase 3->3 | Ground 2.0cm | Target A | PredXYZ [-0.104 -0.067  0.914] | TrueXYZ [-0.12  -0.068  0.907] | EEF [-0.124 -0.063  0.902] | ObjZ 0.907 | Up 1.00 | Hold 11/5 | Age 0 (1) | Resets 9 | Shield 0
Episode 106: Clean Success | failure=success | termination=success
Scene rejected for ('push', 'C'): Deterministic push path is blocked by a distractor
Scene rejected for ('push', 'C'): Deterministic push path is blocked by a distractor
Scene rejected for ('push', 'C'): Deterministic push path is blocked by a distractor
Scene rejected for ('push', 'C'): Deterministic push path is blocked by a distractor
Scene rejected for ('push', 'C'): Deterministic push path is blocked by a distractor
Scene rejected for ('push', 'C'): Deterministic push path is blocked by a distractor
Scene rejected for ('push', 'C'): Deterministic push path is blocked by a distractor
Scene rejected for ('push', 'C'): Deterministic push path is blocked by a distractor
Scene rejected for ('push', 'C'): Deterministic push path is blocked by a distractor
Scene rejected for ('push', 'C'): Deterministic push path is blocked by a distractor
Scene rejected for ('push', 'C'): Deterministic push path is blocked by a distractor
Episode 107/120: Push the green cylinder away from the robot | ensemble=temporal
Ep 107 | Step 1/200 | XYZ [ 0.345 -0.376 -0.496] | RPY [ 0.    -0.001 -0.9  ] | Grip 1 (1.00) | Phase 5->5 | Ground 0.2cm | Target C | PredXYZ [ 0.007 -0.12   0.824] | TrueXYZ [ 0.006 -0.119  0.822] | EEF [-0.107 -0.007  1.   ] | ObjZ 0.822 | Up 1.00 | Hold 0/0 | Age 0 (1) | Resets 0 | Shield 0
Ep 107 | Step 20/200 | XYZ [ 0.089 -0.095 -0.1  ] | RPY [ 0.016  0.    -0.015] | Grip 1 (1.00) | Phase 5->5 | Ground 0.4cm | Target C | PredXYZ [ 0.003 -0.122  0.822] | TrueXYZ [ 0.005 -0.119  0.822] | EEF [-0.068 -0.046  0.937] | ObjZ 0.822 | Up 1.00 | Hold 0/0 | Age 3 (4) | Resets 0 | Shield 0
Ep 107 | Step 40/200 | XYZ [ 0.009 -0.036 -0.333] | RPY [ 0.002 -0.001  0.004] | Grip 1 (1.00) | Phase 6->6 | Ground 0.8cm | Target C | PredXYZ [ 0.007 -0.127  0.822] | TrueXYZ [ 0.005 -0.119  0.822] | EEF [-0.056 -0.055  0.858] | ObjZ 0.822 | Up 1.00 | Hold 0/0 | Age 0 (1) | Resets 0 | Shield 0
Ep 107 | Step 60/200 | XYZ [ 0.566 -0.565 -0.03 ] | RPY [0.009 0.009 0.003] | Grip 1 (1.00) | Phase 7->7 | Ground 0.3cm | Target C | PredXYZ [ 0.005 -0.122  0.822] | TrueXYZ [ 0.005 -0.119  0.822] | EEF [-0.049 -0.066  0.818] | ObjZ 0.822 | Up 1.00 | Hold 0/0 | Age 0 (1) | Resets 0 | Shield 0
Ep 107 | Step 80/200 | XYZ [-0.024  0.042  0.054] | RPY [-0.012 -0.017 -0.008] | Grip 1 (1.00) | Phase 8->8 | Ground 0.7cm | Target C | PredXYZ [ 0.046 -0.168  0.823] | TrueXYZ [ 0.048 -0.162  0.824] | EEF [ 0.019 -0.136  0.819] | ObjZ 0.824 | Up 1.00 | Hold 0/0 | Age 3 (4) | Resets 1 | Shield 14
Ep 107 | Step 100/200 | XYZ [-0.045  0.032  0.022] | RPY [-0.002 -0.003 -0.008] | Grip 1 (1.00) | Phase 8->8 | Ground 0.4cm | Target C | PredXYZ [ 0.046 -0.165  0.823] | TrueXYZ [ 0.047 -0.161  0.822] | EEF [ 0.012 -0.132  0.83 ] | ObjZ 0.822 | Up 1.00 | Hold 0/0 | Age 3 (4) | Resets 1 | Shield 14
Ep 107 | Step 120/200 | XYZ [-0.05   0.029  0.015] | RPY [ 0.001  0.006 -0.007] | Grip 1 (1.00) | Phase 8->8 | Ground 0.3cm | Target C | PredXYZ [ 0.049 -0.163  0.822] | TrueXYZ [ 0.047 -0.161  0.822] | EEF [ 0.002 -0.127  0.834] | ObjZ 0.822 | Up 1.00 | Hold 0/0 | Age 3 (4) | Resets 1 | Shield 14
Ep 107 | Step 140/200 | XYZ [ 0.038 -0.058  0.009] | RPY [ 0.003  0.01  -0.008] | Grip 1 (1.00) | Phase 8->8 | Ground 0.4cm | Target C | PredXYZ [ 0.043 -0.163  0.822] | TrueXYZ [ 0.047 -0.161  0.822] | EEF [-0.006 -0.126  0.836] | ObjZ 0.822 | Up 1.00 | Hold 0/0 | Age 3 (4) | Resets 1 | Shield 14
Ep 107 | Step 160/200 | XYZ [ 0.474 -0.464 -0.007] | RPY [0.012 0.021 0.001] | Grip 1 (1.00) | Phase 7->7 | Ground 0.3cm | Target C | PredXYZ [ 0.045 -0.164  0.822] | TrueXYZ [ 0.047 -0.161  0.822] | EEF [ 0.    -0.135  0.835] | ObjZ 0.822 | Up 1.00 | Hold 0/0 | Age 0 (1) | Resets 1 | Shield 14
Ep 107 | Step 168/200 | XYZ [ 0.404 -0.454 -0.013] | RPY [0.014 0.016 0.008] | Grip 1 (1.00) | Phase 7->7 | Ground 0.6cm | Target C | PredXYZ [ 0.066 -0.184  0.823] | TrueXYZ [ 0.076 -0.186  0.823] | EEF [ 0.036 -0.172  0.83 ] | ObjZ 0.823 | Up 1.00 | Hold 5/5 | Age 0 (1) | Resets 1 | Shield 14
Episode 107: Clean Success | failure=success | termination=success
Scene rejected for ('push', 'C'): Deterministic push path is blocked by a distractor
Scene rejected for ('push', 'C'): Deterministic push path is blocked by a distractor
Scene rejected for ('push', 'C'): Deterministic push path is blocked by a distractor
Scene rejected for ('push', 'C'): Deterministic push path is blocked by a distractor
Scene rejected for ('push', 'C'): Target is too close to the robot reference ray
Scene rejected for ('push', 'C'): Deterministic push path is blocked by a distractor
Scene rejected for ('push', 'C'): Deterministic push path is blocked by a distractor
Scene rejected for ('push', 'C'): Target is too close to the robot reference ray
Scene rejected for ('push', 'C'): Deterministic push path is blocked by a distractor
Scene rejected for ('push', 'C'): Deterministic push path is blocked by a distractor
Scene rejected for ('push', 'C'): Deterministic push path is blocked by a distractor
Scene rejected for ('push', 'C'): Deterministic push path is blocked by a distractor
Episode 108/120: Push the green cylinder away from the robot | ensemble=temporal
Ep 108 | Step 1/200 | XYZ [ 0.142  0.28  -0.58 ] | RPY [ 0.002 -0.004  0.9  ] | Grip 1 (1.00) | Phase 5->5 | Ground 0.7cm | Target C | PredXYZ [-0.038  0.113  0.824] | TrueXYZ [-0.041  0.106  0.822] | EEF [-0.095  0.     1.015] | ObjZ 0.822 | Up 1.00 | Hold 0/0 | Age 0 (1) | Resets 0 | Shield 0
Ep 108 | Step 20/200 | XYZ [ 0.054  0.017 -0.118] | RPY [-0.024 -0.003  0.149] | Grip 1 (1.00) | Phase 5->5 | Ground 1.1cm | Target C | PredXYZ [-0.033  0.115  0.822] | TrueXYZ [-0.041  0.106  0.822] | EEF [-0.085  0.027  0.94 ] | ObjZ 0.822 | Up 1.00 | Hold 0/0 | Age 3 (4) | Resets 0 | Shield 0
Ep 108 | Step 40/200 | XYZ [ 0.022  0.049 -0.55 ] | RPY [-0.005 -0.011  0.   ] | Grip 1 (1.00) | Phase 6->6 | Ground 0.8cm | Target C | PredXYZ [-0.037  0.113  0.822] | TrueXYZ [-0.041  0.106  0.822] | EEF [-0.076  0.027  0.892] | ObjZ 0.822 | Up 1.00 | Hold 0/0 | Age 0 (1) | Resets 0 | Shield 0
Ep 108 | Step 60/200 | XYZ [ 0.012  0.011 -0.096] | RPY [-0.     0.003  0.001] | Grip 1 (1.00) | Phase 6->6 | Ground 1.0cm | Target C | PredXYZ [-0.045  0.115  0.822] | TrueXYZ [-0.041  0.106  0.822] | EEF [-0.077  0.034  0.825] | ObjZ 0.822 | Up 1.00 | Hold 0/0 | Age 0 (1) | Resets 0 | Shield 0
Ep 108 | Step 80/200 | XYZ [0.17  0.412 0.   ] | RPY [ 0.003 -0.004  0.001] | Grip 1 (1.00) | Phase 7->7 | Ground 0.7cm | Target C | PredXYZ [-0.025  0.153  0.822] | TrueXYZ [-0.016  0.158  0.823] | EEF [-0.032  0.124  0.819] | ObjZ 0.823 | Up 1.00 | Hold 0/0 | Age 0 (1) | Resets 0 | Shield 13
Ep 108 | Step 86/200 | XYZ [-0.01  -0.049  0.02 ] | RPY [ 0.015 -0.007  0.004] | Grip 1 (1.00) | Phase 8->8 | Ground 1.0cm | Target C | PredXYZ [-0.021  0.172  0.822] | TrueXYZ [-0.012  0.175  0.822] | EEF [-0.029  0.141  0.819] | ObjZ 0.822 | Up 1.00 | Hold 5/5 | Age 3 (4) | Resets 0 | Shield 15
Episode 108: Clean Success | failure=success | termination=success
Scene rejected for ('push', 'C'): Deterministic push path is blocked by a distractor
Scene rejected for ('push', 'C'): Deterministic push path is blocked by a distractor
Scene rejected for ('push', 'C'): Deterministic push path is blocked by a distractor
Scene rejected for ('push', 'C'): Deterministic push path is blocked by a distractor
Scene rejected for ('push', 'C'): Deterministic push path is blocked by a distractor
Scene rejected for ('push', 'C'): Deterministic push path is blocked by a distractor
Scene rejected for ('push', 'C'): Deterministic push path is blocked by a distractor
Scene rejected for ('push', 'C'): Deterministic push path is blocked by a distractor
Scene rejected for ('push', 'C'): Deterministic push path is blocked by a distractor
Scene rejected for ('push', 'C'): Deterministic push path is blocked by a distractor
Scene rejected for ('push', 'C'): Deterministic push path is blocked by a distractor
Scene rejected for ('push', 'C'): Deterministic push path is blocked by a distractor
Scene rejected for ('push', 'C'): Deterministic push path is blocked by a distractor
Scene rejected for ('push', 'C'): Deterministic push path is blocked by a distractor
Scene rejected for ('push', 'C'): Deterministic push path is blocked by a distractor
Episode 109/120: Push the green cylinder away from the robot | ensemble=temporal
Ep 109 | Step 1/200 | XYZ [ 0.9    0.355 -0.578] | RPY [0.    0.002 0.727] | Grip 1 (1.00) | Phase 5->5 | Ground 1.0cm | Target C | PredXYZ [0.119 0.07  0.824] | TrueXYZ [0.109 0.068 0.822] | EEF [-0.108 -0.013  1.018] | ObjZ 0.822 | Up 1.00 | Hold 0/0 | Age 0 (1) | Resets 0 | Shield 0
Ep 109 | Step 20/200 | XYZ [ 0.235  0.103 -0.125] | RPY [-0.006 -0.002  0.006] | Grip 1 (1.00) | Phase 5->5 | Ground 1.1cm | Target C | PredXYZ [0.12  0.07  0.822] | TrueXYZ [0.109 0.068 0.822] | EEF [0.006 0.015 0.942] | ObjZ 0.822 | Up 1.00 | Hold 0/0 | Age 3 (4) | Resets 0 | Shield 0
Ep 109 | Step 40/200 | XYZ [ 0.034  0.024 -0.468] | RPY [-0.002 -0.005 -0.   ] | Grip 1 (1.00) | Phase 6->6 | Ground 1.2cm | Target C | PredXYZ [0.12  0.073 0.822] | TrueXYZ [0.109 0.068 0.822] | EEF [0.035 0.029 0.877] | ObjZ 0.822 | Up 1.00 | Hold 0/0 | Age 0 (1) | Resets 0 | Shield 0
Ep 109 | Step 60/200 | XYZ [ 0.004  0.011 -0.081] | RPY [ 0.    -0.002 -0.   ] | Grip 1 (1.00) | Phase 6->6 | Ground 0.6cm | Target C | PredXYZ [0.115 0.066 0.822] | TrueXYZ [0.109 0.068 0.822] | EEF [0.037 0.03  0.822] | ObjZ 0.822 | Up 1.00 | Hold 0/0 | Age 0 (1) | Resets 0 | Shield 0
Ep 109 | Step 80/200 | XYZ [0.392 0.141 0.   ] | RPY [ 0.002 -0.001  0.001] | Grip 1 (1.00) | Phase 7->7 | Ground 1.2cm | Target C | PredXYZ [0.172 0.08  0.824] | TrueXYZ [0.186 0.074 0.823] | EEF [0.144 0.082 0.815] | ObjZ 0.823 | Up 1.00 | Hold 2/2 | Age 0 (1) | Resets 1 | Shield 16
Ep 109 | Step 83/200 | XYZ [-0.044 -0.007  0.   ] | RPY [ 0.005 -0.014  0.003] | Grip 1 (1.00) | Phase 8->8 | Ground 0.9cm | Target C | PredXYZ [0.19  0.082 0.824] | TrueXYZ [0.196 0.074 0.823] | EEF [0.153 0.086 0.816] | ObjZ 0.823 | Up 1.00 | Hold 5/5 | Age 3 (4) | Resets 1 | Shield 18
Episode 109: Clean Success | failure=success | termination=success
Episode 110/120: Push the blue ball away from the robot | ensemble=temporal
Ep 110 | Step 1/200 | XYZ [ 0.779 -0.331 -0.577] | RPY [ 0.001 -0.003 -0.834] | Grip 1 (1.00) | Phase 5->5 | Ground 0.1cm | Target B | PredXYZ [ 0.106 -0.09   0.828] | TrueXYZ [ 0.106 -0.089  0.826] | EEF [-0.084 -0.015  1.018] | ObjZ 0.826 | Up 1.00 | Hold 0/0 | Age 0 (1) | Resets 0 | Shield 0
Ep 110 | Step 20/200 | XYZ [ 0.187 -0.126 -0.119] | RPY [ 0.009 -0.001  0.009] | Grip 1 (1.00) | Phase 5->5 | Ground 0.5cm | Target B | PredXYZ [ 0.108 -0.093  0.826] | TrueXYZ [ 0.106 -0.089  0.826] | EEF [ 0.007 -0.046  0.943] | ObjZ 0.826 | Up 1.00 | Hold 0/0 | Age 3 (4) | Resets 0 | Shield 0
Ep 110 | Step 40/200 | XYZ [ 0.015 -0.022 -0.368] | RPY [ 0.001 -0.003  0.002] | Grip 1 (1.00) | Phase 6->6 | Ground 0.3cm | Target B | PredXYZ [ 0.109 -0.09   0.826] | TrueXYZ [ 0.106 -0.089  0.826] | EEF [ 0.029 -0.06   0.873] | ObjZ 0.826 | Up 1.00 | Hold 0/0 | Age 0 (1) | Resets 0 | Shield 0
Ep 110 | Step 60/200 | XYZ [ 0.9   -0.516 -0.044] | RPY [0.008 0.012 0.002] | Grip 1 (1.00) | Phase 7->7 | Ground 0.3cm | Target B | PredXYZ [ 0.104 -0.092  0.826] | TrueXYZ [ 0.106 -0.089  0.826] | EEF [ 0.039 -0.066  0.829] | ObjZ 0.826 | Up 1.00 | Hold 0/0 | Age 0 (1) | Resets 0 | Shield 0
Ep 110 | Step 75/200 | XYZ [-0.099  0.054 -0.021] | RPY [-0.015 -0.043 -0.003] | Grip 1 (1.00) | Phase 8->8 | Ground 0.7cm | Target B | PredXYZ [ 0.188 -0.133  0.826] | TrueXYZ [ 0.187 -0.128  0.826] | EEF [ 0.152 -0.119  0.828] | ObjZ 0.826 | Up 1.00 | Hold 5/5 | Age 2 (3) | Resets 3 | Shield 1
Episode 110: Clean Success | failure=success | termination=success
Scene rejected for ('push', 'C'): Deterministic push path is blocked by a distractor
Scene rejected for ('push', 'C'): Deterministic push path is blocked by a distractor
Scene rejected for ('push', 'C'): Deterministic push path is blocked by a distractor
Scene rejected for ('push', 'C'): Deterministic push path is blocked by a distractor
Scene rejected for ('push', 'C'): Deterministic push path is blocked by a distractor
Scene rejected for ('push', 'C'): Deterministic push path is blocked by a distractor
Scene rejected for ('push', 'C'): Deterministic push path is blocked by a distractor
Episode 111/120: Push the green cylinder away from the robot | ensemble=temporal
Ep 111 | Step 1/200 | XYZ [ 0.626  0.447 -0.518] | RPY [-0.001 -0.001  0.9  ] | Grip 1 (1.00) | Phase 5->5 | Ground 0.5cm | Target C | PredXYZ [0.053 0.122 0.824] | TrueXYZ [0.049 0.119 0.822] | EEF [-0.117  0.008  1.005] | ObjZ 0.822 | Up 1.00 | Hold 0/0 | Age 0 (1) | Resets 0 | Shield 0
Ep 111 | Step 20/200 | XYZ [ 0.159  0.115 -0.108] | RPY [-0.01  -0.004  0.009] | Grip 1 (1.00) | Phase 5->5 | Ground 0.5cm | Target C | PredXYZ [0.053 0.123 0.822] | TrueXYZ [0.049 0.119 0.822] | EEF [-0.039  0.053  0.937] | ObjZ 0.822 | Up 1.00 | Hold 0/0 | Age 3 (4) | Resets 0 | Shield 0
Ep 111 | Step 40/200 | XYZ [ 0.019  0.034 -0.38 ] | RPY [-0.002 -0.003 -0.002] | Grip 1 (1.00) | Phase 6->6 | Ground 0.9cm | Target C | PredXYZ [0.058 0.122 0.822] | TrueXYZ [0.049 0.119 0.822] | EEF [-0.019  0.066  0.863] | ObjZ 0.822 | Up 1.00 | Hold 0/0 | Age 0 (1) | Resets 0 | Shield 0
Ep 111 | Step 60/200 | XYZ [ 0.616  0.454 -0.045] | RPY [ 0.001 -0.002  0.001] | Grip 1 (1.00) | Phase 7->7 | Ground 0.5cm | Target C | PredXYZ [0.045 0.123 0.822] | TrueXYZ [0.049 0.119 0.822] | EEF [-0.017  0.072  0.818] | ObjZ 0.822 | Up 1.00 | Hold 0/0 | Age 0 (1) | Resets 0 | Shield 0
Ep 111 | Step 80/200 | XYZ [0.287 0.261 0.   ] | RPY [ 0.002 -0.004 -0.001] | Grip 1 (1.00) | Phase 7->7 | Ground 0.5cm | Target C | PredXYZ [0.09  0.186 0.824] | TrueXYZ [0.089 0.193 0.823] | EEF [0.091 0.14  0.817] | ObjZ 0.823 | Up 1.00 | Hold 3/3 | Age 0 (1) | Resets 1 | Shield 20
Ep 111 | Step 82/200 | XYZ [-0.023 -0.006  0.001] | RPY [ 0.002 -0.004 -0.002] | Grip 1 (1.00) | Phase 8->8 | Ground 0.5cm | Target C | PredXYZ [0.093 0.191 0.824] | TrueXYZ [0.092 0.197 0.823] | EEF [0.096 0.143 0.818] | ObjZ 0.823 | Up 1.00 | Hold 5/5 | Age 3 (4) | Resets 1 | Shield 20
Episode 111: Clean Success | failure=success | termination=success
Episode 112/120: Pick up the red cube | ensemble=temporal
Ep 112 | Step 1/200 | XYZ [ 0.871 -0.593 -0.424] | RPY [-0.001 -0.005  0.9  ] | Grip -1 (0.03) | Phase 0->0 | Ground 0.1cm | Target A | PredXYZ [ 0.068 -0.102  0.824] | TrueXYZ [ 0.068 -0.103  0.821] | EEF [-9.700e-02 -1.000e-03  1.009e+00] | ObjZ 0.821 | Up 1.00 | Hold 0/0 | Age 0 (1) | Resets 0 | Shield 0
Ep 112 | Step 20/200 | XYZ [ 0.331 -0.124 -0.052] | RPY [-0.02   0.008 -0.002] | Grip -1 (0.00) | Phase 0->0 | Ground 0.4cm | Target A | PredXYZ [ 0.071 -0.104  0.822] | TrueXYZ [ 0.068 -0.103  0.822] | EEF [ 0.023 -0.087  0.949] | ObjZ 0.822 | Up 1.00 | Hold 0/0 | Age 3 (4) | Resets 0 | Shield 0
Ep 112 | Step 40/200 | XYZ [ 0.049 -0.023 -0.538] | RPY [-0.001 -0.005  0.003] | Grip -1 (0.00) | Phase 1->1 | Ground 0.3cm | Target A | PredXYZ [ 0.07  -0.105  0.822] | TrueXYZ [ 0.068 -0.103  0.822] | EEF [ 0.066 -0.1    0.896] | ObjZ 0.822 | Up 1.00 | Hold 0/0 | Age 0 (1) | Resets 0 | Shield 0
Ep 112 | Step 60/200 | XYZ [ 0.012  0.005 -0.108] | RPY [-0.001 -0.001 -0.001] | Grip -1 (0.00) | Phase 1->1 | Ground 0.8cm | Target A | PredXYZ [ 0.071 -0.096  0.822] | TrueXYZ [ 0.068 -0.103  0.822] | EEF [ 0.072 -0.104  0.829] | ObjZ 0.822 | Up 1.00 | Hold 0/0 | Age 0 (1) | Resets 0 | Shield 0
Ep 112 | Step 80/200 | XYZ [0.007 0.005 0.563] | RPY [-0.001 -0.003 -0.003] | Grip 1 (1.00) | Phase 3->3 | Ground 0.3cm | Target A | PredXYZ [ 0.07  -0.102  0.864] | TrueXYZ [ 0.068 -0.104  0.869] | EEF [ 0.072 -0.103  0.868] | ObjZ 0.869 | Up 1.00 | Hold 4/0 | Age 0 (1) | Resets 2 | Shield 0
Ep 112 | Step 81/200 | XYZ [0.007 0.005 0.539] | RPY [-0.001 -0.002 -0.003] | Grip 1 (1.00) | Phase 3->3 | Ground 0.6cm | Target A | PredXYZ [ 0.065 -0.102  0.866] | TrueXYZ [ 0.068 -0.104  0.876] | EEF [ 0.072 -0.103  0.874] | ObjZ 0.876 | Up 1.00 | Hold 5/0 | Age 0 (1) | Resets 2 | Shield 0
Ep 112 | Step 86/200 | XYZ [0.006 0.006 0.428] | RPY [ 0.     0.004 -0.003] | Grip 1 (1.00) | Phase 3->3 | Ground 0.6cm | Target A | PredXYZ [ 0.068 -0.108  0.894] | TrueXYZ [ 0.067 -0.104  0.904] | EEF [ 0.071 -0.103  0.902] | ObjZ 0.904 | Up 1.00 | Hold 10/5 | Age 0 (1) | Resets 3 | Shield 0
Episode 112: Clean Success | failure=success | termination=success
Scene rejected for ('push', 'C'): Deterministic push path is blocked by a distractor
Scene rejected for ('push', 'C'): Deterministic push path is blocked by a distractor
Scene rejected for ('push', 'C'): Deterministic push path is blocked by a distractor
Scene rejected for ('push', 'C'): Deterministic push path is blocked by a distractor
Scene rejected for ('push', 'C'): Deterministic push path is blocked by a distractor
Scene rejected for ('push', 'C'): Deterministic push path is blocked by a distractor
Scene rejected for ('push', 'C'): Deterministic push path is blocked by a distractor
Scene rejected for ('push', 'C'): Deterministic push path is blocked by a distractor
Scene rejected for ('push', 'C'): Deterministic push path is blocked by a distractor
Scene rejected for ('push', 'C'): Deterministic push path is blocked by a distractor
Scene rejected for ('push', 'C'): Deterministic push path is blocked by a distractor
Scene rejected for ('push', 'C'): Deterministic push path is blocked by a distractor
Scene rejected for ('push', 'C'): Deterministic push path is blocked by a distractor
Episode 113/120: Push the green cylinder away from the robot | ensemble=temporal
Ep 113 | Step 1/200 | XYZ [-0.028  0.188 -0.548] | RPY [-0.005 -0.003 -0.9  ] | Grip 1 (1.00) | Phase 5->5 | Ground 0.5cm | Target C | PredXYZ [-0.101 -0.073  0.824] | TrueXYZ [-0.097 -0.074  0.822] | EEF [-0.104 -0.024  1.008] | ObjZ 0.822 | Up 1.00 | Hold 0/0 | Age 0 (1) | Resets 0 | Shield 0
Ep 113 | Step 20/200 | XYZ [ 0.025  0.115 -0.102] | RPY [ 0.029 -0.009 -0.464] | Grip 1 (1.00) | Phase 5->5 | Ground 1.0cm | Target C | PredXYZ [-0.105 -0.079  0.822] | TrueXYZ [-0.097 -0.074  0.822] | EEF [-0.12  -0.014  0.933] | ObjZ 0.822 | Up 1.00 | Hold 0/0 | Age 3 (4) | Resets 0 | Shield 0
Ep 113 | Step 40/200 | XYZ [ 0.032 -0.029 -0.185] | RPY [0.001 0.01  0.002] | Grip 1 (1.00) | Phase 6->6 | Ground 0.4cm | Target C | PredXYZ [-0.1   -0.076  0.822] | TrueXYZ [-0.097 -0.074  0.822] | EEF [-0.124  0.006  0.837] | ObjZ 0.822 | Up 1.00 | Hold 0/0 | Age 0 (1) | Resets 0 | Shield 0
Ep 113 | Step 60/200 | XYZ [ 0.05  -0.628 -0.021] | RPY [ 0.021 -0.011  0.021] | Grip 1 (1.00) | Phase 7->7 | Ground 0.3cm | Target C | PredXYZ [-0.098 -0.077  0.822] | TrueXYZ [-0.096 -0.086  0.823] | EEF [-0.108 -0.049  0.82 ] | ObjZ 0.823 | Up 1.00 | Hold 0/0 | Age 0 (1) | Resets 0 | Shield 0
Ep 113 | Step 73/200 | XYZ [0.001 0.017 0.   ] | RPY [-0.007  0.003 -0.01 ] | Grip 1 (1.00) | Phase 8->8 | Ground 0.8cm | Target C | PredXYZ [-0.095 -0.154  0.823] | TrueXYZ [-0.089 -0.162  0.823] | EEF [-0.104 -0.125  0.818] | ObjZ 0.823 | Up 1.00 | Hold 5/5 | Age 3 (4) | Resets 3 | Shield 5
Episode 113: Clean Success | failure=success | termination=success
Scene rejected for ('pick', 'C'): Pick target lacks bilateral gripper clearance
Episode 114/120: Pick up the green cylinder | ensemble=temporal
Ep 114 | Step 1/200 | XYZ [ 0.9   -0.264 -0.459] | RPY [-0.001  0.     0.001] | Grip -1 (0.00) | Phase 0->0 | Ground 0.3cm | Target C | PredXYZ [ 0.124 -0.04   0.824] | TrueXYZ [ 0.122 -0.042  0.822] | EEF [-9.500e-02 -1.000e-03  1.018e+00] | ObjZ 0.822 | Up 1.00 | Hold 0/0 | Age 0 (1) | Resets 0 | Shield 0
Ep 114 | Step 20/200 | XYZ [ 0.394 -0.07  -0.077] | RPY [-0.004 -0.004 -0.001] | Grip -1 (0.00) | Phase 0->0 | Ground 0.5cm | Target C | PredXYZ [ 0.122 -0.047  0.822] | TrueXYZ [ 0.122 -0.042  0.822] | EEF [ 0.064 -0.037  0.956] | ObjZ 0.822 | Up 1.00 | Hold 0/0 | Age 3 (4) | Resets 0 | Shield 0
Ep 114 | Step 40/200 | XYZ [ 0.067 -0.01  -0.644] | RPY [ 0.001 -0.004  0.002] | Grip -1 (0.00) | Phase 1->1 | Ground 0.4cm | Target C | PredXYZ [ 0.126 -0.043  0.822] | TrueXYZ [ 0.122 -0.042  0.822] | EEF [ 0.112 -0.043  0.911] | ObjZ 0.822 | Up 1.00 | Hold 0/0 | Age 0 (1) | Resets 0 | Shield 0
Ep 114 | Step 60/200 | XYZ [ 0.013  0.003 -0.129] | RPY [-0.001 -0.001  0.001] | Grip -1 (0.00) | Phase 1->1 | Ground 0.3cm | Target C | PredXYZ [ 0.124 -0.044  0.822] | TrueXYZ [ 0.122 -0.042  0.822] | EEF [ 0.12  -0.044  0.833] | ObjZ 0.822 | Up 1.00 | Hold 0/0 | Age 0 (1) | Resets 0 | Shield 0
Ep 114 | Step 80/200 | XYZ [0.002 0.003 0.634] | RPY [-0.002 -0.007 -0.002] | Grip 1 (1.00) | Phase 3->3 | Ground 1.0cm | Target C | PredXYZ [ 0.125 -0.038  0.857] | TrueXYZ [ 0.122 -0.044  0.857] | EEF [ 0.122 -0.044  0.855] | ObjZ 0.857 | Up 1.00 | Hold 3/0 | Age 0 (1) | Resets 1 | Shield 0
Ep 114 | Step 82/200 | XYZ [0.003 0.002 0.567] | RPY [-0.001 -0.004 -0.002] | Grip 1 (1.00) | Phase 3->3 | Ground 0.7cm | Target C | PredXYZ [ 0.125 -0.039  0.869] | TrueXYZ [ 0.122 -0.044  0.871] | EEF [ 0.122 -0.044  0.869] | ObjZ 0.871 | Up 1.00 | Hold 5/0 | Age 0 (1) | Resets 1 | Shield 0
Ep 114 | Step 88/200 | XYZ [0.003 0.002 0.415] | RPY [-0.001  0.006 -0.003] | Grip 1 (1.00) | Phase 3->3 | Ground 0.7cm | Target C | PredXYZ [ 0.124 -0.049  0.903] | TrueXYZ [ 0.12  -0.045  0.905] | EEF [ 0.12  -0.045  0.903] | ObjZ 0.905 | Up 1.00 | Hold 11/5 | Age 0 (1) | Resets 1 | Shield 0
Episode 114: Clean Success | failure=success | termination=success
Episode 115/120: Pick up the red cube | ensemble=temporal
Ep 115 | Step 1/200 | XYZ [ 0.9   -0.266 -0.388] | RPY [ 0.005  0.003 -0.595] | Grip -1 (0.00) | Phase 0->0 | Ground 0.8cm | Target A | PredXYZ [ 0.075 -0.076  0.824] | TrueXYZ [ 0.068 -0.075  0.821] | EEF [-0.103 -0.038  1.005] | ObjZ 0.821 | Up 1.00 | Hold 0/0 | Age 0 (1) | Resets 0 | Shield 0
Ep 115 | Step 20/200 | XYZ [ 0.256 -0.102 -0.073] | RPY [ 0.002 -0.009  0.001] | Grip -1 (0.00) | Phase 0->0 | Ground 0.6cm | Target A | PredXYZ [ 0.07  -0.08   0.822] | TrueXYZ [ 0.068 -0.075  0.822] | EEF [ 0.028 -0.071  0.955] | ObjZ 0.822 | Up 1.00 | Hold 0/0 | Age 3 (4) | Resets 0 | Shield 0
Ep 115 | Step 40/200 | XYZ [ 0.034 -0.023 -0.465] | RPY [ 0.001 -0.004  0.003] | Grip -1 (0.00) | Phase 1->1 | Ground 0.8cm | Target A | PredXYZ [ 0.069 -0.082  0.822] | TrueXYZ [ 0.068 -0.075  0.822] | EEF [ 0.059 -0.083  0.884] | ObjZ 0.822 | Up 1.00 | Hold 0/0 | Age 0 (1) | Resets 0 | Shield 0
Ep 115 | Step 60/200 | XYZ [ 0.011  0.003 -0.108] | RPY [ 0.    -0.     0.001] | Grip -1 (0.00) | Phase 1->1 | Ground 1.0cm | Target A | PredXYZ [ 0.072 -0.084  0.822] | TrueXYZ [ 0.068 -0.075  0.822] | EEF [ 0.063 -0.084  0.826] | ObjZ 0.822 | Up 1.00 | Hold 0/0 | Age 0 (1) | Resets 0 | Shield 0
Ep 115 | Step 80/200 | XYZ [0.005 0.002 0.649] | RPY [-0.001  0.001 -0.002] | Grip 1 (1.00) | Phase 3->3 | Ground 0.7cm | Target A | PredXYZ [ 0.073 -0.079  0.853] | TrueXYZ [ 0.067 -0.078  0.857] | EEF [ 0.066 -0.08   0.852] | ObjZ 0.857 | Up 1.00 | Hold 3/0 | Age 0 (1) | Resets 1 | Shield 0
Ep 115 | Step 82/200 | XYZ [0.005 0.    0.584] | RPY [-0.002  0.003 -0.002] | Grip 1 (1.00) | Phase 3->3 | Ground 1.0cm | Target A | PredXYZ [ 0.077 -0.079  0.867] | TrueXYZ [ 0.066 -0.078  0.872] | EEF [ 0.066 -0.08   0.867] | ObjZ 0.872 | Up 1.00 | Hold 5/0 | Age 0 (1) | Resets 1 | Shield 0
Ep 115 | Step 88/200 | XYZ [0.004 0.001 0.428] | RPY [-0.001  0.007 -0.004] | Grip 1 (1.00) | Phase 3->3 | Ground 1.0cm | Target A | PredXYZ [ 0.058 -0.08   0.894] | TrueXYZ [ 0.064 -0.079  0.907] | EEF [ 0.064 -0.08   0.902] | ObjZ 0.907 | Up 1.00 | Hold 11/5 | Age 0 (1) | Resets 2 | Shield 0
Episode 115: Clean Success | failure=success | termination=success
Scene rejected for ('push', 'B'): Deterministic push path is blocked by a distractor
Scene rejected for ('push', 'B'): Deterministic push path is blocked by a distractor
Scene rejected for ('push', 'B'): Deterministic push path is blocked by a distractor
Scene rejected for ('push', 'B'): Deterministic push path is blocked by a distractor
Scene rejected for ('push', 'B'): Deterministic push path is blocked by a distractor
Scene rejected for ('push', 'B'): Target is too close to the robot reference ray
Scene rejected for ('push', 'B'): Deterministic push path leaves the safe workspace
Scene rejected for ('push', 'B'): Target is too close to the robot reference ray
Scene rejected for ('push', 'B'): Deterministic push path is blocked by a distractor
Scene rejected for ('push', 'B'): Deterministic push path is blocked by a distractor
Scene rejected for ('push', 'B'): Target is too close to the robot reference ray
Episode 116/120: Push the blue ball away from the robot | ensemble=temporal
Ep 116 | Step 1/200 | XYZ [ 0.796  0.562 -0.554] | RPY [-0.002 -0.002  0.9  ] | Grip 1 (1.00) | Phase 5->5 | Ground 0.3cm | Target B | PredXYZ [0.1   0.112 0.828] | TrueXYZ [0.097 0.113 0.826] | EEF [-0.101 -0.024  1.016] | ObjZ 0.826 | Up 1.00 | Hold 0/0 | Age 0 (1) | Resets 0 | Shield 0
Ep 116 | Step 20/200 | XYZ [ 0.208  0.158 -0.115] | RPY [-0.012 -0.003  0.008] | Grip 1 (1.00) | Phase 5->5 | Ground 0.7cm | Target B | PredXYZ [0.104 0.115 0.826] | TrueXYZ [0.097 0.113 0.826] | EEF [0.003 0.035 0.943] | ObjZ 0.826 | Up 1.00 | Hold 0/0 | Age 3 (4) | Resets 0 | Shield 0
Ep 116 | Step 40/200 | XYZ [ 0.028  0.033 -0.439] | RPY [-0.002 -0.006  0.001] | Grip 1 (1.00) | Phase 6->6 | Ground 0.6cm | Target B | PredXYZ [0.103 0.114 0.826] | TrueXYZ [0.097 0.113 0.826] | EEF [0.029 0.055 0.884] | ObjZ 0.826 | Up 1.00 | Hold 0/0 | Age 0 (1) | Resets 0 | Shield 0
Ep 116 | Step 60/200 | XYZ [ 0.004  0.013 -0.082] | RPY [-0.001 -0.001 -0.002] | Grip 1 (1.00) | Phase 6->6 | Ground 0.1cm | Target B | PredXYZ [0.096 0.112 0.826] | TrueXYZ [0.097 0.113 0.826] | EEF [0.03  0.059 0.832] | ObjZ 0.826 | Up 1.00 | Hold 0/0 | Age 0 (1) | Resets 0 | Shield 0
Ep 116 | Step 77/200 | XYZ [-0.09  -0.069 -0.001] | RPY [ 0.02  -0.043  0.003] | Grip 1 (1.00) | Phase 8->8 | Ground 2.0cm | Target B | PredXYZ [0.175 0.172 0.826] | TrueXYZ [0.17  0.155 0.826] | EEF [0.14  0.138 0.828] | ObjZ 0.826 | Up 1.00 | Hold 5/5 | Age 2 (3) | Resets 6 | Shield 1
Episode 116: Clean Success | failure=success | termination=success
Episode 117/120: Pick up the red cube | ensemble=temporal
Ep 117 | Step 1/200 | XYZ [ 0.9    0.293 -0.375] | RPY [ 0.001 -0.    -0.611] | Grip -1 (0.00) | Phase 0->0 | Ground 0.9cm | Target A | PredXYZ [0.125 0.036 0.824] | TrueXYZ [0.117 0.041 0.821] | EEF [-0.104 -0.015  0.996] | ObjZ 0.821 | Up 1.00 | Hold 0/0 | Age 0 (1) | Resets 0 | Shield 0
Ep 117 | Step 20/200 | XYZ [ 0.378  0.039 -0.042] | RPY [ 0.01  -0.008  0.006] | Grip -1 (0.00) | Phase 0->0 | Ground 0.6cm | Target A | PredXYZ [0.122 0.044 0.822] | TrueXYZ [0.117 0.041 0.822] | EEF [0.051 0.033 0.95 ] | ObjZ 0.822 | Up 1.00 | Hold 0/0 | Age 3 (4) | Resets 0 | Shield 0
Ep 117 | Step 40/200 | XYZ [ 0.075  0.009 -0.63 ] | RPY [ 0.    -0.002  0.001] | Grip -1 (0.00) | Phase 1->1 | Ground 0.8cm | Target A | PredXYZ [0.123 0.035 0.822] | TrueXYZ [0.117 0.041 0.822] | EEF [0.099 0.038 0.905] | ObjZ 0.822 | Up 1.00 | Hold 0/0 | Age 0 (1) | Resets 0 | Shield 0
Ep 117 | Step 60/200 | XYZ [ 0.019  0.009 -0.134] | RPY [ 0.001 -0.001 -0.   ] | Grip -1 (0.00) | Phase 1->1 | Ground 0.4cm | Target A | PredXYZ [0.117 0.037 0.822] | TrueXYZ [0.117 0.041 0.822] | EEF [0.107 0.04  0.829] | ObjZ 0.822 | Up 1.00 | Hold 0/0 | Age 0 (1) | Resets 0 | Shield 0
Ep 117 | Step 80/200 | XYZ [0.005 0.002 0.739] | RPY [ 0.002 -0.008 -0.001] | Grip 1 (1.00) | Phase 3->3 | Ground 0.5cm | Target A | PredXYZ [0.113 0.04  0.822] | TrueXYZ [0.117 0.041 0.832] | EEF [0.111 0.043 0.824] | ObjZ 0.832 | Up 1.00 | Hold 0/0 | Age 0 (1) | Resets 0 | Shield 0
Ep 117 | Step 85/200 | XYZ [0.004 0.001 0.599] | RPY [ 0.001 -0.008 -0.001] | Grip 1 (1.00) | Phase 3->3 | Ground 0.8cm | Target A | PredXYZ [0.125 0.038 0.867] | TrueXYZ [0.118 0.041 0.873] | EEF [0.112 0.043 0.864] | ObjZ 0.873 | Up 1.00 | Hold 5/0 | Age 0 (1) | Resets 1 | Shield 0
Ep 117 | Step 91/200 | XYZ [0.005 0.001 0.436] | RPY [ 0.     0.004 -0.001] | Grip 1 (1.00) | Phase 3->3 | Ground 1.2cm | Target A | PredXYZ [0.125 0.043 0.911] | TrueXYZ [0.116 0.041 0.908] | EEF [0.11  0.043 0.9  ] | ObjZ 0.908 | Up 1.00 | Hold 11/5 | Age 0 (1) | Resets 3 | Shield 0
Episode 117: Clean Success | failure=success | termination=success
Scene rejected for ('push', 'B'): Deterministic push path is blocked by a distractor
Episode 118/120: Push the blue ball away from the robot | ensemble=temporal
Ep 118 | Step 1/200 | XYZ [ 0.64   0.377 -0.503] | RPY [-0.003 -0.     0.9  ] | Grip 1 (1.00) | Phase 5->5 | Ground 0.3cm | Target B | PredXYZ [0.074 0.126 0.828] | TrueXYZ [0.071 0.125 0.826] | EEF [-0.095  0.031  1.004] | ObjZ 0.826 | Up 1.00 | Hold 0/0 | Age 0 (1) | Resets 0 | Shield 0
Ep 118 | Step 20/200 | XYZ [ 0.156  0.1   -0.096] | RPY [-0.008 -0.003  0.   ] | Grip 1 (1.00) | Phase 5->5 | Ground 0.8cm | Target B | PredXYZ [0.078 0.121 0.826] | TrueXYZ [0.071 0.125 0.826] | EEF [-0.018  0.067  0.939] | ObjZ 0.826 | Up 1.00 | Hold 0/0 | Age 3 (4) | Resets 0 | Shield 0
Ep 118 | Step 40/200 | XYZ [ 0.014  0.023 -0.308] | RPY [-0.001  0.001 -0.   ] | Grip 1 (1.00) | Phase 6->6 | Ground 1.1cm | Target B | PredXYZ [0.081 0.129 0.826] | TrueXYZ [0.071 0.125 0.826] | EEF [-0.001  0.078  0.865] | ObjZ 0.826 | Up 1.00 | Hold 0/0 | Age 0 (1) | Resets 0 | Shield 0
Ep 118 | Step 60/200 | XYZ [ 0.9    0.695 -0.033] | RPY [-0.02   0.036 -0.006] | Grip 1 (1.00) | Phase 7->7 | Ground 0.4cm | Target B | PredXYZ [0.075 0.125 0.826] | TrueXYZ [0.071 0.125 0.826] | EEF [0.019 0.092 0.825] | ObjZ 0.826 | Up 1.00 | Hold 0/0 | Age 0 (1) | Resets 0 | Shield 0
Ep 118 | Step 73/200 | XYZ [-0.09  -0.071 -0.008] | RPY [ 0.019 -0.042  0.002] | Grip 1 (1.00) | Phase 8->8 | Ground 2.1cm | Target B | PredXYZ [0.16  0.175 0.827] | TrueXYZ [0.142 0.169 0.826] | EEF [0.112 0.151 0.828] | ObjZ 0.826 | Up 1.00 | Hold 5/5 | Age 1 (2) | Resets 6 | Shield 1
Episode 118: Clean Success | failure=success | termination=success
Scene rejected for ('pick', 'C'): Pick target lacks bilateral gripper clearance
Episode 119/120: Pick up the green cylinder | ensemble=temporal
Ep 119 | Step 1/200 | XYZ [ 0.629 -0.582 -0.336] | RPY [0.001 0.003 0.002] | Grip -1 (0.00) | Phase 0->0 | Ground 0.2cm | Target C | PredXYZ [-0.018 -0.106  0.824] | TrueXYZ [-0.018 -0.104  0.822] | EEF [-0.119 -0.011  0.996] | ObjZ 0.822 | Up 1.00 | Hold 0/0 | Age 0 (1) | Resets 0 | Shield 0
Ep 119 | Step 20/200 | XYZ [ 0.174 -0.134 -0.065] | RPY [-0.005 -0.001 -0.006] | Grip -1 (0.00) | Phase 0->0 | Ground 0.1cm | Target C | PredXYZ [-0.018 -0.105  0.822] | TrueXYZ [-0.018 -0.104  0.822] | EEF [-0.039 -0.092  0.953] | ObjZ 0.822 | Up 1.00 | Hold 0/0 | Age 3 (4) | Resets 0 | Shield 0
Ep 119 | Step 40/200 | XYZ [ 0.024 -0.026 -0.382] | RPY [ 0.001 -0.001  0.001] | Grip -1 (0.00) | Phase 1->1 | Ground 1.3cm | Target C | PredXYZ [-0.028 -0.113  0.823] | TrueXYZ [-0.018 -0.104  0.822] | EEF [-0.018 -0.104  0.873] | ObjZ 0.822 | Up 1.00 | Hold 0/0 | Age 0 (1) | Resets 0 | Shield 0
Ep 119 | Step 60/200 | XYZ [ 0.013  0.009 -0.083] | RPY [-0.002  0.001 -0.002] | Grip -1 (0.00) | Phase 1->1 | Ground 1.2cm | Target C | PredXYZ [-0.007 -0.108  0.824] | TrueXYZ [-0.018 -0.104  0.822] | EEF [-0.017 -0.109  0.826] | ObjZ 0.822 | Up 1.00 | Hold 0/0 | Age 0 (1) | Resets 0 | Shield 0
Ep 119 | Step 76/200 | XYZ [0.007 0.002 0.566] | RPY [-0.     0.011 -0.003] | Grip 1 (1.00) | Phase 3->3 | Ground 0.4cm | Target C | PredXYZ [-0.018 -0.11   0.86 ] | TrueXYZ [-0.021 -0.109  0.87 ] | EEF [-0.02  -0.11   0.868] | ObjZ 0.870 | Up 1.00 | Hold 5/0 | Age 0 (1) | Resets 2 | Shield 0
Ep 119 | Step 80/200 | XYZ [0.006 0.001 0.469] | RPY [-0.     0.007 -0.003] | Grip 1 (1.00) | Phase 3->3 | Ground 1.6cm | Target C | PredXYZ [-0.034 -0.115  0.879] | TrueXYZ [-0.023 -0.11   0.893] | EEF [-0.022 -0.11   0.892] | ObjZ 0.893 | Up 1.00 | Hold 9/3 | Age 0 (1) | Resets 2 | Shield 0
Ep 119 | Step 82/200 | XYZ [0.006 0.    0.424] | RPY [-0.     0.006 -0.003] | Grip 1 (1.00) | Phase 3->3 | Ground 1.0cm | Target C | PredXYZ [-0.031 -0.116  0.899] | TrueXYZ [-0.024 -0.11   0.904] | EEF [-0.023 -0.11   0.903] | ObjZ 0.904 | Up 1.00 | Hold 11/5 | Age 0 (1) | Resets 4 | Shield 0
Episode 119: Clean Success | failure=success | termination=success
Episode 120/120: Pick up the green cylinder | ensemble=temporal
Ep 120 | Step 1/200 | XYZ [ 0.899 -0.844 -0.513] | RPY [0.003 0.002 0.001] | Grip -1 (0.00) | Phase 0->0 | Ground 0.2cm | Target C | PredXYZ [ 0.107 -0.13   0.824] | TrueXYZ [ 0.106 -0.129  0.822] | EEF [-0.079  0.011  1.027] | ObjZ 0.822 | Up 1.00 | Hold 0/0 | Age 0 (1) | Resets 0 | Shield 0
Ep 120 | Step 20/200 | XYZ [ 0.356 -0.209 -0.093] | RPY [-0.011  0.005 -0.008] | Grip -1 (0.00) | Phase 0->0 | Ground 0.7cm | Target C | PredXYZ [ 0.102 -0.135  0.822] | TrueXYZ [ 0.106 -0.129  0.822] | EEF [ 0.063 -0.106  0.956] | ObjZ 0.822 | Up 1.00 | Hold 0/0 | Age 3 (4) | Resets 0 | Shield 0
Ep 120 | Step 40/200 | XYZ [ 0.048 -0.032 -0.609] | RPY [ 0.    -0.007  0.002] | Grip -1 (0.00) | Phase 1->1 | Ground 0.4cm | Target C | PredXYZ [ 0.106 -0.133  0.822] | TrueXYZ [ 0.106 -0.129  0.822] | EEF [ 0.107 -0.127  0.906] | ObjZ 0.822 | Up 1.00 | Hold 0/0 | Age 0 (1) | Resets 0 | Shield 0
Ep 120 | Step 60/200 | XYZ [ 0.009  0.003 -0.114] | RPY [-0.001 -0.    -0.   ] | Grip -1 (0.00) | Phase 1->1 | Ground 0.3cm | Target C | PredXYZ [ 0.108 -0.127  0.822] | TrueXYZ [ 0.106 -0.129  0.822] | EEF [ 0.112 -0.13   0.834] | ObjZ 0.822 | Up 1.00 | Hold 0/0 | Age 0 (1) | Resets 0 | Shield 0
Ep 120 | Step 79/200 | XYZ [0.005 0.002 0.552] | RPY [-0.001  0.    -0.002] | Grip 1 (1.00) | Phase 3->3 | Ground 1.2cm | Target C | PredXYZ [ 0.114 -0.124  0.871] | TrueXYZ [ 0.105 -0.131  0.872] | EEF [ 0.112 -0.131  0.874] | ObjZ 0.872 | Up 1.00 | Hold 5/0 | Age 0 (1) | Resets 2 | Shield 0
Ep 120 | Step 80/200 | XYZ [0.005 0.002 0.521] | RPY [-0.001  0.003 -0.003] | Grip 1 (1.00) | Phase 3->3 | Ground 1.9cm | Target C | PredXYZ [ 0.117 -0.122  0.883] | TrueXYZ [ 0.105 -0.131  0.878] | EEF [ 0.112 -0.131  0.88 ] | ObjZ 0.878 | Up 1.00 | Hold 6/0 | Age 0 (1) | Resets 3 | Shield 0
Ep 120 | Step 85/200 | XYZ [0.005 0.003 0.409] | RPY [-0.     0.006 -0.003] | Grip 1 (1.00) | Phase 3->3 | Ground 1.0cm | Target C | PredXYZ [ 0.097 -0.129  0.906] | TrueXYZ [ 0.103 -0.131  0.904] | EEF [ 0.11  -0.131  0.906] | ObjZ 0.904 | Up 1.00 | Hold 11/5 | Age 0 (1) | Resets 5 | Shield 0
Episode 120: Clean Success | failure=success | termination=success
{
  "episodes": 120,
  "visual_perturbation": "clean",
  "perturbation": "clean",
  "ensemble_mode": "temporal",
  "temporal_profile": "robust",
  "execution_mode": "raw",
  "uses_privileged_execution_assistance": false,
  "uses_privileged_perturbation_oracle": false,
  "score_scope": "policy_with_workspace_safety_only",
  "buckets": {
    "pick_A": {
      "episodes": 20,
      "task_success_rate": 0.9,
      "clean_success_rate": 0.9,
      "wrong_contact_rate": 0.0,
      "mean_steps": 99.05,
      "mean_grounding_error_cm": 0.9289355635949498,
      "mean_target_class_accuracy": 1.0,
      "mean_action_clip_rate": 0.023556948675032784,
      "mean_safety_intervention_rate": 0.00583139534883721,
      "mean_latest_only_rate": 0.6413143580917396,
      "strict_target_contact_rate": 1.0,
      "collateral_contact_rate": 0.0,
      "mean_oldest_prediction_age": 1.0010311365276554,
      "mean_grounding_shift_resets": 6.7,
      "minimum_target_uprightness": 0.9977191406069323,
      "failure_counts": {
        "success": 18,
        "grasp_failed_after_contact": 2
      }
    },
    "pick_B": {
      "episodes": 20,
      "task_success_rate": 1.0,
      "clean_success_rate": 1.0,
      "wrong_contact_rate": 0.0,
      "mean_steps": 85.25,
      "mean_grounding_error_cm": 0.8437490712210047,
      "mean_target_class_accuracy": 1.0,
      "mean_action_clip_rate": 0.03300679901588738,
      "mean_safety_intervention_rate": 0.0,
      "mean_latest_only_rate": 0.6423459610633373,
      "strict_target_contact_rate": 1.0,
      "collateral_contact_rate": 0.0,
      "mean_oldest_prediction_age": 1.0023986935292206,
      "mean_grounding_shift_resets": 4.25,
      "minimum_target_uprightness": 1.0,
      "failure_counts": {
        "success": 20
      }
    },
    "pick_C": {
      "episodes": 20,
      "task_success_rate": 0.95,
      "clean_success_rate": 0.95,
      "wrong_contact_rate": 0.0,
      "mean_steps": 89.7,
      "mean_grounding_error_cm": 0.8075161775047863,
      "mean_target_class_accuracy": 1.0,
      "mean_action_clip_rate": 0.019158445943917593,
      "mean_safety_intervention_rate": 0.0,
      "mean_latest_only_rate": 0.6474641122382268,
      "strict_target_contact_rate": 1.0,
      "collateral_contact_rate": 0.0,
      "mean_oldest_prediction_age": 0.9880266378280702,
      "mean_grounding_shift_resets": 4.9,
      "minimum_target_uprightness": 0.8412599414587021,
      "failure_counts": {
        "success": 19,
        "grasp_failed_after_contact": 1
      }
    },
    "push_A": {
      "episodes": 20,
      "task_success_rate": 0.75,
      "clean_success_rate": 0.75,
      "wrong_contact_rate": 0.05,
      "mean_steps": 112.85,
      "mean_grounding_error_cm": 0.8674737632995264,
      "mean_target_class_accuracy": 1.0,
      "mean_action_clip_rate": 0.06490866034175405,
      "mean_safety_intervention_rate": 0.08276109496722903,
      "mean_latest_only_rate": 0.555823928370816,
      "strict_target_contact_rate": 1.0,
      "collateral_contact_rate": 0.0,
      "mean_oldest_prediction_age": 1.2606299239512575,
      "mean_grounding_shift_resets": 1.45,
      "minimum_target_uprightness": 0.9139980191830546,
      "failure_counts": {
        "insufficient_push_distance": 4,
        "success": 15,
        "wrong_object_contact": 1
      }
    },
    "push_B": {
      "episodes": 20,
      "task_success_rate": 1.0,
      "clean_success_rate": 1.0,
      "wrong_contact_rate": 0.0,
      "mean_steps": 82.45,
      "mean_grounding_error_cm": 0.6518339984222702,
      "mean_target_class_accuracy": 1.0,
      "mean_action_clip_rate": 0.13630108738703434,
      "mean_safety_intervention_rate": 0.008636297345922436,
      "mean_latest_only_rate": 0.540695967729907,
      "strict_target_contact_rate": 1.0,
      "collateral_contact_rate": 0.0,
      "mean_oldest_prediction_age": 1.218909675450866,
      "mean_grounding_shift_resets": 4.2,
      "minimum_target_uprightness": 1.0,
      "failure_counts": {
        "success": 20
      }
    },
    "push_C": {
      "episodes": 20,
      "task_success_rate": 0.85,
      "clean_success_rate": 0.85,
      "wrong_contact_rate": 0.0,
      "mean_steps": 110.1,
      "mean_grounding_error_cm": 0.9951283077323818,
      "mean_target_class_accuracy": 1.0,
      "mean_action_clip_rate": 0.1054276014724644,
      "mean_safety_intervention_rate": 0.19510028042325364,
      "mean_latest_only_rate": 0.5609730968957792,
      "strict_target_contact_rate": 1.0,
      "collateral_contact_rate": 0.0,
      "mean_oldest_prediction_age": 1.2418262390697095,
      "mean_grounding_shift_resets": 1.85,
      "minimum_target_uprightness": 0.9428524654358625,
      "failure_counts": {
        "success": 17,
        "insufficient_push_distance": 3
      }
    }
  },
  "overall": {
    "task_success_rate": 0.9083333333333333,
    "clean_success_rate": 0.9083333333333333,
    "wrong_contact_rate": 0.008333333333333333,
    "mean_steps": 96.56666666666666,
    "mean_action_clip_rate": 0.06372659047268175,
    "mean_target_class_accuracy": 1.0,
    "mean_safety_intervention_rate": 0.04872151134754039,
    "mean_latest_only_rate": 0.5981029040649676,
    "strict_target_contact_rate": 1.0,
    "collateral_contact_rate": 0.0,
    "mean_oldest_prediction_age": 1.1188037177261299,
    "mean_grounding_shift_resets": 3.8916666666666666,
    "failure_counts": {
      "insufficient_push_distance": 7,
      "success": 109,
      "grasp_failed_after_contact": 3,
      "wrong_object_contact": 1
    },
    "passed_80_percent_task_gate": true,
    "passed_80_percent_clean_gate": true,
    "passed_80_percent_gate": true
  }
}
Results: results/v3_tests/clean_comparison/v2_20261017.csv and results/v3_tests/clean_comparison/v2_20261017.json
