[robosuite WARNING] No private macro file found! (macros.py:57)
[robosuite WARNING] It is recommended to use a private macro file (macros.py:58)
[robosuite WARNING] To setup, run: python /opt/anaconda3/envs/mujoco310/lib/python3.10/site-packages/robosuite/scripts/setup_macros.py (macros.py:59)
[robosuite WARNING] Could not import robosuite_models. Some robots may not be available. If you want to use these robots, please install robosuite_models from source (https://github.com/ARISE-Initiative/robosuite_models) or through pip install. (__init__.py:30)
[robosuite WARNING] Could not load the mink-based whole-body IK. Make sure you install related import properly, otherwise you will not be able to use the default IK controller setting for GR1 robot. (__init__.py:40)
Using device: mps
Execution mode: raw | privileged execution assistance: False
[robosuite INFO] Loading controller configuration from: /opt/anaconda3/envs/mujoco310/lib/python3.10/site-packages/robosuite/controllers/config/robots/default_panda.json (composite_controller_factory.py:121)
Scene rejected for ('pick', 'B'): Pick target lacks bilateral gripper clearance
Episode 1/120: Pick up the blue ball | ensemble=temporal
Ep 1 | Step 1/200 | XYZ [ 0.706 -0.644 -0.364] | RPY [0.001 0.001 0.   ] | Grip -1 (0.00) | Phase 0->0 | Ground 1.3cm | Target B | PredXYZ [ 0.008 -0.103  0.828] | TrueXYZ [ 0.018 -0.095  0.826] | EEF [-0.112  0.006  1.003] | ObjZ 0.826 | Up 1.00 | Hold 0/0 | Age 0 (1) | Resets 0 | Shield 0
Ep 1 | Step 20/200 | XYZ [ 0.218 -0.153 -0.068] | RPY [-0.006  0.001 -0.007] | Grip -1 (0.00) | Phase 0->0 | Ground 1.2cm | Target B | PredXYZ [ 0.012 -0.105  0.826] | TrueXYZ [ 0.018 -0.095  0.826] | EEF [-0.02  -0.082  0.954] | ObjZ 0.826 | Up 1.00 | Hold 0/0 | Age 3 (4) | Resets 0 | Shield 0
Ep 1 | Step 40/200 | XYZ [ 0.031 -0.031 -0.47 ] | RPY [ 0.    -0.005  0.001] | Grip -1 (0.00) | Phase 1->1 | Ground 1.7cm | Target B | PredXYZ [ 0.011 -0.111  0.826] | TrueXYZ [ 0.018 -0.095  0.826] | EEF [ 0.009 -0.098  0.886] | ObjZ 0.826 | Up 1.00 | Hold 0/0 | Age 0 (1) | Resets 0 | Shield 0
Ep 1 | Step 60/200 | XYZ [ 0.02   0.015 -0.095] | RPY [-0.002  0.002 -0.002] | Grip -1 (0.00) | Phase 1->1 | Ground 1.3cm | Target B | PredXYZ [ 0.012 -0.106  0.826] | TrueXYZ [ 0.018 -0.095  0.826] | EEF [ 0.011 -0.102  0.828] | ObjZ 0.826 | Up 1.00 | Hold 0/0 | Age 0 (1) | Resets 0 | Shield 0
Ep 1 | Step 80/200 | XYZ [0.008 0.003 0.598] | RPY [-0.     0.01  -0.003] | Grip 1 (1.00) | Phase 3->3 | Ground 1.0cm | Target B | PredXYZ [ 0.015 -0.103  0.854] | TrueXYZ [ 0.018 -0.096  0.866] | EEF [ 0.013 -0.097  0.861] | ObjZ 0.866 | Up 1.00 | Hold 4/0 | Age 0 (1) | Resets 3 | Shield 0
Ep 1 | Step 81/200 | XYZ [0.007 0.003 0.569] | RPY [-0.     0.01  -0.003] | Grip 1 (1.00) | Phase 3->3 | Ground 0.5cm | Target B | PredXYZ [ 0.017 -0.1    0.864] | TrueXYZ [ 0.017 -0.096  0.873] | EEF [ 0.013 -0.097  0.868] | ObjZ 0.873 | Up 1.00 | Hold 5/0 | Age 0 (1) | Resets 4 | Shield 0
Ep 1 | Step 87/200 | XYZ [0.006 0.003 0.418] | RPY [-0.     0.006 -0.003] | Grip 1 (1.00) | Phase 3->3 | Ground 1.6cm | Target B | PredXYZ [ 0.006 -0.108  0.899] | TrueXYZ [ 0.016 -0.096  0.907] | EEF [ 0.012 -0.098  0.902] | ObjZ 0.907 | Up 1.00 | Hold 11/5 | Age 0 (1) | Resets 6 | Shield 0
Episode 1: Clean Success | failure=success | termination=success
Episode 2/120: Pick up the green cylinder | ensemble=temporal
Ep 2 | Step 1/200 | XYZ [ 0.9   -0.433 -0.458] | RPY [-0.001 -0.001 -0.002] | Grip -1 (0.00) | Phase 0->0 | Ground 0.4cm | Target C | PredXYZ [ 0.092 -0.081  0.824] | TrueXYZ [ 0.088 -0.081  0.822] | EEF [-0.091 -0.014  1.016] | ObjZ 0.822 | Up 1.00 | Hold 0/0 | Age 0 (1) | Resets 0 | Shield 0
Ep 2 | Step 20/200 | XYZ [ 0.291 -0.117 -0.082] | RPY [-0.005 -0.006 -0.002] | Grip -1 (0.00) | Phase 0->0 | Ground 0.3cm | Target C | PredXYZ [ 0.088 -0.084  0.822] | TrueXYZ [ 0.088 -0.081  0.822] | EEF [ 0.046 -0.078  0.957] | ObjZ 0.822 | Up 1.00 | Hold 0/0 | Age 3 (4) | Resets 0 | Shield 0
Ep 2 | Step 40/200 | XYZ [ 0.049 -0.019 -0.551] | RPY [ 0.    -0.005  0.002] | Grip -1 (0.00) | Phase 1->1 | Ground 0.7cm | Target C | PredXYZ [ 0.094 -0.081  0.822] | TrueXYZ [ 0.088 -0.081  0.822] | EEF [ 0.082 -0.089  0.897] | ObjZ 0.822 | Up 1.00 | Hold 0/0 | Age 0 (1) | Resets 0 | Shield 0
Ep 2 | Step 60/200 | XYZ [ 0.013  0.004 -0.117] | RPY [-0.001 -0.     0.001] | Grip -1 (0.00) | Phase 1->1 | Ground 0.7cm | Target C | PredXYZ [ 0.093 -0.086  0.823] | TrueXYZ [ 0.088 -0.081  0.822] | EEF [ 0.088 -0.092  0.831] | ObjZ 0.822 | Up 1.00 | Hold 0/0 | Age 0 (1) | Resets 0 | Shield 0
Ep 2 | Step 80/200 | XYZ [0.005 0.001 0.594] | RPY [-0.002 -0.    -0.002] | Grip 1 (1.00) | Phase 3->3 | Ground 1.0cm | Target C | PredXYZ [ 0.089 -0.083  0.862] | TrueXYZ [ 0.088 -0.091  0.865] | EEF [ 0.089 -0.092  0.863] | ObjZ 0.865 | Up 1.00 | Hold 4/0 | Age 0 (1) | Resets 2 | Shield 0
Ep 2 | Step 81/200 | XYZ [0.005 0.001 0.566] | RPY [-0.002  0.001 -0.003] | Grip 1 (1.00) | Phase 3->3 | Ground 0.9cm | Target C | PredXYZ [ 0.083 -0.084  0.863] | TrueXYZ [ 0.088 -0.091  0.872] | EEF [ 0.089 -0.092  0.87 ] | ObjZ 0.872 | Up 1.00 | Hold 5/0 | Age 0 (1) | Resets 2 | Shield 0
Ep 2 | Step 87/200 | XYZ [0.004 0.001 0.415] | RPY [-0.001  0.006 -0.003] | Grip 1 (1.00) | Phase 3->3 | Ground 1.0cm | Target C | PredXYZ [ 0.076 -0.092  0.902] | TrueXYZ [ 0.086 -0.092  0.905] | EEF [ 0.087 -0.092  0.903] | ObjZ 0.905 | Up 1.00 | Hold 11/5 | Age 0 (1) | Resets 4 | Shield 0
Episode 2: Clean Success | failure=success | termination=success
Scene rejected for ('push', 'C'): Deterministic push path is blocked by a distractor
Episode 3/120: Push the green cylinder away from the robot | ensemble=temporal
Ep 3 | Step 1/200 | XYZ [ 0.857  0.599 -0.521] | RPY [-0.002  0.001  0.9  ] | Grip 1 (1.00) | Phase 5->5 | Ground 0.1cm | Target C | PredXYZ [0.115 0.125 0.824] | TrueXYZ [0.115 0.126 0.822] | EEF [-0.1   -0.022  1.006] | ObjZ 0.822 | Up 1.00 | Hold 0/0 | Age 0 (1) | Resets 0 | Shield 0
Ep 3 | Step 20/200 | XYZ [ 0.251  0.153 -0.11 ] | RPY [-0.009 -0.007  0.014] | Grip 1 (1.00) | Phase 5->5 | Ground 0.2cm | Target C | PredXYZ [0.114 0.125 0.822] | TrueXYZ [0.115 0.126 0.822] | EEF [0.023 0.045 0.936] | ObjZ 0.822 | Up 1.00 | Hold 0/0 | Age 3 (4) | Resets 0 | Shield 0
Ep 3 | Step 40/200 | XYZ [ 0.033  0.037 -0.45 ] | RPY [-0.002 -0.005  0.001] | Grip 1 (1.00) | Phase 6->6 | Ground 0.3cm | Target C | PredXYZ [0.114 0.124 0.822] | TrueXYZ [0.115 0.126 0.822] | EEF [0.052 0.063 0.874] | ObjZ 0.822 | Up 1.00 | Hold 0/0 | Age 0 (1) | Resets 0 | Shield 0
Ep 3 | Step 60/200 | XYZ [-0.     0.011 -0.085] | RPY [-0.    -0.003  0.   ] | Grip 1 (1.00) | Phase 6->6 | Ground 0.3cm | Target C | PredXYZ [0.113 0.128 0.822] | TrueXYZ [0.115 0.126 0.822] | EEF [0.055 0.066 0.821] | ObjZ 0.822 | Up 1.00 | Hold 0/0 | Age 0 (1) | Resets 0 | Shield 0
Ep 3 | Step 80/200 | XYZ [0.019 0.019 0.   ] | RPY [ 0.004 -0.003  0.002] | Grip 1 (1.00) | Phase 8->8 | Ground 1.7cm | Target C | PredXYZ [0.177 0.166 0.825] | TrueXYZ [0.174 0.153 0.823] | EEF [0.14  0.135 0.816] | ObjZ 0.823 | Up 1.00 | Hold 0/0 | Age 3 (4) | Resets 1 | Shield 15
Ep 3 | Step 85/200 | XYZ [-0.05  -0.033  0.015] | RPY [ 0.011 -0.032 -0.   ] | Grip 1 (1.00) | Phase 8->8 | Ground 1.6cm | Target C | PredXYZ [0.183 0.171 0.826] | TrueXYZ [0.18  0.156 0.825] | EEF [0.146 0.138 0.821] | ObjZ 0.825 | Up 1.00 | Hold 5/5 | Age 3 (4) | Resets 1 | Shield 18
Episode 3: Clean Success | failure=success | termination=success
Scene rejected for ('push', 'B'): Deterministic push path is blocked by a distractor
Scene rejected for ('push', 'B'): Deterministic push path is blocked by a distractor
Scene rejected for ('push', 'B'): Target is too close to the robot reference ray
Episode 4/120: Push the blue ball away from the robot | ensemble=temporal
Ep 4 | Step 1/200 | XYZ [ 0.13  -0.334 -0.597] | RPY [ 0.     0.001 -0.9  ] | Grip 1 (1.00) | Phase 5->5 | Ground 0.9cm | Target B | PredXYZ [-0.045 -0.117  0.828] | TrueXYZ [-0.043 -0.109  0.826] | EEF [-0.094  0.011  1.022] | ObjZ 0.826 | Up 1.00 | Hold 0/0 | Age 0 (1) | Resets 0 | Shield 0
Ep 4 | Step 20/200 | XYZ [ 0.075  0.001 -0.116] | RPY [ 0.035  0.    -0.19 ] | Grip 1 (1.00) | Phase 5->5 | Ground 1.1cm | Target B | PredXYZ [-0.036 -0.118  0.826] | TrueXYZ [-0.043 -0.109  0.826] | EEF [-0.084 -0.023  0.943] | ObjZ 0.826 | Up 1.00 | Hold 0/0 | Age 3 (4) | Resets 0 | Shield 0
Ep 4 | Step 40/200 | XYZ [ 0.031 -0.056 -0.485] | RPY [ 0.007 -0.011  0.008] | Grip 1 (1.00) | Phase 6->6 | Ground 1.1cm | Target B | PredXYZ [-0.035 -0.116  0.826] | TrueXYZ [-0.043 -0.109  0.826] | EEF [-0.076 -0.021  0.892] | ObjZ 0.826 | Up 1.00 | Hold 0/0 | Age 0 (1) | Resets 0 | Shield 0
Ep 4 | Step 60/200 | XYZ [ 0.01  -0.007 -0.082] | RPY [-0.001  0.003  0.001] | Grip 1 (1.00) | Phase 6->6 | Ground 1.0cm | Target B | PredXYZ [-0.04  -0.118  0.826] | TrueXYZ [-0.043 -0.109  0.826] | EEF [-0.077 -0.028  0.834] | ObjZ 0.826 | Up 1.00 | Hold 0/0 | Age 0 (1) | Resets 0 | Shield 0
Ep 4 | Step 79/200 | XYZ [-0.024  0.103  0.002] | RPY [-0.023 -0.017 -0.008] | Grip 1 (1.00) | Phase 8->8 | Ground 1.5cm | Target B | PredXYZ [-0.023 -0.185  0.826] | TrueXYZ [-0.008 -0.18   0.826] | EEF [-0.021 -0.146  0.83 ] | ObjZ 0.826 | Up 1.00 | Hold 5/5 | Age 3 (4) | Resets 4 | Shield 0
Episode 4: Clean Success | failure=success | termination=success
Episode 5/120: Pick up the red cube | ensemble=temporal
Ep 5 | Step 1/200 | XYZ [ 0.9   -0.171 -0.505] | RPY [-0.    -0.004  0.832] | Grip -1 (0.00) | Phase 0->0 | Ground 0.4cm | Target A | PredXYZ [ 0.13  -0.039  0.823] | TrueXYZ [ 0.127 -0.038  0.821] | EEF [-0.083  0.003  1.022] | ObjZ 0.821 | Up 1.00 | Hold 0/0 | Age 0 (1) | Resets 0 | Shield 0
Ep 5 | Step 20/200 | XYZ [ 0.405 -0.04  -0.067] | RPY [-0.02   0.006 -0.002] | Grip -1 (0.00) | Phase 0->0 | Ground 0.8cm | Target A | PredXYZ [ 0.131 -0.045  0.821] | TrueXYZ [ 0.127 -0.038  0.822] | EEF [ 0.063 -0.048  0.95 ] | ObjZ 0.822 | Up 1.00 | Hold 0/0 | Age 3 (4) | Resets 0 | Shield 0
Ep 5 | Step 40/200 | XYZ [ 0.071 -0.002 -0.67 ] | RPY [ 0.    -0.005  0.003] | Grip -1 (0.00) | Phase 1->1 | Ground 0.6cm | Target A | PredXYZ [ 0.132 -0.035  0.821] | TrueXYZ [ 0.127 -0.038  0.822] | EEF [ 0.114 -0.048  0.913] | ObjZ 0.822 | Up 1.00 | Hold 0/0 | Age 0 (1) | Resets 0 | Shield 0
Ep 5 | Step 60/200 | XYZ [ 0.021  0.014 -0.144] | RPY [-0.001 -0.    -0.001] | Grip -1 (0.00) | Phase 1->1 | Ground 0.3cm | Target A | PredXYZ [ 0.127 -0.035  0.822] | TrueXYZ [ 0.127 -0.038  0.822] | EEF [ 0.122 -0.049  0.83 ] | ObjZ 0.822 | Up 1.00 | Hold 0/0 | Age 0 (1) | Resets 0 | Shield 0
Ep 5 | Step 80/200 | XYZ [ 0.     0.01  -0.022] | RPY [-0.004 -0.001 -0.003] | Grip 1 (1.00) | Phase 2->2 | Ground 1.0cm | Target A | PredXYZ [ 0.133 -0.046  0.823] | TrueXYZ [ 0.127 -0.038  0.821] | EEF [ 0.124 -0.046  0.813] | ObjZ 0.821 | Up 1.00 | Hold 0/0 | Age 0 (1) | Resets 0 | Shield 0
Ep 5 | Step 88/200 | XYZ [0.005 0.005 0.574] | RPY [-0.001 -0.004 -0.004] | Grip 1 (1.00) | Phase 3->3 | Ground 1.3cm | Target A | PredXYZ [ 0.138 -0.04   0.875] | TrueXYZ [ 0.128 -0.038  0.874] | EEF [ 0.125 -0.046  0.866] | ObjZ 0.874 | Up 1.00 | Hold 5/0 | Age 0 (1) | Resets 3 | Shield 0
Ep 5 | Step 93/200 | XYZ [0.004 0.005 0.446] | RPY [ 0.     0.004 -0.003] | Grip 1 (1.00) | Phase 3->3 | Ground 0.9cm | Target A | PredXYZ [ 0.135 -0.038  0.902] | TrueXYZ [ 0.126 -0.038  0.903] | EEF [ 0.123 -0.046  0.895] | ObjZ 0.903 | Up 1.00 | Hold 10/5 | Age 0 (1) | Resets 4 | Shield 0
Episode 5: Clean Success | failure=success | termination=success
Episode 6/120: Push the blue ball away from the robot | ensemble=temporal
Ep 6 | Step 1/200 | XYZ [ 0.9    0.34  -0.609] | RPY [-0.002  0.002  0.831] | Grip 1 (1.00) | Phase 5->5 | Ground 1.0cm | Target B | PredXYZ [0.134 0.099 0.828] | TrueXYZ [0.129 0.09  0.826] | EEF [-0.086  0.018  1.021] | ObjZ 0.826 | Up 1.00 | Hold 0/0 | Age 0 (1) | Resets 0 | Shield 0
Ep 6 | Step 20/200 | XYZ [ 0.234  0.106 -0.112] | RPY [-0.008 -0.004  0.002] | Grip 1 (1.00) | Phase 5->5 | Ground 1.4cm | Target B | PredXYZ [0.132 0.104 0.826] | TrueXYZ [0.129 0.09  0.826] | EEF [0.028 0.05  0.943] | ObjZ 0.826 | Up 1.00 | Hold 0/0 | Age 3 (4) | Resets 0 | Shield 0
Ep 6 | Step 40/200 | XYZ [ 0.021  0.02  -0.413] | RPY [-0.002 -0.004 -0.   ] | Grip 1 (1.00) | Phase 6->6 | Ground 0.3cm | Target B | PredXYZ [0.128 0.093 0.826] | TrueXYZ [0.129 0.09  0.826] | EEF [0.055 0.062 0.878] | ObjZ 0.826 | Up 1.00 | Hold 0/0 | Age 0 (1) | Resets 0 | Shield 0
Ep 6 | Step 60/200 | XYZ [ 0.9    0.505 -0.057] | RPY [-0.002 -0.001  0.   ] | Grip 1 (1.00) | Phase 7->7 | Ground 0.4cm | Target B | PredXYZ [0.127 0.093 0.826] | TrueXYZ [0.129 0.09  0.826] | EEF [0.059 0.065 0.829] | ObjZ 0.826 | Up 1.00 | Hold 0/0 | Age 0 (1) | Resets 0 | Shield 0
Ep 6 | Step 76/200 | XYZ [-0.093 -0.045 -0.016] | RPY [ 0.015 -0.044  0.003] | Grip 1 (1.00) | Phase 8->8 | Ground 0.1cm | Target B | PredXYZ [0.206 0.128 0.826] | TrueXYZ [0.209 0.13  0.826] | EEF [0.176 0.118 0.827] | ObjZ 0.826 | Up 1.00 | Hold 5/5 | Age 3 (4) | Resets 4 | Shield 2
Episode 6: Clean Success | failure=success | termination=success
Episode 7/120: Pick up the green cylinder | ensemble=temporal
Ep 7 | Step 1/200 | XYZ [ 0.9   -0.692 -0.373] | RPY [0.    0.001 0.003] | Grip -1 (0.00) | Phase 0->0 | Ground 0.8cm | Target C | PredXYZ [ 0.073 -0.116  0.824] | TrueXYZ [ 0.066 -0.113  0.822] | EEF [-0.105 -0.003  1.001] | ObjZ 0.822 | Up 1.00 | Hold 0/0 | Age 0 (1) | Resets 0 | Shield 0
Ep 7 | Step 20/200 | XYZ [ 0.309 -0.15  -0.063] | RPY [-0.007 -0.004 -0.005] | Grip -1 (0.00) | Phase 0->0 | Ground 0.1cm | Target C | PredXYZ [ 0.068 -0.112  0.822] | TrueXYZ [ 0.066 -0.113  0.822] | EEF [ 0.029 -0.097  0.952] | ObjZ 0.822 | Up 1.00 | Hold 0/0 | Age 3 (4) | Resets 0 | Shield 0
Ep 7 | Step 40/200 | XYZ [ 0.042 -0.026 -0.526] | RPY [ 0.001 -0.004  0.002] | Grip -1 (0.00) | Phase 1->1 | Ground 1.0cm | Target C | PredXYZ [ 0.075 -0.117  0.822] | TrueXYZ [ 0.066 -0.112  0.822] | EEF [ 0.068 -0.113  0.895] | ObjZ 0.822 | Up 1.00 | Hold 0/0 | Age 0 (1) | Resets 0 | Shield 0
Ep 7 | Step 60/200 | XYZ [ 0.008  0.001 -0.114] | RPY [-0.001 -0.001  0.001] | Grip -1 (0.00) | Phase 1->1 | Ground 1.0cm | Target C | PredXYZ [ 0.076 -0.114  0.822] | TrueXYZ [ 0.066 -0.112  0.822] | EEF [ 0.073 -0.116  0.831] | ObjZ 0.822 | Up 1.00 | Hold 0/0 | Age 0 (1) | Resets 1 | Shield 0
Ep 7 | Step 79/200 | XYZ [0.004 0.001 0.557] | RPY [-0.003 -0.002 -0.003] | Grip 1 (1.00) | Phase 3->3 | Ground 0.9cm | Target C | PredXYZ [ 0.071 -0.123  0.86 ] | TrueXYZ [ 0.066 -0.117  0.872] | EEF [ 0.074 -0.117  0.871] | ObjZ 0.872 | Up 1.00 | Hold 5/0 | Age 0 (1) | Resets 3 | Shield 0
Ep 7 | Step 80/200 | XYZ [0.005 0.001 0.523] | RPY [-0.002  0.001 -0.003] | Grip 1 (1.00) | Phase 3->3 | Ground 1.3cm | Target C | PredXYZ [ 0.078 -0.119  0.876] | TrueXYZ [ 0.066 -0.117  0.878] | EEF [ 0.073 -0.117  0.878] | ObjZ 0.878 | Up 1.00 | Hold 6/0 | Age 0 (1) | Resets 4 | Shield 0
Ep 7 | Step 85/200 | XYZ [0.004 0.002 0.406] | RPY [-0.001  0.005 -0.004] | Grip 1 (1.00) | Phase 3->3 | Ground 1.0cm | Target C | PredXYZ [ 0.072 -0.121  0.904] | TrueXYZ [ 0.064 -0.117  0.904] | EEF [ 0.071 -0.117  0.904] | ObjZ 0.904 | Up 1.00 | Hold 11/5 | Age 0 (1) | Resets 6 | Shield 0
Episode 7: Clean Success | failure=success | termination=success
Scene rejected for ('push', 'C'): Deterministic push path is blocked by a distractor
Scene rejected for ('push', 'C'): Deterministic push path is blocked by a distractor
Scene rejected for ('push', 'C'): Deterministic push path is blocked by a distractor
Scene rejected for ('push', 'C'): Deterministic push path is blocked by a distractor
Scene rejected for ('push', 'C'): Deterministic push path is blocked by a distractor
Scene rejected for ('push', 'C'): Deterministic push path is blocked by a distractor
Scene rejected for ('push', 'C'): Deterministic push path is blocked by a distractor
Scene rejected for ('push', 'C'): Deterministic push path is blocked by a distractor
Scene rejected for ('push', 'C'): Deterministic push path is blocked by a distractor
Scene rejected for ('push', 'C'): Deterministic push path is blocked by a distractor
Episode 8/120: Push the green cylinder away from the robot | ensemble=temporal
Ep 8 | Step 1/200 | XYZ [-0.076 -0.138 -0.519] | RPY [ 0.004 -0.004  0.9  ] | Grip 1 (1.00) | Phase 5->5 | Ground 1.1cm | Target C | PredXYZ [-0.081  0.03   0.824] | TrueXYZ [-0.07   0.028  0.822] | EEF [-0.107 -0.013  1.004] | ObjZ 0.822 | Up 1.00 | Hold 0/0 | Age 0 (1) | Resets 0 | Shield 0
Ep 8 | Step 20/200 | XYZ [-0.003 -0.084 -0.103] | RPY [-0.019  0.011  0.13 ] | Grip 1 (1.00) | Phase 5->5 | Ground 1.0cm | Target C | PredXYZ [-0.08   0.028  0.822] | TrueXYZ [-0.07   0.028  0.822] | EEF [-0.129 -0.031  0.936] | ObjZ 0.822 | Up 1.00 | Hold 0/0 | Age 3 (4) | Resets 0 | Shield 0
Ep 8 | Step 40/200 | XYZ [ 0.073  0.041 -0.158] | RPY [-0.004  0.016 -0.005] | Grip 1 (1.00) | Phase 6->6 | Ground 0.8cm | Target C | PredXYZ [-0.078  0.031  0.822] | TrueXYZ [-0.07   0.028  0.822] | EEF [-0.142 -0.052  0.833] | ObjZ 0.822 | Up 1.00 | Hold 0/0 | Age 0 (1) | Resets 0 | Shield 0
Ep 8 | Step 60/200 | XYZ [0.385 0.551 0.   ] | RPY [-0.021  0.009 -0.018] | Grip 1 (1.00) | Phase 7->7 | Ground 0.7cm | Target C | PredXYZ [-0.077  0.03   0.822] | TrueXYZ [-0.07   0.028  0.822] | EEF [-0.1   -0.008  0.817] | ObjZ 0.822 | Up 1.00 | Hold 0/0 | Age 0 (1) | Resets 0 | Shield 9
Ep 8 | Step 76/200 | XYZ [-0.018 -0.038  0.   ] | RPY [ 0.014 -0.008  0.005] | Grip 1 (1.00) | Phase 8->8 | Ground 1.7cm | Target C | PredXYZ [-0.047  0.089  0.822] | TrueXYZ [-0.031  0.085  0.822] | EEF [-0.06   0.059  0.819] | ObjZ 0.822 | Up 1.00 | Hold 5/5 | Age 3 (4) | Resets 2 | Shield 24
Episode 8: Clean Success | failure=success | termination=success
Scene rejected for ('pick', 'B'): Pick target lacks bilateral gripper clearance
Scene rejected for ('pick', 'B'): Pick target lacks bilateral gripper clearance
Episode 9/120: Pick up the blue ball | ensemble=temporal
Ep 9 | Step 1/200 | XYZ [ 0.796  0.646 -0.434] | RPY [-0.001  0.001 -0.   ] | Grip -1 (0.00) | Phase 0->0 | Ground 1.1cm | Target B | PredXYZ [0.041 0.124 0.828] | TrueXYZ [0.04  0.113 0.826] | EEF [-0.085  0.022  1.016] | ObjZ 0.826 | Up 1.00 | Hold 0/0 | Age 0 (1) | Resets 0 | Shield 0
Ep 9 | Step 20/200 | XYZ [ 0.178  0.139 -0.076] | RPY [ 0.005 -0.002  0.006] | Grip -1 (0.00) | Phase 0->0 | Ground 1.0cm | Target B | PredXYZ [0.039 0.123 0.825] | TrueXYZ [0.04  0.113 0.826] | EEF [0.007 0.105 0.961] | ObjZ 0.826 | Up 1.00 | Hold 0/0 | Age 3 (4) | Resets 0 | Shield 0
Ep 9 | Step 40/200 | XYZ [ 0.031  0.032 -0.455] | RPY [-0.    -0.004 -0.002] | Grip -1 (0.00) | Phase 1->1 | Ground 1.0cm | Target B | PredXYZ [0.043 0.122 0.826] | TrueXYZ [0.04  0.113 0.826] | EEF [0.031 0.12  0.885] | ObjZ 0.826 | Up 1.00 | Hold 0/0 | Age 0 (1) | Resets 0 | Shield 0
Ep 9 | Step 60/200 | XYZ [ 0.017  0.002 -0.094] | RPY [0.001 0.002 0.003] | Grip -1 (0.00) | Phase 1->1 | Ground 1.7cm | Target B | PredXYZ [0.037 0.129 0.825] | TrueXYZ [0.04  0.113 0.826] | EEF [0.033 0.126 0.829] | ObjZ 0.826 | Up 1.00 | Hold 0/0 | Age 0 (1) | Resets 0 | Shield 0
Ep 9 | Step 80/200 | XYZ [0.007 0.    0.562] | RPY [-0.     0.006 -0.   ] | Grip 1 (1.00) | Phase 3->3 | Ground 0.9cm | Target B | PredXYZ [0.047 0.118 0.868] | TrueXYZ [0.043 0.111 0.871] | EEF [0.04  0.114 0.87 ] | ObjZ 0.871 | Up 1.00 | Hold 5/0 | Age 0 (1) | Resets 2 | Shield 0
Ep 9 | Step 86/200 | XYZ [ 0.006 -0.     0.415] | RPY [ 0.001  0.005 -0.   ] | Grip 1 (1.00) | Phase 3->3 | Ground 0.7cm | Target B | PredXYZ [0.046 0.114 0.903] | TrueXYZ [0.041 0.112 0.904] | EEF [0.039 0.115 0.904] | ObjZ 0.904 | Up 1.00 | Hold 11/5 | Age 0 (1) | Resets 3 | Shield 0
Episode 9: Clean Success | failure=success | termination=success
Episode 10/120: Push the red cube away from the robot | ensemble=temporal
Ep 10 | Step 1/200 | XYZ [-0.013  0.225 -0.614] | RPY [ 0.002  0.002 -0.873] | Grip 1 (1.00) | Phase 5->5 | Ground 1.1cm | Target A | PredXYZ [-0.094  0.11   0.824] | TrueXYZ [-0.093  0.099  0.821] | EEF [-0.098 -0.024  1.017] | ObjZ 0.821 | Up 1.00 | Hold 0/0 | Age 0 (1) | Resets 0 | Shield 0
Ep 10 | Step 20/200 | XYZ [ 0.059  0.151 -0.103] | RPY [ 0.047 -0.01  -0.712] | Grip 1 (1.00) | Phase 5->5 | Ground 0.8cm | Target A | PredXYZ [-0.093  0.108  0.821] | TrueXYZ [-0.093  0.099  0.822] | EEF [-0.116 -0.015  0.932] | ObjZ 0.822 | Up 1.00 | Hold 0/0 | Age 3 (4) | Resets 0 | Shield 0
Ep 10 | Step 40/200 | XYZ [ 0.064  0.    -0.564] | RPY [ 0.005 -0.009 -0.001] | Grip 1 (1.00) | Phase 6->6 | Ground 1.2cm | Target A | PredXYZ [-0.092  0.112  0.822] | TrueXYZ [-0.093  0.099  0.822] | EEF [-0.114  0.013  0.899] | ObjZ 0.822 | Up 1.00 | Hold 0/0 | Age 0 (1) | Resets 0 | Shield 0
Ep 10 | Step 60/200 | XYZ [ 0.03  -0.003 -0.108] | RPY [ 0.     0.003 -0.002] | Grip 1 (1.00) | Phase 6->6 | Ground 1.4cm | Target A | PredXYZ [-0.1    0.112  0.822] | TrueXYZ [-0.093  0.099  0.822] | EEF [-0.108  0.012  0.828] | ObjZ 0.822 | Up 1.00 | Hold 0/0 | Age 0 (1) | Resets 0 | Shield 0
Ep 10 | Step 80/200 | XYZ [-0.03   0.529 -0.039] | RPY [ 0.004  0.008 -0.004] | Grip 1 (1.00) | Phase 7->7 | Ground 2.5cm | Target A | PredXYZ [-0.112  0.141  0.822] | TrueXYZ [-0.094  0.125  0.823] | EEF [-0.117  0.093  0.823] | ObjZ 0.823 | Up 0.98 | Hold 0/0 | Age 0 (1) | Resets 2 | Shield 0
Ep 10 | Step 100/200 | XYZ [ 0.001  0.068 -0.007] | RPY [ 0.003  0.    -0.001] | Grip 1 (1.00) | Phase 8->8 | Ground 2.9cm | Target A | PredXYZ [-0.108  0.182  0.822] | TrueXYZ [-0.091  0.161  0.826] | EEF [-0.121  0.13   0.825] | ObjZ 0.826 | Up 0.97 | Hold 0/0 | Age 3 (4) | Resets 2 | Shield 0
Ep 10 | Step 113/200 | XYZ [ 0.006  0.535 -0.001] | RPY [-0.01   0.003 -0.008] | Grip 1 (1.00) | Phase 7->7 | Ground 2.0cm | Target A | PredXYZ [-0.106  0.188  0.822] | TrueXYZ [-0.09   0.18   0.827] | EEF [-0.122  0.152  0.825] | ObjZ 0.827 | Up 0.97 | Hold 5/5 | Age 0 (1) | Resets 2 | Shield 0
Episode 10: Clean Success | failure=success | termination=success
Episode 11/120: Pick up the green cylinder | ensemble=temporal
Ep 11 | Step 1/200 | XYZ [ 0.059 -0.761 -0.412] | RPY [ 0.    -0.002 -0.002] | Grip -1 (0.00) | Phase 0->0 | Ground 1.4cm | Target C | PredXYZ [-0.103 -0.14   0.824] | TrueXYZ [-0.091 -0.132  0.822] | EEF [-0.106 -0.014  1.005] | ObjZ 0.822 | Up 1.00 | Hold 0/0 | Age 0 (1) | Resets 0 | Shield 0
Ep 11 | Step 20/200 | XYZ [ 0.03  -0.197 -0.088] | RPY [-0.001  0.007 -0.004] | Grip -1 (0.00) | Phase 0->0 | Ground 1.1cm | Target C | PredXYZ [-0.103 -0.134  0.822] | TrueXYZ [-0.091 -0.132  0.822] | EEF [-0.103 -0.111  0.954] | ObjZ 0.822 | Up 1.00 | Hold 0/0 | Age 3 (4) | Resets 0 | Shield 0
Ep 11 | Step 40/200 | XYZ [ 0.016 -0.028 -0.374] | RPY [-0.001 -0.    -0.002] | Grip -1 (0.00) | Phase 1->1 | Ground 1.1cm | Target C | PredXYZ [-0.101 -0.137  0.822] | TrueXYZ [-0.091 -0.132  0.822] | EEF [-0.094 -0.134  0.868] | ObjZ 0.822 | Up 1.00 | Hold 0/0 | Age 0 (1) | Resets 0 | Shield 0
Ep 11 | Step 60/200 | XYZ [ 0.049  0.037 -0.067] | RPY [-0.005  0.008 -0.007] | Grip -1 (0.00) | Phase 1->1 | Ground 1.0cm | Target C | PredXYZ [-0.101 -0.135  0.822] | TrueXYZ [-0.091 -0.132  0.822] | EEF [-0.103 -0.141  0.817] | ObjZ 0.822 | Up 1.00 | Hold 0/0 | Age 0 (1) | Resets 0 | Shield 0
Ep 11 | Step 79/200 | XYZ [0.017 0.003 0.585] | RPY [0.008 0.021 0.001] | Grip 1 (1.00) | Phase 3->3 | Ground 2.9cm | Target C | PredXYZ [-0.119 -0.142  0.856] | TrueXYZ [-0.094 -0.129  0.872] | EEF [-0.101 -0.134  0.865] | ObjZ 0.872 | Up 1.00 | Hold 5/0 | Age 0 (1) | Resets 3 | Shield 0
Ep 11 | Step 80/200 | XYZ [0.017 0.003 0.556] | RPY [0.007 0.018 0.001] | Grip 1 (1.00) | Phase 3->3 | Ground 2.2cm | Target C | PredXYZ [-0.11  -0.144  0.872] | TrueXYZ [-0.094 -0.129  0.879] | EEF [-0.102 -0.133  0.872] | ObjZ 0.879 | Up 1.00 | Hold 6/0 | Age 0 (1) | Resets 4 | Shield 0
Ep 11 | Step 85/200 | XYZ [0.016 0.002 0.432] | RPY [ 0.003  0.006 -0.   ] | Grip 1 (1.00) | Phase 3->3 | Ground 3.0cm | Target C | PredXYZ [-0.117 -0.146  0.913] | TrueXYZ [-0.095 -0.128  0.908] | EEF [-0.102 -0.133  0.901] | ObjZ 0.908 | Up 1.00 | Hold 11/5 | Age 0 (1) | Resets 8 | Shield 0
Episode 11: Clean Success | failure=success | termination=success
Episode 12/120: Pick up the red cube | ensemble=temporal
Ep 12 | Step 1/200 | XYZ [ 0.764 -0.148 -0.37 ] | RPY [ 0.002 -0.001 -0.895] | Grip -1 (0.00) | Phase 0->0 | Ground 0.3cm | Target A | PredXYZ [ 0.024 -0.02   0.825] | TrueXYZ [ 0.021 -0.019  0.821] | EEF [-0.097 -0.005  1.006] | ObjZ 0.821 | Up 1.00 | Hold 0/0 | Age 0 (1) | Resets 0 | Shield 0
Ep 12 | Step 20/200 | XYZ [ 0.181 -0.037 -0.062] | RPY [ 0.01  -0.004  0.003] | Grip -1 (0.00) | Phase 0->0 | Ground 0.9cm | Target A | PredXYZ [ 0.013 -0.016  0.821] | TrueXYZ [ 0.021 -0.019  0.822] | EEF [-0.002 -0.011  0.954] | ObjZ 0.822 | Up 1.00 | Hold 0/0 | Age 3 (4) | Resets 0 | Shield 0
Ep 12 | Step 40/200 | XYZ [ 0.029 -0.012 -0.35 ] | RPY [0.002 0.001 0.002] | Grip -1 (0.00) | Phase 1->1 | Ground 1.3cm | Target A | PredXYZ [ 0.01  -0.014  0.821] | TrueXYZ [ 0.021 -0.019  0.822] | EEF [ 0.018 -0.015  0.865] | ObjZ 0.822 | Up 1.00 | Hold 0/0 | Age 0 (1) | Resets 0 | Shield 0
Ep 12 | Step 60/200 | XYZ [ 0.012 -0.003 -0.071] | RPY [0.001 0.    0.002] | Grip -1 (0.01) | Phase 1->1 | Ground 1.0cm | Target A | PredXYZ [ 0.013 -0.014  0.823] | TrueXYZ [ 0.021 -0.019  0.822] | EEF [ 0.021 -0.015  0.82 ] | ObjZ 0.822 | Up 1.00 | Hold 0/0 | Age 0 (1) | Resets 0 | Shield 0
Ep 12 | Step 77/200 | XYZ [ 0.005 -0.003  0.577] | RPY [-0.003  0.008 -0.003] | Grip 1 (1.00) | Phase 3->3 | Ground 1.0cm | Target A | PredXYZ [ 0.017 -0.013  0.863] | TrueXYZ [ 0.019 -0.02   0.877] | EEF [ 0.018 -0.018  0.872] | ObjZ 0.877 | Up 1.00 | Hold 5/0 | Age 0 (1) | Resets 2 | Shield 0
Ep 12 | Step 80/200 | XYZ [ 0.005 -0.003  0.484] | RPY [-0.002  0.008 -0.003] | Grip 1 (1.00) | Phase 3->3 | Ground 1.9cm | Target A | PredXYZ [ 0.005 -0.011  0.88 ] | TrueXYZ [ 0.018 -0.02   0.896] | EEF [ 0.017 -0.018  0.89 ] | ObjZ 0.896 | Up 1.00 | Hold 8/3 | Age 0 (1) | Resets 2 | Shield 0
Ep 12 | Step 82/200 | XYZ [ 0.004 -0.004  0.431] | RPY [-0.001  0.007 -0.003] | Grip 1 (1.00) | Phase 3->3 | Ground 1.1cm | Target A | PredXYZ [ 0.016 -0.012  0.894] | TrueXYZ [ 0.018 -0.021  0.906] | EEF [ 0.017 -0.018  0.901] | ObjZ 0.906 | Up 1.00 | Hold 10/5 | Age 0 (1) | Resets 2 | Shield 0
Episode 12: Clean Success | failure=success | termination=success
Episode 13/120: Pick up the green cylinder | ensemble=temporal
Ep 13 | Step 1/200 | XYZ [ 0.9    0.643 -0.474] | RPY [-0.002  0.001  0.003] | Grip -1 (0.00) | Phase 0->0 | Ground 0.6cm | Target C | PredXYZ [0.088 0.102 0.824] | TrueXYZ [0.094 0.1   0.822] | EEF [-8.900e-02 -1.000e-03  1.019e+00] | ObjZ 0.822 | Up 1.00 | Hold 0/0 | Age 0 (1) | Resets 0 | Shield 0
Ep 13 | Step 20/200 | XYZ [ 0.286  0.125 -0.077] | RPY [ 0.007 -0.006  0.007] | Grip -1 (0.00) | Phase 0->0 | Ground 0.8cm | Target C | PredXYZ [0.086 0.1   0.822] | TrueXYZ [0.094 0.1   0.822] | EEF [0.047 0.082 0.958] | ObjZ 0.822 | Up 1.00 | Hold 0/0 | Age 3 (4) | Resets 0 | Shield 0
Ep 13 | Step 40/200 | XYZ [ 0.049  0.031 -0.547] | RPY [-0.001 -0.004 -0.002] | Grip -1 (0.00) | Phase 1->1 | Ground 0.4cm | Target C | PredXYZ [0.092 0.104 0.822] | TrueXYZ [0.094 0.1   0.822] | EEF [0.083 0.097 0.898] | ObjZ 0.822 | Up 1.00 | Hold 0/0 | Age 0 (1) | Resets 0 | Shield 0
Ep 13 | Step 60/200 | XYZ [ 0.015  0.006 -0.121] | RPY [ 0.001 -0.     0.002] | Grip -1 (0.00) | Phase 1->1 | Ground 0.3cm | Target C | PredXYZ [0.094 0.103 0.822] | TrueXYZ [0.094 0.1   0.822] | EEF [0.089 0.102 0.829] | ObjZ 0.822 | Up 1.00 | Hold 0/0 | Age 0 (1) | Resets 0 | Shield 0
Ep 13 | Step 80/200 | XYZ [0.005 0.002 0.62 ] | RPY [ 0.002 -0.003 -0.   ] | Grip 1 (1.00) | Phase 3->3 | Ground 0.3cm | Target C | PredXYZ [0.097 0.105 0.856] | TrueXYZ [0.094 0.104 0.862] | EEF [0.091 0.104 0.857] | ObjZ 0.862 | Up 1.00 | Hold 3/0 | Age 0 (1) | Resets 2 | Shield 0
Ep 13 | Step 82/200 | XYZ [0.006 0.002 0.559] | RPY [ 0.001  0.001 -0.   ] | Grip 1 (1.00) | Phase 3->3 | Ground 0.6cm | Target C | PredXYZ [0.088 0.107 0.869] | TrueXYZ [0.093 0.104 0.876] | EEF [0.09  0.104 0.87 ] | ObjZ 0.876 | Up 1.00 | Hold 5/0 | Age 0 (1) | Resets 2 | Shield 0
Ep 13 | Step 87/200 | XYZ [0.005 0.002 0.432] | RPY [ 0.001  0.006 -0.   ] | Grip 1 (1.00) | Phase 3->3 | Ground 0.6cm | Target C | PredXYZ [0.09  0.111 0.9  ] | TrueXYZ [0.092 0.104 0.904] | EEF [0.088 0.105 0.899] | ObjZ 0.904 | Up 1.00 | Hold 10/5 | Age 0 (1) | Resets 3 | Shield 0
Episode 13: Clean Success | failure=success | termination=success
Episode 14/120: Pick up the red cube | ensemble=temporal
Ep 14 | Step 1/200 | XYZ [ 0.9   -0.541 -0.357] | RPY [ 0.001 -0.     0.101] | Grip -1 (0.00) | Phase 0->0 | Ground 0.1cm | Target A | PredXYZ [ 0.128 -0.097  0.824] | TrueXYZ [ 0.128 -0.097  0.821] | EEF [-0.106 -0.011  0.997] | ObjZ 0.821 | Up 1.00 | Hold 0/0 | Age 0 (1) | Resets 0 | Shield 0
Ep 14 | Step 20/200 | XYZ [ 0.452 -0.124 -0.051] | RPY [-0.006 -0.003 -0.004] | Grip -1 (0.00) | Phase 0->0 | Ground 0.4cm | Target A | PredXYZ [ 0.128 -0.101  0.822] | TrueXYZ [ 0.128 -0.097  0.822] | EEF [ 0.057 -0.088  0.95 ] | ObjZ 0.822 | Up 1.00 | Hold 0/0 | Age 3 (4) | Resets 0 | Shield 0
Ep 14 | Step 40/200 | XYZ [ 0.076 -0.025 -0.719] | RPY [ 0.001 -0.003  0.003] | Grip -1 (0.00) | Phase 1->1 | Ground 0.3cm | Target A | PredXYZ [ 0.126 -0.099  0.822] | TrueXYZ [ 0.128 -0.097  0.822] | EEF [ 0.113 -0.103  0.92 ] | ObjZ 0.822 | Up 1.00 | Hold 0/0 | Age 0 (1) | Resets 0 | Shield 0
Ep 14 | Step 60/200 | XYZ [ 0.016  0.003 -0.146] | RPY [-0.    -0.002 -0.   ] | Grip -1 (0.00) | Phase 1->1 | Ground 0.3cm | Target A | PredXYZ [ 0.127 -0.094  0.822] | TrueXYZ [ 0.128 -0.097  0.822] | EEF [ 0.122 -0.105  0.833] | ObjZ 0.822 | Up 1.00 | Hold 0/0 | Age 0 (1) | Resets 0 | Shield 0
Ep 14 | Step 80/200 | XYZ [-0.001  0.006 -0.017] | RPY [-0.002 -0.    -0.001] | Grip 1 (1.00) | Phase 2->2 | Ground 0.9cm | Target A | PredXYZ [ 0.138 -0.098  0.822] | TrueXYZ [ 0.129 -0.099  0.822] | EEF [ 0.125 -0.101  0.816] | ObjZ 0.822 | Up 1.00 | Hold 0/0 | Age 0 (1) | Resets 0 | Shield 0
Ep 14 | Step 88/200 | XYZ [0.004 0.002 0.589] | RPY [-0.003 -0.011 -0.003] | Grip 1 (1.00) | Phase 3->3 | Ground 1.6cm | Target A | PredXYZ [ 0.127 -0.109  0.854] | TrueXYZ [ 0.131 -0.1    0.873] | EEF [ 0.128 -0.101  0.867] | ObjZ 0.873 | Up 1.00 | Hold 5/0 | Age 0 (1) | Resets 2 | Shield 0
Ep 14 | Step 93/200 | XYZ [0.004 0.002 0.446] | RPY [-0.002  0.003 -0.004] | Grip 1 (1.00) | Phase 3->3 | Ground 1.0cm | Target A | PredXYZ [ 0.123 -0.106  0.895] | TrueXYZ [ 0.13  -0.1    0.903] | EEF [ 0.126 -0.102  0.897] | ObjZ 0.903 | Up 1.00 | Hold 10/5 | Age 0 (1) | Resets 6 | Shield 0
Episode 14: Clean Success | failure=success | termination=success
Scene rejected for ('pick', 'B'): Pick target lacks bilateral gripper clearance
Episode 15/120: Pick up the blue ball | ensemble=temporal
Ep 15 | Step 1/200 | XYZ [-0.011  0.404 -0.356] | RPY [ 0.001 -0.    -0.003] | Grip -1 (0.00) | Phase 0->0 | Ground 0.8cm | Target B | PredXYZ [-0.116  0.05   0.828] | TrueXYZ [-0.114  0.042  0.826] | EEF [-0.12  -0.016  0.999] | ObjZ 0.826 | Up 1.00 | Hold 0/0 | Age 0 (1) | Resets 0 | Shield 0
Ep 15 | Step 20/200 | XYZ [ 0.003  0.088 -0.15 ] | RPY [ 0.001  0.004 -0.001] | Grip -1 (0.00) | Phase 0->0 | Ground 0.4cm | Target B | PredXYZ [-0.111  0.044  0.826] | TrueXYZ [-0.114  0.042  0.826] | EEF [-0.124  0.027  0.954] | ObjZ 0.826 | Up 1.00 | Hold 0/0 | Age 3 (4) | Resets 0 | Shield 0
Ep 15 | Step 40/200 | XYZ [ 0.034  0.001 -0.195] | RPY [0.003 0.018 0.004] | Grip -1 (0.00) | Phase 1->1 | Ground 0.2cm | Target B | PredXYZ [-0.116  0.042  0.826] | TrueXYZ [-0.114  0.042  0.826] | EEF [-0.128  0.041  0.843] | ObjZ 0.826 | Up 1.00 | Hold 0/0 | Age 0 (1) | Resets 0 | Shield 0
Ep 15 | Step 60/200 | XYZ [ 0.022  0.003 -0.043] | RPY [-0.001  0.003  0.001] | Grip 1 (1.00) | Phase 2->2 | Ground 0.5cm | Target B | PredXYZ [-0.114  0.046  0.827] | TrueXYZ [-0.113  0.042  0.825] | EEF [-0.123  0.043  0.818] | ObjZ 0.825 | Up 1.00 | Hold 0/0 | Age 0 (1) | Resets 0 | Shield 0
Ep 15 | Step 70/200 | XYZ [0.015 0.001 0.575] | RPY [-0.004  0.03  -0.004] | Grip 1 (1.00) | Phase 3->3 | Ground 0.6cm | Target B | PredXYZ [-0.116  0.038  0.867] | TrueXYZ [-0.121  0.04   0.87 ] | EEF [-0.13   0.041  0.863] | ObjZ 0.870 | Up 1.00 | Hold 5/0 | Age 0 (1) | Resets 4 | Shield 0
Ep 15 | Step 76/200 | XYZ [0.014 0.001 0.439] | RPY [-0.004  0.012 -0.004] | Grip 1 (1.00) | Phase 3->3 | Ground 1.4cm | Target B | PredXYZ [-0.117  0.031  0.911] | TrueXYZ [-0.122  0.037  0.905] | EEF [-0.132  0.038  0.898] | ObjZ 0.905 | Up 1.00 | Hold 11/5 | Age 0 (1) | Resets 8 | Shield 0
Episode 15: Clean Success | failure=success | termination=success
Scene rejected for ('push', 'B'): Deterministic push path is blocked by a distractor
Scene rejected for ('push', 'B'): Deterministic push path is blocked by a distractor
Scene rejected for ('push', 'B'): Deterministic push path is blocked by a distractor
Scene rejected for ('push', 'B'): Deterministic push path is blocked by a distractor
Scene rejected for ('push', 'B'): Deterministic push path is blocked by a distractor
Episode 16/120: Push the blue ball away from the robot | ensemble=temporal
Ep 16 | Step 1/200 | XYZ [ 0.076  0.169 -0.538] | RPY [ 0.003 -0.005  0.9  ] | Grip 1 (1.00) | Phase 5->5 | Ground 0.6cm | Target B | PredXYZ [-0.058  0.115  0.828] | TrueXYZ [-0.065  0.116  0.826] | EEF [-0.104  0.023  1.009] | ObjZ 0.826 | Up 1.00 | Hold 0/0 | Age 0 (1) | Resets 0 | Shield 0
Ep 16 | Step 20/200 | XYZ [ 0.042 -0.017 -0.113] | RPY [-0.027 -0.006  0.243] | Grip 1 (1.00) | Phase 5->5 | Ground 0.6cm | Target B | PredXYZ [-0.059  0.119  0.826] | TrueXYZ [-0.065  0.116  0.826] | EEF [-0.104  0.04   0.939] | ObjZ 0.826 | Up 1.00 | Hold 0/0 | Age 3 (4) | Resets 0 | Shield 0
Ep 16 | Step 40/200 | XYZ [ 0.026  0.022 -0.16 ] | RPY [-0.002  0.008 -0.001] | Grip 1 (1.00) | Phase 6->6 | Ground 0.4cm | Target B | PredXYZ [-0.06   0.117  0.826] | TrueXYZ [-0.065  0.116  0.826] | EEF [-0.106  0.032  0.844] | ObjZ 0.826 | Up 1.00 | Hold 0/0 | Age 0 (1) | Resets 0 | Shield 0
Ep 16 | Step 60/200 | XYZ [ 0.341  0.9   -0.022] | RPY [-0.028  0.003 -0.022] | Grip 1 (1.00) | Phase 7->7 | Ground 0.2cm | Target B | PredXYZ [-0.059  0.131  0.826] | TrueXYZ [-0.056  0.136  0.826] | EEF [-0.058  0.1    0.824] | ObjZ 0.826 | Up 1.00 | Hold 0/0 | Age 0 (1) | Resets 1 | Shield 0
Ep 16 | Step 70/200 | XYZ [-0.006 -0.062  0.081] | RPY [ 0.017 -0.004  0.006] | Grip 1 (1.00) | Phase 8->8 | Ground 0.9cm | Target B | PredXYZ [-0.029  0.183  0.825] | TrueXYZ [-0.037  0.182  0.826] | EEF [-0.046  0.148  0.829] | ObjZ 0.826 | Up 1.00 | Hold 5/5 | Age 3 (4) | Resets 5 | Shield 0
Episode 16: Clean Success | failure=success | termination=success
Episode 17/120: Pick up the red cube | ensemble=temporal
Ep 17 | Step 1/200 | XYZ [ 0.9   -0.426 -0.556] | RPY [ 0.006 -0.004 -0.883] | Grip -1 (0.00) | Phase 0->0 | Ground 0.5cm | Target A | PredXYZ [ 0.125 -0.065  0.823] | TrueXYZ [ 0.121 -0.062  0.821] | EEF [-0.082 -0.006  1.03 ] | ObjZ 0.821 | Up 1.00 | Hold 0/0 | Age 0 (1) | Resets 0 | Shield 0
Ep 17 | Step 20/200 | XYZ [ 0.354 -0.116 -0.07 ] | RPY [ 0.022 -0.005 -0.004] | Grip -1 (0.00) | Phase 0->0 | Ground 0.2cm | Target A | PredXYZ [ 0.119 -0.061  0.822] | TrueXYZ [ 0.121 -0.062  0.822] | EEF [ 0.07  -0.047  0.956] | ObjZ 0.822 | Up 1.00 | Hold 0/0 | Age 3 (4) | Resets 0 | Shield 0
Ep 17 | Step 40/200 | XYZ [ 0.053 -0.027 -0.598] | RPY [ 0.002 -0.006  0.003] | Grip -1 (0.00) | Phase 1->1 | Ground 0.3cm | Target A | PredXYZ [ 0.118 -0.063  0.822] | TrueXYZ [ 0.121 -0.062  0.822] | EEF [ 0.113 -0.062  0.905] | ObjZ 0.822 | Up 1.00 | Hold 0/0 | Age 0 (1) | Resets 0 | Shield 0
Ep 17 | Step 60/200 | XYZ [ 0.013 -0.004 -0.122] | RPY [ 0.001 -0.002  0.001] | Grip -1 (0.00) | Phase 1->1 | Ground 0.2cm | Target A | PredXYZ [ 0.119 -0.061  0.822] | TrueXYZ [ 0.121 -0.062  0.822] | EEF [ 0.119 -0.063  0.83 ] | ObjZ 0.822 | Up 1.00 | Hold 0/0 | Age 0 (1) | Resets 0 | Shield 0
Ep 17 | Step 80/200 | XYZ [ 0.003 -0.001  0.624] | RPY [-0.001 -0.008 -0.   ] | Grip 1 (1.00) | Phase 3->3 | Ground 0.7cm | Target A | PredXYZ [ 0.12  -0.063  0.849] | TrueXYZ [ 0.122 -0.062  0.864] | EEF [ 0.122 -0.062  0.861] | ObjZ 0.864 | Up 1.00 | Hold 3/0 | Age 0 (1) | Resets 2 | Shield 0
Ep 17 | Step 82/200 | XYZ [ 0.004 -0.001  0.561] | RPY [-0.002 -0.004 -0.001] | Grip 1 (1.00) | Phase 3->3 | Ground 0.6cm | Target A | PredXYZ [ 0.12  -0.061  0.865] | TrueXYZ [ 0.122 -0.062  0.878] | EEF [ 0.122 -0.062  0.875] | ObjZ 0.878 | Up 1.00 | Hold 5/0 | Age 0 (1) | Resets 3 | Shield 0
Ep 17 | Step 87/200 | XYZ [ 0.004 -0.001  0.434] | RPY [-0.001  0.004 -0.003] | Grip 1 (1.00) | Phase 3->3 | Ground 1.8cm | Target A | PredXYZ [ 0.113 -0.067  0.885] | TrueXYZ [ 0.12  -0.062  0.906] | EEF [ 0.12  -0.062  0.903] | ObjZ 0.906 | Up 1.00 | Hold 10/5 | Age 0 (1) | Resets 4 | Shield 0
Episode 17: Clean Success | failure=success | termination=success
Episode 18/120: Pick up the red cube | ensemble=temporal
Ep 18 | Step 1/200 | XYZ [ 0.689  0.48  -0.403] | RPY [ 0.004  0.003 -0.9  ] | Grip -1 (0.00) | Phase 0->0 | Ground 0.5cm | Target A | PredXYZ [-0.003  0.102  0.824] | TrueXYZ [-0.007  0.105  0.821] | EEF [-0.106  0.017  1.002] | ObjZ 0.821 | Up 1.00 | Hold 0/0 | Age 0 (1) | Resets 0 | Shield 0
Ep 18 | Step 20/200 | XYZ [ 0.187  0.11  -0.036] | RPY [0.013 0.011 0.009] | Grip -1 (0.00) | Phase 0->0 | Ground 0.1cm | Target A | PredXYZ [-0.006  0.104  0.822] | TrueXYZ [-0.007  0.105  0.822] | EEF [-0.026  0.093  0.95 ] | ObjZ 0.822 | Up 1.00 | Hold 0/0 | Age 3 (4) | Resets 0 | Shield 0
Ep 18 | Step 40/200 | XYZ [ 0.024  0.019 -0.356] | RPY [ 0.001 -0.002 -0.   ] | Grip -1 (0.00) | Phase 1->1 | Ground 0.7cm | Target A | PredXYZ [-0.006  0.111  0.821] | TrueXYZ [-0.007  0.105  0.822] | EEF [-0.005  0.104  0.866] | ObjZ 0.822 | Up 1.00 | Hold 0/0 | Age 0 (1) | Resets 0 | Shield 0
Ep 18 | Step 60/200 | XYZ [ 0.019 -0.01  -0.069] | RPY [ 0.002 -0.     0.005] | Grip -1 (0.46) | Phase 1->1 | Ground 1.1cm | Target A | PredXYZ [-0.004  0.115  0.822] | TrueXYZ [-0.007  0.105  0.822] | EEF [-0.004  0.109  0.82 ] | ObjZ 0.822 | Up 1.00 | Hold 0/0 | Age 0 (1) | Resets 0 | Shield 0
Ep 18 | Step 76/200 | XYZ [ 0.01  -0.002  0.567] | RPY [-0.003  0.01  -0.002] | Grip 1 (1.00) | Phase 3->3 | Ground 1.9cm | Target A | PredXYZ [0.006 0.116 0.872] | TrueXYZ [-0.009  0.105  0.873] | EEF [-0.007  0.106  0.868] | ObjZ 0.873 | Up 1.00 | Hold 5/0 | Age 0 (1) | Resets 3 | Shield 0
Ep 18 | Step 80/200 | XYZ [ 0.01  -0.003  0.468] | RPY [-0.002  0.007 -0.002] | Grip 1 (1.00) | Phase 3->3 | Ground 1.2cm | Target A | PredXYZ [-0.004  0.113  0.886] | TrueXYZ [-0.01   0.104  0.897] | EEF [-0.008  0.106  0.892] | ObjZ 0.897 | Up 1.00 | Hold 9/3 | Age 0 (1) | Resets 3 | Shield 0
Ep 18 | Step 82/200 | XYZ [ 0.01  -0.004  0.423] | RPY [-0.002  0.005 -0.002] | Grip 1 (1.00) | Phase 3->3 | Ground 0.9cm | Target A | PredXYZ [-0.005  0.112  0.9  ] | TrueXYZ [-0.01   0.104  0.908] | EEF [-0.008  0.105  0.903] | ObjZ 0.908 | Up 1.00 | Hold 11/5 | Age 0 (1) | Resets 4 | Shield 0
Episode 18: Clean Success | failure=success | termination=success
Episode 19/120: Pick up the green cylinder | ensemble=temporal
Ep 19 | Step 1/200 | XYZ [ 0.078  0.374 -0.352] | RPY [ 0.001 -0.001 -0.003] | Grip -1 (0.00) | Phase 0->0 | Ground 0.2cm | Target C | PredXYZ [-0.097  0.076  0.824] | TrueXYZ [-0.096  0.074  0.822] | EEF [-0.111  0.015  0.995] | ObjZ 0.822 | Up 1.00 | Hold 0/0 | Age 0 (1) | Resets 0 | Shield 0
Ep 19 | Step 20/200 | XYZ [ 0.026  0.086 -0.09 ] | RPY [0.001 0.004 0.004] | Grip -1 (0.00) | Phase 0->0 | Ground 0.5cm | Target C | PredXYZ [-0.095  0.078  0.822] | TrueXYZ [-0.096  0.074  0.822] | EEF [-0.101  0.061  0.952] | ObjZ 0.822 | Up 1.00 | Hold 0/0 | Age 3 (4) | Resets 0 | Shield 0
Ep 19 | Step 40/200 | XYZ [ 0.028  0.01  -0.193] | RPY [0.002 0.015 0.004] | Grip -1 (0.00) | Phase 1->1 | Ground 0.2cm | Target C | PredXYZ [-0.094  0.074  0.822] | TrueXYZ [-0.096  0.074  0.822] | EEF [-0.102  0.072  0.84 ] | ObjZ 0.822 | Up 1.00 | Hold 0/0 | Age 0 (1) | Resets 0 | Shield 0
Ep 19 | Step 60/200 | XYZ [ 0.009 -0.003 -0.027] | RPY [0.001 0.001 0.003] | Grip 1 (1.00) | Phase 2->2 | Ground 0.7cm | Target C | PredXYZ [-0.09   0.076  0.823] | TrueXYZ [-0.097  0.075  0.822] | EEF [-0.099  0.076  0.815] | ObjZ 0.822 | Up 1.00 | Hold 0/0 | Age 0 (1) | Resets 0 | Shield 0
Ep 19 | Step 69/200 | XYZ [0.012 0.001 0.58 ] | RPY [-0.006  0.024 -0.003] | Grip 1 (1.00) | Phase 3->3 | Ground 3.6cm | Target C | PredXYZ [-0.131  0.085  0.846] | TrueXYZ [-0.104  0.073  0.872] | EEF [-0.107  0.074  0.864] | ObjZ 0.872 | Up 1.00 | Hold 5/0 | Age 0 (1) | Resets 1 | Shield 0
Ep 19 | Step 75/200 | XYZ [0.013 0.001 0.428] | RPY [-0.003  0.008 -0.003] | Grip 1 (1.00) | Phase 3->3 | Ground 2.1cm | Target C | PredXYZ [-0.123  0.081  0.896] | TrueXYZ [-0.105  0.072  0.907] | EEF [-0.108  0.072  0.9  ] | ObjZ 0.907 | Up 1.00 | Hold 11/5 | Age 0 (1) | Resets 4 | Shield 0
Episode 19: Clean Success | failure=success | termination=success
Episode 20/120: Pick up the blue ball | ensemble=temporal
Ep 20 | Step 1/200 | XYZ [ 0.885  0.871 -0.399] | RPY [-0.001  0.002 -0.01 ] | Grip -1 (0.00) | Phase 0->0 | Ground 0.6cm | Target B | PredXYZ [0.047 0.132 0.828] | TrueXYZ [0.05  0.127 0.826] | EEF [-0.098 -0.004  1.009] | ObjZ 0.826 | Up 1.00 | Hold 0/0 | Age 0 (1) | Resets 0 | Shield 0
Ep 20 | Step 20/200 | XYZ [ 0.21   0.164 -0.067] | RPY [0.008 0.001 0.009] | Grip -1 (0.00) | Phase 0->0 | Ground 1.5cm | Target B | PredXYZ [0.037 0.135 0.825] | TrueXYZ [0.05  0.127 0.826] | EEF [0.006 0.104 0.957] | ObjZ 0.826 | Up 1.00 | Hold 0/0 | Age 3 (4) | Resets 0 | Shield 0
Ep 20 | Step 40/200 | XYZ [ 0.03   0.037 -0.498] | RPY [-0.    -0.007 -0.003] | Grip -1 (0.00) | Phase 1->1 | Ground 0.9cm | Target B | PredXYZ [0.043 0.133 0.825] | TrueXYZ [0.05  0.127 0.826] | EEF [0.035 0.122 0.891] | ObjZ 0.826 | Up 1.00 | Hold 0/0 | Age 0 (1) | Resets 0 | Shield 0
Ep 20 | Step 60/200 | XYZ [ 0.025  0.007 -0.109] | RPY [0.002 0.003 0.003] | Grip -1 (0.00) | Phase 1->1 | Ground 0.9cm | Target B | PredXYZ [0.046 0.135 0.825] | TrueXYZ [0.05  0.127 0.826] | EEF [0.037 0.13  0.828] | ObjZ 0.826 | Up 1.00 | Hold 0/0 | Age 0 (1) | Resets 0 | Shield 0
Ep 20 | Step 80/200 | XYZ [ 0.011 -0.001  0.677] | RPY [ 0.001  0.002 -0.   ] | Grip 1 (1.00) | Phase 3->3 | Ground 1.6cm | Target B | PredXYZ [0.04  0.136 0.831] | TrueXYZ [0.051 0.128 0.844] | EEF [0.042 0.131 0.837] | ObjZ 0.844 | Up 1.00 | Hold 1/0 | Age 0 (1) | Resets 1 | Shield 0
Ep 20 | Step 84/200 | XYZ [0.009 0.    0.565] | RPY [ 0.     0.006 -0.   ] | Grip 1 (1.00) | Phase 3->3 | Ground 0.5cm | Target B | PredXYZ [0.054 0.131 0.869] | TrueXYZ [0.049 0.128 0.873] | EEF [0.041 0.132 0.866] | ObjZ 0.873 | Up 1.00 | Hold 5/0 | Age 0 (1) | Resets 4 | Shield 0
Ep 20 | Step 90/200 | XYZ [0.008 0.001 0.419] | RPY [ 0.     0.006 -0.   ] | Grip 1 (1.00) | Phase 3->3 | Ground 0.7cm | Target B | PredXYZ [0.051 0.131 0.908] | TrueXYZ [0.048 0.129 0.907] | EEF [0.039 0.133 0.901] | ObjZ 0.907 | Up 1.00 | Hold 11/5 | Age 0 (1) | Resets 8 | Shield 0
Episode 20: Clean Success | failure=success | termination=success
Episode 21/120: Pick up the red cube | ensemble=temporal
Ep 21 | Step 1/200 | XYZ [ 0.9   -0.823 -0.251] | RPY [-0.001  0.002  0.18 ] | Grip -1 (0.00) | Phase 0->0 | Ground 0.4cm | Target A | PredXYZ [ 0.042 -0.118  0.824] | TrueXYZ [ 0.045 -0.115  0.821] | EEF [-0.13   0.015  0.985] | ObjZ 0.821 | Up 1.00 | Hold 0/0 | Age 0 (1) | Resets 0 | Shield 0
Ep 21 | Step 20/200 | XYZ [ 0.31  -0.17  -0.044] | RPY [-0.007 -0.003 -0.009] | Grip -1 (0.00) | Phase 0->0 | Ground 0.7cm | Target A | PredXYZ [ 0.039 -0.119  0.822] | TrueXYZ [ 0.045 -0.115  0.822] | EEF [-0.004 -0.095  0.948] | ObjZ 0.822 | Up 1.00 | Hold 0/0 | Age 3 (4) | Resets 0 | Shield 0
Ep 21 | Step 40/200 | XYZ [ 0.047 -0.035 -0.564] | RPY [ 0.001 -0.006  0.004] | Grip -1 (0.00) | Phase 1->1 | Ground 0.3cm | Target A | PredXYZ [ 0.043 -0.118  0.822] | TrueXYZ [ 0.045 -0.115  0.822] | EEF [ 0.036 -0.113  0.898] | ObjZ 0.822 | Up 1.00 | Hold 0/0 | Age 0 (1) | Resets 0 | Shield 0
Ep 21 | Step 60/200 | XYZ [ 0.017 -0.002 -0.125] | RPY [-0.001 -0.001  0.001] | Grip -1 (0.00) | Phase 1->1 | Ground 0.2cm | Target A | PredXYZ [ 0.044 -0.114  0.822] | TrueXYZ [ 0.045 -0.115  0.822] | EEF [ 0.042 -0.118  0.829] | ObjZ 0.822 | Up 1.00 | Hold 0/0 | Age 0 (1) | Resets 0 | Shield 0
Ep 21 | Step 80/200 | XYZ [0.005 0.003 0.697] | RPY [-0.003 -0.004 -0.003] | Grip 1 (1.00) | Phase 3->3 | Ground 1.4cm | Target A | PredXYZ [ 0.04  -0.121  0.822] | TrueXYZ [ 0.045 -0.117  0.843] | EEF [ 0.043 -0.118  0.837] | ObjZ 0.843 | Up 1.00 | Hold 1/0 | Age 0 (1) | Resets 0 | Shield 0
Ep 21 | Step 84/200 | XYZ [0.006 0.002 0.579] | RPY [-0.003 -0.002 -0.003] | Grip 1 (1.00) | Phase 3->3 | Ground 0.7cm | Target A | PredXYZ [ 0.043 -0.122  0.86 ] | TrueXYZ [ 0.044 -0.117  0.873] | EEF [ 0.043 -0.119  0.867] | ObjZ 0.873 | Up 1.00 | Hold 5/0 | Age 0 (1) | Resets 2 | Shield 0
Ep 21 | Step 90/200 | XYZ [0.006 0.001 0.427] | RPY [-0.002  0.005 -0.004] | Grip 1 (1.00) | Phase 3->3 | Ground 0.5cm | Target A | PredXYZ [ 0.048 -0.118  0.901] | TrueXYZ [ 0.042 -0.118  0.908] | EEF [ 0.041 -0.119  0.902] | ObjZ 0.908 | Up 1.00 | Hold 11/5 | Age 0 (1) | Resets 3 | Shield 0
Episode 21: Clean Success | failure=success | termination=success
Scene rejected for ('pick', 'C'): Pick target lacks bilateral gripper clearance
Scene rejected for ('pick', 'C'): Pick target lacks bilateral gripper clearance
Episode 22/120: Pick up the green cylinder | ensemble=temporal
Ep 22 | Step 1/200 | XYZ [ 0.9   -0.349 -0.362] | RPY [-0.001  0.002 -0.001] | Grip -1 (0.00) | Phase 0->0 | Ground 0.6cm | Target C | PredXYZ [ 0.071 -0.062  0.824] | TrueXYZ [ 0.065 -0.065  0.822] | EEF [-0.096 -0.005  0.999] | ObjZ 0.822 | Up 1.00 | Hold 0/0 | Age 0 (1) | Resets 0 | Shield 0
Ep 22 | Step 20/200 | XYZ [ 0.24  -0.079 -0.068] | RPY [-0.004 -0.008 -0.001] | Grip -1 (0.00) | Phase 0->0 | Ground 0.3cm | Target C | PredXYZ [ 0.065 -0.062  0.822] | TrueXYZ [ 0.065 -0.065  0.822] | EEF [ 0.028 -0.052  0.954] | ObjZ 0.822 | Up 1.00 | Hold 0/0 | Age 3 (4) | Resets 0 | Shield 0
Ep 22 | Step 40/200 | XYZ [ 0.043 -0.015 -0.467] | RPY [ 0.001 -0.002  0.002] | Grip -1 (0.00) | Phase 1->1 | Ground 0.2cm | Target C | PredXYZ [ 0.065 -0.063  0.822] | TrueXYZ [ 0.065 -0.065  0.822] | EEF [ 0.058 -0.059  0.883] | ObjZ 0.822 | Up 1.00 | Hold 0/0 | Age 0 (1) | Resets 0 | Shield 0
Ep 22 | Step 60/200 | XYZ [ 0.01   0.001 -0.106] | RPY [-0.    -0.001  0.001] | Grip -1 (0.00) | Phase 1->1 | Ground 0.9cm | Target C | PredXYZ [ 0.06  -0.058  0.822] | TrueXYZ [ 0.065 -0.065  0.822] | EEF [ 0.063 -0.061  0.826] | ObjZ 0.822 | Up 1.00 | Hold 0/0 | Age 0 (1) | Resets 0 | Shield 0
Ep 22 | Step 79/200 | XYZ [0.006 0.001 0.572] | RPY [-0.002  0.003 -0.002] | Grip 1 (1.00) | Phase 3->3 | Ground 0.8cm | Target C | PredXYZ [ 0.069 -0.057  0.866] | TrueXYZ [ 0.064 -0.063  0.872] | EEF [ 0.063 -0.063  0.867] | ObjZ 0.872 | Up 1.00 | Hold 5/0 | Age 0 (1) | Resets 1 | Shield 0
Ep 22 | Step 80/200 | XYZ [0.005 0.001 0.545] | RPY [-0.001  0.003 -0.002] | Grip 1 (1.00) | Phase 3->3 | Ground 1.5cm | Target C | PredXYZ [ 0.075 -0.053  0.871] | TrueXYZ [ 0.064 -0.063  0.878] | EEF [ 0.063 -0.063  0.874] | ObjZ 0.878 | Up 1.00 | Hold 6/0 | Age 0 (1) | Resets 1 | Shield 0
Ep 22 | Step 85/200 | XYZ [0.004 0.001 0.419] | RPY [-0.001  0.006 -0.003] | Grip 1 (1.00) | Phase 3->3 | Ground 0.4cm | Target C | PredXYZ [ 0.061 -0.067  0.904] | TrueXYZ [ 0.062 -0.064  0.906] | EEF [ 0.061 -0.064  0.901] | ObjZ 0.906 | Up 1.00 | Hold 11/5 | Age 0 (1) | Resets 3 | Shield 0
Episode 22: Clean Success | failure=success | termination=success
Episode 23/120: Pick up the red cube | ensemble=temporal
Ep 23 | Step 1/200 | XYZ [ 0.083  0.29  -0.534] | RPY [-0.002  0.002  0.9  ] | Grip -1 (0.00) | Phase 0->0 | Ground 0.8cm | Target A | PredXYZ [-0.074  0.073  0.824] | TrueXYZ [-0.069  0.068  0.821] | EEF [-0.085  0.02   1.026] | ObjZ 0.821 | Up 1.00 | Hold 0/0 | Age 0 (1) | Resets 0 | Shield 0
Ep 23 | Step 20/200 | XYZ [ 0.055  0.078 -0.105] | RPY [-0.026  0.012  0.072] | Grip -1 (0.00) | Phase 0->0 | Ground 1.5cm | Target A | PredXYZ [-0.084  0.072  0.821] | TrueXYZ [-0.069  0.068  0.822] | EEF [-0.088  0.057  0.955] | ObjZ 0.822 | Up 1.00 | Hold 0/0 | Age 3 (4) | Resets 0 | Shield 0
Ep 23 | Step 40/200 | XYZ [ 0.01   0.063 -0.657] | RPY [-0.005 -0.021  0.002] | Grip -1 (0.00) | Phase 1->1 | Ground 2.6cm | Target A | PredXYZ [-0.094  0.075  0.821] | TrueXYZ [-0.069  0.068  0.822] | EEF [-0.088  0.066  0.913] | ObjZ 0.822 | Up 1.00 | Hold 0/0 | Age 0 (1) | Resets 0 | Shield 0
Ep 23 | Step 60/200 | XYZ [ 0.033  0.018 -0.107] | RPY [0.001 0.006 0.004] | Grip -1 (0.00) | Phase 1->1 | Ground 1.9cm | Target A | PredXYZ [-0.082  0.069  0.821] | TrueXYZ [-0.063  0.067  0.821] | EEF [-0.078  0.071  0.841] | ObjZ 0.821 | Up 0.96 | Hold 0/0 | Age 0 (1) | Resets 0 | Shield 0
Ep 23 | Step 80/200 | XYZ [ 0.011  0.003 -0.05 ] | RPY [ 0.    -0.     0.001] | Grip 1 (1.00) | Phase 2->2 | Ground 1.8cm | Target A | PredXYZ [-0.084  0.076  0.821] | TrueXYZ [-0.069  0.068  0.822] | EEF [-0.07   0.072  0.823] | ObjZ 0.822 | Up 1.00 | Hold 0/0 | Age 0 (1) | Resets 0 | Shield 0
Ep 23 | Step 91/200 | XYZ [0.009 0.006 0.588] | RPY [0.003 0.026 0.   ] | Grip 1 (1.00) | Phase 3->3 | Ground 3.2cm | Target A | PredXYZ [-0.1    0.087  0.845] | TrueXYZ [-0.079  0.072  0.869] | EEF [-0.077  0.074  0.871] | ObjZ 0.869 | Up 1.00 | Hold 5/0 | Age 0 (1) | Resets 1 | Shield 0
Ep 23 | Step 97/200 | XYZ [0.009 0.007 0.443] | RPY [0.004 0.015 0.001] | Grip 1 (1.00) | Phase 3->3 | Ground 5.5cm | Target A | PredXYZ [-0.126  0.083  0.866] | TrueXYZ [-0.083  0.076  0.904] | EEF [-0.082  0.079  0.906] | ObjZ 0.904 | Up 1.00 | Hold 11/5 | Age 0 (1) | Resets 4 | Shield 0
Episode 23: Clean Success | failure=success | termination=success
Episode 24/120: Pick up the green cylinder | ensemble=temporal
Ep 24 | Step 1/200 | XYZ [ 0.676 -0.146 -0.374] | RPY [-0.001  0.    -0.003] | Grip -1 (0.00) | Phase 0->0 | Ground 0.4cm | Target C | PredXYZ [ 0.001 -0.034  0.824] | TrueXYZ [ 0.002 -0.031  0.822] | EEF [-0.106 -0.011  1.004] | ObjZ 0.822 | Up 1.00 | Hold 0/0 | Age 0 (1) | Resets 0 | Shield 0
Ep 24 | Step 20/200 | XYZ [ 0.162 -0.041 -0.076] | RPY [-0.    -0.004  0.001] | Grip -1 (0.00) | Phase 0->0 | Ground 0.7cm | Target C | PredXYZ [-0.    -0.037  0.822] | TrueXYZ [ 0.002 -0.031  0.822] | EEF [-0.024 -0.03   0.957] | ObjZ 0.822 | Up 1.00 | Hold 0/0 | Age 3 (4) | Resets 0 | Shield 0
Ep 24 | Step 40/200 | XYZ [ 0.029 -0.007 -0.367] | RPY [0.001 0.001 0.001] | Grip -1 (0.00) | Phase 1->1 | Ground 1.4cm | Target C | PredXYZ [-0.008 -0.04   0.822] | TrueXYZ [ 0.002 -0.031  0.822] | EEF [-0.004 -0.033  0.869] | ObjZ 0.822 | Up 1.00 | Hold 0/0 | Age 0 (1) | Resets 0 | Shield 0
Ep 24 | Step 60/200 | XYZ [ 0.013  0.006 -0.083] | RPY [-0.     0.001  0.   ] | Grip -1 (0.00) | Phase 1->1 | Ground 1.0cm | Target C | PredXYZ [-0.002 -0.041  0.822] | TrueXYZ [ 0.002 -0.031  0.822] | EEF [-0.001 -0.034  0.822] | ObjZ 0.822 | Up 1.00 | Hold 0/0 | Age 0 (1) | Resets 0 | Shield 0
Ep 24 | Step 76/200 | XYZ [0.007 0.    0.58 ] | RPY [-0.001  0.011 -0.002] | Grip 1 (1.00) | Phase 3->3 | Ground 0.6cm | Target C | PredXYZ [ 0.004 -0.032  0.864] | TrueXYZ [-0.001 -0.034  0.871] | EEF [-0.003 -0.034  0.867] | ObjZ 0.871 | Up 1.00 | Hold 5/0 | Age 0 (1) | Resets 5 | Shield 0
Ep 24 | Step 80/200 | XYZ [ 0.006 -0.     0.469] | RPY [-0.     0.007 -0.002] | Grip 1 (1.00) | Phase 3->3 | Ground 0.6cm | Target C | PredXYZ [ 0.001 -0.039  0.889] | TrueXYZ [-0.003 -0.034  0.896] | EEF [-0.005 -0.035  0.892] | ObjZ 0.896 | Up 1.00 | Hold 9/3 | Age 0 (1) | Resets 8 | Shield 0
Ep 24 | Step 82/200 | XYZ [ 0.006 -0.001  0.419] | RPY [-0.     0.005 -0.002] | Grip 1 (1.00) | Phase 3->3 | Ground 0.9cm | Target C | PredXYZ [ 0.004 -0.04   0.903] | TrueXYZ [-0.003 -0.034  0.906] | EEF [-0.005 -0.035  0.902] | ObjZ 0.906 | Up 1.00 | Hold 11/5 | Age 0 (1) | Resets 8 | Shield 0
Episode 24: Clean Success | failure=success | termination=success
Episode 25/120: Push the red cube away from the robot | ensemble=temporal
Ep 25 | Step 1/200 | XYZ [ 0.803  0.152 -0.582] | RPY [ 0.002 -0.002  0.486] | Grip 1 (1.00) | Phase 5->5 | Ground 0.2cm | Target A | PredXYZ [0.109 0.072 0.824] | TrueXYZ [0.11  0.074 0.821] | EEF [-0.097  0.039  1.012] | ObjZ 0.821 | Up 1.00 | Hold 0/0 | Age 0 (1) | Resets 0 | Shield 0
Ep 25 | Step 20/200 | XYZ [ 0.194  0.067 -0.114] | RPY [-0.006 -0.001 -0.005] | Grip 1 (1.00) | Phase 5->5 | Ground 0.2cm | Target A | PredXYZ [0.109 0.075 0.822] | TrueXYZ [0.11  0.074 0.822] | EEF [-0.001  0.049  0.936] | ObjZ 0.822 | Up 1.00 | Hold 0/0 | Age 3 (4) | Resets 0 | Shield 0
Ep 25 | Step 40/200 | XYZ [ 0.029  0.013 -0.346] | RPY [-0.002 -0.001 -0.001] | Grip 1 (1.00) | Phase 6->6 | Ground 0.1cm | Target A | PredXYZ [0.111 0.073 0.822] | TrueXYZ [0.11  0.074 0.822] | EEF [0.021 0.056 0.863] | ObjZ 0.822 | Up 1.00 | Hold 0/0 | Age 0 (1) | Resets 0 | Shield 0
Ep 25 | Step 60/200 | XYZ [ 0.798  0.185 -0.035] | RPY [-0.001 -0.001 -0.001] | Grip 1 (1.00) | Phase 7->7 | Ground 0.8cm | Target A | PredXYZ [0.102 0.073 0.822] | TrueXYZ [0.11  0.074 0.822] | EEF [0.027 0.056 0.822] | ObjZ 0.822 | Up 1.00 | Hold 0/0 | Age 0 (1) | Resets 0 | Shield 0
Ep 25 | Step 80/200 | XYZ [-0.025  0.002  0.   ] | RPY [ 0.001 -0.007 -0.002] | Grip 1 (1.00) | Phase 8->8 | Ground 0.8cm | Target A | PredXYZ [0.19  0.087 0.822] | TrueXYZ [0.185 0.088 0.822] | EEF [0.145 0.084 0.815] | ObjZ 0.822 | Up 1.00 | Hold 3/3 | Age 3 (4) | Resets 0 | Shield 15
Ep 25 | Step 82/200 | XYZ [-0.053 -0.012  0.   ] | RPY [ 0.005 -0.03  -0.003] | Grip 1 (1.00) | Phase 8->8 | Ground 0.6cm | Target A | PredXYZ [0.192 0.085 0.822] | TrueXYZ [0.188 0.088 0.823] | EEF [0.148 0.085 0.818] | ObjZ 0.823 | Up 1.00 | Hold 5/5 | Age 3 (4) | Resets 0 | Shield 17
Episode 25: Clean Success | failure=success | termination=success
Scene rejected for ('push', 'C'): Deterministic push path is blocked by a distractor
Scene rejected for ('push', 'C'): Deterministic push path is blocked by a distractor
Scene rejected for ('push', 'C'): Deterministic push path is blocked by a distractor
Scene rejected for ('push', 'C'): Deterministic push path is blocked by a distractor
Scene rejected for ('push', 'C'): Deterministic push path is blocked by a distractor
Scene rejected for ('push', 'C'): Deterministic push path is blocked by a distractor
Scene rejected for ('push', 'C'): Deterministic push path is blocked by a distractor
Scene rejected for ('push', 'C'): Deterministic push path is blocked by a distractor
Scene rejected for ('push', 'C'): Deterministic push path is blocked by a distractor
Scene rejected for ('push', 'C'): Deterministic push path is blocked by a distractor
Scene rejected for ('push', 'C'): Target is too close to the robot reference ray
Scene rejected for ('push', 'C'): Deterministic push path is blocked by a distractor
Scene rejected for ('push', 'C'): Target is too close to the robot reference ray
Scene rejected for ('push', 'C'): Deterministic push path is blocked by a distractor
Scene rejected for ('push', 'C'): Deterministic push path is blocked by a distractor
Scene rejected for ('push', 'C'): Deterministic push path is blocked by a distractor
Scene rejected for ('push', 'C'): Deterministic push path is blocked by a distractor
Scene rejected for ('push', 'C'): Deterministic push path is blocked by a distractor
Scene rejected for ('push', 'C'): Target is too close to the robot reference ray
Scene rejected for ('push', 'C'): Deterministic push path is blocked by a distractor
Episode 26/120: Push the green cylinder away from the robot | ensemble=temporal
Ep 26 | Step 1/200 | XYZ [ 0.026 -0.044 -0.396] | RPY [-0.003  0.002 -0.9  ] | Grip 1 (1.00) | Phase 5->5 | Ground 0.3cm | Target C | PredXYZ [-0.111 -0.091  0.823] | TrueXYZ [-0.109 -0.093  0.822] | EEF [-0.123 -0.005  0.982] | ObjZ 0.822 | Up 1.00 | Hold 0/0 | Age 0 (1) | Resets 0 | Shield 0
Ep 26 | Step 20/200 | XYZ [ 0.026  0.069 -0.073] | RPY [ 0.015 -0.009 -0.612] | Grip 1 (1.00) | Phase 5->5 | Ground 0.4cm | Target C | PredXYZ [-0.105 -0.091  0.822] | TrueXYZ [-0.109 -0.093  0.822] | EEF [-0.126 -0.024  0.928] | ObjZ 0.822 | Up 1.00 | Hold 0/0 | Age 3 (4) | Resets 0 | Shield 0
Ep 26 | Step 40/200 | XYZ [ 0.017 -0.036 -0.182] | RPY [0.001 0.007 0.003] | Grip 1 (1.00) | Phase 6->6 | Ground 0.3cm | Target C | PredXYZ [-0.108 -0.095  0.822] | TrueXYZ [-0.109 -0.093  0.822] | EEF [-0.117 -0.007  0.835] | ObjZ 0.822 | Up 1.00 | Hold 0/0 | Age 0 (1) | Resets 0 | Shield 0
Ep 26 | Step 60/200 | XYZ [-0.008 -0.565 -0.024] | RPY [ 0.011 -0.016  0.012] | Grip 1 (1.00) | Phase 7->7 | Ground 0.2cm | Target C | PredXYZ [-0.106 -0.103  0.822] | TrueXYZ [-0.107 -0.109  0.823] | EEF [-0.106 -0.071  0.82 ] | ObjZ 0.823 | Up 1.00 | Hold 0/0 | Age 0 (1) | Resets 0 | Shield 4
Ep 26 | Step 73/200 | XYZ [0.007 0.05  0.018] | RPY [-0.014  0.003 -0.014] | Grip 1 (1.00) | Phase 8->8 | Ground 0.2cm | Target C | PredXYZ [-0.108 -0.162  0.823] | TrueXYZ [-0.106 -0.164  0.822] | EEF [-0.111 -0.126  0.818] | ObjZ 0.822 | Up 1.00 | Hold 5/5 | Age 3 (4) | Resets 3 | Shield 6
Episode 26: Clean Success | failure=success | termination=success
Episode 27/120: Push the green cylinder away from the robot | ensemble=temporal
Ep 27 | Step 1/200 | XYZ [ 0.55   0.31  -0.608] | RPY [-0.001 -0.006  0.9  ] | Grip 1 (1.00) | Phase 5->5 | Ground 0.7cm | Target C | PredXYZ [0.066 0.093 0.824] | TrueXYZ [0.069 0.086 0.822] | EEF [-0.091  0.004  1.018] | ObjZ 0.822 | Up 1.00 | Hold 0/0 | Age 0 (1) | Resets 0 | Shield 0
Ep 27 | Step 20/200 | XYZ [ 0.135  0.102 -0.124] | RPY [-0.012  0.002 -0.004] | Grip 1 (1.00) | Phase 5->5 | Ground 0.6cm | Target C | PredXYZ [0.072 0.091 0.822] | TrueXYZ [0.069 0.086 0.822] | EEF [-0.027  0.032  0.939] | ObjZ 0.822 | Up 1.00 | Hold 0/0 | Age 3 (4) | Resets 0 | Shield 0
Ep 27 | Step 40/200 | XYZ [ 0.024  0.023 -0.408] | RPY [-0.001 -0.004 -0.001] | Grip 1 (1.00) | Phase 6->6 | Ground 1.0cm | Target C | PredXYZ [0.078 0.09  0.822] | TrueXYZ [0.069 0.086 0.822] | EEF [-0.009  0.043  0.866] | ObjZ 0.822 | Up 1.00 | Hold 0/0 | Age 0 (1) | Resets 0 | Shield 0
Ep 27 | Step 60/200 | XYZ [0.014 0.011 0.   ] | RPY [ 0.    -0.    -0.002] | Grip 1 (1.00) | Phase 6->6 | Ground 0.5cm | Target C | PredXYZ [0.072 0.09  0.822] | TrueXYZ [0.069 0.086 0.822] | EEF [-0.008  0.046  0.818] | ObjZ 0.822 | Up 1.00 | Hold 0/0 | Age 0 (1) | Resets 0 | Shield 1
Ep 27 | Step 80/200 | XYZ [0.359 0.196 0.   ] | RPY [0.003 0.001 0.001] | Grip 1 (1.00) | Phase 7->7 | Ground 1.7cm | Target C | PredXYZ [0.14  0.104 0.823] | TrueXYZ [0.143 0.087 0.823] | EEF [0.099 0.12  0.818] | ObjZ 0.823 | Up 1.00 | Hold 1/1 | Age 0 (1) | Resets 5 | Shield 21
Ep 27 | Step 84/200 | XYZ [-0.032 -0.016  0.   ] | RPY [ 0.007 -0.006  0.002] | Grip 1 (1.00) | Phase 8->8 | Ground 1.8cm | Target C | PredXYZ [0.145 0.108 0.823] | TrueXYZ [0.15  0.091 0.824] | EEF [0.11  0.129 0.819] | ObjZ 0.824 | Up 1.00 | Hold 5/5 | Age 3 (4) | Resets 5 | Shield 24
Episode 27: Clean Success | failure=success | termination=success
Episode 28/120: Pick up the green cylinder | ensemble=temporal
Ep 28 | Step 1/200 | XYZ [ 0.9   -0.024 -0.308] | RPY [-0.002  0.002 -0.001] | Grip -1 (0.00) | Phase 0->0 | Ground 0.6cm | Target C | PredXYZ [0.129 0.012 0.824] | TrueXYZ [0.131 0.007 0.822] | EEF [-0.115  0.01   0.993] | ObjZ 0.822 | Up 1.00 | Hold 0/0 | Age 0 (1) | Resets 0 | Shield 0
Ep 28 | Step 20/200 | XYZ [ 0.459 -0.005 -0.041] | RPY [-0.001 -0.006 -0.001] | Grip -1 (0.00) | Phase 0->0 | Ground 0.8cm | Target C | PredXYZ [0.129 0.014 0.822] | TrueXYZ [0.131 0.007 0.822] | EEF [0.05  0.007 0.952] | ObjZ 0.822 | Up 1.00 | Hold 0/0 | Age 3 (4) | Resets 0 | Shield 0
Ep 28 | Step 40/200 | XYZ [ 0.082  0.    -0.721] | RPY [-0.001 -0.002  0.001] | Grip -1 (0.00) | Phase 1->1 | Ground 0.7cm | Target C | PredXYZ [0.131 0.013 0.822] | TrueXYZ [0.131 0.007 0.822] | EEF [0.108 0.007 0.922] | ObjZ 0.822 | Up 1.00 | Hold 0/0 | Age 0 (1) | Resets 0 | Shield 0
Ep 28 | Step 60/200 | XYZ [ 0.02   0.006 -0.153] | RPY [-0.    -0.002 -0.   ] | Grip -1 (0.00) | Phase 1->1 | Ground 1.2cm | Target C | PredXYZ [0.12  0.004 0.822] | TrueXYZ [0.131 0.007 0.822] | EEF [0.117 0.007 0.832] | ObjZ 0.822 | Up 1.00 | Hold 0/0 | Age 0 (1) | Resets 0 | Shield 0
Ep 28 | Step 80/200 | XYZ [0.002 0.004 0.708] | RPY [-0.001 -0.002 -0.001] | Grip 1 (1.00) | Phase 3->3 | Ground 0.1cm | Target C | PredXYZ [0.13  0.008 0.823] | TrueXYZ [0.131 0.007 0.826] | EEF [0.122 0.007 0.819] | ObjZ 0.826 | Up 1.00 | Hold 0/0 | Age 0 (1) | Resets 0 | Shield 0
Ep 28 | Step 86/200 | XYZ [0.003 0.002 0.578] | RPY [-0.    -0.011 -0.002] | Grip 1 (1.00) | Phase 3->3 | Ground 0.3cm | Target C | PredXYZ [0.131 0.007 0.865] | TrueXYZ [0.133 0.007 0.873] | EEF [0.124 0.007 0.866] | ObjZ 0.873 | Up 1.00 | Hold 5/0 | Age 0 (1) | Resets 1 | Shield 0
Ep 28 | Step 92/200 | XYZ [0.004 0.002 0.426] | RPY [-0.     0.003 -0.002] | Grip 1 (1.00) | Phase 3->3 | Ground 0.8cm | Target C | PredXYZ [0.126 0.006 0.898] | TrueXYZ [0.132 0.007 0.908] | EEF [0.122 0.007 0.901] | ObjZ 0.908 | Up 1.00 | Hold 11/5 | Age 0 (1) | Resets 3 | Shield 0
Episode 28: Clean Success | failure=success | termination=success
Scene rejected for ('push', 'B'): Deterministic push path is blocked by a distractor
Episode 29/120: Push the blue ball away from the robot | ensemble=temporal
Ep 29 | Step 1/200 | XYZ [ 0.681 -0.013 -0.524] | RPY [ 0.    -0.002 -0.051] | Grip 1 (1.00) | Phase 5->5 | Ground 0.7cm | Target B | PredXYZ [0.082 0.009 0.828] | TrueXYZ [0.077 0.005 0.826] | EEF [-0.104  0.009  1.01 ] | ObjZ 0.826 | Up 1.00 | Hold 0/0 | Age 0 (1) | Resets 0 | Shield 0
Ep 29 | Step 20/200 | XYZ [ 0.159 -0.005 -0.113] | RPY [-0.001 -0.001  0.001] | Grip 1 (1.00) | Phase 5->5 | Ground 0.8cm | Target B | PredXYZ [0.084 0.01  0.825] | TrueXYZ [0.077 0.005 0.826] | EEF [-0.025  0.007  0.943] | ObjZ 0.826 | Up 1.00 | Hold 0/0 | Age 3 (4) | Resets 0 | Shield 0
Ep 29 | Step 40/200 | XYZ [ 0.018 -0.003 -0.321] | RPY [0.    0.001 0.001] | Grip 1 (1.00) | Phase 6->6 | Ground 0.7cm | Target B | PredXYZ [0.079 0.011 0.826] | TrueXYZ [0.077 0.005 0.826] | EEF [-0.007  0.007  0.865] | ObjZ 0.826 | Up 1.00 | Hold 0/0 | Age 0 (1) | Resets 0 | Shield 0
Ep 29 | Step 60/200 | XYZ [ 0.9   -0.046 -0.033] | RPY [-0.     0.032  0.002] | Grip 1 (1.00) | Phase 7->7 | Ground 0.3cm | Target B | PredXYZ [0.077 0.008 0.826] | TrueXYZ [0.077 0.005 0.826] | EEF [0.014 0.006 0.824] | ObjZ 0.826 | Up 1.00 | Hold 0/0 | Age 0 (1) | Resets 0 | Shield 0
Ep 29 | Step 74/200 | XYZ [ 0.894 -0.099  0.024] | RPY [ 0.002  0.035 -0.003] | Grip 1 (1.00) | Phase 7->7 | Ground 0.4cm | Target B | PredXYZ [ 0.169 -0.003  0.826] | TrueXYZ [ 0.181 -0.001  0.826] | EEF [ 0.146 -0.001  0.817] | ObjZ 0.826 | Up 1.00 | Hold 5/5 | Age 0 (1) | Resets 5 | Shield 0
Episode 29: Clean Success | failure=success | termination=success
Episode 30/120: Pick up the green cylinder | ensemble=temporal
Ep 30 | Step 1/200 | XYZ [ 0.9    0.365 -0.243] | RPY [0.    0.001 0.003] | Grip -1 (0.00) | Phase 0->0 | Ground 1.2cm | Target C | PredXYZ [0.074 0.073 0.824] | TrueXYZ [0.079 0.062 0.822] | EEF [-0.129  0.013  0.981] | ObjZ 0.822 | Up 1.00 | Hold 0/0 | Age 0 (1) | Resets 0 | Shield 0
Ep 30 | Step 20/200 | XYZ [ 0.324  0.082 -0.038] | RPY [ 0.004 -0.01   0.003] | Grip -1 (0.00) | Phase 0->0 | Ground 1.5cm | Target C | PredXYZ [0.07  0.074 0.822] | TrueXYZ [0.079 0.062 0.822] | EEF [0.015 0.062 0.95 ] | ObjZ 0.822 | Up 1.00 | Hold 0/0 | Age 3 (4) | Resets 0 | Shield 0
Ep 30 | Step 40/200 | XYZ [ 0.043  0.021 -0.496] | RPY [-0.001 -0.003 -0.002] | Grip -1 (0.00) | Phase 1->1 | Ground 2.1cm | Target C | PredXYZ [0.072 0.081 0.828] | TrueXYZ [0.079 0.062 0.822] | EEF [0.054 0.07  0.888] | ObjZ 0.822 | Up 1.00 | Hold 0/0 | Age 0 (1) | Resets 0 | Shield 0
Ep 30 | Step 60/200 | XYZ [ 0.016  0.004 -0.119] | RPY [ 0.001 -0.001  0.001] | Grip -1 (0.00) | Phase 1->1 | Ground 0.3cm | Target C | PredXYZ [0.081 0.061 0.822] | TrueXYZ [0.079 0.062 0.822] | EEF [0.06  0.073 0.825] | ObjZ 0.822 | Up 1.00 | Hold 0/0 | Age 0 (1) | Resets 0 | Shield 0
Ep 30 | Step 80/200 | XYZ [0.007 0.    0.663] | RPY [ 0.002 -0.009 -0.   ] | Grip 1 (1.00) | Phase 3->3 | Ground 2.2cm | Target C | PredXYZ [0.067 0.073 0.824] | TrueXYZ [0.08  0.071 0.85 ] | EEF [0.066 0.072 0.842] | ObjZ 0.850 | Up 1.00 | Hold 2/0 | Age 0 (1) | Resets 0 | Shield 0
Ep 30 | Step 83/200 | XYZ [0.007 0.001 0.584] | RPY [ 0.001 -0.006 -0.001] | Grip 1 (1.00) | Phase 3->3 | Ground 1.7cm | Target C | PredXYZ [0.073 0.081 0.853] | TrueXYZ [0.08  0.071 0.872] | EEF [0.066 0.072 0.864] | ObjZ 0.872 | Up 1.00 | Hold 5/0 | Age 0 (1) | Resets 1 | Shield 0
Ep 30 | Step 89/200 | XYZ [0.008 0.001 0.434] | RPY [ 0.001  0.004 -0.001] | Grip 1 (1.00) | Phase 3->3 | Ground 1.3cm | Target C | PredXYZ [0.075 0.083 0.899] | TrueXYZ [0.078 0.071 0.907] | EEF [0.064 0.073 0.899] | ObjZ 0.907 | Up 1.00 | Hold 11/5 | Age 0 (1) | Resets 3 | Shield 0
Episode 30: Clean Success | failure=success | termination=success
Scene rejected for ('pick', 'C'): Pick target lacks bilateral gripper clearance
Episode 31/120: Pick up the green cylinder | ensemble=temporal
Ep 31 | Step 1/200 | XYZ [ 0.243 -0.267 -0.356] | RPY [ 0.     0.001 -0.   ] | Grip -1 (0.00) | Phase 0->0 | Ground 1.1cm | Target C | PredXYZ [-0.079 -0.048  0.824] | TrueXYZ [-0.07  -0.041  0.822] | EEF [-0.122  0.003  0.999] | ObjZ 0.822 | Up 1.00 | Hold 0/0 | Age 0 (1) | Resets 0 | Shield 0
Ep 31 | Step 20/200 | XYZ [ 0.064 -0.059 -0.082] | RPY [-0.001  0.003 -0.001] | Grip -1 (0.00) | Phase 0->0 | Ground 1.2cm | Target C | PredXYZ [-0.081 -0.047  0.822] | TrueXYZ [-0.07  -0.041  0.822] | EEF [-0.094 -0.031  0.956] | ObjZ 0.822 | Up 1.00 | Hold 0/0 | Age 3 (4) | Resets 0 | Shield 0
Ep 31 | Step 40/200 | XYZ [ 0.027 -0.008 -0.254] | RPY [-0.     0.01  -0.001] | Grip -1 (0.00) | Phase 1->1 | Ground 1.9cm | Target C | PredXYZ [-0.088 -0.048  0.822] | TrueXYZ [-0.07  -0.041  0.822] | EEF [-0.087 -0.038  0.847] | ObjZ 0.822 | Up 1.00 | Hold 0/0 | Age 0 (1) | Resets 1 | Shield 0
Ep 31 | Step 60/200 | XYZ [ 0.032  0.012 -0.064] | RPY [-0.001  0.002 -0.001] | Grip -1 (0.13) | Phase 1->1 | Ground 1.5cm | Target C | PredXYZ [-0.085 -0.041  0.822] | TrueXYZ [-0.07  -0.041  0.822] | EEF [-0.083 -0.04   0.814] | ObjZ 0.822 | Up 1.00 | Hold 0/0 | Age 0 (1) | Resets 1 | Shield 0
Ep 31 | Step 73/200 | XYZ [0.014 0.002 0.593] | RPY [ 0.002  0.021 -0.001] | Grip 1 (1.00) | Phase 3->3 | Ground 1.8cm | Target C | PredXYZ [-0.092 -0.042  0.856] | TrueXYZ [-0.076 -0.039  0.869] | EEF [-0.087 -0.039  0.861] | ObjZ 0.869 | Up 1.00 | Hold 5/0 | Age 0 (1) | Resets 4 | Shield 0
Ep 31 | Step 79/200 | XYZ [0.012 0.002 0.44 ] | RPY [ 0.001  0.008 -0.001] | Grip 1 (1.00) | Phase 3->3 | Ground 2.4cm | Target C | PredXYZ [-0.098 -0.047  0.89 ] | TrueXYZ [-0.077 -0.039  0.906] | EEF [-0.089 -0.039  0.898] | ObjZ 0.906 | Up 1.00 | Hold 11/5 | Age 0 (1) | Resets 6 | Shield 0
Episode 31: Clean Success | failure=success | termination=success
Scene rejected for ('push', 'A'): Deterministic push path is blocked by a distractor
Scene rejected for ('push', 'A'): Deterministic push path is blocked by a distractor
Scene rejected for ('push', 'A'): Deterministic push path is blocked by a distractor
Episode 32/120: Push the red cube away from the robot | ensemble=temporal
Ep 32 | Step 1/200 | XYZ [ 0.11  -0.262 -0.502] | RPY [-0.002  0.002 -0.9  ] | Grip 1 (1.00) | Phase 5->5 | Ground 1.1cm | Target A | PredXYZ [-0.06  -0.122  0.824] | TrueXYZ [-0.061 -0.111  0.821] | EEF [-0.109 -0.004  1.001] | ObjZ 0.821 | Up 1.00 | Hold 0/0 | Age 0 (1) | Resets 0 | Shield 0
Ep 32 | Step 20/200 | XYZ [ 0.036 -0.008 -0.165] | RPY [ 0.021 -0.002 -0.118] | Grip 1 (1.00) | Phase 5->5 | Ground 0.8cm | Target A | PredXYZ [-0.06  -0.119  0.822] | TrueXYZ [-0.061 -0.111  0.822] | EEF [-0.102 -0.033  0.938] | ObjZ 0.822 | Up 1.00 | Hold 0/0 | Age 3 (4) | Resets 0 | Shield 0
Ep 32 | Step 40/200 | XYZ [ 0.019 -0.029 -0.168] | RPY [0.001 0.007 0.003] | Grip 1 (1.00) | Phase 6->6 | Ground 0.9cm | Target A | PredXYZ [-0.052 -0.115  0.822] | TrueXYZ [-0.061 -0.111  0.822] | EEF [-0.1   -0.028  0.839] | ObjZ 0.822 | Up 1.00 | Hold 0/0 | Age 0 (1) | Resets 0 | Shield 0
Ep 32 | Step 60/200 | XYZ [ 0.2   -0.554 -0.017] | RPY [ 0.012 -0.004  0.014] | Grip 1 (1.00) | Phase 7->7 | Ground 0.5cm | Target A | PredXYZ [-0.064 -0.118  0.822] | TrueXYZ [-0.059 -0.121  0.822] | EEF [-0.068 -0.087  0.822] | ObjZ 0.822 | Up 1.00 | Hold 0/0 | Age 0 (1) | Resets 0 | Shield 0
Ep 32 | Step 76/200 | XYZ [-0.008  0.037  0.004] | RPY [-0.01   0.003 -0.009] | Grip 1 (1.00) | Phase 8->8 | Ground 1.2cm | Target A | PredXYZ [-0.05  -0.195  0.822] | TrueXYZ [-0.04  -0.189  0.822] | EEF [-0.046 -0.157  0.82 ] | ObjZ 0.822 | Up 1.00 | Hold 5/5 | Age 2 (3) | Resets 1 | Shield 0
Episode 32: Clean Success | failure=success | termination=success
Scene rejected for ('push', 'A'): Deterministic push path is blocked by a distractor
Scene rejected for ('push', 'A'): Deterministic push path is blocked by a distractor
Scene rejected for ('push', 'A'): Deterministic push path is blocked by a distractor
Scene rejected for ('push', 'A'): Deterministic push path is blocked by a distractor
Scene rejected for ('push', 'A'): Deterministic push path is blocked by a distractor
Scene rejected for ('push', 'A'): Deterministic push path is blocked by a distractor
Scene rejected for ('push', 'A'): Deterministic push path is blocked by a distractor
Episode 33/120: Push the red cube away from the robot | ensemble=temporal
Ep 33 | Step 1/200 | XYZ [ 0.66  -0.276 -0.597] | RPY [ 0.001 -0.004 -0.808] | Grip 1 (1.00) | Phase 5->5 | Ground 0.6cm | Target A | PredXYZ [ 0.092 -0.076  0.824] | TrueXYZ [ 0.096 -0.073  0.821] | EEF [-0.087 -0.011  1.016] | ObjZ 0.821 | Up 1.00 | Hold 0/0 | Age 0 (1) | Resets 0 | Shield 0
Ep 33 | Step 20/200 | XYZ [ 0.162 -0.111 -0.119] | RPY [0.01  0.004 0.01 ] | Grip 1 (1.00) | Phase 5->5 | Ground 0.9cm | Target A | PredXYZ [ 0.093 -0.081  0.822] | TrueXYZ [ 0.096 -0.073  0.822] | EEF [-0.01  -0.033  0.937] | ObjZ 0.822 | Up 1.00 | Hold 0/0 | Age 3 (4) | Resets 0 | Shield 0
Ep 33 | Step 40/200 | XYZ [ 0.021 -0.016 -0.337] | RPY [ 0.001 -0.     0.002] | Grip 1 (1.00) | Phase 6->6 | Ground 0.8cm | Target A | PredXYZ [ 0.093 -0.08   0.822] | TrueXYZ [ 0.096 -0.073  0.822] | EEF [ 0.009 -0.044  0.864] | ObjZ 0.822 | Up 1.00 | Hold 0/0 | Age 0 (1) | Resets 0 | Shield 0
Ep 33 | Step 60/200 | XYZ [ 0.774 -0.295 -0.034] | RPY [0.004 0.01  0.001] | Grip 1 (1.00) | Phase 7->7 | Ground 1.1cm | Target A | PredXYZ [ 0.088 -0.081  0.821] | TrueXYZ [ 0.096 -0.073  0.822] | EEF [ 0.018 -0.048  0.823] | ObjZ 0.822 | Up 1.00 | Hold 0/0 | Age 0 (1) | Resets 0 | Shield 0
Ep 33 | Step 80/200 | XYZ [-0.043  0.017  0.   ] | RPY [-0.005 -0.015 -0.001] | Grip 1 (1.00) | Phase 8->8 | Ground 1.7cm | Target A | PredXYZ [ 0.167 -0.112  0.822] | TrueXYZ [ 0.158 -0.099  0.822] | EEF [ 0.128 -0.088  0.82 ] | ObjZ 0.822 | Up 1.00 | Hold 2/2 | Age 3 (4) | Resets 1 | Shield 16
Ep 33 | Step 83/200 | XYZ [-0.047  0.016  0.013] | RPY [-0.006 -0.027 -0.002] | Grip 1 (1.00) | Phase 8->8 | Ground 1.4cm | Target A | PredXYZ [ 0.169 -0.11   0.822] | TrueXYZ [ 0.16  -0.1    0.823] | EEF [ 0.131 -0.089  0.823] | ObjZ 0.823 | Up 1.00 | Hold 5/5 | Age 3 (4) | Resets 1 | Shield 16
Episode 33: Clean Success | failure=success | termination=success
Episode 34/120: Pick up the blue ball | ensemble=temporal
Ep 34 | Step 1/200 | XYZ [-0.158  0.061 -0.41 ] | RPY [ 0.001 -0.002 -0.002] | Grip -1 (0.00) | Phase 0->0 | Ground 0.4cm | Target B | PredXYZ [-0.133 -0.008  0.828] | TrueXYZ [-0.131 -0.012  0.826] | EEF [-0.102 -0.015  1.009] | ObjZ 0.826 | Up 1.00 | Hold 0/0 | Age 0 (1) | Resets 0 | Shield 0
Ep 34 | Step 20/200 | XYZ [-0.04  -0.011 -0.866] | RPY [ 0.002 -0.006  0.006] | Grip -1 (0.00) | Phase 1->1 | Ground 0.5cm | Target B | PredXYZ [-0.135 -0.015  0.826] | TrueXYZ [-0.131 -0.012  0.826] | EEF [-0.121 -0.01   0.952] | ObjZ 0.826 | Up 1.00 | Hold 0/0 | Age 0 (1) | Resets 0 | Shield 0
Ep 34 | Step 40/200 | XYZ [ 0.024 -0.001 -0.157] | RPY [-0.001  0.016 -0.002] | Grip -1 (0.00) | Phase 1->1 | Ground 0.8cm | Target B | PredXYZ [-0.126 -0.018  0.826] | TrueXYZ [-0.131 -0.012  0.826] | EEF [-0.13  -0.011  0.842] | ObjZ 0.826 | Up 1.00 | Hold 0/0 | Age 0 (1) | Resets 0 | Shield 0
Ep 34 | Step 60/200 | XYZ [0.01  0.002 0.727] | RPY [ 0.     0.012 -0.001] | Grip 1 (1.00) | Phase 3->3 | Ground 2.8cm | Target B | PredXYZ [-0.105 -0.015  0.839] | TrueXYZ [-0.132 -0.012  0.836] | EEF [-0.13  -0.011  0.835] | ObjZ 0.836 | Up 1.00 | Hold 0/0 | Age 0 (1) | Resets 1 | Shield 0
Ep 34 | Step 65/200 | XYZ [0.01  0.001 0.575] | RPY [ 0.     0.03  -0.002] | Grip 1 (1.00) | Phase 3->3 | Ground 1.4cm | Target B | PredXYZ [-0.125 -0.017  0.866] | TrueXYZ [-0.139 -0.012  0.871] | EEF [-0.137 -0.011  0.87 ] | ObjZ 0.871 | Up 1.00 | Hold 5/0 | Age 0 (1) | Resets 2 | Shield 0
Ep 34 | Step 71/200 | XYZ [0.012 0.001 0.411] | RPY [ 0.     0.008 -0.002] | Grip 1 (1.00) | Phase 3->3 | Ground 1.4cm | Target B | PredXYZ [-0.141 -0.011  0.914] | TrueXYZ [-0.14  -0.012  0.906] | EEF [-0.139 -0.012  0.905] | ObjZ 0.906 | Up 1.00 | Hold 11/5 | Age 0 (1) | Resets 6 | Shield 0
Episode 34: Clean Success | failure=success | termination=success
Scene rejected for ('push', 'C'): Deterministic push path is blocked by a distractor
Scene rejected for ('push', 'C'): Deterministic push path is blocked by a distractor
Scene rejected for ('push', 'C'): Deterministic push path is blocked by a distractor
Scene rejected for ('push', 'C'): Deterministic push path is blocked by a distractor
Scene rejected for ('push', 'C'): Target is too close to the robot reference ray
Scene rejected for ('push', 'C'): Deterministic push path is blocked by a distractor
Scene rejected for ('push', 'C'): Deterministic push path is blocked by a distractor
Scene rejected for ('push', 'C'): Deterministic push path is blocked by a distractor
Scene rejected for ('push', 'C'): Deterministic push path is blocked by a distractor
Scene rejected for ('push', 'C'): Deterministic push path is blocked by a distractor
Scene rejected for ('push', 'C'): Deterministic push path is blocked by a distractor
Scene rejected for ('push', 'C'): Deterministic push path is blocked by a distractor
Scene rejected for ('push', 'C'): Target is too close to the robot reference ray
Scene rejected for ('push', 'C'): Deterministic push path is blocked by a distractor
Scene rejected for ('push', 'C'): Deterministic push path is blocked by a distractor
Scene rejected for ('push', 'C'): Deterministic push path is blocked by a distractor
Scene rejected for ('push', 'C'): Deterministic push path is blocked by a distractor
Scene rejected for ('push', 'C'): Deterministic push path is blocked by a distractor
Scene rejected for ('push', 'C'): Deterministic push path is blocked by a distractor
Scene rejected for ('push', 'C'): Deterministic push path is blocked by a distractor
Scene rejected for ('push', 'C'): Deterministic push path is blocked by a distractor
Scene rejected for ('push', 'C'): Deterministic push path is blocked by a distractor
Scene rejected for ('push', 'C'): Deterministic push path is blocked by a distractor
Scene rejected for ('push', 'C'): Deterministic push path is blocked by a distractor
Scene rejected for ('push', 'C'): Deterministic push path is blocked by a distractor
Scene rejected for ('push', 'C'): Deterministic push path is blocked by a distractor
Episode 35/120: Push the green cylinder away from the robot | ensemble=temporal
Ep 35 | Step 1/200 | XYZ [ 0.9   -0.003 -0.578] | RPY [ 0.001  0.    -0.008] | Grip 1 (1.00) | Phase 5->5 | Ground 1.3cm | Target C | PredXYZ [0.133 0.016 0.824] | TrueXYZ [0.131 0.029 0.822] | EEF [-0.099  0.015  1.016] | ObjZ 0.822 | Up 1.00 | Hold 0/0 | Age 0 (1) | Resets 0 | Shield 0
Ep 35 | Step 20/200 | XYZ [ 0.239 -0.001 -0.128] | RPY [-0.001 -0.003 -0.   ] | Grip 1 (1.00) | Phase 5->5 | Ground 1.1cm | Target C | PredXYZ [0.131 0.019 0.822] | TrueXYZ [0.131 0.029 0.822] | EEF [0.015 0.013 0.942] | ObjZ 0.822 | Up 1.00 | Hold 0/0 | Age 3 (4) | Resets 0 | Shield 0
Ep 35 | Step 40/200 | XYZ [ 0.039  0.009 -0.464] | RPY [-0.001 -0.005  0.   ] | Grip 1 (1.00) | Phase 6->6 | Ground 0.3cm | Target C | PredXYZ [0.132 0.027 0.822] | TrueXYZ [0.131 0.029 0.822] | EEF [0.045 0.014 0.876] | ObjZ 0.822 | Up 1.00 | Hold 0/0 | Age 0 (1) | Resets 0 | Shield 0
Ep 35 | Step 60/200 | XYZ [ 0.004  0.007 -0.085] | RPY [-0.    -0.002 -0.001] | Grip 1 (1.00) | Phase 6->6 | Ground 0.7cm | Target C | PredXYZ [0.128 0.022 0.822] | TrueXYZ [0.131 0.029 0.822] | EEF [0.048 0.014 0.821] | ObjZ 0.822 | Up 1.00 | Hold 0/0 | Age 0 (1) | Resets 0 | Shield 0
Ep 35 | Step 80/200 | XYZ [0.398 0.048 0.   ] | RPY [-0.001 -0.001 -0.001] | Grip 1 (1.00) | Phase 7->7 | Ground 0.9cm | Target C | PredXYZ [0.196 0.036 0.824] | TrueXYZ [0.193 0.042 0.826] | EEF [0.159 0.009 0.818] | ObjZ 0.826 | Up 0.99 | Hold 0/0 | Age 0 (1) | Resets 1 | Shield 16
Ep 35 | Step 85/200 | XYZ [-0.063  0.009 -0.013] | RPY [-0.002 -0.031 -0.002] | Grip 1 (1.00) | Phase 8->8 | Ground 1.1cm | Target C | PredXYZ [0.203 0.032 0.824] | TrueXYZ [0.203 0.041 0.828] | EEF [0.172 0.005 0.824] | ObjZ 0.828 | Up 0.98 | Hold 5/5 | Age 3 (4) | Resets 1 | Shield 18
Episode 35: Clean Success | failure=success | termination=success
Scene rejected for ('push', 'A'): Deterministic push path is blocked by a distractor
Scene rejected for ('push', 'A'): Deterministic push path is blocked by a distractor
Episode 36/120: Push the red cube away from the robot | ensemble=temporal
Ep 36 | Step 1/200 | XYZ [ 0.048 -0.145 -0.646] | RPY [-0.001 -0.002 -0.9  ] | Grip 1 (1.00) | Phase 5->5 | Ground 0.6cm | Target A | PredXYZ [-0.073 -0.092  0.824] | TrueXYZ [-0.072 -0.087  0.821] | EEF [-0.081  0.006  1.03 ] | ObjZ 0.821 | Up 1.00 | Hold 0/0 | Age 0 (1) | Resets 0 | Shield 0
Ep 36 | Step 20/200 | XYZ [ 0.042  0.122 -0.141] | RPY [ 0.051 -0.014 -0.69 ] | Grip 1 (1.00) | Phase 5->5 | Ground 1.3cm | Target A | PredXYZ [-0.078 -0.098  0.822] | TrueXYZ [-0.072 -0.087  0.822] | EEF [-0.092 -0.021  0.936] | ObjZ 0.822 | Up 1.00 | Hold 0/0 | Age 3 (4) | Resets 0 | Shield 0
Ep 36 | Step 40/200 | XYZ [ 0.099 -0.016 -0.533] | RPY [0.003 0.012 0.   ] | Grip 1 (1.00) | Phase 6->6 | Ground 1.3cm | Target A | PredXYZ [-0.083 -0.094  0.822] | TrueXYZ [-0.072 -0.087  0.822] | EEF [-0.094 -0.002  0.911] | ObjZ 0.822 | Up 1.00 | Hold 0/0 | Age 0 (1) | Resets 0 | Shield 0
Ep 36 | Step 60/200 | XYZ [ 0.027  0.003 -0.12 ] | RPY [-0.     0.003  0.   ] | Grip 1 (1.00) | Phase 6->6 | Ground 0.2cm | Target A | PredXYZ [-0.071 -0.088  0.822] | TrueXYZ [-0.072 -0.087  0.822] | EEF [-0.084 -0.004  0.833] | ObjZ 0.822 | Up 1.00 | Hold 0/0 | Age 0 (1) | Resets 0 | Shield 0
Ep 36 | Step 80/200 | XYZ [-0.005 -0.467 -0.022] | RPY [-0.001  0.003 -0.002] | Grip 1 (1.00) | Phase 7->7 | Ground 1.3cm | Target A | PredXYZ [-0.074 -0.134  0.822] | TrueXYZ [-0.066 -0.127  0.822] | EEF [-0.082 -0.092  0.823] | ObjZ 0.822 | Up 1.00 | Hold 0/0 | Age 0 (1) | Resets 2 | Shield 0
Ep 36 | Step 100/200 | XYZ [-0.023  0.141  0.019] | RPY [-0.003  0.008 -0.005] | Grip 1 (1.00) | Phase 8->8 | Ground 0.7cm | Target A | PredXYZ [-0.069 -0.147  0.822] | TrueXYZ [-0.062 -0.148  0.822] | EEF [-0.091 -0.112  0.824] | ObjZ 0.822 | Up 1.00 | Hold 0/0 | Age 3 (4) | Resets 2 | Shield 0
Ep 36 | Step 120/200 | XYZ [ 0.104  0.623 -0.021] | RPY [-0.01   0.018 -0.03 ] | Grip 1 (1.00) | Phase 7->7 | Ground 1.1cm | Target A | PredXYZ [-0.067 -0.138  0.823] | TrueXYZ [-0.062 -0.148  0.822] | EEF [-0.103 -0.011  0.819] | ObjZ 0.822 | Up 1.00 | Hold 0/0 | Age 0 (1) | Resets 2 | Shield 0
Ep 36 | Step 140/200 | XYZ [0.012 0.173 0.   ] | RPY [ 0.007  0.004 -0.012] | Grip 1 (1.00) | Phase 7->7 | Ground 3.1cm | Target A | PredXYZ [-0.06  -0.117  0.822] | TrueXYZ [-0.062 -0.148  0.822] | EEF [-0.103  0.117  0.818] | ObjZ 0.822 | Up 1.00 | Hold 0/0 | Age 0 (1) | Resets 2 | Shield 20
Ep 36 | Step 160/200 | XYZ [ 0.013  0.428 -0.015] | RPY [-0.002 -0.004 -0.01 ] | Grip 1 (1.00) | Phase 7->7 | Ground 2.8cm | Target A | PredXYZ [-0.069 -0.121  0.823] | TrueXYZ [-0.062 -0.148  0.822] | EEF [-0.097  0.18   0.82 ] | ObjZ 0.822 | Up 1.00 | Hold 0/0 | Age 0 (1) | Resets 2 | Shield 38
Ep 36 | Step 180/200 | XYZ [-0.109  0.374 -0.016] | RPY [-0.002 -0.01  -0.04 ] | Grip 1 (1.00) | Phase 7->7 | Ground 2.0cm | Target A | PredXYZ [-0.062 -0.128  0.823] | TrueXYZ [-0.062 -0.148  0.822] | EEF [-0.078  0.244  0.826] | ObjZ 0.822 | Up 1.00 | Hold 0/0 | Age 0 (1) | Resets 2 | Shield 38
Ep 36 | Step 200/200 | XYZ [-0.231 -0.742  0.003] | RPY [ 0.021 -0.01  -0.009] | Grip 1 (1.00) | Phase 7->7 | Ground 2.8cm | Target A | PredXYZ [-0.073 -0.123  0.823] | TrueXYZ [-0.062 -0.148  0.822] | EEF [-0.109  0.188  0.837] | ObjZ 0.822 | Up 1.00 | Hold 0/0 | Age 0 (1) | Resets 2 | Shield 38
Episode 36: Fail | failure=insufficient_push_distance | termination=horizon
Episode 37/120: Push the red cube away from the robot | ensemble=temporal
Ep 37 | Step 1/200 | XYZ [ 0.141  0.226 -0.573] | RPY [ 0.002 -0.003  0.9  ] | Grip 1 (1.00) | Phase 5->5 | Ground 0.6cm | Target A | PredXYZ [-0.024  0.119  0.824] | TrueXYZ [-0.024  0.112  0.821] | EEF [-0.094  0.017  1.009] | ObjZ 0.821 | Up 1.00 | Hold 0/0 | Age 0 (1) | Resets 0 | Shield 0
Ep 37 | Step 20/200 | XYZ [ 0.072  0.045 -0.103] | RPY [-0.025  0.003  0.084] | Grip 1 (1.00) | Phase 5->5 | Ground 1.0cm | Target A | PredXYZ [-0.023  0.122  0.822] | TrueXYZ [-0.024  0.112  0.822] | EEF [-0.083  0.04   0.934] | ObjZ 0.822 | Up 1.00 | Hold 0/0 | Age 3 (4) | Resets 0 | Shield 0
Ep 37 | Step 40/200 | XYZ [ 0.015  0.032 -0.302] | RPY [-0.003  0.001 -0.003] | Grip 1 (1.00) | Phase 6->6 | Ground 1.4cm | Target A | PredXYZ [-0.011  0.114  0.822] | TrueXYZ [-0.024  0.112  0.822] | EEF [-0.074  0.038  0.859] | ObjZ 0.822 | Up 1.00 | Hold 0/0 | Age 0 (1) | Resets 0 | Shield 0
Ep 37 | Step 60/200 | XYZ [ 0.46   0.663 -0.027] | RPY [-0.017  0.016 -0.011] | Grip 1 (1.00) | Phase 7->7 | Ground 0.8cm | Target A | PredXYZ [-0.02   0.119  0.822] | TrueXYZ [-0.024  0.112  0.822] | EEF [-0.063  0.055  0.822] | ObjZ 0.822 | Up 1.00 | Hold 0/0 | Age 0 (1) | Resets 0 | Shield 0
Ep 37 | Step 79/200 | XYZ [-0.018 -0.038  0.002] | RPY [ 0.011 -0.007 -0.001] | Grip 1 (1.00) | Phase 8->8 | Ground 1.5cm | Target A | PredXYZ [0.006 0.19  0.822] | TrueXYZ [0.019 0.182 0.822] | EEF [0.    0.146 0.82 ] | ObjZ 0.822 | Up 1.00 | Hold 5/5 | Age 3 (4) | Resets 1 | Shield 0
Episode 37: Clean Success | failure=success | termination=success
Episode 38/120: Pick up the green cylinder | ensemble=temporal
Ep 38 | Step 1/200 | XYZ [ 0.731 -0.484 -0.515] | RPY [-0.001 -0.    -0.   ] | Grip -1 (0.00) | Phase 0->0 | Ground 0.9cm | Target C | PredXYZ [ 0.027 -0.077  0.824] | TrueXYZ [ 0.036 -0.074  0.822] | EEF [-0.096  0.005  1.029] | ObjZ 0.822 | Up 1.00 | Hold 0/0 | Age 0 (1) | Resets 0 | Shield 0
Ep 38 | Step 20/200 | XYZ [ 0.205 -0.132 -0.111] | RPY [-0.005  0.002 -0.003] | Grip -1 (0.00) | Phase 0->0 | Ground 1.3cm | Target C | PredXYZ [ 0.024 -0.079  0.822] | TrueXYZ [ 0.036 -0.074  0.822] | EEF [-0.002 -0.065  0.961] | ObjZ 0.822 | Up 1.00 | Hold 0/0 | Age 3 (4) | Resets 0 | Shield 0
Ep 38 | Step 40/200 | XYZ [ 0.039 -0.023 -0.532] | RPY [ 0.    -0.007  0.002] | Grip -1 (0.00) | Phase 1->1 | Ground 1.0cm | Target C | PredXYZ [ 0.03  -0.083  0.822] | TrueXYZ [ 0.036 -0.074  0.822] | EEF [ 0.026 -0.08   0.893] | ObjZ 0.822 | Up 1.00 | Hold 0/0 | Age 0 (1) | Resets 0 | Shield 0
Ep 38 | Step 60/200 | XYZ [ 0.022  0.012 -0.108] | RPY [-0.002  0.003 -0.001] | Grip -1 (0.00) | Phase 1->1 | Ground 0.9cm | Target C | PredXYZ [ 0.031 -0.082  0.822] | TrueXYZ [ 0.036 -0.074  0.822] | EEF [ 0.029 -0.083  0.827] | ObjZ 0.822 | Up 1.00 | Hold 0/0 | Age 0 (1) | Resets 0 | Shield 0
Ep 38 | Step 80/200 | XYZ [0.009 0.003 0.639] | RPY [-0.001  0.009 -0.003] | Grip 1 (1.00) | Phase 3->3 | Ground 0.4cm | Target C | PredXYZ [ 0.034 -0.083  0.847] | TrueXYZ [ 0.034 -0.081  0.856] | EEF [ 0.031 -0.081  0.851] | ObjZ 0.856 | Up 1.00 | Hold 3/0 | Age 0 (1) | Resets 1 | Shield 0
Ep 38 | Step 82/200 | XYZ [0.008 0.003 0.58 ] | RPY [-0.     0.01  -0.002] | Grip 1 (1.00) | Phase 3->3 | Ground 0.3cm | Target C | PredXYZ [ 0.034 -0.082  0.866] | TrueXYZ [ 0.033 -0.081  0.87 ] | EEF [ 0.03  -0.082  0.865] | ObjZ 0.870 | Up 1.00 | Hold 5/0 | Age 0 (1) | Resets 2 | Shield 0
Ep 38 | Step 88/200 | XYZ [0.007 0.003 0.429] | RPY [-0.     0.006 -0.003] | Grip 1 (1.00) | Phase 3->3 | Ground 1.2cm | Target C | PredXYZ [ 0.021 -0.083  0.895] | TrueXYZ [ 0.032 -0.081  0.905] | EEF [ 0.028 -0.082  0.9  ] | ObjZ 0.905 | Up 1.00 | Hold 11/5 | Age 0 (1) | Resets 3 | Shield 0
Episode 38: Clean Success | failure=success | termination=success
Scene rejected for ('push', 'A'): Deterministic push path is blocked by a distractor
Scene rejected for ('push', 'A'): Deterministic push path is blocked by a distractor
Scene rejected for ('push', 'A'): Deterministic push path is blocked by a distractor
Scene rejected for ('push', 'A'): Target is too close to the robot reference ray
Episode 39/120: Push the red cube away from the robot | ensemble=temporal
Ep 39 | Step 1/200 | XYZ [ 0.057  0.3   -0.578] | RPY [ 0.002 -0.002  0.9  ] | Grip 1 (1.00) | Phase 5->5 | Ground 0.8cm | Target A | PredXYZ [-0.089  0.134  0.824] | TrueXYZ [-0.084  0.127  0.821] | EEF [-9.900e-02 -1.000e-03  1.013e+00] | ObjZ 0.821 | Up 1.00 | Hold 0/0 | Age 0 (1) | Resets 0 | Shield 0
Ep 39 | Step 20/200 | XYZ [ 0.067 -0.002 -0.116] | RPY [-0.041 -0.01   0.511] | Grip 1 (1.00) | Phase 5->5 | Ground 0.7cm | Target A | PredXYZ [-0.089  0.133  0.822] | TrueXYZ [-0.084  0.127  0.822] | EEF [-0.102  0.041  0.935] | ObjZ 0.822 | Up 1.00 | Hold 0/0 | Age 3 (4) | Resets 0 | Shield 0
Ep 39 | Step 40/200 | XYZ [ 0.016  0.073 -0.48 ] | RPY [-0.009 -0.016  0.003] | Grip 1 (1.00) | Phase 6->6 | Ground 0.6cm | Target A | PredXYZ [-0.088  0.132  0.822] | TrueXYZ [-0.084  0.127  0.822] | EEF [-0.093  0.031  0.884] | ObjZ 0.822 | Up 1.00 | Hold 0/0 | Age 0 (1) | Resets 0 | Shield 0
Ep 39 | Step 60/200 | XYZ [ 0.018  0.008 -0.092] | RPY [0.    0.004 0.001] | Grip 1 (1.00) | Phase 6->6 | Ground 0.1cm | Target A | PredXYZ [-0.084  0.128  0.822] | TrueXYZ [-0.084  0.127  0.822] | EEF [-0.093  0.042  0.825] | ObjZ 0.822 | Up 1.00 | Hold 0/0 | Age 0 (1) | Resets 0 | Shield 0
Ep 39 | Step 80/200 | XYZ [ 0.01   0.527 -0.034] | RPY [-0.002 -0.006 -0.004] | Grip 1 (1.00) | Phase 7->7 | Ground 0.4cm | Target A | PredXYZ [-0.082  0.179  0.822] | TrueXYZ [-0.086  0.183  0.822] | EEF [-0.074  0.146  0.819] | ObjZ 0.822 | Up 1.00 | Hold 0/0 | Age 0 (1) | Resets 2 | Shield 0
Ep 39 | Step 86/200 | XYZ [0.02  0.434 0.   ] | RPY [0.005 0.004 0.004] | Grip 1 (1.00) | Phase 7->7 | Ground 1.4cm | Target A | PredXYZ [-0.092  0.195  0.823] | TrueXYZ [-0.093  0.214  0.822] | EEF [-0.075  0.181  0.818] | ObjZ 0.822 | Up 1.00 | Hold 5/5 | Age 0 (1) | Resets 2 | Shield 6
Episode 39: Clean Success | failure=success | termination=success
Scene rejected for ('push', 'C'): Deterministic push path is blocked by a distractor
Scene rejected for ('push', 'C'): Deterministic push path is blocked by a distractor
Scene rejected for ('push', 'C'): Deterministic push path is blocked by a distractor
Scene rejected for ('push', 'C'): Deterministic push path is blocked by a distractor
Scene rejected for ('push', 'C'): Target is too close to the robot reference ray
Scene rejected for ('push', 'C'): Deterministic push path is blocked by a distractor
Scene rejected for ('push', 'C'): Deterministic push path is blocked by a distractor
Episode 40/120: Push the green cylinder away from the robot | ensemble=temporal
Ep 40 | Step 1/200 | XYZ [-0.022  0.111 -0.501] | RPY [-0.002  0.002 -0.9  ] | Grip 1 (1.00) | Phase 5->5 | Ground 1.0cm | Target C | PredXYZ [-0.125  0.107  0.824] | TrueXYZ [-0.116  0.103  0.822] | EEF [-0.106 -0.009  1.001] | ObjZ 0.822 | Up 1.00 | Hold 0/0 | Age 0 (1) | Resets 0 | Shield 0
Ep 40 | Step 20/200 | XYZ [ 0.015  0.142 -0.093] | RPY [ 0.023 -0.01  -0.709] | Grip 1 (1.00) | Phase 5->5 | Ground 1.1cm | Target C | PredXYZ [-0.127  0.107  0.822] | TrueXYZ [-0.116  0.103  0.822] | EEF [-0.122 -0.001  0.932] | ObjZ 0.822 | Up 1.00 | Hold 0/0 | Age 3 (4) | Resets 0 | Shield 0
Ep 40 | Step 40/200 | XYZ [ 0.022 -0.027 -0.234] | RPY [0.003 0.006 0.005] | Grip 1 (1.00) | Phase 6->6 | Ground 1.0cm | Target C | PredXYZ [-0.126  0.106  0.822] | TrueXYZ [-0.116  0.103  0.822] | EEF [-0.121  0.028  0.838] | ObjZ 0.822 | Up 1.00 | Hold 0/0 | Age 0 (1) | Resets 0 | Shield 0
Ep 40 | Step 60/200 | XYZ [-0.019  0.652  0.   ] | RPY [-0.027  0.024 -0.024] | Grip 1 (1.00) | Phase 7->7 | Ground 1.4cm | Target C | PredXYZ [-0.125  0.118  0.822] | TrueXYZ [-0.115  0.111  0.822] | EEF [-0.133  0.068  0.814] | ObjZ 0.822 | Up 1.00 | Hold 0/0 | Age 0 (1) | Resets 0 | Shield 11
Ep 40 | Step 76/200 | XYZ [0.015 0.383 0.   ] | RPY [0.002 0.005 0.002] | Grip 1 (1.00) | Phase 7->7 | Ground 0.3cm | Target C | PredXYZ [-0.115  0.192  0.822] | TrueXYZ [-0.115  0.194  0.823] | EEF [-0.138  0.152  0.817] | ObjZ 0.823 | Up 1.00 | Hold 5/5 | Age 0 (1) | Resets 1 | Shield 27
Episode 40: Clean Success | failure=success | termination=success
Episode 41/120: Pick up the green cylinder | ensemble=temporal
Ep 41 | Step 1/200 | XYZ [ 0.651  0.056 -0.35 ] | RPY [-0.001  0.001 -0.003] | Grip -1 (0.00) | Phase 0->0 | Ground 0.2cm | Target C | PredXYZ [-0.012  0.003  0.824] | TrueXYZ [-0.011  0.001  0.822] | EEF [-0.114 -0.009  1.   ] | ObjZ 0.822 | Up 1.00 | Hold 0/0 | Age 0 (1) | Resets 0 | Shield 0
Ep 41 | Step 20/200 | XYZ [ 0.139  0.006 -0.075] | RPY [-0.    -0.003  0.001] | Grip -1 (0.00) | Phase 0->0 | Ground 0.8cm | Target C | PredXYZ [-0.018  0.004  0.822] | TrueXYZ [-0.011  0.001  0.822] | EEF [-0.04  -0.005  0.958] | ObjZ 0.822 | Up 1.00 | Hold 0/0 | Age 3 (4) | Resets 0 | Shield 0
Ep 41 | Step 40/200 | XYZ [ 0.029  0.005 -0.33 ] | RPY [0.001 0.004 0.   ] | Grip -1 (0.00) | Phase 1->1 | Ground 0.6cm | Target C | PredXYZ [-0.016  0.005  0.822] | TrueXYZ [-0.011  0.001  0.822] | EEF [-0.023 -0.004  0.861] | ObjZ 0.822 | Up 1.00 | Hold 0/0 | Age 0 (1) | Resets 0 | Shield 0
Ep 41 | Step 60/200 | XYZ [ 0.019  0.009 -0.076] | RPY [-0.     0.001  0.   ] | Grip -1 (0.00) | Phase 1->1 | Ground 0.7cm | Target C | PredXYZ [-0.018  0.001  0.822] | TrueXYZ [-0.011  0.001  0.822] | EEF [-0.02  -0.002  0.819] | ObjZ 0.822 | Up 1.00 | Hold 0/0 | Age 0 (1) | Resets 0 | Shield 0
Ep 41 | Step 76/200 | XYZ [0.009 0.002 0.58 ] | RPY [-0.001  0.013 -0.002] | Grip 1 (1.00) | Phase 3->3 | Ground 0.7cm | Target C | PredXYZ [-0.013  0.005  0.861] | TrueXYZ [-0.014 -0.001  0.871] | EEF [-0.021 -0.002  0.863] | ObjZ 0.871 | Up 1.00 | Hold 5/0 | Age 0 (1) | Resets 3 | Shield 0
Ep 41 | Step 80/200 | XYZ [0.008 0.001 0.479] | RPY [-0.001  0.008 -0.003] | Grip 1 (1.00) | Phase 3->3 | Ground 0.6cm | Target C | PredXYZ [-0.013  0.003  0.886] | TrueXYZ [-0.015 -0.002  0.895] | EEF [-0.022 -0.002  0.888] | ObjZ 0.895 | Up 1.00 | Hold 9/3 | Age 0 (1) | Resets 5 | Shield 0
Ep 41 | Step 82/200 | XYZ [0.008 0.001 0.433] | RPY [-0.001  0.006 -0.003] | Grip 1 (1.00) | Phase 3->3 | Ground 1.5cm | Target C | PredXYZ [-0.003  0.003  0.908] | TrueXYZ [-0.015 -0.002  0.906] | EEF [-0.023 -0.003  0.899] | ObjZ 0.906 | Up 1.00 | Hold 11/5 | Age 0 (1) | Resets 6 | Shield 0
Episode 41: Clean Success | failure=success | termination=success
Episode 42/120: Pick up the green cylinder | ensemble=temporal
Ep 42 | Step 1/200 | XYZ [ 0.206 -0.556 -0.464] | RPY [ 0.    -0.002  0.001] | Grip -1 (0.00) | Phase 0->0 | Ground 0.4cm | Target C | PredXYZ [-0.063 -0.095  0.824] | TrueXYZ [-0.06  -0.094  0.822] | EEF [-0.095 -0.002  1.016] | ObjZ 0.822 | Up 1.00 | Hold 0/0 | Age 0 (1) | Resets 0 | Shield 0
Ep 42 | Step 20/200 | XYZ [ 0.052 -0.143 -0.093] | RPY [-0.001  0.005 -0.002] | Grip -1 (0.00) | Phase 0->0 | Ground 0.9cm | Target C | PredXYZ [-0.069 -0.095  0.822] | TrueXYZ [-0.06  -0.094  0.822] | EEF [-0.077 -0.074  0.959] | ObjZ 0.822 | Up 1.00 | Hold 0/0 | Age 3 (4) | Resets 0 | Shield 0
Ep 42 | Step 40/200 | XYZ [ 0.017 -0.02  -0.345] | RPY [-0.001  0.005 -0.002] | Grip -1 (0.00) | Phase 1->1 | Ground 2.2cm | Target C | PredXYZ [-0.081 -0.092  0.822] | TrueXYZ [-0.06  -0.094  0.822] | EEF [-0.069 -0.091  0.863] | ObjZ 0.822 | Up 1.00 | Hold 0/0 | Age 0 (1) | Resets 0 | Shield 0
Ep 42 | Step 60/200 | XYZ [ 0.034  0.025 -0.067] | RPY [-0.002  0.003 -0.003] | Grip -1 (0.01) | Phase 1->1 | Ground 0.6cm | Target C | PredXYZ [-0.066 -0.095  0.824] | TrueXYZ [-0.06  -0.094  0.822] | EEF [-0.069 -0.097  0.818] | ObjZ 0.822 | Up 1.00 | Hold 0/0 | Age 0 (1) | Resets 0 | Shield 0
Ep 42 | Step 76/200 | XYZ [0.014 0.003 0.584] | RPY [ 0.004  0.021 -0.001] | Grip 1 (1.00) | Phase 3->3 | Ground 0.6cm | Target C | PredXYZ [-0.067 -0.095  0.869] | TrueXYZ [-0.067 -0.092  0.87 ] | EEF [-0.073 -0.093  0.863] | ObjZ 0.870 | Up 1.00 | Hold 5/0 | Age 0 (1) | Resets 3 | Shield 0
Ep 42 | Step 80/200 | XYZ [0.013 0.003 0.485] | RPY [ 0.003  0.012 -0.001] | Grip 1 (1.00) | Phase 3->3 | Ground 2.4cm | Target C | PredXYZ [-0.089 -0.098  0.88 ] | TrueXYZ [-0.068 -0.091  0.895] | EEF [-0.074 -0.092  0.888] | ObjZ 0.895 | Up 1.00 | Hold 9/3 | Age 0 (1) | Resets 4 | Shield 0
Ep 42 | Step 82/200 | XYZ [0.012 0.003 0.44 ] | RPY [ 0.002  0.007 -0.001] | Grip 1 (1.00) | Phase 3->3 | Ground 1.1cm | Target C | PredXYZ [-0.074 -0.097  0.894] | TrueXYZ [-0.068 -0.09   0.906] | EEF [-0.074 -0.092  0.899] | ObjZ 0.906 | Up 1.00 | Hold 11/5 | Age 0 (1) | Resets 5 | Shield 0
Episode 42: Clean Success | failure=success | termination=success
Episode 43/120: Pick up the red cube | ensemble=temporal
Ep 43 | Step 1/200 | XYZ [-0.189 -0.694 -0.499] | RPY [ 0.002 -0.003  0.73 ] | Grip -1 (0.01) | Phase 0->0 | Ground 0.5cm | Target A | PredXYZ [-0.122 -0.117  0.824] | TrueXYZ [-0.117 -0.115  0.821] | EEF [-0.093  0.004  1.014] | ObjZ 0.821 | Up 1.00 | Hold 0/0 | Age 0 (1) | Resets 0 | Shield 0
Ep 43 | Step 20/200 | XYZ [ 0.02  -0.193 -0.079] | RPY [-0.004  0.037 -0.006] | Grip -1 (0.00) | Phase 0->0 | Ground 1.1cm | Target A | PredXYZ [-0.128 -0.115  0.822] | TrueXYZ [-0.117 -0.115  0.822] | EEF [-0.134 -0.082  0.945] | ObjZ 0.822 | Up 1.00 | Hold 0/0 | Age 3 (4) | Resets 0 | Shield 0
Ep 43 | Step 40/200 | XYZ [ 0.119 -0.012  0.247] | RPY [0.006 0.049 0.009] | Grip -1 (0.00) | Phase 0->0 | Ground 1.1cm | Target A | PredXYZ [-0.128 -0.116  0.822] | TrueXYZ [-0.117 -0.115  0.822] | EEF [-0.181 -0.105  0.929] | ObjZ 0.822 | Up 1.00 | Hold 0/0 | Age 3 (4) | Resets 0 | Shield 0
Ep 43 | Step 60/200 | XYZ [ 0.243  0.009 -0.011] | RPY [-0.006  0.015 -0.006] | Grip -1 (0.00) | Phase 0->0 | Ground 1.2cm | Target A | PredXYZ [-0.13  -0.116  0.823] | TrueXYZ [-0.117 -0.115  0.822] | EEF [-0.144 -0.108  0.95 ] | ObjZ 0.822 | Up 1.00 | Hold 0/0 | Age 3 (4) | Resets 0 | Shield 0
Ep 43 | Step 80/200 | XYZ [ 0.108 -0.015 -0.07 ] | RPY [-0.004  0.012 -0.004] | Grip -1 (0.00) | Phase 0->0 | Ground 1.1cm | Target A | PredXYZ [-0.128 -0.119  0.822] | TrueXYZ [-0.117 -0.115  0.822] | EEF [-0.105 -0.117  0.943] | ObjZ 0.822 | Up 1.00 | Hold 0/0 | Age 3 (4) | Resets 0 | Shield 0
Ep 43 | Step 100/200 | XYZ [ 0.026  0.002 -0.325] | RPY [-0.003  0.005 -0.003] | Grip -1 (0.00) | Phase 1->1 | Ground 4.7cm | Target A | PredXYZ [-0.098 -0.116  0.865] | TrueXYZ [-0.117 -0.115  0.822] | EEF [-0.083 -0.116  0.86 ] | ObjZ 0.822 | Up 1.00 | Hold 0/0 | Age 0 (1) | Resets 4 | Shield 0
Ep 43 | Step 120/200 | XYZ [ 0.032  0.025 -0.056] | RPY [-0.003  0.001 -0.002] | Grip 1 (0.76) | Phase 2->2 | Ground 3.4cm | Target A | PredXYZ [-0.088 -0.103  0.832] | TrueXYZ [-0.117 -0.115  0.822] | EEF [-0.084 -0.116  0.821] | ObjZ 0.822 | Up 1.00 | Hold 0/0 | Age 0 (1) | Resets 11 | Shield 0
Ep 43 | Step 140/200 | XYZ [0.009 0.015 0.397] | RPY [0.006 0.007 0.003] | Grip 1 (1.00) | Phase 3->3 | Ground 9.4cm | Target A | PredXYZ [-0.064 -0.108  0.893] | TrueXYZ [-0.126 -0.109  0.822] | EEF [-0.087 -0.096  0.89 ] | ObjZ 0.822 | Up 1.00 | Hold 0/0 | Age 0 (1) | Resets 17 | Shield 0
Ep 43 | Step 160/200 | XYZ [-0.01   0.02  -0.531] | RPY [-0.005 -0.011 -0.004] | Grip 1 (0.95) | Phase 6->6 | Ground 6.8cm | Target A | PredXYZ [-0.094 -0.109  0.883] | TrueXYZ [-0.126 -0.109  0.822] | EEF [-0.086 -0.093  0.89 ] | ObjZ 0.822 | Up 1.00 | Hold 0/0 | Age 0 (1) | Resets 22 | Shield 0
Ep 43 | Step 180/200 | XYZ [ 0.008  0.009 -0.106] | RPY [-0.001  0.002 -0.001] | Grip 1 (1.00) | Phase 6->6 | Ground 3.9cm | Target A | PredXYZ [-0.095 -0.09   0.837] | TrueXYZ [-0.126 -0.109  0.822] | EEF [-0.087 -0.09   0.823] | ObjZ 0.822 | Up 1.00 | Hold 0/0 | Age 3 (4) | Resets 28 | Shield 0
Ep 43 | Step 200/200 | XYZ [0.012 0.012 0.375] | RPY [0.007 0.006 0.001] | Grip 1 (1.00) | Phase 3->3 | Ground 0.9cm | Target A | PredXYZ [-0.136 -0.113  0.823] | TrueXYZ [-0.128 -0.11   0.822] | EEF [-0.109 -0.088  0.896] | ObjZ 0.822 | Up 1.00 | Hold 0/0 | Age 0 (1) | Resets 34 | Shield 0
Episode 43: Fail | failure=grasp_failed_after_contact | termination=horizon
Episode 44/120: Push the blue ball away from the robot | ensemble=temporal
Ep 44 | Step 1/200 | XYZ [ 0.822  0.299 -0.519] | RPY [-0.002  0.     0.787] | Grip 1 (1.00) | Phase 5->5 | Ground 0.2cm | Target B | PredXYZ [0.102 0.094 0.828] | TrueXYZ [0.102 0.092 0.826] | EEF [-0.097  0.023  1.006] | ObjZ 0.826 | Up 1.00 | Hold 0/0 | Age 0 (1) | Resets 0 | Shield 0
Ep 44 | Step 20/200 | XYZ [ 0.179  0.087 -0.103] | RPY [-0.006 -0.004  0.001] | Grip 1 (1.00) | Phase 5->5 | Ground 0.4cm | Target B | PredXYZ [0.102 0.097 0.825] | TrueXYZ [0.102 0.092 0.826] | EEF [-0.     0.049  0.941] | ObjZ 0.826 | Up 1.00 | Hold 0/0 | Age 3 (4) | Resets 0 | Shield 0
Ep 44 | Step 40/200 | XYZ [ 0.023  0.018 -0.336] | RPY [-0.001 -0.     0.   ] | Grip 1 (1.00) | Phase 6->6 | Ground 0.1cm | Target B | PredXYZ [0.103 0.092 0.826] | TrueXYZ [0.102 0.092 0.826] | EEF [0.021 0.058 0.869] | ObjZ 0.826 | Up 1.00 | Hold 0/0 | Age 0 (1) | Resets 0 | Shield 0
Ep 44 | Step 60/200 | XYZ [ 0.9    0.512 -0.045] | RPY [-0.009  0.015 -0.003] | Grip 1 (1.00) | Phase 7->7 | Ground 0.3cm | Target B | PredXYZ [0.099 0.092 0.826] | TrueXYZ [0.102 0.092 0.826] | EEF [0.033 0.064 0.828] | ObjZ 0.826 | Up 1.00 | Hold 0/0 | Age 0 (1) | Resets 0 | Shield 0
Ep 44 | Step 75/200 | XYZ [-0.099 -0.05  -0.013] | RPY [ 0.015 -0.042  0.002] | Grip 1 (1.00) | Phase 8->8 | Ground 0.8cm | Target B | PredXYZ [0.169 0.132 0.825] | TrueXYZ [0.177 0.128 0.826] | EEF [0.145 0.114 0.827] | ObjZ 0.826 | Up 1.00 | Hold 5/5 | Age 3 (4) | Resets 4 | Shield 2
Episode 44: Clean Success | failure=success | termination=success
Scene rejected for ('push', 'C'): Deterministic push path is blocked by a distractor
Scene rejected for ('push', 'C'): Deterministic push path is blocked by a distractor
Scene rejected for ('push', 'C'): Deterministic push path is blocked by a distractor
Episode 45/120: Push the green cylinder away from the robot | ensemble=temporal
Ep 45 | Step 1/200 | XYZ [ 0.9    0.465 -0.489] | RPY [-0.001  0.001  0.882] | Grip 1 (1.00) | Phase 5->5 | Ground 0.2cm | Target C | PredXYZ [0.116 0.102 0.824] | TrueXYZ [0.116 0.1   0.822] | EEF [-0.109 -0.006  0.999] | ObjZ 0.822 | Up 1.00 | Hold 0/0 | Age 0 (1) | Resets 0 | Shield 0
Ep 45 | Step 20/200 | XYZ [ 0.234  0.113 -0.1  ] | RPY [-0.005 -0.007  0.003] | Grip 1 (1.00) | Phase 5->5 | Ground 0.2cm | Target C | PredXYZ [0.117 0.102 0.822] | TrueXYZ [0.116 0.1   0.822] | EEF [0.01  0.04  0.937] | ObjZ 0.822 | Up 1.00 | Hold 0/0 | Age 3 (4) | Resets 0 | Shield 0
Ep 45 | Step 40/200 | XYZ [ 0.036  0.028 -0.438] | RPY [-0.002 -0.004 -0.001] | Grip 1 (1.00) | Phase 6->6 | Ground 0.3cm | Target C | PredXYZ [0.116 0.097 0.822] | TrueXYZ [0.116 0.1   0.822] | EEF [0.039 0.053 0.874] | ObjZ 0.822 | Up 1.00 | Hold 0/0 | Age 0 (1) | Resets 0 | Shield 0
Ep 45 | Step 60/200 | XYZ [ 0.003  0.012 -0.084] | RPY [-0.    -0.003  0.   ] | Grip 1 (1.00) | Phase 6->6 | Ground 0.4cm | Target C | PredXYZ [0.115 0.104 0.822] | TrueXYZ [0.116 0.1   0.822] | EEF [0.042 0.056 0.822] | ObjZ 0.822 | Up 1.00 | Hold 0/0 | Age 0 (1) | Resets 0 | Shield 0
Ep 45 | Step 80/200 | XYZ [0.399 0.184 0.   ] | RPY [-0.001  0.006  0.004] | Grip 1 (1.00) | Phase 7->7 | Ground 1.2cm | Target C | PredXYZ [0.178 0.133 0.824] | TrueXYZ [0.176 0.124 0.823] | EEF [0.144 0.101 0.816] | ObjZ 0.823 | Up 1.00 | Hold 0/0 | Age 0 (1) | Resets 2 | Shield 12
Ep 45 | Step 85/200 | XYZ [-0.044 -0.017  0.   ] | RPY [ 0.006 -0.025 -0.001] | Grip 1 (1.00) | Phase 8->8 | Ground 0.5cm | Target C | PredXYZ [0.192 0.125 0.825] | TrueXYZ [0.192 0.13  0.824] | EEF [0.16  0.107 0.819] | ObjZ 0.824 | Up 1.00 | Hold 5/5 | Age 3 (4) | Resets 2 | Shield 15
Episode 45: Clean Success | failure=success | termination=success
Episode 46/120: Pick up the blue ball | ensemble=temporal
Ep 46 | Step 1/200 | XYZ [ 0.036  0.805 -0.281] | RPY [ 0.001 -0.001 -0.018] | Grip -1 (0.00) | Phase 0->0 | Ground 0.6cm | Target B | PredXYZ [-0.117  0.123  0.827] | TrueXYZ [-0.111  0.121  0.826] | EEF [-0.13  -0.006  0.986] | ObjZ 0.826 | Up 1.00 | Hold 0/0 | Age 0 (1) | Resets 0 | Shield 0
Ep 46 | Step 20/200 | XYZ [ 0.018  0.192 -0.051] | RPY [0.002 0.006 0.007] | Grip -1 (0.00) | Phase 0->0 | Ground 1.4cm | Target B | PredXYZ [-0.124  0.127  0.825] | TrueXYZ [-0.111  0.121  0.826] | EEF [-0.131  0.094  0.949] | ObjZ 0.826 | Up 1.00 | Hold 0/0 | Age 3 (4) | Resets 0 | Shield 0
Ep 46 | Step 40/200 | XYZ [ 0.006  0.034 -0.305] | RPY [0.003 0.006 0.002] | Grip -1 (0.00) | Phase 1->1 | Ground 1.3cm | Target B | PredXYZ [-0.122  0.129  0.825] | TrueXYZ [-0.111  0.121  0.826] | EEF [-0.127  0.114  0.859] | ObjZ 0.826 | Up 1.00 | Hold 0/0 | Age 0 (1) | Resets 0 | Shield 0
Ep 46 | Step 60/200 | XYZ [ 0.042 -0.018 -0.065] | RPY [0.002 0.005 0.005] | Grip -1 (0.01) | Phase 1->1 | Ground 1.1cm | Target B | PredXYZ [-0.121  0.127  0.825] | TrueXYZ [-0.111  0.121  0.825] | EEF [-0.132  0.124  0.817] | ObjZ 0.825 | Up 1.00 | Hold 0/0 | Age 0 (1) | Resets 0 | Shield 0
Ep 46 | Step 76/200 | XYZ [ 0.019 -0.001  0.569] | RPY [-0.007  0.024 -0.004] | Grip 1 (1.00) | Phase 3->3 | Ground 1.7cm | Target B | PredXYZ [-0.129  0.12   0.859] | TrueXYZ [-0.114  0.118  0.871] | EEF [-0.132  0.121  0.864] | ObjZ 0.871 | Up 1.00 | Hold 5/0 | Age 0 (1) | Resets 3 | Shield 0
Ep 46 | Step 80/200 | XYZ [ 0.018 -0.001  0.471] | RPY [-0.005  0.011 -0.003] | Grip 1 (1.00) | Phase 3->3 | Ground 1.7cm | Target B | PredXYZ [-0.105  0.119  0.903] | TrueXYZ [-0.114  0.117  0.895] | EEF [-0.133  0.12   0.888] | ObjZ 0.895 | Up 1.00 | Hold 9/3 | Age 0 (1) | Resets 6 | Shield 0
Ep 46 | Step 82/200 | XYZ [ 0.018 -0.001  0.428] | RPY [-0.004  0.007 -0.003] | Grip 1 (1.00) | Phase 3->3 | Ground 1.0cm | Target B | PredXYZ [-0.122  0.113  0.905] | TrueXYZ [-0.114  0.117  0.906] | EEF [-0.133  0.12   0.899] | ObjZ 0.906 | Up 1.00 | Hold 11/5 | Age 0 (1) | Resets 7 | Shield 0
Episode 46: Clean Success | failure=success | termination=success
Scene rejected for ('push', 'A'): Deterministic push path is blocked by a distractor
Scene rejected for ('push', 'A'): Deterministic push path is blocked by a distractor
Scene rejected for ('push', 'A'): Deterministic push path is blocked by a distractor
Scene rejected for ('push', 'A'): Deterministic push path is blocked by a distractor
Episode 47/120: Push the red cube away from the robot | ensemble=temporal
Ep 47 | Step 1/200 | XYZ [-0.017 -0.137 -0.432] | RPY [0.003 0.003 0.86 ] | Grip 1 (1.00) | Phase 5->5 | Ground 0.8cm | Target A | PredXYZ [-0.111  0.054  0.824] | TrueXYZ [-0.108  0.061  0.821] | EEF [-0.127 -0.004  0.984] | ObjZ 0.821 | Up 1.00 | Hold 0/0 | Age 0 (1) | Resets 0 | Shield 0
Ep 47 | Step 20/200 | XYZ [ 0.047 -0.08  -0.079] | RPY [-0.02  -0.002  0.626] | Grip 1 (1.00) | Phase 5->5 | Ground 0.8cm | Target A | PredXYZ [-0.112  0.055  0.822] | TrueXYZ [-0.108  0.061  0.822] | EEF [-0.137 -0.009  0.926] | ObjZ 0.822 | Up 1.00 | Hold 0/0 | Age 3 (4) | Resets 0 | Shield 0
Ep 47 | Step 40/200 | XYZ [ 0.033  0.04  -0.179] | RPY [-0.002  0.008  0.   ] | Grip 1 (1.00) | Phase 6->6 | Ground 0.9cm | Target A | PredXYZ [-0.116  0.065  0.822] | TrueXYZ [-0.108  0.061  0.822] | EEF [-0.125 -0.034  0.841] | ObjZ 0.822 | Up 1.00 | Hold 0/0 | Age 0 (1) | Resets 0 | Shield 0
Ep 47 | Step 60/200 | XYZ [ 0.006  0.665 -0.027] | RPY [-0.023 -0.012 -0.017] | Grip 1 (1.00) | Phase 7->7 | Ground 0.9cm | Target A | PredXYZ [-0.116  0.066  0.822] | TrueXYZ [-0.108  0.061  0.822] | EEF [-0.112  0.025  0.825] | ObjZ 0.822 | Up 1.00 | Hold 0/0 | Age 0 (1) | Resets 0 | Shield 0
Ep 47 | Step 78/200 | XYZ [ 0.007  0.478 -0.034] | RPY [0.005 0.006 0.01 ] | Grip 1 (1.00) | Phase 7->7 | Ground 1.0cm | Target A | PredXYZ [-0.11   0.145  0.822] | TrueXYZ [-0.102  0.143  0.822] | EEF [-0.107  0.114  0.825] | ObjZ 0.822 | Up 1.00 | Hold 5/5 | Age 0 (1) | Resets 1 | Shield 0
Episode 47: Clean Success | failure=success | termination=success
Scene rejected for ('pick', 'C'): Pick target lacks bilateral gripper clearance
Episode 48/120: Pick up the green cylinder | ensemble=temporal
Ep 48 | Step 1/200 | XYZ [ 0.271  0.035 -0.534] | RPY [-0.    -0.001  0.001] | Grip -1 (0.00) | Phase 0->0 | Ground 0.9cm | Target C | PredXYZ [-0.042 -0.007  0.824] | TrueXYZ [-0.05  -0.013  0.822] | EEF [-0.087 -0.015  1.026] | ObjZ 0.822 | Up 1.00 | Hold 0/0 | Age 0 (1) | Resets 0 | Shield 0
Ep 48 | Step 20/200 | XYZ [ 0.054  0.005 -0.114] | RPY [0.001 0.003 0.001] | Grip -1 (0.00) | Phase 0->0 | Ground 0.9cm | Target C | PredXYZ [-0.04  -0.012  0.822] | TrueXYZ [-0.05  -0.013  0.822] | EEF [-0.058 -0.013  0.958] | ObjZ 0.822 | Up 1.00 | Hold 0/0 | Age 3 (4) | Resets 0 | Shield 0
Ep 48 | Step 40/200 | XYZ [ 0.025 -0.007 -0.232] | RPY [0.001 0.012 0.002] | Grip -1 (0.00) | Phase 1->1 | Ground 0.3cm | Target C | PredXYZ [-0.05  -0.015  0.822] | TrueXYZ [-0.05  -0.013  0.822] | EEF [-0.054 -0.012  0.847] | ObjZ 0.822 | Up 1.00 | Hold 0/0 | Age 0 (1) | Resets 0 | Shield 0
Ep 48 | Step 60/200 | XYZ [ 0.008  0.001 -0.035] | RPY [-0.001  0.001 -0.   ] | Grip 1 (1.00) | Phase 2->2 | Ground 0.4cm | Target C | PredXYZ [-0.054 -0.011  0.822] | TrueXYZ [-0.05  -0.013  0.822] | EEF [-0.051 -0.013  0.819] | ObjZ 0.822 | Up 1.00 | Hold 0/0 | Age 0 (1) | Resets 0 | Shield 0
Ep 48 | Step 69/200 | XYZ [0.009 0.001 0.565] | RPY [ 0.     0.022 -0.002] | Grip 1 (1.00) | Phase 3->3 | Ground 0.6cm | Target C | PredXYZ [-0.054 -0.017  0.869] | TrueXYZ [-0.058 -0.012  0.873] | EEF [-0.059 -0.012  0.87 ] | ObjZ 0.873 | Up 1.00 | Hold 5/0 | Age 0 (1) | Resets 3 | Shield 0
Ep 48 | Step 75/200 | XYZ [0.01  0.001 0.414] | RPY [-0.001  0.005 -0.003] | Grip 1 (1.00) | Phase 3->3 | Ground 1.2cm | Target C | PredXYZ [-0.049 -0.014  0.909] | TrueXYZ [-0.059 -0.013  0.908] | EEF [-0.06  -0.013  0.905] | ObjZ 0.908 | Up 1.00 | Hold 11/5 | Age 0 (1) | Resets 9 | Shield 0
Episode 48: Clean Success | failure=success | termination=success
Scene rejected for ('push', 'C'): Deterministic push path is blocked by a distractor
Scene rejected for ('push', 'C'): Deterministic push path is blocked by a distractor
Scene rejected for ('push', 'C'): Target is too close to the robot reference ray
Scene rejected for ('push', 'C'): Deterministic push path is blocked by a distractor
Scene rejected for ('push', 'C'): Deterministic push path is blocked by a distractor
Scene rejected for ('push', 'C'): Deterministic push path is blocked by a distractor
Scene rejected for ('push', 'C'): Deterministic push path is blocked by a distractor
Scene rejected for ('push', 'C'): Deterministic push path is blocked by a distractor
Scene rejected for ('push', 'C'): Deterministic push path is blocked by a distractor
Scene rejected for ('push', 'C'): Deterministic push path is blocked by a distractor
Scene rejected for ('push', 'C'): Deterministic push path is blocked by a distractor
Scene rejected for ('push', 'C'): Target is too close to the robot reference ray
Scene rejected for ('push', 'C'): Deterministic push path is blocked by a distractor
Episode 49/120: Push the green cylinder away from the robot | ensemble=temporal
Ep 49 | Step 1/200 | XYZ [ 0.522 -0.306 -0.67 ] | RPY [ 0.    -0.005 -0.9  ] | Grip 1 (1.00) | Phase 5->5 | Ground 0.5cm | Target C | PredXYZ [ 0.077 -0.103  0.824] | TrueXYZ [ 0.072 -0.101  0.822] | EEF [-0.065 -0.024  1.032] | ObjZ 0.822 | Up 1.00 | Hold 0/0 | Age 0 (1) | Resets 0 | Shield 0
Ep 49 | Step 20/200 | XYZ [ 0.131 -0.119 -0.125] | RPY [0.017 0.006 0.009] | Grip 1 (1.00) | Phase 5->5 | Ground 0.5cm | Target C | PredXYZ [ 0.072 -0.106  0.822] | TrueXYZ [ 0.072 -0.101  0.822] | EEF [-0.009 -0.054  0.944] | ObjZ 0.822 | Up 1.00 | Hold 0/0 | Age 3 (4) | Resets 0 | Shield 0
Ep 49 | Step 40/200 | XYZ [ 0.009 -0.021 -0.448] | RPY [ 0.    -0.008  0.002] | Grip 1 (1.00) | Phase 6->6 | Ground 0.4cm | Target C | PredXYZ [ 0.074 -0.105  0.822] | TrueXYZ [ 0.072 -0.101  0.822] | EEF [ 0.008 -0.067  0.874] | ObjZ 0.822 | Up 1.00 | Hold 0/0 | Age 0 (1) | Resets 0 | Shield 0
Ep 49 | Step 60/200 | XYZ [ 0.275 -0.21  -0.05 ] | RPY [ 0.002  0.    -0.002] | Grip 1 (1.00) | Phase 7->7 | Ground 0.4cm | Target C | PredXYZ [ 0.068 -0.1    0.822] | TrueXYZ [ 0.072 -0.101  0.822] | EEF [ 0.007 -0.07   0.82 ] | ObjZ 0.822 | Up 1.00 | Hold 0/0 | Age 0 (1) | Resets 0 | Shield 0
Ep 49 | Step 80/200 | XYZ [-0.041  0.038  0.   ] | RPY [-0.01  -0.019 -0.004] | Grip 1 (1.00) | Phase 8->8 | Ground 1.1cm | Target C | PredXYZ [ 0.146 -0.154  0.823] | TrueXYZ [ 0.138 -0.149  0.823] | EEF [ 0.103 -0.131  0.815] | ObjZ 0.823 | Up 1.00 | Hold 5/5 | Age 3 (4) | Resets 1 | Shield 17
Episode 49: Clean Success | failure=success | termination=success
Scene rejected for ('pick', 'B'): Pick target lacks bilateral gripper clearance
Episode 50/120: Pick up the blue ball | ensemble=temporal
Ep 50 | Step 1/200 | XYZ [ 0.9    0.02  -0.316] | RPY [-0.    -0.    -0.001] | Grip -1 (0.00) | Phase 0->0 | Ground 0.9cm | Target B | PredXYZ [0.126 0.003 0.828] | TrueXYZ [0.12  0.01  0.826] | EEF [-0.12  -0.002  0.997] | ObjZ 0.826 | Up 1.00 | Hold 0/0 | Age 0 (1) | Resets 0 | Shield 0
Ep 50 | Step 20/200 | XYZ [ 0.469  0.007 -0.045] | RPY [-0.    -0.005  0.   ] | Grip -1 (0.00) | Phase 0->0 | Ground 0.1cm | Target B | PredXYZ [0.121 0.01  0.826] | TrueXYZ [0.12  0.01  0.826] | EEF [0.047 0.001 0.955] | ObjZ 0.826 | Up 1.00 | Hold 0/0 | Age 3 (4) | Resets 0 | Shield 0
Ep 50 | Step 40/200 | XYZ [ 0.074  0.003 -0.699] | RPY [-0.001 -0.003  0.   ] | Grip -1 (0.00) | Phase 1->1 | Ground 0.2cm | Target B | PredXYZ [0.122 0.011 0.826] | TrueXYZ [0.12  0.01  0.826] | EEF [0.105 0.002 0.923] | ObjZ 0.826 | Up 1.00 | Hold 0/0 | Age 0 (1) | Resets 0 | Shield 0
Ep 50 | Step 60/200 | XYZ [ 0.016  0.01  -0.148] | RPY [ 0.    -0.002  0.   ] | Grip -1 (0.00) | Phase 1->1 | Ground 1.0cm | Target B | PredXYZ [0.119 0.02  0.826] | TrueXYZ [0.12  0.01  0.826] | EEF [0.114 0.003 0.837] | ObjZ 0.826 | Up 1.00 | Hold 0/0 | Age 0 (1) | Resets 0 | Shield 0
Ep 50 | Step 80/200 | XYZ [-0.007  0.002  0.156] | RPY [-0.001  0.    -0.004] | Grip 1 (1.00) | Phase 2->2 | Ground 0.7cm | Target B | PredXYZ [0.122 0.016 0.826] | TrueXYZ [0.122 0.009 0.827] | EEF [0.118 0.008 0.822] | ObjZ 0.827 | Up 1.00 | Hold 0/0 | Age 0 (1) | Resets 0 | Shield 0
Ep 50 | Step 87/200 | XYZ [0.003 0.002 0.552] | RPY [-0.    -0.008 -0.002] | Grip 1 (1.00) | Phase 3->3 | Ground 0.9cm | Target B | PredXYZ [0.129 0.015 0.876] | TrueXYZ [0.124 0.01  0.878] | EEF [0.121 0.008 0.873] | ObjZ 0.878 | Up 1.00 | Hold 5/0 | Age 0 (1) | Resets 2 | Shield 0
Ep 50 | Step 92/200 | XYZ [0.002 0.002 0.422] | RPY [-0.     0.004 -0.002] | Grip 1 (1.00) | Phase 3->3 | Ground 0.6cm | Target B | PredXYZ [0.119 0.013 0.905] | TrueXYZ [0.123 0.01  0.906] | EEF [0.119 0.008 0.902] | ObjZ 0.906 | Up 1.00 | Hold 10/5 | Age 0 (1) | Resets 2 | Shield 0
Episode 50: Clean Success | failure=success | termination=success
Scene rejected for ('push', 'A'): Deterministic push path is blocked by a distractor
Scene rejected for ('push', 'A'): Deterministic push path is blocked by a distractor
Scene rejected for ('push', 'A'): Deterministic push path is blocked by a distractor
Scene rejected for ('push', 'A'): Deterministic push path is blocked by a distractor
Episode 51/120: Push the red cube away from the robot | ensemble=temporal
Ep 51 | Step 1/200 | XYZ [ 0.457  0.436 -0.485] | RPY [-0.    -0.002  0.9  ] | Grip 1 (1.00) | Phase 5->5 | Ground 0.3cm | Target A | PredXYZ [0.03  0.118 0.824] | TrueXYZ [0.029 0.115 0.821] | EEF [-0.106 -0.009  0.993] | ObjZ 0.821 | Up 1.00 | Hold 0/0 | Age 0 (1) | Resets 0 | Shield 0
Ep 51 | Step 20/200 | XYZ [ 0.111  0.101 -0.086] | RPY [-0.012 -0.003  0.015] | Grip 1 (1.00) | Phase 5->5 | Ground 0.8cm | Target A | PredXYZ [0.021 0.117 0.822] | TrueXYZ [0.029 0.115 0.822] | EEF [-0.051  0.036  0.932] | ObjZ 0.822 | Up 1.00 | Hold 0/0 | Age 3 (4) | Resets 0 | Shield 0
Ep 51 | Step 40/200 | XYZ [ 0.016  0.032 -0.272] | RPY [-0.001  0.002 -0.002] | Grip 1 (1.00) | Phase 6->6 | Ground 0.3cm | Target A | PredXYZ [0.031 0.118 0.822] | TrueXYZ [0.029 0.115 0.822] | EEF [-0.037  0.046  0.854] | ObjZ 0.822 | Up 1.00 | Hold 0/0 | Age 0 (1) | Resets 0 | Shield 0
Ep 51 | Step 60/200 | XYZ [ 0.554  0.519 -0.016] | RPY [-0.02   0.03  -0.012] | Grip 1 (1.00) | Phase 7->7 | Ground 0.8cm | Target A | PredXYZ [0.025 0.122 0.822] | TrueXYZ [0.029 0.115 0.822] | EEF [-0.018  0.065  0.82 ] | ObjZ 0.822 | Up 1.00 | Hold 0/0 | Age 0 (1) | Resets 0 | Shield 0
Ep 51 | Step 79/200 | XYZ [-0.029 -0.016  0.   ] | RPY [ 0.008 -0.012 -0.001] | Grip 1 (1.00) | Phase 8->8 | Ground 0.9cm | Target A | PredXYZ [0.097 0.173 0.822] | TrueXYZ [0.095 0.166 0.822] | EEF [0.064 0.145 0.819] | ObjZ 0.822 | Up 1.00 | Hold 5/5 | Age 3 (4) | Resets 2 | Shield 17
Episode 51: Clean Success | failure=success | termination=success
Scene rejected for ('push', 'B'): Deterministic push path is blocked by a distractor
Episode 52/120: Push the blue ball away from the robot | ensemble=temporal
Ep 52 | Step 1/200 | XYZ [ 0.027 -0.084 -0.413] | RPY [-0.004  0.004 -0.9  ] | Grip 1 (1.00) | Phase 5->5 | Ground 0.7cm | Target B | PredXYZ [-0.088 -0.097  0.828] | TrueXYZ [-0.081 -0.096  0.826] | EEF [-0.119 -0.013  0.989] | ObjZ 0.826 | Up 1.00 | Hold 0/0 | Age 0 (1) | Resets 0 | Shield 0
Ep 52 | Step 20/200 | XYZ [ 0.027  0.056 -0.725] | RPY [ 0.02  -0.005 -0.239] | Grip 1 (1.00) | Phase 5->5 | Ground 0.9cm | Target B | PredXYZ [-0.089 -0.098  0.826] | TrueXYZ [-0.081 -0.096  0.826] | EEF [-0.122 -0.026  0.935] | ObjZ 0.826 | Up 1.00 | Hold 0/0 | Age 3 (4) | Resets 0 | Shield 0
Ep 52 | Step 40/200 | XYZ [ 0.021 -0.022 -0.138] | RPY [0.    0.008 0.001] | Grip 1 (1.00) | Phase 6->6 | Ground 0.2cm | Target B | PredXYZ [-0.08  -0.097  0.826] | TrueXYZ [-0.081 -0.096  0.826] | EEF [-0.121 -0.013  0.841] | ObjZ 0.826 | Up 1.00 | Hold 0/0 | Age 0 (1) | Resets 0 | Shield 0
Ep 52 | Step 60/200 | XYZ [ 0.129 -0.853 -0.031] | RPY [ 0.009 -0.014  0.011] | Grip 1 (1.00) | Phase 7->7 | Ground 0.4cm | Target B | PredXYZ [-0.066 -0.139  0.826] | TrueXYZ [-0.061 -0.152  0.826] | EEF [-0.064 -0.116  0.829] | ObjZ 0.826 | Up 1.00 | Hold 0/0 | Age 0 (1) | Resets 3 | Shield 0
Ep 52 | Step 65/200 | XYZ [-0.019  0.094 -0.009] | RPY [-0.02  -0.014 -0.009] | Grip 1 (1.00) | Phase 8->8 | Ground 0.3cm | Target B | PredXYZ [-0.054 -0.173  0.826] | TrueXYZ [-0.056 -0.171  0.826] | EEF [-0.062 -0.136  0.831] | ObjZ 0.826 | Up 1.00 | Hold 5/5 | Age 1 (2) | Resets 7 | Shield 0
Episode 52: Clean Success | failure=success | termination=success
Episode 53/120: Pick up the blue ball | ensemble=temporal
Ep 53 | Step 1/200 | XYZ [ 0.016  0.277 -0.31 ] | RPY [ 0.001 -0.001 -0.003] | Grip -1 (0.00) | Phase 0->0 | Ground 0.6cm | Target B | PredXYZ [-0.119  0.046  0.827] | TrueXYZ [-0.113  0.044  0.826] | EEF [-0.125  0.     0.991] | ObjZ 0.826 | Up 1.00 | Hold 0/0 | Age 0 (1) | Resets 0 | Shield 0
Ep 53 | Step 20/200 | XYZ [ 0.021  0.069 -0.804] | RPY [ 0.001 -0.001  0.003] | Grip -1 (0.00) | Phase 1->1 | Ground 1.4cm | Target B | PredXYZ [-0.118  0.056  0.826] | TrueXYZ [-0.113  0.044  0.826] | EEF [-0.122  0.034  0.946] | ObjZ 0.826 | Up 1.00 | Hold 0/0 | Age 0 (1) | Resets 0 | Shield 0
Ep 53 | Step 40/200 | XYZ [ 0.032  0.007 -0.168] | RPY [0.002 0.015 0.003] | Grip -1 (0.00) | Phase 1->1 | Ground 1.7cm | Target B | PredXYZ [-0.123  0.058  0.826] | TrueXYZ [-0.113  0.044  0.826] | EEF [-0.126  0.042  0.839] | ObjZ 0.826 | Up 1.00 | Hold 0/0 | Age 0 (1) | Resets 0 | Shield 0
Ep 53 | Step 60/200 | XYZ [ 0.011  0.005 -0.03 ] | RPY [0.    0.001 0.002] | Grip 1 (1.00) | Phase 2->2 | Ground 1.1cm | Target B | PredXYZ [-0.115  0.054  0.825] | TrueXYZ [-0.111  0.044  0.825] | EEF [-0.12   0.045  0.819] | ObjZ 0.825 | Up 1.00 | Hold 0/0 | Age 0 (1) | Resets 0 | Shield 0
Ep 53 | Step 68/200 | XYZ [0.014 0.001 0.575] | RPY [-0.004  0.026 -0.003] | Grip 1 (1.00) | Phase 3->3 | Ground 0.2cm | Target B | PredXYZ [-0.117  0.041  0.864] | TrueXYZ [-0.119  0.043  0.871] | EEF [-0.127  0.043  0.865] | ObjZ 0.871 | Up 1.00 | Hold 5/0 | Age 0 (1) | Resets 3 | Shield 0
Ep 53 | Step 74/200 | XYZ [0.014 0.    0.434] | RPY [-0.002  0.009 -0.003] | Grip 1 (1.00) | Phase 3->3 | Ground 1.2cm | Target B | PredXYZ [-0.125  0.051  0.907] | TrueXYZ [-0.12   0.041  0.906] | EEF [-0.128  0.042  0.9  ] | ObjZ 0.906 | Up 1.00 | Hold 11/5 | Age 0 (1) | Resets 7 | Shield 0
Episode 53: Clean Success | failure=success | termination=success
Scene rejected for ('push', 'A'): Deterministic push path is blocked by a distractor
Scene rejected for ('push', 'A'): Target is too close to the robot reference ray
Scene rejected for ('push', 'A'): Deterministic push path is blocked by a distractor
Scene rejected for ('push', 'A'): Deterministic push path is blocked by a distractor
Scene rejected for ('push', 'A'): Deterministic push path is blocked by a distractor
Episode 54/120: Push the red cube away from the robot | ensemble=temporal
Ep 54 | Step 1/200 | XYZ [ 0.511 -0.047 -0.538] | RPY [ 0.001 -0.002 -0.264] | Grip 1 (1.00) | Phase 5->5 | Ground 0.7cm | Target A | PredXYZ [ 0.075 -0.006  0.824] | TrueXYZ [ 0.068 -0.004  0.821] | EEF [-0.085  0.006  1.005] | ObjZ 0.821 | Up 1.00 | Hold 0/0 | Age 0 (1) | Resets 0 | Shield 0
Ep 54 | Step 20/200 | XYZ [ 0.108 -0.015 -0.103] | RPY [0.002 0.002 0.002] | Grip 1 (1.00) | Phase 5->5 | Ground 0.4cm | Target A | PredXYZ [ 0.071 -0.003  0.821] | TrueXYZ [ 0.068 -0.004  0.822] | EEF [-0.028  0.006  0.936] | ObjZ 0.822 | Up 1.00 | Hold 0/0 | Age 3 (4) | Resets 0 | Shield 0
Ep 54 | Step 40/200 | XYZ [ 0.021 -0.002 -0.239] | RPY [ 0.     0.005 -0.   ] | Grip 1 (1.00) | Phase 6->6 | Ground 0.9cm | Target A | PredXYZ [ 0.077 -0.004  0.822] | TrueXYZ [ 0.068 -0.004  0.822] | EEF [-0.018  0.005  0.847] | ObjZ 0.822 | Up 1.00 | Hold 0/0 | Age 0 (1) | Resets 0 | Shield 0
Ep 54 | Step 60/200 | XYZ [ 0.675 -0.081  0.   ] | RPY [0.002 0.036 0.001] | Grip 1 (1.00) | Phase 7->7 | Ground 0.5cm | Target A | PredXYZ [ 0.072 -0.001  0.822] | TrueXYZ [ 0.068 -0.004  0.822] | EEF [0.021 0.002 0.815] | ObjZ 0.822 | Up 1.00 | Hold 0/0 | Age 0 (1) | Resets 0 | Shield 3
Ep 54 | Step 78/200 | XYZ [-0.055  0.     0.031] | RPY [-0.001 -0.028 -0.001] | Grip 1 (1.00) | Phase 8->8 | Ground 1.1cm | Target A | PredXYZ [ 0.145 -0.011  0.822] | TrueXYZ [ 0.142 -0.001  0.823] | EEF [ 0.109 -0.006  0.819] | ObjZ 0.823 | Up 1.00 | Hold 5/5 | Age 3 (4) | Resets 0 | Shield 18
Episode 54: Clean Success | failure=success | termination=success
Scene rejected for ('push', 'A'): Deterministic push path is blocked by a distractor
Scene rejected for ('push', 'A'): Deterministic push path is blocked by a distractor
Scene rejected for ('push', 'A'): Deterministic push path is blocked by a distractor
Scene rejected for ('push', 'A'): Deterministic push path is blocked by a distractor
Scene rejected for ('push', 'A'): Deterministic push path is blocked by a distractor
Scene rejected for ('push', 'A'): Deterministic push path is blocked by a distractor
Scene rejected for ('push', 'A'): Deterministic push path is blocked by a distractor
Scene rejected for ('push', 'A'): Deterministic push path is blocked by a distractor
Scene rejected for ('push', 'A'): Deterministic push path is blocked by a distractor
Scene rejected for ('push', 'A'): Deterministic push path is blocked by a distractor
Episode 55/120: Push the red cube away from the robot | ensemble=temporal
Ep 55 | Step 1/200 | XYZ [ 0.9    0.074 -0.455] | RPY [-0.001  0.002  0.116] | Grip 1 (1.00) | Phase 5->5 | Ground 0.5cm | Target A | PredXYZ [0.124 0.039 0.824] | TrueXYZ [0.128 0.043 0.821] | EEF [-0.114  0.023  0.994] | ObjZ 0.821 | Up 1.00 | Hold 0/0 | Age 0 (1) | Resets 0 | Shield 0
Ep 55 | Step 20/200 | XYZ [ 0.245  0.026 -0.094] | RPY [-0.001 -0.007 -0.001] | Grip 1 (1.00) | Phase 5->5 | Ground 0.7cm | Target A | PredXYZ [0.123 0.049 0.822] | TrueXYZ [0.128 0.043 0.822] | EEF [0.003 0.032 0.936] | ObjZ 0.822 | Up 1.00 | Hold 0/0 | Age 3 (4) | Resets 0 | Shield 0
Ep 55 | Step 40/200 | XYZ [ 0.04   0.013 -0.427] | RPY [-0.001 -0.003 -0.   ] | Grip 1 (1.00) | Phase 6->6 | Ground 0.6cm | Target A | PredXYZ [0.126 0.049 0.822] | TrueXYZ [0.128 0.043 0.822] | EEF [0.034 0.035 0.876] | ObjZ 0.822 | Up 1.00 | Hold 0/0 | Age 0 (1) | Resets 0 | Shield 0
Ep 55 | Step 60/200 | XYZ [ 0.007  0.005 -0.086] | RPY [-0.    -0.003  0.   ] | Grip 1 (1.00) | Phase 6->6 | Ground 0.6cm | Target A | PredXYZ [0.122 0.044 0.821] | TrueXYZ [0.128 0.043 0.822] | EEF [0.039 0.035 0.826] | ObjZ 0.822 | Up 1.00 | Hold 0/0 | Age 0 (1) | Resets 0 | Shield 0
Ep 55 | Step 80/200 | XYZ [0.433 0.061 0.   ] | RPY [-0.    -0.001 -0.001] | Grip 1 (1.00) | Phase 7->7 | Ground 1.6cm | Target A | PredXYZ [0.175 0.062 0.822] | TrueXYZ [0.174 0.047 0.822] | EEF [0.143 0.045 0.814] | ObjZ 0.822 | Up 1.00 | Hold 0/0 | Age 0 (1) | Resets 3 | Shield 9
Ep 55 | Step 89/200 | XYZ [-0.059 -0.001 -0.005] | RPY [ 0.004 -0.037 -0.003] | Grip 1 (1.00) | Phase 8->8 | Ground 1.3cm | Target A | PredXYZ [0.203 0.064 0.822] | TrueXYZ [0.201 0.051 0.822] | EEF [0.17  0.048 0.821] | ObjZ 0.822 | Up 1.00 | Hold 5/5 | Age 3 (4) | Resets 3 | Shield 15
Episode 55: Clean Success | failure=success | termination=success
Episode 56/120: Pick up the red cube | ensemble=temporal
Ep 56 | Step 1/200 | XYZ [-0.078  0.39  -0.498] | RPY [ 0.001  0.001 -0.843] | Grip -1 (0.00) | Phase 0->0 | Ground 1.9cm | Target A | PredXYZ [-0.099  0.084  0.824] | TrueXYZ [-0.086  0.07   0.821] | EEF [-0.083  0.018  1.024] | ObjZ 0.821 | Up 1.00 | Hold 0/0 | Age 0 (1) | Resets 0 | Shield 0
Ep 56 | Step 20/200 | XYZ [ 0.076  0.104 -0.144] | RPY [0.014 0.031 0.007] | Grip -1 (0.00) | Phase 0->0 | Ground 2.4cm | Target A | PredXYZ [-0.104  0.086  0.822] | TrueXYZ [-0.086  0.07   0.822] | EEF [-0.11   0.064  0.95 ] | ObjZ 0.822 | Up 1.00 | Hold 0/0 | Age 3 (4) | Resets 0 | Shield 0
Ep 56 | Step 40/200 | XYZ [0.213 0.017 0.249] | RPY [-0.004  0.042  0.004] | Grip -1 (0.00) | Phase 0->0 | Ground 2.7cm | Target A | PredXYZ [-0.104  0.09   0.822] | TrueXYZ [-0.086  0.07   0.822] | EEF [-0.146  0.079  0.929] | ObjZ 0.822 | Up 1.00 | Hold 0/0 | Age 3 (4) | Resets 0 | Shield 0
Ep 56 | Step 60/200 | XYZ [ 0.202 -0.01  -0.008] | RPY [0.004 0.017 0.007] | Grip -1 (0.00) | Phase 0->0 | Ground 2.8cm | Target A | PredXYZ [-0.106  0.089  0.821] | TrueXYZ [-0.086  0.07   0.822] | EEF [-0.106  0.074  0.948] | ObjZ 0.822 | Up 1.00 | Hold 0/0 | Age 3 (4) | Resets 0 | Shield 0
Ep 56 | Step 80/200 | XYZ [ 0.096 -0.042 -0.013] | RPY [0.004 0.013 0.008] | Grip -1 (0.00) | Phase 0->0 | Ground 2.1cm | Target A | PredXYZ [-0.105  0.077  0.822] | TrueXYZ [-0.086  0.07   0.822] | EEF [-0.076  0.076  0.94 ] | ObjZ 0.822 | Up 1.00 | Hold 0/0 | Age 3 (4) | Resets 0 | Shield 0
Ep 56 | Step 100/200 | XYZ [ 0.012 -0.006 -0.288] | RPY [0.003 0.006 0.004] | Grip -1 (0.00) | Phase 1->1 | Ground 1.0cm | Target A | PredXYZ [-0.081  0.078  0.823] | TrueXYZ [-0.086  0.07   0.822] | EEF [-0.064  0.07   0.855] | ObjZ 0.822 | Up 1.00 | Hold 0/0 | Age 0 (1) | Resets 0 | Shield 0
Ep 56 | Step 120/200 | XYZ [ 0.013 -0.001 -0.057] | RPY [-0.     0.002  0.001] | Grip 1 (1.00) | Phase 2->2 | Ground 2.2cm | Target A | PredXYZ [-0.093  0.09   0.822] | TrueXYZ [-0.086  0.07   0.822] | EEF [-0.064  0.071  0.819] | ObjZ 0.822 | Up 1.00 | Hold 0/0 | Age 0 (1) | Resets 2 | Shield 0
Ep 56 | Step 134/200 | XYZ [ 0.012 -0.004  0.549] | RPY [-0.01   0.022 -0.006] | Grip 1 (1.00) | Phase 3->3 | Ground 1.1cm | Target A | PredXYZ [-0.099  0.063  0.86 ] | TrueXYZ [-0.091  0.064  0.874] | EEF [-0.074  0.057  0.871] | ObjZ 0.874 | Up 1.00 | Hold 5/0 | Age 0 (1) | Resets 4 | Shield 0
Ep 56 | Step 140/200 | XYZ [ 0.015 -0.003  0.396] | RPY [-0.006  0.007 -0.007] | Grip 1 (1.00) | Phase 3->3 | Ground 2.1cm | Target A | PredXYZ [-0.072  0.057  0.906] | TrueXYZ [-0.092  0.06   0.907] | EEF [-0.075  0.053  0.903] | ObjZ 0.907 | Up 1.00 | Hold 11/5 | Age 0 (1) | Resets 7 | Shield 0
Episode 56: Clean Success | failure=success | termination=success
Scene rejected for ('pick', 'C'): Pick target lacks bilateral gripper clearance
Episode 57/120: Pick up the green cylinder | ensemble=temporal
Ep 57 | Step 1/200 | XYZ [ 0.9   -0.32  -0.402] | RPY [-0.001  0.001  0.   ] | Grip -1 (0.00) | Phase 0->0 | Ground 0.7cm | Target C | PredXYZ [ 0.079 -0.045  0.824] | TrueXYZ [ 0.072 -0.047  0.822] | EEF [-0.101  0.005  1.008] | ObjZ 0.822 | Up 1.00 | Hold 0/0 | Age 0 (1) | Resets 0 | Shield 0
Ep 57 | Step 20/200 | XYZ [ 0.301 -0.079 -0.075] | RPY [-0.004 -0.007 -0.001] | Grip -1 (0.00) | Phase 0->0 | Ground 0.6cm | Target C | PredXYZ [ 0.078 -0.049  0.822] | TrueXYZ [ 0.072 -0.047  0.822] | EEF [ 0.037 -0.04   0.955] | ObjZ 0.822 | Up 1.00 | Hold 0/0 | Age 3 (4) | Resets 0 | Shield 0
Ep 57 | Step 40/200 | XYZ [ 0.047 -0.011 -0.483] | RPY [ 0.    -0.002  0.001] | Grip -1 (0.00) | Phase 1->1 | Ground 0.9cm | Target C | PredXYZ [ 0.081 -0.049  0.822] | TrueXYZ [ 0.072 -0.047  0.822] | EEF [ 0.074 -0.047  0.89 ] | ObjZ 0.822 | Up 1.00 | Hold 0/0 | Age 0 (1) | Resets 0 | Shield 0
Ep 57 | Step 60/200 | XYZ [ 0.006  0.003 -0.111] | RPY [-0.    -0.001  0.001] | Grip -1 (0.00) | Phase 1->1 | Ground 0.1cm | Target C | PredXYZ [ 0.072 -0.049  0.822] | TrueXYZ [ 0.072 -0.047  0.822] | EEF [ 0.079 -0.048  0.83 ] | ObjZ 0.822 | Up 1.00 | Hold 0/0 | Age 0 (1) | Resets 0 | Shield 0
Ep 57 | Step 80/200 | XYZ [0.004 0.002 0.565] | RPY [-0.002  0.    -0.002] | Grip 1 (1.00) | Phase 3->3 | Ground 1.5cm | Target C | PredXYZ [ 0.085 -0.05   0.872] | TrueXYZ [ 0.072 -0.049  0.872] | EEF [ 0.079 -0.049  0.87 ] | ObjZ 0.872 | Up 1.00 | Hold 5/0 | Age 0 (1) | Resets 1 | Shield 0
Ep 57 | Step 86/200 | XYZ [0.003 0.002 0.409] | RPY [-0.001  0.005 -0.003] | Grip 1 (1.00) | Phase 3->3 | Ground 0.8cm | Target C | PredXYZ [ 0.077 -0.053  0.903] | TrueXYZ [ 0.07  -0.05   0.905] | EEF [ 0.077 -0.05   0.904] | ObjZ 0.905 | Up 1.00 | Hold 11/5 | Age 0 (1) | Resets 1 | Shield 0
Episode 57: Clean Success | failure=success | termination=success
Scene rejected for ('push', 'C'): Deterministic push path is blocked by a distractor
Scene rejected for ('push', 'C'): Deterministic push path is blocked by a distractor
Scene rejected for ('push', 'C'): Deterministic push path is blocked by a distractor
Scene rejected for ('push', 'C'): Deterministic push path is blocked by a distractor
Scene rejected for ('push', 'C'): Deterministic push path is blocked by a distractor
Scene rejected for ('push', 'C'): Deterministic push path is blocked by a distractor
Scene rejected for ('push', 'C'): Deterministic push path is blocked by a distractor
Scene rejected for ('push', 'C'): Deterministic push path is blocked by a distractor
Scene rejected for ('push', 'C'): Target is too close to the robot reference ray
Scene rejected for ('push', 'C'): Deterministic push path is blocked by a distractor
Scene rejected for ('push', 'C'): Deterministic push path is blocked by a distractor
Scene rejected for ('push', 'C'): Deterministic push path is blocked by a distractor
Scene rejected for ('push', 'C'): Deterministic push path is blocked by a distractor
Scene rejected for ('push', 'C'): Deterministic push path is blocked by a distractor
Scene rejected for ('push', 'C'): Deterministic push path is blocked by a distractor
Scene rejected for ('push', 'C'): Deterministic push path is blocked by a distractor
Scene rejected for ('push', 'C'): Deterministic push path is blocked by a distractor
Scene rejected for ('push', 'C'): Deterministic push path is blocked by a distractor
Scene rejected for ('push', 'C'): Deterministic push path is blocked by a distractor
Scene rejected for ('push', 'C'): Deterministic push path is blocked by a distractor
Scene rejected for ('push', 'C'): Deterministic push path is blocked by a distractor
Scene rejected for ('push', 'C'): Deterministic push path is blocked by a distractor
Scene rejected for ('push', 'C'): Target is too close to the robot reference ray
Scene rejected for ('push', 'C'): Deterministic push path is blocked by a distractor
Scene rejected for ('push', 'C'): Target is too close to the robot reference ray
Scene rejected for ('push', 'C'): Deterministic push path is blocked by a distractor
Scene rejected for ('push', 'C'): Deterministic push path is blocked by a distractor
Scene rejected for ('push', 'C'): Deterministic push path is blocked by a distractor
Scene rejected for ('push', 'C'): Deterministic push path is blocked by a distractor
Scene rejected for ('push', 'C'): Deterministic push path is blocked by a distractor
Scene rejected for ('push', 'C'): Deterministic push path is blocked by a distractor
Scene rejected for ('push', 'C'): Deterministic push path is blocked by a distractor
Scene rejected for ('push', 'C'): Deterministic push path is blocked by a distractor
Scene rejected for ('push', 'C'): Deterministic push path is blocked by a distractor
Scene rejected for ('push', 'C'): Deterministic push path is blocked by a distractor
Scene rejected for ('push', 'C'): Deterministic push path is blocked by a distractor
Scene rejected for ('push', 'C'): Deterministic push path is blocked by a distractor
Scene rejected for ('push', 'C'): Deterministic push path is blocked by a distractor
Scene rejected for ('push', 'C'): Deterministic push path is blocked by a distractor
Scene rejected for ('push', 'C'): Deterministic push path is blocked by a distractor
Scene rejected for ('push', 'C'): Deterministic push path is blocked by a distractor
Scene rejected for ('push', 'C'): Deterministic push path is blocked by a distractor
Scene rejected for ('push', 'C'): Deterministic push path is blocked by a distractor
Scene rejected for ('push', 'C'): Target is too close to the robot reference ray
Scene rejected for ('push', 'C'): Target is too close to the robot reference ray
Scene rejected for ('push', 'C'): Deterministic push path is blocked by a distractor
Scene rejected for ('push', 'C'): Deterministic push path is blocked by a distractor
Scene rejected for ('push', 'C'): Target is too close to the robot reference ray
Scene rejected for ('push', 'C'): Deterministic push path is blocked by a distractor
Scene rejected for ('push', 'C'): Deterministic push path is blocked by a distractor
Scene rejected for ('push', 'C'): Deterministic push path is blocked by a distractor
Scene rejected for ('push', 'C'): Deterministic push path is blocked by a distractor
Scene rejected for ('push', 'C'): Deterministic push path is blocked by a distractor
Scene rejected for ('push', 'C'): Deterministic push path is blocked by a distractor
Scene rejected for ('push', 'C'): Deterministic push path is blocked by a distractor
Scene rejected for ('push', 'C'): Target is too close to the robot reference ray
Scene rejected for ('push', 'C'): Deterministic push path is blocked by a distractor
Scene rejected for ('push', 'C'): Deterministic push path is blocked by a distractor
Scene rejected for ('push', 'C'): Deterministic push path is blocked by a distractor
Scene rejected for ('push', 'C'): Deterministic push path is blocked by a distractor
Scene rejected for ('push', 'C'): Deterministic push path is blocked by a distractor
Scene rejected for ('push', 'C'): Deterministic push path is blocked by a distractor
Scene rejected for ('push', 'C'): Deterministic push path is blocked by a distractor
Scene rejected for ('push', 'C'): Deterministic push path is blocked by a distractor
Scene rejected for ('push', 'C'): Deterministic push path is blocked by a distractor
Scene rejected for ('push', 'C'): Deterministic push path is blocked by a distractor
Scene rejected for ('push', 'C'): Deterministic push path is blocked by a distractor
Scene rejected for ('push', 'C'): Deterministic push path is blocked by a distractor
Episode 58/120: Push the green cylinder away from the robot | ensemble=temporal
Ep 58 | Step 1/200 | XYZ [ 0.34   0.419 -0.594] | RPY [-0.001 -0.002  0.9  ] | Grip 1 (1.00) | Phase 5->5 | Ground 0.5cm | Target C | PredXYZ [0.007 0.128 0.824] | TrueXYZ [0.008 0.123 0.822] | EEF [-0.097  0.     1.015] | ObjZ 0.822 | Up 1.00 | Hold 0/0 | Age 0 (1) | Resets 0 | Shield 0
Ep 58 | Step 20/200 | XYZ [ 0.119  0.086 -0.116] | RPY [-0.029  0.01   0.061] | Grip 1 (1.00) | Phase 5->5 | Ground 0.4cm | Target C | PredXYZ [0.005 0.126 0.822] | TrueXYZ [0.008 0.123 0.822] | EEF [-0.066  0.04   0.934] | ObjZ 0.822 | Up 1.00 | Hold 0/0 | Age 3 (4) | Resets 0 | Shield 0
Ep 58 | Step 40/200 | XYZ [ 0.032  0.051 -0.535] | RPY [-0.004 -0.012 -0.001] | Grip 1 (1.00) | Phase 6->6 | Ground 0.8cm | Target C | PredXYZ [0.001 0.127 0.822] | TrueXYZ [0.008 0.123 0.822] | EEF [-0.05   0.045  0.889] | ObjZ 0.822 | Up 1.00 | Hold 0/0 | Age 0 (1) | Resets 0 | Shield 0
Ep 58 | Step 60/200 | XYZ [ 0.017  0.013 -0.101] | RPY [ 0.     0.003 -0.001] | Grip 1 (1.00) | Phase 6->6 | Ground 0.9cm | Target C | PredXYZ [0.001 0.128 0.822] | TrueXYZ [0.008 0.123 0.822] | EEF [-0.048  0.052  0.823] | ObjZ 0.822 | Up 1.00 | Hold 0/0 | Age 0 (1) | Resets 0 | Shield 0
Ep 58 | Step 80/200 | XYZ [0.257 0.376 0.   ] | RPY [ 0.001 -0.003 -0.002] | Grip 1 (1.00) | Phase 7->7 | Ground 0.7cm | Target C | PredXYZ [0.027 0.161 0.823] | TrueXYZ [0.038 0.166 0.823] | EEF [0.018 0.133 0.816] | ObjZ 0.823 | Up 1.00 | Hold 0/0 | Age 0 (1) | Resets 1 | Shield 15
Ep 58 | Step 87/200 | XYZ [-0.021 -0.054  0.039] | RPY [ 0.014 -0.014  0.001] | Grip 1 (1.00) | Phase 8->8 | Ground 1.2cm | Target C | PredXYZ [0.04  0.19  0.823] | TrueXYZ [0.049 0.183 0.824] | EEF [0.027 0.151 0.818] | ObjZ 0.824 | Up 1.00 | Hold 5/5 | Age 3 (4) | Resets 1 | Shield 18
Episode 58: Clean Success | failure=success | termination=success
Scene rejected for ('push', 'C'): Deterministic push path is blocked by a distractor
Scene rejected for ('push', 'C'): Deterministic push path is blocked by a distractor
Scene rejected for ('push', 'C'): Deterministic push path is blocked by a distractor
Scene rejected for ('push', 'C'): Deterministic push path is blocked by a distractor
Episode 59/120: Push the green cylinder away from the robot | ensemble=temporal
Ep 59 | Step 1/200 | XYZ [ 0.006 -0.046 -0.555] | RPY [-0.001  0.002 -0.9  ] | Grip 1 (1.00) | Phase 5->5 | Ground 2.1cm | Target C | PredXYZ [-0.111 -0.102  0.824] | TrueXYZ [-0.093 -0.091  0.822] | EEF [-0.104 -0.017  1.009] | ObjZ 0.822 | Up 1.00 | Hold 0/0 | Age 0 (1) | Resets 0 | Shield 0
Ep 59 | Step 20/200 | XYZ [ 0.038  0.093 -0.085] | RPY [ 0.03  -0.009 -0.518] | Grip 1 (1.00) | Phase 5->5 | Ground 1.7cm | Target C | PredXYZ [-0.105 -0.103  0.822] | TrueXYZ [-0.093 -0.091  0.822] | EEF [-0.116 -0.026  0.935] | ObjZ 0.822 | Up 1.00 | Hold 0/0 | Age 3 (4) | Resets 0 | Shield 0
Ep 59 | Step 40/200 | XYZ [ 0.028 -0.033 -0.182] | RPY [0.001 0.009 0.002] | Grip 1 (1.00) | Phase 6->6 | Ground 1.9cm | Target C | PredXYZ [-0.106 -0.104  0.822] | TrueXYZ [-0.093 -0.091  0.822] | EEF [-0.116 -0.006  0.838] | ObjZ 0.822 | Up 1.00 | Hold 0/0 | Age 0 (1) | Resets 0 | Shield 0
Ep 59 | Step 60/200 | XYZ [ 0.032 -0.635 -0.023] | RPY [ 0.021 -0.011  0.022] | Grip 1 (1.00) | Phase 7->7 | Ground 1.6cm | Target C | PredXYZ [-0.105 -0.103  0.822] | TrueXYZ [-0.092 -0.1    0.823] | EEF [-0.102 -0.062  0.82 ] | ObjZ 0.823 | Up 1.00 | Hold 0/0 | Age 0 (1) | Resets 0 | Shield 0
Ep 59 | Step 74/200 | XYZ [0.01  0.059 0.003] | RPY [-0.013  0.003 -0.013] | Grip 1 (1.00) | Phase 8->8 | Ground 2.5cm | Target C | PredXYZ [-0.108 -0.162  0.823] | TrueXYZ [-0.087 -0.176  0.823] | EEF [-0.1   -0.139  0.818] | ObjZ 0.823 | Up 1.00 | Hold 5/5 | Age 3 (4) | Resets 2 | Shield 3
Episode 59: Clean Success | failure=success | termination=success
Episode 60/120: Pick up the blue ball | ensemble=temporal
Ep 60 | Step 1/200 | XYZ [ 0.764  0.884 -0.394] | RPY [-0.     0.002  0.002] | Grip -1 (0.00) | Phase 0->0 | Ground 0.9cm | Target B | PredXYZ [0.024 0.139 0.828] | TrueXYZ [0.018 0.132 0.826] | EEF [-0.097 -0.006  1.008] | ObjZ 0.826 | Up 1.00 | Hold 0/0 | Age 0 (1) | Resets 0 | Shield 0
Ep 60 | Step 20/200 | XYZ [ 0.166  0.172 -0.066] | RPY [0.006 0.002 0.008] | Grip -1 (0.00) | Phase 0->0 | Ground 0.8cm | Target B | PredXYZ [0.011 0.137 0.826] | TrueXYZ [0.018 0.132 0.826] | EEF [-0.017  0.102  0.957] | ObjZ 0.826 | Up 1.00 | Hold 0/0 | Age 3 (4) | Resets 0 | Shield 0
Ep 60 | Step 40/200 | XYZ [ 0.023  0.042 -0.454] | RPY [-0.    -0.006 -0.003] | Grip -1 (0.00) | Phase 1->1 | Ground 1.2cm | Target B | PredXYZ [0.011 0.141 0.826] | TrueXYZ [0.018 0.132 0.826] | EEF [0.006 0.121 0.883] | ObjZ 0.826 | Up 1.00 | Hold 0/0 | Age 0 (1) | Resets 0 | Shield 0
Ep 60 | Step 60/200 | XYZ [ 0.027  0.006 -0.095] | RPY [0.002 0.003 0.003] | Grip -1 (0.00) | Phase 1->1 | Ground 1.2cm | Target B | PredXYZ [0.011 0.141 0.826] | TrueXYZ [0.018 0.132 0.826] | EEF [0.007 0.13  0.826] | ObjZ 0.826 | Up 1.00 | Hold 0/0 | Age 0 (1) | Resets 0 | Shield 0
Ep 60 | Step 80/200 | XYZ [0.01  0.001 0.592] | RPY [-0.001  0.01  -0.001] | Grip 1 (1.00) | Phase 3->3 | Ground 1.1cm | Target B | PredXYZ [0.012 0.139 0.851] | TrueXYZ [0.018 0.133 0.866] | EEF [0.01  0.133 0.859] | ObjZ 0.866 | Up 1.00 | Hold 4/0 | Age 0 (1) | Resets 1 | Shield 0
Ep 60 | Step 81/200 | XYZ [0.01  0.001 0.562] | RPY [-0.001  0.01  -0.001] | Grip 1 (1.00) | Phase 3->3 | Ground 0.6cm | Target B | PredXYZ [0.023 0.135 0.867] | TrueXYZ [0.017 0.133 0.872] | EEF [0.01  0.133 0.866] | ObjZ 0.872 | Up 1.00 | Hold 5/0 | Age 0 (1) | Resets 2 | Shield 0
Ep 60 | Step 87/200 | XYZ [ 0.008 -0.     0.42 ] | RPY [-0.     0.006 -0.001] | Grip 1 (1.00) | Phase 3->3 | Ground 1.2cm | Target B | PredXYZ [0.023 0.137 0.91 ] | TrueXYZ [0.016 0.134 0.906] | EEF [0.008 0.134 0.9  ] | ObjZ 0.906 | Up 1.00 | Hold 11/5 | Age 0 (1) | Resets 4 | Shield 0
Episode 60: Clean Success | failure=success | termination=success
Scene rejected for ('push', 'B'): Deterministic push path leaves the safe workspace
Scene rejected for ('push', 'B'): Deterministic push path is blocked by a distractor
Scene rejected for ('push', 'B'): Deterministic push path is blocked by a distractor
Scene rejected for ('push', 'B'): Deterministic push path is blocked by a distractor
Scene rejected for ('push', 'B'): Deterministic push path is blocked by a distractor
Scene rejected for ('push', 'B'): Deterministic push path is blocked by a distractor
Episode 61/120: Push the blue ball away from the robot | ensemble=temporal
Ep 61 | Step 1/200 | XYZ [-0.017  0.035 -0.505] | RPY [-0.001  0.004  0.837] | Grip 1 (1.00) | Phase 5->5 | Ground 1.5cm | Target B | PredXYZ [-0.111 -0.05   0.828] | TrueXYZ [-0.125 -0.055  0.826] | EEF [-0.117  0.009  0.999] | ObjZ 0.826 | Up 1.00 | Hold 0/0 | Age 0 (1) | Resets 0 | Shield 0
Ep 61 | Step 20/200 | XYZ [ 0.05  -0.064 -0.077] | RPY [-0.031 -0.01   0.569] | Grip 1 (1.00) | Phase 5->5 | Ground 1.4cm | Target B | PredXYZ [-0.112 -0.049  0.826] | TrueXYZ [-0.125 -0.055  0.826] | EEF [-0.126  0.015  0.933] | ObjZ 0.826 | Up 1.00 | Hold 0/0 | Age 3 (4) | Resets 0 | Shield 0
Ep 61 | Step 40/200 | XYZ [ 0.047  0.036 -0.191] | RPY [-0.002  0.01   0.   ] | Grip 1 (1.00) | Phase 6->6 | Ground 1.9cm | Target B | PredXYZ [-0.116 -0.072  0.825] | TrueXYZ [-0.125 -0.055  0.826] | EEF [-0.119 -0.004  0.842] | ObjZ 0.826 | Up 1.00 | Hold 0/0 | Age 0 (1) | Resets 0 | Shield 0
Ep 61 | Step 60/200 | XYZ [-0.321 -0.85   0.195] | RPY [ 0.043 -0.017  0.037] | Grip 1 (1.00) | Phase 7->7 | Ground 1.7cm | Target B | PredXYZ [-0.119 -0.071  0.825] | TrueXYZ [-0.125 -0.055  0.826] | EEF [-0.13  -0.02   0.829] | ObjZ 0.826 | Up 1.00 | Hold 0/0 | Age 0 (1) | Resets 0 | Shield 0
Ep 61 | Step 80/200 | XYZ [ 0.222 -0.469  0.007] | RPY [ 0.005  0.038 -0.014] | Grip 1 (1.00) | Phase 7->7 | Ground 2.1cm | Target B | PredXYZ [-0.114 -0.086  0.826] | TrueXYZ [-0.134 -0.08   0.826] | EEF [-0.191 -0.142  0.863] | ObjZ 0.826 | Up 1.00 | Hold 0/0 | Age 0 (1) | Resets 2 | Shield 0
Ep 61 | Step 100/200 | XYZ [-0.004  0.285  0.054] | RPY [-0.003 -0.001 -0.035] | Grip 1 (1.00) | Phase 5->5 | Ground 2.0cm | Target B | PredXYZ [-0.116 -0.089  0.826] | TrueXYZ [-0.134 -0.08   0.826] | EEF [-0.15  -0.112  0.883] | ObjZ 0.826 | Up 1.00 | Hold 0/0 | Age 3 (4) | Resets 2 | Shield 0
Ep 61 | Step 120/200 | XYZ [-0.1   -0.139 -0.014] | RPY [-0.004 -0.008 -0.147] | Grip 1 (1.00) | Phase 9->9 | Ground 2.1cm | Target B | PredXYZ [-0.114 -0.084  0.826] | TrueXYZ [-0.134 -0.08   0.826] | EEF [-0.167 -0.106  0.895] | ObjZ 0.826 | Up 1.00 | Hold 0/0 | Age 0 (1) | Resets 2 | Shield 0
Ep 61 | Step 140/200 | XYZ [0.004 0.008 0.045] | RPY [ 0.006  0.008 -0.046] | Grip 1 (1.00) | Phase 5->5 | Ground 1.7cm | Target B | PredXYZ [-0.118 -0.087  0.826] | TrueXYZ [-0.134 -0.08   0.826] | EEF [-0.179 -0.123  0.896] | ObjZ 0.826 | Up 1.00 | Hold 0/0 | Age 3 (4) | Resets 2 | Shield 0
Episode 61: Fail | failure=recovery_limit | termination=recovery_limit
Scene rejected for ('push', 'C'): Deterministic push path is blocked by a distractor
Episode 62/120: Push the green cylinder away from the robot | ensemble=temporal
Ep 62 | Step 1/200 | XYZ [-0.023 -0.061 -0.556] | RPY [ 0.004 -0.001  0.9  ] | Grip 1 (1.00) | Phase 5->5 | Ground 0.4cm | Target C | PredXYZ [-0.106 -0.053  0.823] | TrueXYZ [-0.109 -0.05   0.822] | EEF [-0.108  0.043  1.008] | ObjZ 0.822 | Up 1.00 | Hold 0/0 | Age 0 (1) | Resets 0 | Shield 0
Ep 62 | Step 20/200 | XYZ [ 0.043 -0.086 -0.102] | RPY [-0.031 -0.01   0.526] | Grip 1 (1.00) | Phase 5->5 | Ground 1.4cm | Target C | PredXYZ [-0.095 -0.05   0.822] | TrueXYZ [-0.109 -0.05   0.822] | EEF [-0.121  0.037  0.935] | ObjZ 0.822 | Up 1.00 | Hold 0/0 | Age 3 (4) | Resets 0 | Shield 0
Ep 62 | Step 40/200 | XYZ [ 0.04   0.028 -0.194] | RPY [-0.003  0.011 -0.001] | Grip 1 (1.00) | Phase 6->6 | Ground 0.9cm | Target C | PredXYZ [-0.103 -0.043  0.822] | TrueXYZ [-0.109 -0.05   0.822] | EEF [-0.124  0.018  0.836] | ObjZ 0.822 | Up 1.00 | Hold 0/0 | Age 0 (1) | Resets 0 | Shield 0
Ep 62 | Step 60/200 | XYZ [-0.092 -0.644  0.   ] | RPY [0.026 0.017 0.026] | Grip 1 (1.00) | Phase 7->7 | Ground 1.4cm | Target C | PredXYZ [-0.117 -0.069  0.822] | TrueXYZ [-0.11  -0.062  0.823] | EEF [-0.138 -0.017  0.816] | ObjZ 0.823 | Up 1.00 | Hold 0/0 | Age 0 (1) | Resets 1 | Shield 10
Ep 62 | Step 76/200 | XYZ [-0.045 -0.451  0.   ] | RPY [0.004 0.009 0.002] | Grip 1 (1.00) | Phase 7->7 | Ground 1.3cm | Target C | PredXYZ [-0.119 -0.137  0.822] | TrueXYZ [-0.11  -0.131  0.823] | EEF [-0.157 -0.098  0.817] | ObjZ 0.823 | Up 1.00 | Hold 5/5 | Age 0 (1) | Resets 2 | Shield 26
Episode 62: Clean Success | failure=success | termination=success
Scene rejected for ('push', 'C'): Deterministic push path is blocked by a distractor
Scene rejected for ('push', 'C'): Deterministic push path is blocked by a distractor
Episode 63/120: Push the green cylinder away from the robot | ensemble=temporal
Ep 63 | Step 1/200 | XYZ [-0.051 -0.143 -0.592] | RPY [0.004 0.001 0.9  ] | Grip 1 (1.00) | Phase 5->5 | Ground 1.8cm | Target C | PredXYZ [-0.094  0.061  0.824] | TrueXYZ [-0.081  0.048  0.822] | EEF [-0.091  0.002  1.014] | ObjZ 0.822 | Up 1.00 | Hold 0/0 | Age 0 (1) | Resets 0 | Shield 0
Ep 63 | Step 20/200 | XYZ [ 0.065 -0.144 -0.085] | RPY [-0.04   0.007  0.433] | Grip 1 (1.00) | Phase 5->5 | Ground 1.2cm | Target C | PredXYZ [-0.091  0.055  0.822] | TrueXYZ [-0.081  0.048  0.822] | EEF [-0.116 -0.006  0.932] | ObjZ 0.822 | Up 1.00 | Hold 0/0 | Age 3 (4) | Resets 0 | Shield 0
Ep 63 | Step 40/200 | XYZ [ 0.096  0.017 -0.038] | RPY [-0.002  0.012 -0.001] | Grip 1 (1.00) | Phase 5->5 | Ground 2.1cm | Target C | PredXYZ [-0.099  0.06   0.822] | TrueXYZ [-0.081  0.048  0.822] | EEF [-0.116 -0.033  0.922] | ObjZ 0.822 | Up 1.00 | Hold 0/0 | Age 3 (4) | Resets 0 | Shield 0
Ep 63 | Step 60/200 | XYZ [ 0.025  0.025 -0.384] | RPY [-0.006 -0.004 -0.001] | Grip 1 (1.00) | Phase 6->6 | Ground 1.6cm | Target C | PredXYZ [-0.089  0.062  0.822] | TrueXYZ [-0.081  0.048  0.822] | EEF [-0.097 -0.031  0.859] | ObjZ 0.822 | Up 1.00 | Hold 0/0 | Age 0 (1) | Resets 0 | Shield 0
Ep 63 | Step 80/200 | XYZ [0.089 0.765 0.   ] | RPY [-0.002  0.001 -0.006] | Grip 1 (1.00) | Phase 7->7 | Ground 0.8cm | Target C | PredXYZ [-0.088  0.053  0.822] | TrueXYZ [-0.081  0.048  0.822] | EEF [-0.096 -0.024  0.818] | ObjZ 0.822 | Up 1.00 | Hold 0/0 | Age 0 (1) | Resets 0 | Shield 3
Ep 63 | Step 100/200 | XYZ [ 0.011 -0.059  0.008] | RPY [ 0.016 -0.     0.008] | Grip 1 (1.00) | Phase 8->8 | Ground 0.8cm | Target C | PredXYZ [-0.081  0.121  0.822] | TrueXYZ [-0.073  0.12   0.822] | EEF [-0.088  0.084  0.819] | ObjZ 0.822 | Up 1.00 | Hold 4/4 | Age 3 (4) | Resets 4 | Shield 16
Ep 63 | Step 101/200 | XYZ [ 0.012 -0.058  0.012] | RPY [0.017 0.001 0.009] | Grip 1 (1.00) | Phase 8->8 | Ground 0.8cm | Target C | PredXYZ [-0.081  0.124  0.822] | TrueXYZ [-0.073  0.122  0.822] | EEF [-0.088  0.085  0.819] | ObjZ 0.822 | Up 1.00 | Hold 5/5 | Age 3 (4) | Resets 4 | Shield 16
Episode 63: Clean Success | failure=success | termination=success
Episode 64/120: Pick up the red cube | ensemble=temporal
Ep 64 | Step 1/200 | XYZ [ 0.9   -0.51  -0.416] | RPY [ 0.002 -0.006 -0.535] | Grip -1 (0.00) | Phase 0->0 | Ground 0.8cm | Target A | PredXYZ [ 0.11  -0.099  0.824] | TrueXYZ [ 0.11  -0.091  0.821] | EEF [-0.108 -0.028  1.011] | ObjZ 0.821 | Up 1.00 | Hold 0/0 | Age 0 (1) | Resets 0 | Shield 0
Ep 64 | Step 20/200 | XYZ [ 0.364 -0.154 -0.06 ] | RPY [ 0.008 -0.012 -0.008] | Grip -1 (0.00) | Phase 0->0 | Ground 0.7cm | Target A | PredXYZ [ 0.111 -0.098  0.822] | TrueXYZ [ 0.11  -0.091  0.822] | EEF [ 0.05  -0.087  0.955] | ObjZ 0.822 | Up 1.00 | Hold 0/0 | Age 3 (4) | Resets 0 | Shield 0
Ep 64 | Step 40/200 | XYZ [ 0.061 -0.038 -0.633] | RPY [ 0.002 -0.005  0.004] | Grip -1 (0.00) | Phase 1->1 | Ground 0.8cm | Target A | PredXYZ [ 0.112 -0.099  0.822] | TrueXYZ [ 0.11  -0.091  0.822] | EEF [ 0.094 -0.106  0.91 ] | ObjZ 0.822 | Up 1.00 | Hold 0/0 | Age 0 (1) | Resets 0 | Shield 0
Ep 64 | Step 60/200 | XYZ [ 0.015 -0.003 -0.113] | RPY [ 0.001 -0.002  0.004] | Grip -1 (0.05) | Phase 1->1 | Ground 1.7cm | Target A | PredXYZ [ 0.111 -0.105  0.822] | TrueXYZ [ 0.117 -0.088  0.824] | EEF [ 0.111 -0.104  0.847] | ObjZ 0.824 | Up 0.95 | Hold 0/0 | Age 0 (1) | Resets 0 | Shield 0
Ep 64 | Step 80/200 | XYZ [ 0.005  0.001 -0.105] | RPY [ 0.001 -0.002  0.   ] | Grip -1 (0.00) | Phase 1->1 | Ground 1.2cm | Target A | PredXYZ [ 0.129 -0.085  0.823] | TrueXYZ [ 0.129 -0.075  0.83 ] | EEF [ 0.128 -0.088  0.836] | ObjZ 0.830 | Up 0.58 | Hold 0/0 | Age 0 (1) | Resets 0 | Shield 0
Ep 64 | Step 100/200 | XYZ [-0.002  0.    -0.025] | RPY [-0.001 -0.001 -0.001] | Grip 1 (1.00) | Phase 2->2 | Ground 1.1cm | Target A | PredXYZ [ 0.137 -0.085  0.822] | TrueXYZ [ 0.13  -0.078  0.824] | EEF [ 0.134 -0.083  0.821] | ObjZ 0.824 | Up 0.13 | Hold 0/0 | Age 0 (1) | Resets 0 | Shield 0
Ep 64 | Step 108/200 | XYZ [ 0.002 -0.     0.566] | RPY [-0.002 -0.011 -0.002] | Grip 1 (1.00) | Phase 3->3 | Ground 0.3cm | Target A | PredXYZ [ 0.133 -0.081  0.866] | TrueXYZ [ 0.132 -0.078  0.875] | EEF [ 0.136 -0.083  0.872] | ObjZ 0.875 | Up 0.10 | Hold 5/0 | Age 0 (1) | Resets 3 | Shield 0
Ep 64 | Step 113/200 | XYZ [0.003 0.    0.436] | RPY [-0.002  0.002 -0.003] | Grip 1 (1.00) | Phase 3->3 | Ground 1.0cm | Target A | PredXYZ [ 0.128 -0.083  0.89 ] | TrueXYZ [ 0.131 -0.079  0.904] | EEF [ 0.135 -0.083  0.901] | ObjZ 0.904 | Up 0.10 | Hold 10/5 | Age 0 (1) | Resets 4 | Shield 0
Episode 64: Clean Success | failure=success | termination=success
Scene rejected for ('push', 'B'): Deterministic push path is blocked by a distractor
Episode 65/120: Push the blue ball away from the robot | ensemble=temporal
Ep 65 | Step 1/200 | XYZ [ 0.757 -0.424 -0.437] | RPY [-0.001  0.    -0.9  ] | Grip 1 (1.00) | Phase 5->5 | Ground 0.2cm | Target B | PredXYZ [ 0.08  -0.091  0.828] | TrueXYZ [ 0.08  -0.09   0.826] | EEF [-0.11   0.006  0.996] | ObjZ 0.826 | Up 1.00 | Hold 0/0 | Age 0 (1) | Resets 0 | Shield 0
Ep 65 | Step 20/200 | XYZ [ 0.175 -0.117 -0.096] | RPY [ 0.005 -0.007  0.001] | Grip 1 (1.00) | Phase 5->5 | Ground 0.3cm | Target B | PredXYZ [ 0.083 -0.091  0.826] | TrueXYZ [ 0.08  -0.09   0.826] | EEF [-0.018 -0.038  0.939] | ObjZ 0.826 | Up 1.00 | Hold 0/0 | Age 3 (4) | Resets 0 | Shield 0
Ep 65 | Step 40/200 | XYZ [ 0.022 -0.027 -0.329] | RPY [ 0.001 -0.001  0.003] | Grip 1 (1.00) | Phase 6->6 | Ground 0.1cm | Target B | PredXYZ [ 0.081 -0.09   0.826] | TrueXYZ [ 0.08  -0.09   0.826] | EEF [ 0.003 -0.051  0.868] | ObjZ 0.826 | Up 1.00 | Hold 0/0 | Age 0 (1) | Resets 0 | Shield 0
Ep 65 | Step 60/200 | XYZ [ 0.9   -0.618 -0.046] | RPY [0.01  0.015 0.002] | Grip 1 (1.00) | Phase 7->7 | Ground 0.8cm | Target B | PredXYZ [ 0.076 -0.096  0.826] | TrueXYZ [ 0.08  -0.09   0.826] | EEF [ 0.015 -0.06   0.828] | ObjZ 0.826 | Up 1.00 | Hold 0/0 | Age 0 (1) | Resets 0 | Shield 0
Ep 65 | Step 75/200 | XYZ [-0.098  0.053 -0.021] | RPY [-0.015 -0.041 -0.003] | Grip 1 (1.00) | Phase 8->8 | Ground 0.9cm | Target B | PredXYZ [ 0.164 -0.136  0.825] | TrueXYZ [ 0.16  -0.131  0.826] | EEF [ 0.126 -0.121  0.827] | ObjZ 0.826 | Up 1.00 | Hold 5/5 | Age 3 (4) | Resets 5 | Shield 1
Episode 65: Clean Success | failure=success | termination=success
Scene rejected for ('push', 'A'): Deterministic push path is blocked by a distractor
Episode 66/120: Push the red cube away from the robot | ensemble=temporal
Ep 66 | Step 1/200 | XYZ [ 0.308 -0.298 -0.567] | RPY [-0.002 -0.004 -0.9  ] | Grip 1 (1.00) | Phase 5->5 | Ground 0.3cm | Target A | PredXYZ [ 0.018 -0.106  0.824] | TrueXYZ [ 0.016 -0.103  0.821] | EEF [-0.099 -0.01   1.012] | ObjZ 0.821 | Up 1.00 | Hold 0/0 | Age 0 (1) | Resets 0 | Shield 0
Ep 66 | Step 20/200 | XYZ [ 0.085 -0.08  -0.116] | RPY [ 0.013  0.002 -0.006] | Grip 1 (1.00) | Phase 5->5 | Ground 0.1cm | Target A | PredXYZ [ 0.017 -0.103  0.821] | TrueXYZ [ 0.016 -0.103  0.822] | EEF [-0.064 -0.038  0.943] | ObjZ 0.822 | Up 1.00 | Hold 0/0 | Age 3 (4) | Resets 0 | Shield 0
Ep 66 | Step 40/200 | XYZ [ 0.01  -0.031 -0.333] | RPY [ 0.002 -0.001  0.004] | Grip 1 (1.00) | Phase 6->6 | Ground 0.3cm | Target A | PredXYZ [ 0.018 -0.106  0.822] | TrueXYZ [ 0.016 -0.103  0.822] | EEF [-0.053 -0.047  0.864] | ObjZ 0.822 | Up 1.00 | Hold 0/0 | Age 0 (1) | Resets 0 | Shield 0
Ep 66 | Step 60/200 | XYZ [ 0.62  -0.503 -0.028] | RPY [0.007 0.011 0.003] | Grip 1 (1.00) | Phase 7->7 | Ground 0.2cm | Target A | PredXYZ [ 0.015 -0.105  0.822] | TrueXYZ [ 0.016 -0.103  0.822] | EEF [-0.044 -0.056  0.824] | ObjZ 0.822 | Up 1.00 | Hold 0/0 | Age 0 (1) | Resets 0 | Shield 0
Ep 66 | Step 80/200 | XYZ [-0.027  0.017 -0.006] | RPY [-0.006 -0.006 -0.004] | Grip 1 (1.00) | Phase 8->8 | Ground 0.7cm | Target A | PredXYZ [ 0.082 -0.14   0.822] | TrueXYZ [ 0.076 -0.141  0.822] | EEF [ 0.046 -0.129  0.82 ] | ObjZ 0.822 | Up 1.00 | Hold 2/2 | Age 3 (4) | Resets 1 | Shield 0
Ep 66 | Step 83/200 | XYZ [-0.034  0.028  0.029] | RPY [-0.01  -0.018 -0.005] | Grip 1 (1.00) | Phase 8->8 | Ground 1.1cm | Target A | PredXYZ [ 0.088 -0.146  0.822] | TrueXYZ [ 0.078 -0.143  0.823] | EEF [ 0.048 -0.131  0.822] | ObjZ 0.823 | Up 1.00 | Hold 5/5 | Age 3 (4) | Resets 1 | Shield 0
Episode 66: Clean Success | failure=success | termination=success
Scene rejected for ('push', 'B'): Deterministic push path is blocked by a distractor
Scene rejected for ('push', 'B'): Deterministic push path is blocked by a distractor
Scene rejected for ('push', 'B'): Deterministic push path leaves the safe workspace
Scene rejected for ('push', 'B'): Deterministic push path is blocked by a distractor
Scene rejected for ('push', 'B'): Deterministic push path is blocked by a distractor
Scene rejected for ('push', 'B'): Target is too close to the robot reference ray
Scene rejected for ('push', 'B'): Deterministic push path is blocked by a distractor
Scene rejected for ('push', 'B'): Deterministic push path is blocked by a distractor
Scene rejected for ('push', 'B'): Deterministic push path is blocked by a distractor
Scene rejected for ('push', 'B'): Deterministic push path is blocked by a distractor
Scene rejected for ('push', 'B'): Deterministic push path is blocked by a distractor
Scene rejected for ('push', 'B'): Deterministic push path is blocked by a distractor
Scene rejected for ('push', 'B'): Deterministic push path is blocked by a distractor
Scene rejected for ('push', 'B'): Deterministic push path is blocked by a distractor
Scene rejected for ('push', 'B'): Target is too close to the robot reference ray
Scene rejected for ('push', 'B'): Deterministic push path is blocked by a distractor
Scene rejected for ('push', 'B'): Deterministic push path is blocked by a distractor
Scene rejected for ('push', 'B'): Deterministic push path is blocked by a distractor
Episode 67/120: Push the blue ball away from the robot | ensemble=temporal
Ep 67 | Step 1/200 | XYZ [ 0.06  -0.308 -0.489] | RPY [-0.001  0.002 -0.9  ] | Grip 1 (1.00) | Phase 5->5 | Ground 0.3cm | Target B | PredXYZ [-0.095 -0.12   0.828] | TrueXYZ [-0.092 -0.121  0.826] | EEF [-0.109  0.012  1.004] | ObjZ 0.826 | Up 1.00 | Hold 0/0 | Age 0 (1) | Resets 0 | Shield 0
Ep 67 | Step 20/200 | XYZ [ 0.039  0.019 -0.102] | RPY [ 0.026 -0.018 -0.711] | Grip 1 (1.00) | Phase 5->5 | Ground 0.1cm | Target B | PredXYZ [-0.093 -0.122  0.826] | TrueXYZ [-0.092 -0.121  0.826] | EEF [-0.107 -0.035  0.939] | ObjZ 0.826 | Up 1.00 | Hold 0/0 | Age 3 (4) | Resets 0 | Shield 0
Ep 67 | Step 40/200 | XYZ [ 0.024 -0.027 -0.172] | RPY [0.001 0.006 0.002] | Grip 1 (1.00) | Phase 6->6 | Ground 0.1cm | Target B | PredXYZ [-0.092 -0.122  0.826] | TrueXYZ [-0.092 -0.121  0.826] | EEF [-0.102 -0.022  0.847] | ObjZ 0.826 | Up 1.00 | Hold 0/0 | Age 0 (1) | Resets 0 | Shield 0
Ep 67 | Step 60/200 | XYZ [ 0.013 -0.9   -0.031] | RPY [ 0.027 -0.01   0.027] | Grip 1 (1.00) | Phase 7->7 | Ground 0.9cm | Target B | PredXYZ [-0.102 -0.123  0.826] | TrueXYZ [-0.091 -0.128  0.826] | EEF [-0.085 -0.091  0.829] | ObjZ 0.826 | Up 1.00 | Hold 0/0 | Age 0 (1) | Resets 0 | Shield 0
Ep 67 | Step 73/200 | XYZ [-0.     0.092  0.017] | RPY [-0.015  0.006 -0.015] | Grip 1 (1.00) | Phase 8->8 | Ground 1.3cm | Target B | PredXYZ [-0.097 -0.191  0.827] | TrueXYZ [-0.084 -0.188  0.826] | EEF [-0.093 -0.154  0.827] | ObjZ 0.826 | Up 1.00 | Hold 5/5 | Age 3 (4) | Resets 3 | Shield 0
Episode 67: Clean Success | failure=success | termination=success
Scene rejected for ('pick', 'A'): Pick target lacks bilateral gripper clearance
Episode 68/120: Pick up the red cube | ensemble=temporal
Ep 68 | Step 1/200 | XYZ [ 0.744  0.555 -0.605] | RPY [-0.    -0.002  0.694] | Grip -1 (0.00) | Phase 0->0 | Ground 0.8cm | Target A | PredXYZ [0.052 0.1   0.824] | TrueXYZ [0.05  0.092 0.821] | EEF [-0.067  0.016  1.042] | ObjZ 0.821 | Up 1.00 | Hold 0/0 | Age 0 (1) | Resets 0 | Shield 0
Ep 68 | Step 20/200 | XYZ [ 0.163  0.176 -0.127] | RPY [-0.012  0.002 -0.004] | Grip -1 (0.00) | Phase 0->0 | Ground 1.0cm | Target A | PredXYZ [0.055 0.101 0.822] | TrueXYZ [0.05  0.092 0.822] | EEF [0.019 0.071 0.961] | ObjZ 0.822 | Up 1.00 | Hold 0/0 | Age 3 (4) | Resets 0 | Shield 0
Ep 68 | Step 40/200 | XYZ [ 0.024  0.03  -0.456] | RPY [-0.001 -0.004 -0.001] | Grip -1 (0.00) | Phase 1->1 | Ground 0.7cm | Target A | PredXYZ [0.056 0.095 0.821] | TrueXYZ [0.05  0.092 0.822] | EEF [0.039 0.093 0.882] | ObjZ 0.822 | Up 1.00 | Hold 0/0 | Age 0 (1) | Resets 0 | Shield 0
Ep 68 | Step 60/200 | XYZ [ 0.014  0.008 -0.099] | RPY [-0.001  0.001  0.002] | Grip -1 (0.00) | Phase 1->1 | Ground 0.6cm | Target A | PredXYZ [0.046 0.096 0.822] | TrueXYZ [0.05  0.092 0.822] | EEF [0.04  0.096 0.824] | ObjZ 0.822 | Up 1.00 | Hold 0/0 | Age 0 (1) | Resets 0 | Shield 0
Ep 68 | Step 80/200 | XYZ [0.007 0.005 0.654] | RPY [ 0.001  0.011 -0.002] | Grip 1 (1.00) | Phase 3->3 | Ground 1.6cm | Target A | PredXYZ [0.057 0.089 0.859] | TrueXYZ [0.046 0.092 0.854] | EEF [0.041 0.094 0.847] | ObjZ 0.854 | Up 1.00 | Hold 2/0 | Age 0 (1) | Resets 2 | Shield 0
Ep 68 | Step 83/200 | XYZ [0.007 0.006 0.559] | RPY [ 0.001  0.01  -0.001] | Grip 1 (1.00) | Phase 3->3 | Ground 0.6cm | Target A | PredXYZ [0.049 0.093 0.874] | TrueXYZ [0.045 0.093 0.875] | EEF [0.04  0.094 0.868] | ObjZ 0.875 | Up 1.00 | Hold 5/0 | Age 0 (1) | Resets 4 | Shield 0
Ep 68 | Step 88/200 | XYZ [0.005 0.006 0.441] | RPY [ 0.002  0.006 -0.001] | Grip 1 (1.00) | Phase 3->3 | Ground 0.6cm | Target A | PredXYZ [0.04  0.098 0.897] | TrueXYZ [0.044 0.094 0.904] | EEF [0.039 0.095 0.897] | ObjZ 0.904 | Up 1.00 | Hold 10/5 | Age 0 (1) | Resets 4 | Shield 0
Episode 68: Clean Success | failure=success | termination=success
Scene rejected for ('push', 'A'): Deterministic push path is blocked by a distractor
Scene rejected for ('push', 'A'): Deterministic push path is blocked by a distractor
Scene rejected for ('push', 'A'): Deterministic push path is blocked by a distractor
Episode 69/120: Push the red cube away from the robot | ensemble=temporal
Ep 69 | Step 1/200 | XYZ [ 0.007  0.137 -0.642] | RPY [ 0.004 -0.004  0.9  ] | Grip 1 (1.00) | Phase 5->5 | Ground 1.6cm | Target A | PredXYZ [-0.088  0.116  0.824] | TrueXYZ [-0.078  0.103  0.821] | EEF [-0.092  0.012  1.025] | ObjZ 0.821 | Up 1.00 | Hold 0/0 | Age 0 (1) | Resets 0 | Shield 0
Ep 69 | Step 20/200 | XYZ [ 0.037 -0.083 -0.132] | RPY [-0.039 -0.015  0.555] | Grip 1 (1.00) | Phase 5->5 | Ground 1.5cm | Target A | PredXYZ [-0.085  0.116  0.822] | TrueXYZ [-0.078  0.103  0.822] | EEF [-0.102  0.033  0.938] | ObjZ 0.822 | Up 1.00 | Hold 0/0 | Age 3 (4) | Resets 0 | Shield 0
Ep 69 | Step 40/200 | XYZ [ 0.028  0.034 -0.214] | RPY [-0.003  0.009 -0.002] | Grip 1 (1.00) | Phase 6->6 | Ground 1.3cm | Target A | PredXYZ [-0.082  0.115  0.822] | TrueXYZ [-0.078  0.103  0.822] | EEF [-0.109  0.018  0.843] | ObjZ 0.822 | Up 1.00 | Hold 0/0 | Age 0 (1) | Resets 0 | Shield 0
Ep 69 | Step 60/200 | XYZ [0.037 0.739 0.   ] | RPY [-0.023  0.002 -0.019] | Grip 1 (1.00) | Phase 7->7 | Ground 1.7cm | Target A | PredXYZ [-0.09   0.115  0.822] | TrueXYZ [-0.078  0.103  0.822] | EEF [-0.104  0.044  0.818] | ObjZ 0.822 | Up 1.00 | Hold 0/0 | Age 0 (1) | Resets 0 | Shield 5
Ep 69 | Step 80/200 | XYZ [-0.005 -0.179  0.   ] | RPY [0.021 0.009 0.017] | Grip 1 (1.00) | Phase 8->8 | Ground 1.8cm | Target A | PredXYZ [-0.065  0.185  0.822] | TrueXYZ [-0.059  0.17   0.822] | EEF [-0.099  0.152  0.819] | ObjZ 0.822 | Up 1.00 | Hold 3/3 | Age 3 (4) | Resets 4 | Shield 18
Ep 69 | Step 82/200 | XYZ [-0.102 -0.572  0.01 ] | RPY [0.028 0.006 0.019] | Grip 1 (1.00) | Phase 7->7 | Ground 1.8cm | Target A | PredXYZ [-0.064  0.187  0.822] | TrueXYZ [-0.06   0.168  0.822] | EEF [-0.102  0.149  0.819] | ObjZ 0.822 | Up 1.00 | Hold 5/5 | Age 0 (1) | Resets 4 | Shield 18
Episode 69: Clean Success | failure=success | termination=success
Scene rejected for ('pick', 'B'): Pick target lacks bilateral gripper clearance
Episode 70/120: Pick up the blue ball | ensemble=temporal
Ep 70 | Step 1/200 | XYZ [-0.045 -0.444 -0.469] | RPY [ 0.002 -0.002  0.005] | Grip -1 (0.00) | Phase 0->0 | Ground 0.3cm | Target B | PredXYZ [-0.098 -0.076  0.828] | TrueXYZ [-0.096 -0.078  0.826] | EEF [-0.095  0.005  1.018] | ObjZ 0.826 | Up 1.00 | Hold 0/0 | Age 0 (1) | Resets 0 | Shield 0
Ep 70 | Step 20/200 | XYZ [-0.005 -0.122 -0.104] | RPY [-0.001  0.007 -0.003] | Grip -1 (0.00) | Phase 0->0 | Ground 0.2cm | Target B | PredXYZ [-0.097 -0.077  0.826] | TrueXYZ [-0.096 -0.078  0.826] | EEF [-0.102 -0.054  0.96 ] | ObjZ 0.826 | Up 1.00 | Hold 0/0 | Age 3 (4) | Resets 0 | Shield 0
Ep 70 | Step 40/200 | XYZ [ 0.03  -0.003 -0.288] | RPY [-0.003  0.016 -0.006] | Grip -1 (0.00) | Phase 1->1 | Ground 0.7cm | Target B | PredXYZ [-0.095 -0.071  0.826] | TrueXYZ [-0.096 -0.078  0.826] | EEF [-0.106 -0.072  0.856] | ObjZ 0.826 | Up 1.00 | Hold 0/0 | Age 0 (1) | Resets 0 | Shield 0
Ep 70 | Step 60/200 | XYZ [ 0.034  0.023 -0.05 ] | RPY [-0.002  0.003 -0.002] | Grip 1 (0.67) | Phase 2->2 | Ground 1.1cm | Target B | PredXYZ [-0.107 -0.077  0.826] | TrueXYZ [-0.096 -0.078  0.826] | EEF [-0.106 -0.078  0.819] | ObjZ 0.826 | Up 1.00 | Hold 0/0 | Age 0 (1) | Resets 0 | Shield 0
Ep 70 | Step 73/200 | XYZ [0.015 0.002 0.574] | RPY [0.007 0.029 0.002] | Grip 1 (1.00) | Phase 3->3 | Ground 2.2cm | Target B | PredXYZ [-0.122 -0.079  0.857] | TrueXYZ [-0.102 -0.074  0.87 ] | EEF [-0.111 -0.073  0.863] | ObjZ 0.870 | Up 1.00 | Hold 5/0 | Age 0 (1) | Resets 3 | Shield 0
Ep 70 | Step 79/200 | XYZ [0.015 0.003 0.434] | RPY [0.006 0.011 0.002] | Grip 1 (1.00) | Phase 3->3 | Ground 2.6cm | Target B | PredXYZ [-0.128 -0.08   0.897] | TrueXYZ [-0.103 -0.071  0.905] | EEF [-0.113 -0.07   0.898] | ObjZ 0.905 | Up 1.00 | Hold 11/5 | Age 0 (1) | Resets 6 | Shield 0
Episode 70: Clean Success | failure=success | termination=success
Scene rejected for ('push', 'C'): Deterministic push path is blocked by a distractor
Scene rejected for ('push', 'C'): Deterministic push path is blocked by a distractor
Episode 71/120: Push the green cylinder away from the robot | ensemble=temporal
Ep 71 | Step 1/200 | XYZ [ 0.02  -0.049 -0.474] | RPY [-0.002  0.002 -0.9  ] | Grip 1 (1.00) | Phase 5->5 | Ground 0.5cm | Target C | PredXYZ [-0.087 -0.075  0.824] | TrueXYZ [-0.086 -0.081  0.822] | EEF [-0.112 -0.002  0.997] | ObjZ 0.822 | Up 1.00 | Hold 0/0 | Age 0 (1) | Resets 0 | Shield 0
Ep 71 | Step 20/200 | XYZ [ 0.034  0.069 -0.083] | RPY [ 0.024 -0.005 -0.356] | Grip 1 (1.00) | Phase 5->5 | Ground 0.5cm | Target C | PredXYZ [-0.081 -0.081  0.822] | TrueXYZ [-0.086 -0.081  0.822] | EEF [-0.119 -0.012  0.936] | ObjZ 0.822 | Up 1.00 | Hold 0/0 | Age 3 (4) | Resets 0 | Shield 0
Ep 71 | Step 40/200 | XYZ [ 0.038 -0.037 -0.172] | RPY [0.001 0.01  0.003] | Grip 1 (1.00) | Phase 6->6 | Ground 0.9cm | Target C | PredXYZ [-0.077 -0.08   0.822] | TrueXYZ [-0.086 -0.081  0.822] | EEF [-0.117  0.006  0.835] | ObjZ 0.822 | Up 1.00 | Hold 0/0 | Age 0 (1) | Resets 0 | Shield 0
Ep 71 | Step 60/200 | XYZ [ 0.1   -0.569 -0.019] | RPY [ 0.014 -0.012  0.014] | Grip 1 (1.00) | Phase 7->7 | Ground 0.5cm | Target C | PredXYZ [-0.081 -0.09   0.822] | TrueXYZ [-0.082 -0.092  0.823] | EEF [-0.092 -0.055  0.82 ] | ObjZ 0.823 | Up 1.00 | Hold 0/0 | Age 0 (1) | Resets 0 | Shield 6
Ep 71 | Step 74/200 | XYZ [0.002 0.06  0.023] | RPY [-0.015  0.    -0.014] | Grip 1 (1.00) | Phase 8->8 | Ground 0.9cm | Target C | PredXYZ [-0.077 -0.157  0.823] | TrueXYZ [-0.072 -0.151  0.822] | EEF [-0.087 -0.115  0.818] | ObjZ 0.822 | Up 1.00 | Hold 5/5 | Age 3 (4) | Resets 2 | Shield 7
Episode 71: Clean Success | failure=success | termination=success
Scene rejected for ('push', 'A'): Deterministic push path is blocked by a distractor
Scene rejected for ('push', 'A'): Deterministic push path is blocked by a distractor
Scene rejected for ('push', 'A'): Deterministic push path is blocked by a distractor
Scene rejected for ('push', 'A'): Deterministic push path is blocked by a distractor
Scene rejected for ('push', 'A'): Deterministic push path is blocked by a distractor
Scene rejected for ('push', 'A'): Deterministic push path is blocked by a distractor
Scene rejected for ('push', 'A'): Deterministic push path is blocked by a distractor
Scene rejected for ('push', 'A'): Deterministic push path is blocked by a distractor
Scene rejected for ('push', 'A'): Deterministic push path is blocked by a distractor
Scene rejected for ('push', 'A'): Deterministic push path is blocked by a distractor
Scene rejected for ('push', 'A'): Deterministic push path is blocked by a distractor
Scene rejected for ('push', 'A'): Deterministic push path is blocked by a distractor
Scene rejected for ('push', 'A'): Deterministic push path is blocked by a distractor
Episode 72/120: Push the red cube away from the robot | ensemble=temporal
Ep 72 | Step 1/200 | XYZ [ 0.86   0.345 -0.441] | RPY [0.001 0.001 0.709] | Grip 1 (1.00) | Phase 5->5 | Ground 1.0cm | Target A | PredXYZ [0.112 0.071 0.824] | TrueXYZ [0.107 0.063 0.821] | EEF [-0.113 -0.011  0.989] | ObjZ 0.821 | Up 1.00 | Hold 0/0 | Age 0 (1) | Resets 0 | Shield 0
Ep 72 | Step 20/200 | XYZ [ 0.212  0.088 -0.087] | RPY [-0.004 -0.005  0.002] | Grip 1 (1.00) | Phase 5->5 | Ground 0.7cm | Target A | PredXYZ [0.105 0.07  0.822] | TrueXYZ [0.107 0.063 0.822] | EEF [-0.006  0.017  0.931] | ObjZ 0.822 | Up 1.00 | Hold 0/0 | Age 3 (4) | Resets 0 | Shield 0
Ep 72 | Step 40/200 | XYZ [ 0.031  0.021 -0.328] | RPY [-0.001 -0.001 -0.001] | Grip 1 (1.00) | Phase 6->6 | Ground 0.3cm | Target A | PredXYZ [0.109 0.066 0.822] | TrueXYZ [0.107 0.063 0.822] | EEF [0.019 0.027 0.862] | ObjZ 0.822 | Up 1.00 | Hold 0/0 | Age 0 (1) | Resets 0 | Shield 0
Ep 72 | Step 60/200 | XYZ [ 0.719  0.264 -0.049] | RPY [ 0.001 -0.003 -0.001] | Grip 1 (1.00) | Phase 7->7 | Ground 0.1cm | Target A | PredXYZ [0.107 0.064 0.822] | TrueXYZ [0.107 0.063 0.822] | EEF [0.025 0.03  0.822] | ObjZ 0.822 | Up 1.00 | Hold 0/0 | Age 0 (1) | Resets 0 | Shield 0
Ep 72 | Step 80/200 | XYZ [0.313 0.116 0.002] | RPY [ 0.001 -0.006 -0.002] | Grip 1 (1.00) | Phase 7->7 | Ground 0.6cm | Target A | PredXYZ [0.172 0.078 0.822] | TrueXYZ [0.17  0.081 0.822] | EEF [0.142 0.069 0.815] | ObjZ 0.822 | Up 1.00 | Hold 1/1 | Age 0 (1) | Resets 0 | Shield 12
Ep 72 | Step 84/200 | XYZ [-0.05  -0.008  0.   ] | RPY [ 0.005 -0.032 -0.003] | Grip 1 (1.00) | Phase 8->8 | Ground 0.8cm | Target A | PredXYZ [0.185 0.083 0.822] | TrueXYZ [0.178 0.083 0.823] | EEF [0.149 0.07  0.819] | ObjZ 0.823 | Up 1.00 | Hold 5/5 | Age 3 (4) | Resets 0 | Shield 15
Episode 72: Clean Success | failure=success | termination=success
Episode 73/120: Pick up the red cube | ensemble=temporal
Ep 73 | Step 1/200 | XYZ [ 0.02  -0.104 -0.311] | RPY [-0.004  0.001 -0.888] | Grip -1 (0.00) | Phase 0->0 | Ground 1.8cm | Target A | PredXYZ [-0.122 -0.033  0.824] | TrueXYZ [-0.105 -0.038  0.821] | EEF [-0.129 -0.009  0.991] | ObjZ 0.821 | Up 1.00 | Hold 0/0 | Age 0 (1) | Resets 0 | Shield 0
Ep 73 | Step 20/200 | XYZ [ 0.01  -0.026 -0.779] | RPY [ 0.008 -0.015 -0.029] | Grip -1 (0.00) | Phase 1->1 | Ground 0.8cm | Target A | PredXYZ [-0.113 -0.039  0.822] | TrueXYZ [-0.105 -0.038  0.822] | EEF [-0.131 -0.019  0.933] | ObjZ 0.822 | Up 1.00 | Hold 0/0 | Age 0 (1) | Resets 0 | Shield 0
Ep 73 | Step 40/200 | XYZ [ 0.053  0.002 -0.168] | RPY [-0.     0.015  0.001] | Grip -1 (0.00) | Phase 1->1 | Ground 1.6cm | Target A | PredXYZ [-0.103 -0.035  0.837] | TrueXYZ [-0.105 -0.038  0.822] | EEF [-0.133 -0.021  0.829] | ObjZ 0.822 | Up 1.00 | Hold 0/0 | Age 0 (1) | Resets 1 | Shield 0
Ep 73 | Step 60/200 | XYZ [ 0.02  -0.006  0.717] | RPY [-0.     0.003  0.   ] | Grip 1 (1.00) | Phase 3->3 | Ground 1.1cm | Target A | PredXYZ [-0.116 -0.039  0.823] | TrueXYZ [-0.106 -0.038  0.824] | EEF [-0.128 -0.021  0.814] | ObjZ 0.824 | Up 1.00 | Hold 0/0 | Age 0 (1) | Resets 6 | Shield 0
Ep 73 | Step 80/200 | XYZ [ 0.014 -0.004  0.208] | RPY [-0.    -0.003  0.001] | Grip 1 (1.00) | Phase 3->3 | Ground 2.8cm | Target A | PredXYZ [-0.131 -0.029  0.926] | TrueXYZ [-0.108 -0.045  0.931] | EEF [-0.139 -0.027  0.92 ] | ObjZ 0.931 | Up 1.00 | Hold 0/0 | Age 0 (1) | Resets 14 | Shield 0
Ep 73 | Step 100/200 | XYZ [-0.018 -0.028 -0.396] | RPY [ 0.003 -0.007  0.003] | Grip 1 (0.53) | Phase 6->6 | Ground 0.4cm | Target A | PredXYZ [-0.107 -0.047  0.823] | TrueXYZ [-0.105 -0.044  0.822] | EEF [-0.126 -0.024  0.86 ] | ObjZ 0.822 | Up 1.00 | Hold 0/0 | Age 3 (4) | Resets 20 | Shield 0
Ep 73 | Step 120/200 | XYZ [ 0.009 -0.006  0.405] | RPY [-0.003  0.016 -0.003] | Grip 1 (1.00) | Phase 3->3 | Ground 1.4cm | Target A | PredXYZ [-0.114 -0.054  0.822] | TrueXYZ [-0.104 -0.044  0.822] | EEF [-0.14  -0.026  0.893] | ObjZ 0.822 | Up 1.00 | Hold 0/0 | Age 0 (1) | Resets 28 | Shield 0
Ep 73 | Step 140/200 | XYZ [ 0.156 -0.108 -0.161] | RPY [0.01  0.003 0.007] | Grip 1 (0.98) | Phase 0->0 | Ground 1.2cm | Target A | PredXYZ [-0.11  -0.055  0.822] | TrueXYZ [-0.104 -0.044  0.822] | EEF [-0.122 -0.024  0.909] | ObjZ 0.822 | Up 1.00 | Hold 0/0 | Age 3 (4) | Resets 28 | Shield 0
Ep 73 | Step 160/200 | XYZ [-0.003 -0.014 -0.206] | RPY [ 0.001  0.003 -0.002] | Grip 1 (0.92) | Phase 6->6 | Ground 4.4cm | Target A | PredXYZ [-0.079 -0.046  0.856] | TrueXYZ [-0.104 -0.044  0.819] | EEF [-0.108 -0.036  0.847] | ObjZ 0.819 | Up 1.00 | Hold 0/0 | Age 2 (3) | Resets 32 | Shield 0
Ep 73 | Step 180/200 | XYZ [-0.     0.003  0.273] | RPY [-0.001  0.006 -0.003] | Grip 1 (1.00) | Phase 3->3 | Ground 0.9cm | Target A | PredXYZ [-0.11  -0.051  0.821] | TrueXYZ [-0.104 -0.044  0.822] | EEF [-0.116 -0.042  0.918] | ObjZ 0.822 | Up 1.00 | Hold 0/0 | Age 0 (1) | Resets 38 | Shield 0
Ep 73 | Step 200/200 | XYZ [-0.021 -0.033 -0.467] | RPY [ 0.003 -0.016  0.004] | Grip 1 (0.81) | Phase 6->6 | Ground 1.5cm | Target A | PredXYZ [-0.092 -0.046  0.83 ] | TrueXYZ [-0.104 -0.044  0.822] | EEF [-0.106 -0.036  0.879] | ObjZ 0.822 | Up 1.00 | Hold 0/0 | Age 0 (1) | Resets 39 | Shield 0
Episode 73: Fail | failure=object_dropped | termination=horizon
Scene rejected for ('push', 'A'): Deterministic push path is blocked by a distractor
Scene rejected for ('push', 'A'): Deterministic push path is blocked by a distractor
Scene rejected for ('push', 'A'): Deterministic push path is blocked by a distractor
Episode 74/120: Push the red cube away from the robot | ensemble=temporal
Ep 74 | Step 1/200 | XYZ [-0.118 -0.154 -0.544] | RPY [0.002 0.001 0.894] | Grip 1 (1.00) | Phase 5->5 | Ground 0.4cm | Target A | PredXYZ [-0.079  0.017  0.824] | TrueXYZ [-0.075  0.016  0.821] | EEF [-0.106 -0.007  1.005] | ObjZ 0.821 | Up 1.00 | Hold 0/0 | Age 0 (1) | Resets 0 | Shield 0
Ep 74 | Step 20/200 | XYZ [ 0.009 -0.095 -0.095] | RPY [-0.023  0.018  0.136] | Grip 1 (1.00) | Phase 5->5 | Ground 0.7cm | Target A | PredXYZ [-0.082  0.015  0.822] | TrueXYZ [-0.075  0.016  0.822] | EEF [-0.14  -0.031  0.932] | ObjZ 0.822 | Up 1.00 | Hold 0/0 | Age 3 (4) | Resets 0 | Shield 0
Ep 74 | Step 40/200 | XYZ [ 0.106  0.059 -0.189] | RPY [-0.006  0.018 -0.004] | Grip 1 (1.00) | Phase 6->6 | Ground 0.8cm | Target A | PredXYZ [-0.08   0.011  0.822] | TrueXYZ [-0.075  0.016  0.822] | EEF [-0.153 -0.059  0.842] | ObjZ 0.822 | Up 1.00 | Hold 0/0 | Age 0 (1) | Resets 0 | Shield 0
Ep 74 | Step 60/200 | XYZ [ 0.398  0.585 -0.008] | RPY [-0.025  0.017 -0.023] | Grip 1 (1.00) | Phase 7->7 | Ground 2.1cm | Target A | PredXYZ [-0.094  0.007  0.822] | TrueXYZ [-0.075  0.016  0.822] | EEF [-0.118 -0.016  0.82 ] | ObjZ 0.822 | Up 1.00 | Hold 0/0 | Age 0 (1) | Resets 0 | Shield 0
Ep 74 | Step 78/200 | XYZ [-0.052 -0.115 -0.017] | RPY [0.013 0.002 0.008] | Grip 1 (1.00) | Phase 8->8 | Ground 0.5cm | Target A | PredXYZ [-0.029  0.071  0.821] | TrueXYZ [-0.023  0.071  0.822] | EEF [-0.066  0.064  0.82 ] | ObjZ 0.822 | Up 1.00 | Hold 5/5 | Age 3 (4) | Resets 3 | Shield 0
Episode 74: Clean Success | failure=success | termination=success
Episode 75/120: Pick up the green cylinder | ensemble=temporal
Ep 75 | Step 1/200 | XYZ [ 0.9    0.56  -0.409] | RPY [-0.     0.001 -0.002] | Grip -1 (0.00) | Phase 0->0 | Ground 0.8cm | Target C | PredXYZ [0.06  0.092 0.824] | TrueXYZ [0.062 0.084 0.822] | EEF [-9.100e-02  1.000e-03  1.006e+00] | ObjZ 0.822 | Up 1.00 | Hold 0/0 | Age 0 (1) | Resets 0 | Shield 0
Ep 75 | Step 20/200 | XYZ [ 0.223  0.105 -0.065] | RPY [ 0.005 -0.006  0.007] | Grip -1 (0.00) | Phase 0->0 | Ground 0.7cm | Target C | PredXYZ [0.057 0.09  0.822] | TrueXYZ [0.062 0.084 0.822] | EEF [0.026 0.072 0.954] | ObjZ 0.822 | Up 1.00 | Hold 0/0 | Age 3 (4) | Resets 0 | Shield 0
Ep 75 | Step 40/200 | XYZ [ 0.038  0.022 -0.429] | RPY [-0.    -0.001 -0.001] | Grip -1 (0.00) | Phase 1->1 | Ground 0.3cm | Target C | PredXYZ [0.06  0.087 0.822] | TrueXYZ [0.062 0.084 0.822] | EEF [0.054 0.083 0.879] | ObjZ 0.822 | Up 1.00 | Hold 0/0 | Age 0 (1) | Resets 0 | Shield 0
Ep 75 | Step 60/200 | XYZ [ 0.012  0.006 -0.099] | RPY [0.001 0.    0.002] | Grip -1 (0.00) | Phase 1->1 | Ground 0.6cm | Target C | PredXYZ [0.056 0.087 0.822] | TrueXYZ [0.062 0.084 0.822] | EEF [0.058 0.087 0.825] | ObjZ 0.822 | Up 1.00 | Hold 0/0 | Age 0 (1) | Resets 0 | Shield 0
Ep 75 | Step 79/200 | XYZ [0.006 0.002 0.564] | RPY [ 0.001  0.004 -0.001] | Grip 1 (1.00) | Phase 3->3 | Ground 0.8cm | Target C | PredXYZ [0.061 0.094 0.863] | TrueXYZ [0.06  0.088 0.875] | EEF [0.058 0.088 0.87 ] | ObjZ 0.875 | Up 1.00 | Hold 5/0 | Age 0 (1) | Resets 2 | Shield 0
Ep 75 | Step 80/200 | XYZ [0.006 0.002 0.537] | RPY [ 0.001  0.004 -0.001] | Grip 1 (1.00) | Phase 3->3 | Ground 1.0cm | Target C | PredXYZ [0.059 0.095 0.867] | TrueXYZ [0.06  0.088 0.881] | EEF [0.057 0.088 0.876] | ObjZ 0.881 | Up 1.00 | Hold 6/1 | Age 0 (1) | Resets 2 | Shield 0
Ep 75 | Step 84/200 | XYZ [0.005 0.001 0.437] | RPY [ 0.001  0.006 -0.   ] | Grip 1 (1.00) | Phase 3->3 | Ground 1.1cm | Target C | PredXYZ [0.067 0.091 0.905] | TrueXYZ [0.058 0.088 0.903] | EEF [0.056 0.089 0.898] | ObjZ 0.903 | Up 1.00 | Hold 10/5 | Age 0 (1) | Resets 5 | Shield 0
Episode 75: Clean Success | failure=success | termination=success
Scene rejected for ('push', 'B'): Deterministic push path leaves the safe workspace
Scene rejected for ('push', 'B'): Deterministic push path is blocked by a distractor
Scene rejected for ('push', 'B'): Deterministic push path is blocked by a distractor
Scene rejected for ('push', 'B'): Deterministic push path is blocked by a distractor
Episode 76/120: Push the blue ball away from the robot | ensemble=temporal
Ep 76 | Step 1/200 | XYZ [-0.035 -0.067 -0.57 ] | RPY [0.    0.002 0.859] | Grip 1 (1.00) | Phase 5->5 | Ground 0.4cm | Target B | PredXYZ [-0.106  0.058  0.828] | TrueXYZ [-0.102  0.057  0.826] | EEF [-0.1   -0.021  1.012] | ObjZ 0.826 | Up 1.00 | Hold 0/0 | Age 0 (1) | Resets 0 | Shield 0
Ep 76 | Step 20/200 | XYZ [ 0.041 -0.109 -0.107] | RPY [-0.04  -0.006  0.643] | Grip 1 (1.00) | Phase 5->5 | Ground 0.3cm | Target B | PredXYZ [-0.104  0.06   0.826] | TrueXYZ [-0.102  0.057  0.826] | EEF [-0.112 -0.02   0.936] | ObjZ 0.826 | Up 1.00 | Hold 0/0 | Age 3 (4) | Resets 0 | Shield 0
Ep 76 | Step 40/200 | XYZ [ 0.073  0.016 -0.544] | RPY [-0.007 -0.003  0.005] | Grip 1 (1.00) | Phase 6->6 | Ground 0.4cm | Target B | PredXYZ [-0.106  0.056  0.827] | TrueXYZ [-0.102  0.057  0.826] | EEF [-0.112 -0.041  0.902] | ObjZ 0.826 | Up 1.00 | Hold 0/0 | Age 0 (1) | Resets 0 | Shield 0
Ep 76 | Step 60/200 | XYZ [ 0.04   0.017 -0.108] | RPY [-0.001  0.006 -0.   ] | Grip 1 (1.00) | Phase 6->6 | Ground 0.3cm | Target B | PredXYZ [-0.104  0.06   0.827] | TrueXYZ [-0.102  0.057  0.826] | EEF [-0.104 -0.036  0.835] | ObjZ 0.826 | Up 1.00 | Hold 0/0 | Age 0 (1) | Resets 0 | Shield 0
Ep 76 | Step 80/200 | XYZ [ 0.047  0.824 -0.026] | RPY [-0.015 -0.009 -0.018] | Grip 1 (1.00) | Phase 7->7 | Ground 0.3cm | Target B | PredXYZ [-0.101  0.079  0.826] | TrueXYZ [-0.102  0.083  0.824] | EEF [-0.078  0.051  0.827] | ObjZ 0.824 | Up 1.00 | Hold 0/0 | Age 0 (1) | Resets 1 | Shield 0
Ep 76 | Step 100/200 | XYZ [0.006 0.016 0.219] | RPY [0.006 0.006 0.007] | Grip 1 (1.00) | Phase 9->9 | Ground 0.2cm | Target B | PredXYZ [-0.104  0.097  0.825] | TrueXYZ [-0.105  0.096  0.826] | EEF [-0.075  0.107  0.895] | ObjZ 0.826 | Up 1.00 | Hold 0/0 | Age 0 (1) | Resets 7 | Shield 0
Ep 76 | Step 120/200 | XYZ [-0.119 -0.261  0.079] | RPY [-0.004  0.016 -0.   ] | Grip 1 (1.00) | Phase 5->5 | Ground 0.2cm | Target B | PredXYZ [-0.107  0.094  0.826] | TrueXYZ [-0.105  0.096  0.826] | EEF [-0.118  0.053  0.922] | ObjZ 0.826 | Up 1.00 | Hold 0/0 | Age 3 (4) | Resets 7 | Shield 0
Ep 76 | Step 140/200 | XYZ [ 0.023  0.045 -0.317] | RPY [-0.008  0.004 -0.001] | Grip 1 (1.00) | Phase 6->6 | Ground 0.2cm | Target B | PredXYZ [-0.106  0.094  0.826] | TrueXYZ [-0.105  0.096  0.826] | EEF [-0.124  0.013  0.866] | ObjZ 0.826 | Up 1.00 | Hold 0/0 | Age 0 (1) | Resets 7 | Shield 0
Ep 76 | Step 160/200 | XYZ [ 0.221  0.9   -0.041] | RPY [-0.02   0.008 -0.017] | Grip 1 (1.00) | Phase 7->7 | Ground 0.2cm | Target B | PredXYZ [-0.107  0.097  0.826] | TrueXYZ [-0.105  0.096  0.826] | EEF [-0.118  0.037  0.828] | ObjZ 0.826 | Up 1.00 | Hold 0/0 | Age 0 (1) | Resets 7 | Shield 0
Ep 76 | Step 171/200 | XYZ [ 0.008  0.736 -0.033] | RPY [-0.008 -0.017 -0.004] | Grip 1 (1.00) | Phase 7->7 | Ground 0.1cm | Target B | PredXYZ [-0.094  0.16   0.826] | TrueXYZ [-0.093  0.168  0.826] | EEF [-0.089  0.131  0.828] | ObjZ 0.826 | Up 1.00 | Hold 5/5 | Age 0 (1) | Resets 12 | Shield 0
Episode 76: Clean Success | failure=success | termination=success
Episode 77/120: Pick up the red cube | ensemble=temporal
Ep 77 | Step 1/200 | XYZ [ 0.344  0.063 -0.402] | RPY [ 0.001 -0.002  0.389] | Grip -1 (0.00) | Phase 0->0 | Ground 0.6cm | Target A | PredXYZ [-0.049  0.01   0.824] | TrueXYZ [-0.047  0.016  0.821] | EEF [-0.102  0.01   1.006] | ObjZ 0.821 | Up 1.00 | Hold 0/0 | Age 0 (1) | Resets 0 | Shield 0
Ep 77 | Step 20/200 | XYZ [ 0.085  0.039 -0.082] | RPY [-0.003  0.005 -0.003] | Grip -1 (0.00) | Phase 0->0 | Ground 0.1cm | Target A | PredXYZ [-0.047  0.015  0.822] | TrueXYZ [-0.047  0.016  0.822] | EEF [-0.063  0.012  0.954] | ObjZ 0.822 | Up 1.00 | Hold 0/0 | Age 3 (4) | Resets 0 | Shield 0
Ep 77 | Step 40/200 | XYZ [ 0.029  0.009 -0.228] | RPY [-0.001  0.01  -0.   ] | Grip -1 (0.00) | Phase 1->1 | Ground 0.8cm | Target A | PredXYZ [-0.055  0.017  0.822] | TrueXYZ [-0.047  0.016  0.822] | EEF [-0.054  0.015  0.846] | ObjZ 0.822 | Up 1.00 | Hold 0/0 | Age 0 (1) | Resets 0 | Shield 0
Ep 77 | Step 60/200 | XYZ [ 0.014  0.003 -0.056] | RPY [-0.    -0.001  0.001] | Grip 1 (1.00) | Phase 2->2 | Ground 0.4cm | Target A | PredXYZ [-0.051  0.019  0.822] | TrueXYZ [-0.047  0.016  0.822] | EEF [-0.051  0.016  0.817] | ObjZ 0.822 | Up 1.00 | Hold 0/0 | Age 0 (1) | Resets 0 | Shield 0
Ep 77 | Step 73/200 | XYZ [0.009 0.002 0.563] | RPY [ 0.     0.019 -0.002] | Grip 1 (1.00) | Phase 3->3 | Ground 0.9cm | Target A | PredXYZ [-0.059  0.021  0.864] | TrueXYZ [-0.054  0.017  0.876] | EEF [-0.057  0.016  0.87 ] | ObjZ 0.876 | Up 1.00 | Hold 5/0 | Age 0 (1) | Resets 2 | Shield 0
Ep 77 | Step 78/200 | XYZ [0.008 0.002 0.434] | RPY [ 0.001  0.008 -0.001] | Grip 1 (1.00) | Phase 3->3 | Ground 1.8cm | Target A | PredXYZ [-0.071  0.015  0.892] | TrueXYZ [-0.055  0.017  0.905] | EEF [-0.058  0.017  0.899] | ObjZ 0.905 | Up 1.00 | Hold 10/5 | Age 0 (1) | Resets 2 | Shield 0
Episode 77: Clean Success | failure=success | termination=success
Scene rejected for ('push', 'B'): Target is too close to the robot reference ray
Scene rejected for ('push', 'B'): Deterministic push path is blocked by a distractor
Episode 78/120: Push the blue ball away from the robot | ensemble=temporal
Ep 78 | Step 1/200 | XYZ [ 0.229 -0.24  -0.454] | RPY [-0.003 -0.    -0.9  ] | Grip 1 (1.00) | Phase 5->5 | Ground 0.1cm | Target B | PredXYZ [-0.02  -0.108  0.828] | TrueXYZ [-0.02  -0.109  0.826] | EEF [-0.111 -0.014  0.999] | ObjZ 0.826 | Up 1.00 | Hold 0/0 | Age 0 (1) | Resets 0 | Shield 0
Ep 78 | Step 20/200 | XYZ [ 0.068 -0.044 -0.107] | RPY [ 0.012 -0.003 -0.017] | Grip 1 (1.00) | Phase 5->5 | Ground 0.3cm | Target B | PredXYZ [-0.019 -0.111  0.826] | TrueXYZ [-0.02  -0.109  0.826] | EEF [-0.087 -0.036  0.941] | ObjZ 0.826 | Up 1.00 | Hold 0/0 | Age 3 (4) | Resets 0 | Shield 0
Ep 78 | Step 40/200 | XYZ [ 0.006 -0.027 -0.252] | RPY [0.002 0.003 0.004] | Grip 1 (1.00) | Phase 6->6 | Ground 0.6cm | Target B | PredXYZ [-0.015 -0.11   0.826] | TrueXYZ [-0.02  -0.109  0.826] | EEF [-0.079 -0.041  0.857] | ObjZ 0.826 | Up 1.00 | Hold 0/0 | Age 0 (1) | Resets 0 | Shield 0
Ep 78 | Step 60/200 | XYZ [ 0.741 -0.864 -0.021] | RPY [0.028 0.035 0.017] | Grip 1 (1.00) | Phase 7->7 | Ground 0.7cm | Target B | PredXYZ [-0.026 -0.112  0.826] | TrueXYZ [-0.02  -0.109  0.826] | EEF [-0.045 -0.077  0.824] | ObjZ 0.826 | Up 1.00 | Hold 0/0 | Age 0 (1) | Resets 0 | Shield 0
Ep 78 | Step 71/200 | XYZ [-0.051  0.084  0.001] | RPY [-0.022 -0.029 -0.006] | Grip 1 (1.00) | Phase 8->8 | Ground 1.0cm | Target B | PredXYZ [ 0.025 -0.174  0.826] | TrueXYZ [ 0.032 -0.167  0.826] | EEF [ 0.009 -0.141  0.828] | ObjZ 0.826 | Up 1.00 | Hold 5/5 | Age 3 (4) | Resets 4 | Shield 0
Episode 78: Clean Success | failure=success | termination=success
Episode 79/120: Pick up the red cube | ensemble=temporal
Ep 79 | Step 1/200 | XYZ [ 0.816 -0.26  -0.422] | RPY [ 0.004  0.    -0.9  ] | Grip -1 (0.01) | Phase 0->0 | Ground 0.3cm | Target A | PredXYZ [ 0.038 -0.024  0.824] | TrueXYZ [ 0.037 -0.022  0.821] | EEF [-0.099  0.007  1.007] | ObjZ 0.821 | Up 1.00 | Hold 0/0 | Age 0 (1) | Resets 0 | Shield 0
Ep 79 | Step 20/200 | XYZ [ 0.201 -0.051 -0.069] | RPY [ 0.01  -0.006  0.004] | Grip -1 (0.00) | Phase 0->0 | Ground 0.4cm | Target A | PredXYZ [ 0.035 -0.019  0.822] | TrueXYZ [ 0.037 -0.022  0.822] | EEF [ 0.005 -0.01   0.953] | ObjZ 0.822 | Up 1.00 | Hold 0/0 | Age 3 (4) | Resets 0 | Shield 0
Ep 79 | Step 40/200 | XYZ [ 0.032 -0.012 -0.405] | RPY [ 0.002 -0.002  0.002] | Grip -1 (0.00) | Phase 1->1 | Ground 0.6cm | Target A | PredXYZ [ 0.038 -0.015  0.822] | TrueXYZ [ 0.037 -0.022  0.822] | EEF [ 0.029 -0.016  0.873] | ObjZ 0.822 | Up 1.00 | Hold 0/0 | Age 0 (1) | Resets 0 | Shield 0
Ep 79 | Step 60/200 | XYZ [ 0.017 -0.005 -0.096] | RPY [0.001 0.001 0.002] | Grip -1 (0.00) | Phase 1->1 | Ground 0.4cm | Target A | PredXYZ [ 0.033 -0.022  0.822] | TrueXYZ [ 0.037 -0.022  0.822] | EEF [ 0.033 -0.017  0.82 ] | ObjZ 0.822 | Up 1.00 | Hold 0/0 | Age 0 (1) | Resets 0 | Shield 0
Ep 79 | Step 79/200 | XYZ [ 0.007 -0.001  0.574] | RPY [-0.002  0.007 -0.002] | Grip 1 (1.00) | Phase 3->3 | Ground 0.8cm | Target A | PredXYZ [ 0.042 -0.021  0.867] | TrueXYZ [ 0.034 -0.022  0.877] | EEF [ 0.031 -0.018  0.869] | ObjZ 0.877 | Up 1.00 | Hold 5/0 | Age 0 (1) | Resets 3 | Shield 0
Ep 79 | Step 80/200 | XYZ [ 0.007 -0.002  0.545] | RPY [-0.002  0.008 -0.003] | Grip 1 (1.00) | Phase 3->3 | Ground 0.6cm | Target A | PredXYZ [ 0.04  -0.022  0.874] | TrueXYZ [ 0.034 -0.022  0.884] | EEF [ 0.031 -0.018  0.876] | ObjZ 0.884 | Up 1.00 | Hold 6/1 | Age 0 (1) | Resets 3 | Shield 0
Ep 79 | Step 84/200 | XYZ [ 0.006 -0.002  0.437] | RPY [-0.001  0.007 -0.003] | Grip 1 (1.00) | Phase 3->3 | Ground 1.4cm | Target A | PredXYZ [ 0.023 -0.03   0.894] | TrueXYZ [ 0.033 -0.023  0.907] | EEF [ 0.03  -0.019  0.899] | ObjZ 0.907 | Up 1.00 | Hold 10/5 | Age 0 (1) | Resets 6 | Shield 0
Episode 79: Clean Success | failure=success | termination=success
Scene rejected for ('push', 'B'): Deterministic push path is blocked by a distractor
Scene rejected for ('push', 'B'): Deterministic push path leaves the safe workspace
Scene rejected for ('push', 'B'): Deterministic push path is blocked by a distractor
Scene rejected for ('push', 'B'): Deterministic push path is blocked by a distractor
Scene rejected for ('push', 'B'): Deterministic push path leaves the safe workspace
Scene rejected for ('push', 'B'): Deterministic push path is blocked by a distractor
Scene rejected for ('push', 'B'): Deterministic push path is blocked by a distractor
Scene rejected for ('push', 'B'): Deterministic push path is blocked by a distractor
Scene rejected for ('push', 'B'): Target is too close to the robot reference ray
Scene rejected for ('push', 'B'): Deterministic push path leaves the safe workspace
Scene rejected for ('push', 'B'): Deterministic push path is blocked by a distractor
Scene rejected for ('push', 'B'): Deterministic push path is blocked by a distractor
Scene rejected for ('push', 'B'): Deterministic push path is blocked by a distractor
Scene rejected for ('push', 'B'): Deterministic push path is blocked by a distractor
Scene rejected for ('push', 'B'): Deterministic push path is blocked by a distractor
Scene rejected for ('push', 'B'): Deterministic push path is blocked by a distractor
Scene rejected for ('push', 'B'): Deterministic push path is blocked by a distractor
Scene rejected for ('push', 'B'): Deterministic push path is blocked by a distractor
Scene rejected for ('push', 'B'): Deterministic push path is blocked by a distractor
Episode 80/120: Push the blue ball away from the robot | ensemble=temporal
Ep 80 | Step 1/200 | XYZ [-0.01   0.033 -0.483] | RPY [ 0.004 -0.002  0.9  ] | Grip 1 (1.00) | Phase 5->5 | Ground 0.4cm | Target B | PredXYZ [-0.098  0.084  0.828] | TrueXYZ [-0.1    0.081  0.826] | EEF [-0.113 -0.006  0.998] | ObjZ 0.826 | Up 1.00 | Hold 0/0 | Age 0 (1) | Resets 0 | Shield 0
Ep 80 | Step 20/200 | XYZ [ 0.04  -0.08  -0.083] | RPY [-0.027 -0.004  0.483] | Grip 1 (1.00) | Phase 5->5 | Ground 0.5cm | Target B | PredXYZ [-0.095  0.083  0.826] | TrueXYZ [-0.1    0.081  0.826] | EEF [-0.123 -0.     0.933] | ObjZ 0.826 | Up 1.00 | Hold 0/0 | Age 3 (4) | Resets 0 | Shield 0
Ep 80 | Step 40/200 | XYZ [ 0.043  0.034 -0.162] | RPY [-0.002  0.008 -0.001] | Grip 1 (1.00) | Phase 6->6 | Ground 0.4cm | Target B | PredXYZ [-0.1    0.086  0.826] | TrueXYZ [-0.1    0.081  0.826] | EEF [-0.12  -0.019  0.844] | ObjZ 0.826 | Up 1.00 | Hold 0/0 | Age 0 (1) | Resets 0 | Shield 0
Ep 80 | Step 60/200 | XYZ [ 0.146  0.9   -0.033] | RPY [-0.031 -0.005 -0.028] | Grip 1 (1.00) | Phase 7->7 | Ground 0.6cm | Target B | PredXYZ [-0.094  0.082  0.826] | TrueXYZ [-0.1    0.081  0.826] | EEF [-0.095  0.041  0.826] | ObjZ 0.826 | Up 1.00 | Hold 0/0 | Age 0 (1) | Resets 0 | Shield 0
Ep 80 | Step 72/200 | XYZ [-0.011 -0.102  0.008] | RPY [ 0.018 -0.004  0.006] | Grip 1 (1.00) | Phase 8->8 | Ground 0.4cm | Target B | PredXYZ [-0.09   0.155  0.825] | TrueXYZ [-0.087  0.154  0.826] | EEF [-0.087  0.118  0.826] | ObjZ 0.826 | Up 1.00 | Hold 5/5 | Age 3 (4) | Resets 3 | Shield 0
Episode 80: Clean Success | failure=success | termination=success
Episode 81/120: Pick up the green cylinder | ensemble=temporal
Ep 81 | Step 1/200 | XYZ [ 0.228  0.841 -0.439] | RPY [ 0.    -0.002 -0.011] | Grip -1 (0.00) | Phase 0->0 | Ground 0.6cm | Target C | PredXYZ [-0.077  0.121  0.824] | TrueXYZ [-0.071  0.12   0.822] | EEF [-0.109 -0.009  1.009] | ObjZ 0.822 | Up 1.00 | Hold 0/0 | Age 0 (1) | Resets 0 | Shield 0
Ep 81 | Step 20/200 | XYZ [ 0.052  0.168 -0.072] | RPY [0.004 0.009 0.006] | Grip -1 (0.00) | Phase 0->0 | Ground 0.6cm | Target C | PredXYZ [-0.077  0.119  0.822] | TrueXYZ [-0.071  0.12   0.822] | EEF [-0.092  0.092  0.953] | ObjZ 0.822 | Up 1.00 | Hold 0/0 | Age 3 (4) | Resets 0 | Shield 0
Ep 81 | Step 40/200 | XYZ [ 0.015  0.031 -0.332] | RPY [0.003 0.006 0.001] | Grip -1 (0.00) | Phase 1->1 | Ground 1.1cm | Target C | PredXYZ [-0.081  0.12   0.822] | TrueXYZ [-0.071  0.12   0.822] | EEF [-0.085  0.113  0.86 ] | ObjZ 0.822 | Up 1.00 | Hold 0/0 | Age 0 (1) | Resets 0 | Shield 0
Ep 81 | Step 60/200 | XYZ [ 0.047 -0.019 -0.066] | RPY [0.002 0.006 0.005] | Grip -1 (0.01) | Phase 1->1 | Ground 0.3cm | Target C | PredXYZ [-0.073  0.118  0.822] | TrueXYZ [-0.071  0.12   0.822] | EEF [-0.088  0.123  0.814] | ObjZ 0.822 | Up 1.00 | Hold 0/0 | Age 0 (1) | Resets 0 | Shield 0
Ep 81 | Step 75/200 | XYZ [0.019 0.    0.574] | RPY [-0.008  0.022 -0.005] | Grip 1 (1.00) | Phase 3->3 | Ground 2.7cm | Target C | PredXYZ [-0.101  0.122  0.855] | TrueXYZ [-0.076  0.118  0.869] | EEF [-0.093  0.121  0.861] | ObjZ 0.869 | Up 1.00 | Hold 5/0 | Age 0 (1) | Resets 3 | Shield 0
Ep 81 | Step 80/200 | XYZ [0.019 0.001 0.454] | RPY [-0.005  0.008 -0.004] | Grip 1 (1.00) | Phase 3->3 | Ground 1.0cm | Target C | PredXYZ [-0.072  0.122  0.901] | TrueXYZ [-0.076  0.116  0.899] | EEF [-0.093  0.119  0.891] | ObjZ 0.899 | Up 1.00 | Hold 10/4 | Age 0 (1) | Resets 6 | Shield 0
Ep 81 | Step 81/200 | XYZ [0.018 0.    0.431] | RPY [-0.004  0.006 -0.004] | Grip 1 (1.00) | Phase 3->3 | Ground 1.1cm | Target C | PredXYZ [-0.084  0.122  0.902] | TrueXYZ [-0.076  0.116  0.904] | EEF [-0.093  0.119  0.896] | ObjZ 0.904 | Up 1.00 | Hold 11/5 | Age 0 (1) | Resets 7 | Shield 0
Episode 81: Clean Success | failure=success | termination=success
Episode 82/120: Pick up the blue ball | ensemble=temporal
Ep 82 | Step 1/200 | XYZ [ 0.713 -0.569 -0.358] | RPY [ 0. -0.  0.] | Grip -1 (0.00) | Phase 0->0 | Ground 0.3cm | Target B | PredXYZ [ 0.001 -0.112  0.828] | TrueXYZ [ 0.004 -0.113  0.826] | EEF [-0.113 -0.018  1.001] | ObjZ 0.826 | Up 1.00 | Hold 0/0 | Age 0 (1) | Resets 0 | Shield 0
Ep 82 | Step 20/200 | XYZ [ 0.178 -0.148 -0.067] | RPY [-0.005  0.    -0.007] | Grip -1 (0.00) | Phase 0->0 | Ground 0.3cm | Target B | PredXYZ [ 0.    -0.114  0.826] | TrueXYZ [ 0.004 -0.113  0.826] | EEF [-0.03  -0.099  0.955] | ObjZ 0.826 | Up 1.00 | Hold 0/0 | Age 3 (4) | Resets 0 | Shield 0
Ep 82 | Step 40/200 | XYZ [ 0.027 -0.029 -0.436] | RPY [ 0.    -0.004  0.001] | Grip -1 (0.00) | Phase 1->1 | Ground 0.9cm | Target B | PredXYZ [-0.005 -0.113  0.826] | TrueXYZ [ 0.004 -0.113  0.826] | EEF [-0.006 -0.115  0.881] | ObjZ 0.826 | Up 1.00 | Hold 0/0 | Age 0 (1) | Resets 0 | Shield 0
Ep 82 | Step 60/200 | XYZ [ 0.022  0.016 -0.094] | RPY [-0.002  0.003 -0.002] | Grip -1 (0.00) | Phase 1->1 | Ground 0.3cm | Target B | PredXYZ [ 0.006 -0.112  0.826] | TrueXYZ [ 0.004 -0.113  0.826] | EEF [-0.004 -0.119  0.826] | ObjZ 0.826 | Up 1.00 | Hold 0/0 | Age 0 (1) | Resets 0 | Shield 0
Ep 82 | Step 80/200 | XYZ [0.009 0.004 0.602] | RPY [-0.001  0.011 -0.003] | Grip 1 (1.00) | Phase 3->3 | Ground 0.9cm | Target B | PredXYZ [-0.    -0.12   0.856] | TrueXYZ [ 0.003 -0.113  0.865] | EEF [-0.002 -0.118  0.859] | ObjZ 0.865 | Up 1.00 | Hold 4/0 | Age 0 (1) | Resets 2 | Shield 0
Ep 82 | Step 81/200 | XYZ [0.009 0.003 0.569] | RPY [-0.001  0.011 -0.003] | Grip 1 (1.00) | Phase 3->3 | Ground 1.3cm | Target B | PredXYZ [ 0.013 -0.112  0.872] | TrueXYZ [ 0.002 -0.113  0.872] | EEF [-0.003 -0.118  0.865] | ObjZ 0.872 | Up 1.00 | Hold 5/0 | Age 0 (1) | Resets 3 | Shield 0
Ep 82 | Step 87/200 | XYZ [0.006 0.004 0.427] | RPY [-0.001  0.006 -0.004] | Grip 1 (1.00) | Phase 3->3 | Ground 3.9cm | Target B | PredXYZ [-0.031 -0.131  0.888] | TrueXYZ [ 0.    -0.113  0.906] | EEF [-0.004 -0.118  0.9  ] | ObjZ 0.906 | Up 1.00 | Hold 11/5 | Age 0 (1) | Resets 6 | Shield 0
Episode 82: Clean Success | failure=success | termination=success
Scene rejected for ('push', 'A'): Target is too close to the robot reference ray
Scene rejected for ('push', 'A'): Deterministic push path is blocked by a distractor
Scene rejected for ('push', 'A'): Deterministic push path is blocked by a distractor
Scene rejected for ('push', 'A'): Deterministic push path is blocked by a distractor
Scene rejected for ('push', 'A'): Deterministic push path is blocked by a distractor
Scene rejected for ('push', 'A'): Deterministic push path is blocked by a distractor
Scene rejected for ('push', 'A'): Deterministic push path is blocked by a distractor
Scene rejected for ('push', 'A'): Deterministic push path is blocked by a distractor
Scene rejected for ('push', 'A'): Deterministic push path is blocked by a distractor
Episode 83/120: Push the red cube away from the robot | ensemble=temporal
Ep 83 | Step 1/200 | XYZ [ 0.047 -0.086 -0.559] | RPY [-0.002  0.001 -0.9  ] | Grip 1 (1.00) | Phase 5->5 | Ground 0.5cm | Target A | PredXYZ [-0.044 -0.088  0.824] | TrueXYZ [-0.044 -0.093  0.821] | EEF [-0.093 -0.017  1.006] | ObjZ 0.821 | Up 1.00 | Hold 0/0 | Age 0 (1) | Resets 0 | Shield 0
Ep 83 | Step 20/200 | XYZ [ 0.083  0.028 -0.075] | RPY [ 0.036  0.007 -0.196] | Grip 1 (1.00) | Phase 5->5 | Ground 0.7cm | Target A | PredXYZ [-0.05  -0.096  0.822] | TrueXYZ [-0.044 -0.093  0.822] | EEF [-0.101 -0.024  0.932] | ObjZ 0.822 | Up 1.00 | Hold 0/0 | Age 3 (4) | Resets 0 | Shield 0
Ep 83 | Step 40/200 | XYZ [ 0.025 -0.039 -0.432] | RPY [ 0.006 -0.009  0.006] | Grip 1 (1.00) | Phase 6->6 | Ground 0.6cm | Target A | PredXYZ [-0.051 -0.094  0.822] | TrueXYZ [-0.044 -0.093  0.822] | EEF [-0.088 -0.011  0.88 ] | ObjZ 0.822 | Up 1.00 | Hold 0/0 | Age 0 (1) | Resets 0 | Shield 0
Ep 83 | Step 60/200 | XYZ [ 0.016 -0.01  -0.071] | RPY [-0.001  0.002  0.   ] | Grip 1 (1.00) | Phase 6->6 | Ground 0.6cm | Target A | PredXYZ [-0.051 -0.092  0.822] | TrueXYZ [-0.044 -0.093  0.822] | EEF [-0.088 -0.018  0.828] | ObjZ 0.822 | Up 1.00 | Hold 0/0 | Age 0 (1) | Resets 0 | Shield 0
Ep 83 | Step 80/200 | XYZ [ 0.015 -0.028 -0.006] | RPY [-0.01   0.003 -0.008] | Grip 1 (1.00) | Phase 8->8 | Ground 0.6cm | Target A | PredXYZ [-0.023 -0.142  0.822] | TrueXYZ [-0.016 -0.144  0.822] | EEF [-0.045 -0.122  0.824] | ObjZ 0.822 | Up 1.00 | Hold 0/0 | Age 3 (4) | Resets 0 | Shield 0
Ep 83 | Step 100/200 | XYZ [-0.084  0.144  0.041] | RPY [-0.006  0.005 -0.009] | Grip 1 (1.00) | Phase 8->8 | Ground 1.5cm | Target A | PredXYZ [-0.032 -0.146  0.822] | TrueXYZ [-0.017 -0.148  0.822] | EEF [-0.058 -0.119  0.829] | ObjZ 0.822 | Up 1.00 | Hold 0/0 | Age 3 (4) | Resets 0 | Shield 0
Ep 83 | Step 120/200 | XYZ [ 0.292  0.496 -0.021] | RPY [-0.005  0.025 -0.025] | Grip 1 (1.00) | Phase 7->7 | Ground 0.3cm | Target A | PredXYZ [-0.019 -0.147  0.822] | TrueXYZ [-0.017 -0.148  0.822] | EEF [-0.074 -0.029  0.825] | ObjZ 0.822 | Up 1.00 | Hold 0/0 | Age 0 (1) | Resets 0 | Shield 0
Ep 83 | Step 140/200 | XYZ [ 0.108 -0.639 -0.017] | RPY [ 0.015 -0.001  0.015] | Grip 1 (1.00) | Phase 7->7 | Ground 0.8cm | Target A | PredXYZ [-0.01  -0.142  0.822] | TrueXYZ [-0.017 -0.148  0.822] | EEF [-0.01  -0.054  0.827] | ObjZ 0.822 | Up 1.00 | Hold 0/0 | Age 0 (1) | Resets 0 | Shield 0
Ep 83 | Step 153/200 | XYZ [ 0.08  -0.324 -0.007] | RPY [-0.008  0.005 -0.009] | Grip 1 (1.00) | Phase 7->7 | Ground 1.4cm | Target A | PredXYZ [-0.003 -0.171  0.822] | TrueXYZ [-0.017 -0.173  0.822] | EEF [ 0.001 -0.136  0.824] | ObjZ 0.822 | Up 1.00 | Hold 5/5 | Age 0 (1) | Resets 1 | Shield 0
Episode 83: Clean Success | failure=success | termination=success
Episode 84/120: Pick up the blue ball | ensemble=temporal
Ep 84 | Step 1/200 | XYZ [ 0.9   -0.262 -0.388] | RPY [-0.001 -0.002 -0.002] | Grip -1 (0.00) | Phase 0->0 | Ground 0.3cm | Target B | PredXYZ [ 0.078 -0.046  0.828] | TrueXYZ [ 0.075 -0.048  0.826] | EEF [-0.098 -0.008  1.009] | ObjZ 0.826 | Up 1.00 | Hold 0/0 | Age 0 (1) | Resets 0 | Shield 0
Ep 84 | Step 20/200 | XYZ [ 0.261 -0.071 -0.072] | RPY [-0.003 -0.008 -0.001] | Grip -1 (0.00) | Phase 0->0 | Ground 0.2cm | Target B | PredXYZ [ 0.075 -0.046  0.826] | TrueXYZ [ 0.075 -0.048  0.826] | EEF [ 0.033 -0.046  0.96 ] | ObjZ 0.826 | Up 1.00 | Hold 0/0 | Age 3 (4) | Resets 0 | Shield 0
Ep 84 | Step 40/200 | XYZ [ 0.046 -0.015 -0.522] | RPY [ 0.    -0.004  0.001] | Grip -1 (0.00) | Phase 1->1 | Ground 0.2cm | Target B | PredXYZ [ 0.077 -0.048  0.826] | TrueXYZ [ 0.075 -0.048  0.826] | EEF [ 0.067 -0.052  0.896] | ObjZ 0.826 | Up 1.00 | Hold 0/0 | Age 0 (1) | Resets 0 | Shield 0
Ep 84 | Step 60/200 | XYZ [ 0.012  0.005 -0.115] | RPY [-0. -0.  0.] | Grip -1 (0.00) | Phase 1->1 | Ground 0.3cm | Target B | PredXYZ [ 0.073 -0.048  0.826] | TrueXYZ [ 0.075 -0.048  0.826] | EEF [ 0.071 -0.053  0.831] | ObjZ 0.826 | Up 1.00 | Hold 0/0 | Age 0 (1) | Resets 0 | Shield 0
Ep 84 | Step 80/200 | XYZ [0.005 0.002 0.624] | RPY [-0.001 -0.    -0.003] | Grip 1 (1.00) | Phase 3->3 | Ground 1.4cm | Target B | PredXYZ [ 0.089 -0.05   0.859] | TrueXYZ [ 0.076 -0.048  0.86 ] | EEF [ 0.074 -0.05   0.857] | ObjZ 0.860 | Up 1.00 | Hold 3/0 | Age 0 (1) | Resets 2 | Shield 0
Ep 84 | Step 82/200 | XYZ [0.005 0.001 0.553] | RPY [-0.001  0.003 -0.003] | Grip 1 (1.00) | Phase 3->3 | Ground 1.5cm | Target B | PredXYZ [ 0.086 -0.047  0.878] | TrueXYZ [ 0.076 -0.049  0.874] | EEF [ 0.074 -0.05   0.871] | ObjZ 0.874 | Up 1.00 | Hold 5/0 | Age 0 (1) | Resets 3 | Shield 0
Ep 84 | Step 87/200 | XYZ [0.003 0.002 0.431] | RPY [-0.001  0.006 -0.003] | Grip 1 (1.00) | Phase 3->3 | Ground 0.8cm | Target B | PredXYZ [ 0.081 -0.046  0.9  ] | TrueXYZ [ 0.074 -0.049  0.903] | EEF [ 0.073 -0.05   0.899] | ObjZ 0.903 | Up 1.00 | Hold 10/5 | Age 0 (1) | Resets 4 | Shield 0
Episode 84: Clean Success | failure=success | termination=success
Scene rejected for ('push', 'B'): Deterministic push path is blocked by a distractor
Scene rejected for ('push', 'B'): Target is too close to the robot reference ray
Scene rejected for ('push', 'B'): Deterministic push path is blocked by a distractor
Scene rejected for ('push', 'B'): Deterministic push path is blocked by a distractor
Scene rejected for ('push', 'B'): Deterministic push path is blocked by a distractor
Scene rejected for ('push', 'B'): Deterministic push path is blocked by a distractor
Scene rejected for ('push', 'B'): Deterministic push path is blocked by a distractor
Scene rejected for ('push', 'B'): Deterministic push path is blocked by a distractor
Scene rejected for ('push', 'B'): Deterministic push path is blocked by a distractor
Scene rejected for ('push', 'B'): Deterministic push path is blocked by a distractor
Scene rejected for ('push', 'B'): Target is too close to the robot reference ray
Scene rejected for ('push', 'B'): Deterministic push path is blocked by a distractor
Scene rejected for ('push', 'B'): Deterministic push path is blocked by a distractor
Scene rejected for ('push', 'B'): Deterministic push path is blocked by a distractor
Scene rejected for ('push', 'B'): Deterministic push path is blocked by a distractor
Scene rejected for ('push', 'B'): Deterministic push path is blocked by a distractor
Scene rejected for ('push', 'B'): Deterministic push path leaves the safe workspace
Scene rejected for ('push', 'B'): Deterministic push path is blocked by a distractor
Scene rejected for ('push', 'B'): Deterministic push path is blocked by a distractor
Episode 85/120: Push the blue ball away from the robot | ensemble=temporal
Ep 85 | Step 1/200 | XYZ [ 0.057 -0.252 -0.44 ] | RPY [-0.002  0.002 -0.9  ] | Grip 1 (1.00) | Phase 5->5 | Ground 0.9cm | Target B | PredXYZ [-0.109 -0.107  0.828] | TrueXYZ [-0.107 -0.099  0.826] | EEF [-0.116  0.008  0.993] | ObjZ 0.826 | Up 1.00 | Hold 0/0 | Age 0 (1) | Resets 0 | Shield 0
Ep 85 | Step 20/200 | XYZ [ 0.027  0.05  -0.073] | RPY [ 0.019 -0.012 -0.678] | Grip 1 (1.00) | Phase 5->5 | Ground 1.1cm | Target B | PredXYZ [-0.099 -0.107  0.825] | TrueXYZ [-0.107 -0.099  0.826] | EEF [-0.118 -0.029  0.935] | ObjZ 0.826 | Up 1.00 | Hold 0/0 | Age 3 (4) | Resets 0 | Shield 0
Ep 85 | Step 40/200 | XYZ [ 0.012 -0.033 -0.175] | RPY [0.001 0.006 0.003] | Grip 1 (1.00) | Phase 6->6 | Ground 1.2cm | Target B | PredXYZ [-0.098 -0.108  0.826] | TrueXYZ [-0.107 -0.099  0.826] | EEF [-0.11  -0.012  0.846] | ObjZ 0.826 | Up 1.00 | Hold 0/0 | Age 0 (1) | Resets 0 | Shield 0
Ep 85 | Step 60/200 | XYZ [-0.036 -0.9   -0.03 ] | RPY [ 0.019 -0.017  0.021] | Grip 1 (1.00) | Phase 7->7 | Ground 0.4cm | Target B | PredXYZ [-0.109 -0.124  0.826] | TrueXYZ [-0.104 -0.131  0.824] | EEF [-0.093 -0.096  0.832] | ObjZ 0.824 | Up 1.00 | Hold 0/0 | Age 0 (1) | Resets 1 | Shield 0
Ep 85 | Step 80/200 | XYZ [0.008 0.036 0.058] | RPY [-0.003  0.009 -0.006] | Grip 1 (1.00) | Phase 8->8 | Ground 0.3cm | Target B | PredXYZ [-0.106 -0.146  0.825] | TrueXYZ [-0.104 -0.144  0.826] | EEF [-0.093 -0.109  0.852] | ObjZ 0.826 | Up 1.00 | Hold 0/0 | Age 3 (4) | Resets 1 | Shield 0
Ep 85 | Step 100/200 | XYZ [0.007 0.033 0.075] | RPY [-0.002  0.009 -0.006] | Grip 1 (1.00) | Phase 8->8 | Ground 0.3cm | Target B | PredXYZ [-0.104 -0.141  0.826] | TrueXYZ [-0.104 -0.144  0.826] | EEF [-0.096 -0.102  0.865] | ObjZ 0.826 | Up 1.00 | Hold 0/0 | Age 3 (4) | Resets 1 | Shield 0
Ep 85 | Step 120/200 | XYZ [-0.003  0.012  0.123] | RPY [-0.001  0.007 -0.01 ] | Grip 1 (1.00) | Phase 5->5 | Ground 0.8cm | Target B | PredXYZ [-0.1   -0.138  0.826] | TrueXYZ [-0.104 -0.144  0.826] | EEF [-0.099 -0.099  0.888] | ObjZ 0.826 | Up 1.00 | Hold 0/0 | Age 3 (4) | Resets 1 | Shield 0
Ep 85 | Step 140/200 | XYZ [-0.045  0.024  0.073] | RPY [ 0.002  0.002 -0.009] | Grip 1 (1.00) | Phase 5->5 | Ground 0.8cm | Target B | PredXYZ [-0.102 -0.136  0.827] | TrueXYZ [-0.104 -0.144  0.826] | EEF [-0.106 -0.097  0.913] | ObjZ 0.826 | Up 1.00 | Hold 0/0 | Age 3 (4) | Resets 1 | Shield 0
Ep 85 | Step 160/200 | XYZ [-0.034 -0.048 -0.321] | RPY [ 0.004 -0.007  0.006] | Grip 1 (1.00) | Phase 6->6 | Ground 0.9cm | Target B | PredXYZ [-0.097 -0.138  0.826] | TrueXYZ [-0.104 -0.144  0.826] | EEF [-0.108 -0.09   0.858] | ObjZ 0.826 | Up 1.00 | Hold 0/0 | Age 0 (1) | Resets 1 | Shield 0
Ep 85 | Step 180/200 | XYZ [ 0.015 -0.283  0.   ] | RPY [0.012 0.005 0.008] | Grip 1 (1.00) | Phase 8->8 | Ground 0.3cm | Target B | PredXYZ [-0.107 -0.147  0.826] | TrueXYZ [-0.104 -0.153  0.826] | EEF [-0.115 -0.117  0.821] | ObjZ 0.826 | Up 1.00 | Hold 0/0 | Age 3 (4) | Resets 1 | Shield 1
Ep 85 | Step 200/200 | XYZ [0.007 0.032 0.063] | RPY [-0.005  0.009 -0.009] | Grip 1 (1.00) | Phase 8->8 | Ground 1.5cm | Target B | PredXYZ [-0.107 -0.173  0.826] | TrueXYZ [-0.104 -0.158  0.826] | EEF [-0.122 -0.12   0.828] | ObjZ 0.826 | Up 1.00 | Hold 0/0 | Age 3 (4) | Resets 3 | Shield 4
Episode 85: Fail | failure=insufficient_push_distance | termination=horizon
Episode 86/120: Pick up the red cube | ensemble=temporal
Ep 86 | Step 1/200 | XYZ [ 0.9   -0.36  -0.483] | RPY [-0.    -0.003 -0.41 ] | Grip -1 (0.00) | Phase 0->0 | Ground 0.3cm | Target A | PredXYZ [ 0.129 -0.062  0.824] | TrueXYZ [ 0.129 -0.059  0.821] | EEF [-0.097 -0.009  1.018] | ObjZ 0.821 | Up 1.00 | Hold 0/0 | Age 0 (1) | Resets 0 | Shield 0
Ep 86 | Step 20/200 | XYZ [ 0.422 -0.104 -0.073] | RPY [ 0.    -0.005  0.   ] | Grip -1 (0.00) | Phase 0->0 | Ground 0.4cm | Target A | PredXYZ [ 0.13  -0.063  0.822] | TrueXYZ [ 0.129 -0.059  0.822] | EEF [ 0.066 -0.048  0.956] | ObjZ 0.822 | Up 1.00 | Hold 0/0 | Age 3 (4) | Resets 0 | Shield 0
Ep 86 | Step 40/200 | XYZ [ 0.074 -0.02  -0.721] | RPY [ 0.002 -0.004  0.004] | Grip -1 (0.00) | Phase 1->1 | Ground 0.2cm | Target A | PredXYZ [ 0.131 -0.058  0.822] | TrueXYZ [ 0.129 -0.059  0.822] | EEF [ 0.118 -0.06   0.921] | ObjZ 0.822 | Up 1.00 | Hold 0/0 | Age 0 (1) | Resets 0 | Shield 0
Ep 86 | Step 60/200 | XYZ [ 0.016 -0.001 -0.144] | RPY [ 0.    -0.002  0.001] | Grip -1 (0.00) | Phase 1->1 | Ground 0.5cm | Target A | PredXYZ [ 0.134 -0.059  0.822] | TrueXYZ [ 0.129 -0.059  0.822] | EEF [ 0.127 -0.061  0.834] | ObjZ 0.822 | Up 1.00 | Hold 0/0 | Age 0 (1) | Resets 0 | Shield 0
Ep 86 | Step 80/200 | XYZ [0.002 0.001 0.701] | RPY [-0.001 -0.009 -0.002] | Grip 1 (1.00) | Phase 3->3 | Ground 1.4cm | Target A | PredXYZ [ 0.139 -0.054  0.824] | TrueXYZ [ 0.13  -0.06   0.841] | EEF [ 0.13  -0.06   0.839] | ObjZ 0.841 | Up 1.00 | Hold 1/0 | Age 0 (1) | Resets 0 | Shield 0
Ep 86 | Step 84/200 | XYZ [0.004 0.001 0.571] | RPY [-0.002 -0.007 -0.002] | Grip 1 (1.00) | Phase 3->3 | Ground 0.9cm | Target A | PredXYZ [ 0.136 -0.053  0.868] | TrueXYZ [ 0.13  -0.06   0.872] | EEF [ 0.131 -0.06   0.87 ] | ObjZ 0.872 | Up 1.00 | Hold 5/0 | Age 0 (1) | Resets 2 | Shield 0
Ep 86 | Step 90/200 | XYZ [0.004 0.001 0.416] | RPY [-0.001  0.005 -0.003] | Grip 1 (1.00) | Phase 3->3 | Ground 0.5cm | Target A | PredXYZ [ 0.13  -0.064  0.904] | TrueXYZ [ 0.128 -0.06   0.906] | EEF [ 0.129 -0.061  0.904] | ObjZ 0.906 | Up 1.00 | Hold 11/5 | Age 0 (1) | Resets 4 | Shield 0
Episode 86: Clean Success | failure=success | termination=success
Episode 87/120: Pick up the blue ball | ensemble=temporal
Ep 87 | Step 1/200 | XYZ [-0.074  0.843 -0.459] | RPY [ 0.001 -0.001 -0.012] | Grip -1 (0.00) | Phase 0->0 | Ground 0.3cm | Target B | PredXYZ [-0.108  0.127  0.828] | TrueXYZ [-0.105  0.126  0.826] | EEF [-0.096 -0.009  1.017] | ObjZ 0.826 | Up 1.00 | Hold 0/0 | Age 0 (1) | Resets 0 | Shield 0
Ep 87 | Step 20/200 | XYZ [-0.016  0.246 -0.109] | RPY [0.001 0.008 0.004] | Grip -1 (0.00) | Phase 0->0 | Ground 1.3cm | Target B | PredXYZ [-0.115  0.134  0.826] | TrueXYZ [-0.105  0.126  0.826] | EEF [-0.109  0.092  0.96 ] | ObjZ 0.826 | Up 1.00 | Hold 0/0 | Age 3 (4) | Resets 0 | Shield 0
Ep 87 | Step 40/200 | XYZ [ 0.021  0.002 -0.338] | RPY [0.008 0.017 0.012] | Grip -1 (0.00) | Phase 1->1 | Ground 1.0cm | Target B | PredXYZ [-0.113  0.132  0.825] | TrueXYZ [-0.105  0.126  0.826] | EEF [-0.119  0.122  0.866] | ObjZ 0.826 | Up 1.00 | Hold 0/0 | Age 0 (1) | Resets 0 | Shield 0
Ep 87 | Step 60/200 | XYZ [ 0.069 -0.063 -0.077] | RPY [0.004 0.007 0.007] | Grip -1 (0.00) | Phase 1->1 | Ground 0.6cm | Target B | PredXYZ [-0.108  0.131  0.825] | TrueXYZ [-0.105  0.126  0.826] | EEF [-0.128  0.131  0.817] | ObjZ 0.826 | Up 1.00 | Hold 0/0 | Age 0 (1) | Resets 0 | Shield 0
Ep 87 | Step 80/200 | XYZ [0.021 0.002 0.575] | RPY [-0.011  0.031 -0.007] | Grip 1 (1.00) | Phase 3->3 | Ground 1.2cm | Target B | PredXYZ [-0.118  0.125  0.861] | TrueXYZ [-0.109  0.118  0.869] | EEF [-0.127  0.119  0.86 ] | ObjZ 0.869 | Up 1.00 | Hold 5/0 | Age 0 (1) | Resets 2 | Shield 0
Ep 87 | Step 86/200 | XYZ [0.019 0.002 0.435] | RPY [-0.011  0.014 -0.009] | Grip 1 (1.00) | Phase 3->3 | Ground 1.5cm | Target B | PredXYZ [-0.125  0.118  0.902] | TrueXYZ [-0.111  0.112  0.904] | EEF [-0.129  0.114  0.894] | ObjZ 0.904 | Up 1.00 | Hold 11/5 | Age 0 (1) | Resets 5 | Shield 0
Episode 87: Clean Success | failure=success | termination=success
Episode 88/120: Pick up the blue ball | ensemble=temporal
Ep 88 | Step 1/200 | XYZ [ 0.817 -0.734 -0.379] | RPY [-0.     0.001 -0.002] | Grip -1 (0.00) | Phase 0->0 | Ground 0.2cm | Target B | PredXYZ [ 0.041 -0.13   0.828] | TrueXYZ [ 0.042 -0.128  0.826] | EEF [-0.094 -0.014  1.005] | ObjZ 0.826 | Up 1.00 | Hold 0/0 | Age 0 (1) | Resets 0 | Shield 0
Ep 88 | Step 20/200 | XYZ [ 0.232 -0.161 -0.067] | RPY [-0.007 -0.003 -0.007] | Grip -1 (0.00) | Phase 0->0 | Ground 0.0cm | Target B | PredXYZ [ 0.042 -0.127  0.826] | TrueXYZ [ 0.042 -0.128  0.826] | EEF [ 0.011 -0.115  0.956] | ObjZ 0.826 | Up 1.00 | Hold 0/0 | Age 3 (4) | Resets 0 | Shield 0
Ep 88 | Step 40/200 | XYZ [ 0.033 -0.029 -0.477] | RPY [ 0.    -0.005  0.002] | Grip -1 (0.00) | Phase 1->1 | Ground 0.6cm | Target B | PredXYZ [ 0.039 -0.122  0.826] | TrueXYZ [ 0.042 -0.128  0.826] | EEF [ 0.041 -0.132  0.889] | ObjZ 0.826 | Up 1.00 | Hold 0/0 | Age 0 (1) | Resets 0 | Shield 0
Ep 88 | Step 60/200 | XYZ [ 0.011  0.006 -0.094] | RPY [-0.001 -0.    -0.001] | Grip -1 (0.00) | Phase 1->1 | Ground 0.4cm | Target B | PredXYZ [ 0.04  -0.131  0.827] | TrueXYZ [ 0.042 -0.128  0.826] | EEF [ 0.044 -0.136  0.831] | ObjZ 0.826 | Up 1.00 | Hold 0/0 | Age 0 (1) | Resets 0 | Shield 0
Ep 88 | Step 79/200 | XYZ [0.005 0.003 0.563] | RPY [-0.002  0.003 -0.003] | Grip 1 (1.00) | Phase 3->3 | Ground 0.7cm | Target B | PredXYZ [ 0.042 -0.135  0.863] | TrueXYZ [ 0.043 -0.128  0.872] | EEF [ 0.047 -0.131  0.872] | ObjZ 0.872 | Up 1.00 | Hold 5/0 | Age 0 (1) | Resets 2 | Shield 0
Ep 88 | Step 80/200 | XYZ [0.005 0.003 0.536] | RPY [-0.001  0.004 -0.003] | Grip 1 (1.00) | Phase 3->3 | Ground 0.7cm | Target B | PredXYZ [ 0.039 -0.131  0.866] | TrueXYZ [ 0.042 -0.128  0.878] | EEF [ 0.047 -0.131  0.878] | ObjZ 0.878 | Up 1.00 | Hold 6/0 | Age 0 (1) | Resets 2 | Shield 0
Ep 88 | Step 85/200 | XYZ [0.005 0.004 0.411] | RPY [-0.001  0.006 -0.004] | Grip 1 (1.00) | Phase 3->3 | Ground 0.9cm | Target B | PredXYZ [ 0.049 -0.128  0.904] | TrueXYZ [ 0.041 -0.128  0.906] | EEF [ 0.045 -0.131  0.905] | ObjZ 0.906 | Up 1.00 | Hold 11/5 | Age 0 (1) | Resets 6 | Shield 0
Episode 88: Clean Success | failure=success | termination=success
Scene rejected for ('push', 'C'): Deterministic push path is blocked by a distractor
Scene rejected for ('push', 'C'): Deterministic push path is blocked by a distractor
Scene rejected for ('push', 'C'): Deterministic push path is blocked by a distractor
Scene rejected for ('push', 'C'): Deterministic push path is blocked by a distractor
Scene rejected for ('push', 'C'): Deterministic push path is blocked by a distractor
Scene rejected for ('push', 'C'): Deterministic push path is blocked by a distractor
Scene rejected for ('push', 'C'): Deterministic push path is blocked by a distractor
Episode 89/120: Push the green cylinder away from the robot | ensemble=temporal
Ep 89 | Step 1/200 | XYZ [ 0.9   -0.403 -0.457] | RPY [-0.     0.002 -0.71 ] | Grip 1 (1.00) | Phase 5->5 | Ground 0.5cm | Target C | PredXYZ [ 0.134 -0.086  0.824] | TrueXYZ [ 0.13  -0.083  0.822] | EEF [-0.123  0.001  0.997] | ObjZ 0.822 | Up 1.00 | Hold 0/0 | Age 0 (1) | Resets 0 | Shield 0
Ep 89 | Step 20/200 | XYZ [ 0.276 -0.127 -0.097] | RPY [ 0.003 -0.007 -0.002] | Grip 1 (1.00) | Phase 5->5 | Ground 0.7cm | Target C | PredXYZ [ 0.133 -0.089  0.822] | TrueXYZ [ 0.13  -0.083  0.822] | EEF [ 0.009 -0.045  0.935] | ObjZ 0.822 | Up 1.00 | Hold 0/0 | Age 3 (4) | Resets 0 | Shield 0
Ep 89 | Step 40/200 | XYZ [ 0.043 -0.021 -0.453] | RPY [ 0.001 -0.005  0.002] | Grip 1 (1.00) | Phase 6->6 | Ground 0.6cm | Target C | PredXYZ [ 0.134 -0.087  0.822] | TrueXYZ [ 0.13  -0.083  0.822] | EEF [ 0.044 -0.058  0.878] | ObjZ 0.822 | Up 1.00 | Hold 0/0 | Age 0 (1) | Resets 0 | Shield 0
Ep 89 | Step 60/200 | XYZ [ 0.008 -0.001 -0.097] | RPY [ 0.    -0.003  0.   ] | Grip 1 (1.00) | Phase 6->6 | Ground 1.0cm | Target C | PredXYZ [ 0.134 -0.092  0.822] | TrueXYZ [ 0.13  -0.083  0.822] | EEF [ 0.049 -0.06   0.822] | ObjZ 0.822 | Up 1.00 | Hold 0/0 | Age 0 (1) | Resets 0 | Shield 0
Ep 89 | Step 80/200 | XYZ [ 0.434 -0.207  0.   ] | RPY [0.004 0.008 0.001] | Grip 1 (1.00) | Phase 7->7 | Ground 1.0cm | Target C | PredXYZ [ 0.179 -0.11   0.824] | TrueXYZ [ 0.178 -0.104  0.823] | EEF [ 0.143 -0.089  0.814] | ObjZ 0.823 | Up 1.00 | Hold 0/0 | Age 0 (1) | Resets 0 | Shield 16
Ep 89 | Step 87/200 | XYZ [-0.054  0.018  0.   ] | RPY [-0.006 -0.024 -0.   ] | Grip 1 (1.00) | Phase 8->8 | Ground 0.6cm | Target C | PredXYZ [ 0.196 -0.111  0.824] | TrueXYZ [ 0.204 -0.113  0.824] | EEF [ 0.168 -0.099  0.818] | ObjZ 0.824 | Up 1.00 | Hold 5/5 | Age 3 (4) | Resets 0 | Shield 21
Episode 89: Clean Success | failure=success | termination=success
Episode 90/120: Push the blue ball away from the robot | ensemble=temporal
Ep 90 | Step 1/200 | XYZ [ 0.617  0.439 -0.516] | RPY [-0.003 -0.002  0.9  ] | Grip 1 (1.00) | Phase 5->5 | Ground 0.1cm | Target B | PredXYZ [0.065 0.122 0.828] | TrueXYZ [0.065 0.121 0.826] | EEF [-0.097  0.012  1.006] | ObjZ 0.826 | Up 1.00 | Hold 0/0 | Age 0 (1) | Resets 0 | Shield 0
Ep 90 | Step 20/200 | XYZ [ 0.152  0.118 -0.096] | RPY [-0.012 -0.003  0.006] | Grip 1 (1.00) | Phase 5->5 | Ground 0.5cm | Target B | PredXYZ [0.068 0.126 0.826] | TrueXYZ [0.065 0.121 0.826] | EEF [-0.025  0.054  0.939] | ObjZ 0.826 | Up 1.00 | Hold 0/0 | Age 3 (4) | Resets 0 | Shield 0
Ep 90 | Step 40/200 | XYZ [ 0.021  0.028 -0.329] | RPY [-0.001 -0.    -0.001] | Grip 1 (1.00) | Phase 6->6 | Ground 0.2cm | Target B | PredXYZ [0.067 0.123 0.826] | TrueXYZ [0.065 0.121 0.826] | EEF [-0.007  0.067  0.868] | ObjZ 0.826 | Up 1.00 | Hold 0/0 | Age 0 (1) | Resets 0 | Shield 0
Ep 90 | Step 60/200 | XYZ [ 0.9    0.771 -0.043] | RPY [-0.009  0.013 -0.003] | Grip 1 (1.00) | Phase 7->7 | Ground 0.9cm | Target B | PredXYZ [0.063 0.129 0.826] | TrueXYZ [0.065 0.121 0.826] | EEF [0.004 0.077 0.828] | ObjZ 0.826 | Up 1.00 | Hold 0/0 | Age 0 (1) | Resets 0 | Shield 0
Ep 90 | Step 74/200 | XYZ [-0.085 -0.077  0.001] | RPY [ 0.021 -0.042  0.002] | Grip 1 (1.00) | Phase 8->8 | Ground 1.8cm | Target B | PredXYZ [0.141 0.182 0.826] | TrueXYZ [0.13  0.17  0.826] | EEF [0.102 0.149 0.828] | ObjZ 0.826 | Up 1.00 | Hold 5/5 | Age 1 (2) | Resets 6 | Shield 1
Episode 90: Clean Success | failure=success | termination=success
Scene rejected for ('push', 'C'): Deterministic push path is blocked by a distractor
Scene rejected for ('push', 'C'): Deterministic push path is blocked by a distractor
Scene rejected for ('push', 'C'): Deterministic push path is blocked by a distractor
Scene rejected for ('push', 'C'): Deterministic push path is blocked by a distractor
Scene rejected for ('push', 'C'): Deterministic push path is blocked by a distractor
Scene rejected for ('push', 'C'): Deterministic push path is blocked by a distractor
Scene rejected for ('push', 'C'): Deterministic push path is blocked by a distractor
Scene rejected for ('push', 'C'): Deterministic push path is blocked by a distractor
Scene rejected for ('push', 'C'): Deterministic push path is blocked by a distractor
Scene rejected for ('push', 'C'): Deterministic push path is blocked by a distractor
Scene rejected for ('push', 'C'): Deterministic push path is blocked by a distractor
Scene rejected for ('push', 'C'): Deterministic push path is blocked by a distractor
Scene rejected for ('push', 'C'): Deterministic push path is blocked by a distractor
Scene rejected for ('push', 'C'): Deterministic push path is blocked by a distractor
Episode 91/120: Push the green cylinder away from the robot | ensemble=temporal
Ep 91 | Step 1/200 | XYZ [ 0.043  0.276 -0.535] | RPY [ 0.003 -0.003  0.9  ] | Grip 1 (1.00) | Phase 5->5 | Ground 1.5cm | Target C | PredXYZ [-0.095  0.116  0.824] | TrueXYZ [-0.081  0.114  0.822] | EEF [-0.105 -0.014  1.004] | ObjZ 0.822 | Up 1.00 | Hold 0/0 | Age 0 (1) | Resets 0 | Shield 0
Ep 91 | Step 20/200 | XYZ [ 0.056 -0.036 -0.11 ] | RPY [-0.033 -0.011  0.591] | Grip 1 (1.00) | Phase 5->5 | Ground 1.4cm | Target C | PredXYZ [-0.094  0.116  0.822] | TrueXYZ [-0.081  0.114  0.822] | EEF [-0.108  0.028  0.933] | ObjZ 0.822 | Up 1.00 | Hold 0/0 | Age 3 (4) | Resets 0 | Shield 0
Ep 91 | Step 40/200 | XYZ [ 0.029  0.039 -0.181] | RPY [-0.002  0.008 -0.001] | Grip 1 (1.00) | Phase 6->6 | Ground 1.2cm | Target C | PredXYZ [-0.093  0.116  0.822] | TrueXYZ [-0.081  0.114  0.822] | EEF [-0.102  0.01   0.835] | ObjZ 0.822 | Up 1.00 | Hold 0/0 | Age 0 (1) | Resets 0 | Shield 0
Ep 91 | Step 60/200 | XYZ [0.037 0.648 0.   ] | RPY [-0.022 -0.008 -0.018] | Grip 1 (1.00) | Phase 7->7 | Ground 1.4cm | Target C | PredXYZ [-0.093  0.12   0.822] | TrueXYZ [-0.081  0.114  0.822] | EEF [-0.09   0.062  0.819] | ObjZ 0.822 | Up 1.00 | Hold 0/0 | Age 0 (1) | Resets 0 | Shield 10
Ep 91 | Step 80/200 | XYZ [ 0.017 -0.055  0.03 ] | RPY [0.01  0.01  0.005] | Grip 1 (1.00) | Phase 8->8 | Ground 1.7cm | Target C | PredXYZ [-0.096  0.18   0.822] | TrueXYZ [-0.079  0.179  0.822] | EEF [-0.095  0.143  0.818] | ObjZ 0.822 | Up 1.00 | Hold 0/0 | Age 3 (4) | Resets 1 | Shield 15
Ep 91 | Step 100/200 | XYZ [-0.037 -0.382 -0.009] | RPY [0.011 0.008 0.008] | Grip 1 (1.00) | Phase 7->7 | Ground 2.1cm | Target C | PredXYZ [-0.098  0.17   0.822] | TrueXYZ [-0.079  0.179  0.822] | EEF [-0.103  0.127  0.819] | ObjZ 0.822 | Up 1.00 | Hold 0/0 | Age 0 (1) | Resets 1 | Shield 15
Ep 91 | Step 120/200 | XYZ [-0.083 -0.491  0.   ] | RPY [0.01  0.01  0.006] | Grip 1 (1.00) | Phase 7->7 | Ground 2.3cm | Target C | PredXYZ [-0.084  0.157  0.823] | TrueXYZ [-0.079  0.179  0.822] | EEF [-0.121  0.041  0.816] | ObjZ 0.822 | Up 1.00 | Hold 0/0 | Age 0 (1) | Resets 1 | Shield 32
Ep 91 | Step 140/200 | XYZ [-0.01  -0.576  0.   ] | RPY [0.011 0.014 0.007] | Grip 1 (1.00) | Phase 7->7 | Ground 7.3cm | Target C | PredXYZ [-0.116  0.116  0.822] | TrueXYZ [-0.079  0.179  0.822] | EEF [-0.146 -0.083  0.812] | ObjZ 0.822 | Up 1.00 | Hold 0/0 | Age 0 (1) | Resets 4 | Shield 52
Ep 91 | Step 160/200 | XYZ [-0.065  0.722  0.   ] | RPY [-0.029 -0.007 -0.023] | Grip 1 (1.00) | Phase 7->7 | Ground 21.1cm | Target C | PredXYZ [-0.138 -0.023  0.825] | TrueXYZ [-0.079  0.179  0.822] | EEF [-0.152 -0.164  0.814] | ObjZ 0.822 | Up 1.00 | Hold 0/0 | Age 0 (1) | Resets 20 | Shield 72
Ep 91 | Step 180/200 | XYZ [-0.016  0.682  0.   ] | RPY [-0.015 -0.002 -0.003] | Grip 1 (1.00) | Phase 7->7 | Ground 3.4cm | Target C | PredXYZ [-0.091  0.148  0.822] | TrueXYZ [-0.079  0.179  0.822] | EEF [-0.164 -0.02   0.816] | ObjZ 0.822 | Up 1.00 | Hold 0/0 | Age 0 (1) | Resets 31 | Shield 92
Ep 91 | Step 200/200 | XYZ [-0.011  0.606  0.   ] | RPY [-0.006 -0.002 -0.   ] | Grip 1 (1.00) | Phase 7->7 | Ground 2.5cm | Target C | PredXYZ [-0.096  0.161  0.823] | TrueXYZ [-0.079  0.179  0.822] | EEF [-0.165  0.131  0.817] | ObjZ 0.822 | Up 1.00 | Hold 0/0 | Age 0 (1) | Resets 31 | Shield 112
Episode 91: Fail | failure=insufficient_push_distance | termination=horizon
Scene rejected for ('pick', 'C'): Pick target lacks bilateral gripper clearance
Episode 92/120: Pick up the green cylinder | ensemble=temporal
Ep 92 | Step 1/200 | XYZ [ 0.9   -0.339 -0.418] | RPY [-0.    -0.     0.002] | Grip -1 (0.00) | Phase 0->0 | Ground 0.1cm | Target C | PredXYZ [ 0.093 -0.069  0.824] | TrueXYZ [ 0.091 -0.069  0.822] | EEF [-0.093 -0.014  1.01 ] | ObjZ 0.822 | Up 1.00 | Hold 0/0 | Age 0 (1) | Resets 0 | Shield 0
Ep 92 | Step 20/200 | XYZ [ 0.299 -0.087 -0.075] | RPY [-0.004 -0.008 -0.002] | Grip -1 (0.00) | Phase 0->0 | Ground 0.2cm | Target C | PredXYZ [ 0.091 -0.071  0.822] | TrueXYZ [ 0.091 -0.069  0.822] | EEF [ 0.044 -0.062  0.957] | ObjZ 0.822 | Up 1.00 | Hold 0/0 | Age 3 (4) | Resets 0 | Shield 0
Ep 92 | Step 40/200 | XYZ [ 0.06  -0.02  -0.612] | RPY [ 0.001 -0.004  0.002] | Grip -1 (0.00) | Phase 1->1 | Ground 0.7cm | Target C | PredXYZ [ 0.098 -0.066  0.822] | TrueXYZ [ 0.091 -0.069  0.822] | EEF [ 0.083 -0.071  0.905] | ObjZ 0.822 | Up 1.00 | Hold 0/0 | Age 0 (1) | Resets 0 | Shield 0
Ep 92 | Step 60/200 | XYZ [ 0.012 -0.    -0.125] | RPY [-0.001 -0.001  0.001] | Grip -1 (0.00) | Phase 1->1 | Ground 1.1cm | Target C | PredXYZ [ 0.093 -0.079  0.822] | TrueXYZ [ 0.091 -0.069  0.822] | EEF [ 0.089 -0.073  0.831] | ObjZ 0.822 | Up 1.00 | Hold 0/0 | Age 0 (1) | Resets 0 | Shield 0
Ep 92 | Step 80/200 | XYZ [0.004 0.002 0.639] | RPY [-0.002 -0.004 -0.003] | Grip 1 (1.00) | Phase 3->3 | Ground 0.8cm | Target C | PredXYZ [ 0.092 -0.079  0.846] | TrueXYZ [ 0.091 -0.073  0.858] | EEF [ 0.091 -0.073  0.854] | ObjZ 0.858 | Up 1.00 | Hold 3/0 | Age 0 (1) | Resets 2 | Shield 0
Ep 92 | Step 82/200 | XYZ [0.004 0.001 0.566] | RPY [-0.002 -0.001 -0.002] | Grip 1 (1.00) | Phase 3->3 | Ground 0.8cm | Target C | PredXYZ [ 0.099 -0.072  0.868] | TrueXYZ [ 0.091 -0.073  0.872] | EEF [ 0.091 -0.073  0.869] | ObjZ 0.872 | Up 1.00 | Hold 5/0 | Age 0 (1) | Resets 4 | Shield 0
Ep 92 | Step 88/200 | XYZ [0.003 0.    0.411] | RPY [-0.001  0.006 -0.003] | Grip 1 (1.00) | Phase 3->3 | Ground 1.2cm | Target C | PredXYZ [ 0.096 -0.076  0.91 ] | TrueXYZ [ 0.088 -0.073  0.906] | EEF [ 0.089 -0.074  0.902] | ObjZ 0.906 | Up 1.00 | Hold 11/5 | Age 0 (1) | Resets 6 | Shield 0
Episode 92: Clean Success | failure=success | termination=success
Scene rejected for ('push', 'A'): Deterministic push path is blocked by a distractor
Episode 93/120: Push the red cube away from the robot | ensemble=temporal
Ep 93 | Step 1/200 | XYZ [-0.015  0.177 -0.485] | RPY [-0.  -0.  -0.9] | Grip 1 (1.00) | Phase 5->5 | Ground 0.3cm | Target A | PredXYZ [-0.123  0.128  0.824] | TrueXYZ [-0.124  0.125  0.821] | EEF [-0.117  0.002  0.998] | ObjZ 0.821 | Up 1.00 | Hold 0/0 | Age 0 (1) | Resets 0 | Shield 0
Ep 93 | Step 20/200 | XYZ [ 0.022  0.177 -0.097] | RPY [ 0.021 -0.006 -0.805] | Grip 1 (1.00) | Phase 5->5 | Ground 0.8cm | Target A | PredXYZ [-0.115  0.126  0.821] | TrueXYZ [-0.124  0.125  0.822] | EEF [-0.13   0.018  0.932] | ObjZ 0.822 | Up 1.00 | Hold 0/0 | Age 3 (4) | Resets 0 | Shield 0
Ep 93 | Step 40/200 | XYZ [ 0.029 -0.027 -0.236] | RPY [0.004 0.006 0.004] | Grip 1 (1.00) | Phase 6->6 | Ground 0.5cm | Target A | PredXYZ [-0.118  0.127  0.822] | TrueXYZ [-0.124  0.125  0.822] | EEF [-0.13   0.051  0.844] | ObjZ 0.822 | Up 1.00 | Hold 0/0 | Age 0 (1) | Resets 0 | Shield 0
Ep 93 | Step 60/200 | XYZ [0.003 0.732 0.   ] | RPY [-0.03   0.008 -0.022] | Grip 1 (1.00) | Phase 7->7 | Ground 0.8cm | Target A | PredXYZ [-0.116  0.125  0.822] | TrueXYZ [-0.124  0.125  0.822] | EEF [-0.134  0.079  0.816] | ObjZ 0.822 | Up 1.00 | Hold 0/0 | Age 0 (1) | Resets 0 | Shield 4
Ep 93 | Step 80/200 | XYZ [ 0.048  0.342 -0.013] | RPY [ 0.005  0.    -0.002] | Grip 1 (1.00) | Phase 7->7 | Ground 0.6cm | Target A | PredXYZ [-0.111  0.194  0.823] | TrueXYZ [-0.115  0.201  0.825] | EEF [-0.126  0.171  0.821] | ObjZ 0.825 | Up 0.99 | Hold 3/3 | Age 0 (1) | Resets 1 | Shield 12
Ep 93 | Step 82/200 | XYZ [ 0.037  0.369 -0.011] | RPY [ 0.005 -0.    -0.003] | Grip 1 (1.00) | Phase 7->7 | Ground 1.6cm | Target A | PredXYZ [-0.119  0.19   0.823] | TrueXYZ [-0.114  0.209  0.825] | EEF [-0.125  0.178  0.822] | ObjZ 0.825 | Up 0.99 | Hold 5/5 | Age 0 (1) | Resets 2 | Shield 12
Episode 93: Clean Success | failure=success | termination=success
Episode 94/120: Pick up the blue ball | ensemble=temporal
Ep 94 | Step 1/200 | XYZ [ 0.449 -0.267 -0.399] | RPY [ 0.    -0.001  0.002] | Grip -1 (0.00) | Phase 0->0 | Ground 0.3cm | Target B | PredXYZ [-0.024 -0.084  0.828] | TrueXYZ [-0.021 -0.083  0.826] | EEF [-0.1   -0.037  1.01 ] | ObjZ 0.826 | Up 1.00 | Hold 0/0 | Age 0 (1) | Resets 0 | Shield 0
Ep 94 | Step 20/200 | XYZ [ 0.108 -0.103 -0.08 ] | RPY [-0.001  0.001 -0.001] | Grip -1 (0.00) | Phase 0->0 | Ground 0.7cm | Target B | PredXYZ [-0.024 -0.09   0.826] | TrueXYZ [-0.021 -0.083  0.826] | EEF [-0.049 -0.08   0.96 ] | ObjZ 0.826 | Up 1.00 | Hold 0/0 | Age 3 (4) | Resets 0 | Shield 0
Ep 94 | Step 40/200 | XYZ [ 0.019 -0.021 -0.374] | RPY [0.001 0.    0.001] | Grip -1 (0.00) | Phase 1->1 | Ground 1.0cm | Target B | PredXYZ [-0.025 -0.092  0.827] | TrueXYZ [-0.021 -0.083  0.826] | EEF [-0.033 -0.092  0.87 ] | ObjZ 0.826 | Up 1.00 | Hold 0/0 | Age 0 (1) | Resets 0 | Shield 0
Ep 94 | Step 60/200 | XYZ [ 0.031  0.02  -0.076] | RPY [-0.002  0.003 -0.002] | Grip -1 (0.01) | Phase 1->1 | Ground 1.4cm | Target B | PredXYZ [-0.031 -0.088  0.827] | TrueXYZ [-0.02  -0.078  0.826] | EEF [-0.031 -0.091  0.826] | ObjZ 0.826 | Up 1.00 | Hold 0/0 | Age 0 (1) | Resets 0 | Shield 0
Ep 94 | Step 80/200 | XYZ [0.009 0.003 0.556] | RPY [ 0.001  0.015 -0.002] | Grip 1 (1.00) | Phase 3->3 | Ground 1.5cm | Target B | PredXYZ [-0.029 -0.082  0.861] | TrueXYZ [-0.018 -0.074  0.872] | EEF [-0.025 -0.076  0.869] | ObjZ 0.872 | Up 1.00 | Hold 5/0 | Age 0 (1) | Resets 3 | Shield 0
Ep 94 | Step 86/200 | XYZ [0.007 0.004 0.407] | RPY [-0.001  0.005 -0.003] | Grip 1 (1.00) | Phase 3->3 | Ground 0.4cm | Target B | PredXYZ [-0.021 -0.075  0.904] | TrueXYZ [-0.019 -0.073  0.906] | EEF [-0.026 -0.076  0.903] | ObjZ 0.906 | Up 1.00 | Hold 11/5 | Age 0 (1) | Resets 6 | Shield 0
Episode 94: Clean Success | failure=success | termination=success
Episode 95/120: Pick up the blue ball | ensemble=temporal
Ep 95 | Step 1/200 | XYZ [-0.147  0.569 -0.376] | RPY [ 0.001 -0.002 -0.005] | Grip -1 (0.00) | Phase 0->0 | Ground 1.3cm | Target B | PredXYZ [-0.138  0.098  0.828] | TrueXYZ [-0.132  0.086  0.826] | EEF [-0.119  0.003  1.001] | ObjZ 0.826 | Up 1.00 | Hold 0/0 | Age 0 (1) | Resets 0 | Shield 0
Ep 95 | Step 20/200 | XYZ [-0.028  0.153 -0.079] | RPY [0.001 0.005 0.004] | Grip -1 (0.00) | Phase 0->0 | Ground 1.4cm | Target B | PredXYZ [-0.14   0.098  0.826] | TrueXYZ [-0.132  0.086  0.826] | EEF [-0.136  0.074  0.956] | ObjZ 0.826 | Up 1.00 | Hold 0/0 | Age 3 (4) | Resets 0 | Shield 0
Ep 95 | Step 40/200 | XYZ [ 0.01   0.008 -0.27 ] | RPY [0.006 0.015 0.007] | Grip -1 (0.00) | Phase 1->1 | Ground 1.4cm | Target B | PredXYZ [-0.138  0.099  0.825] | TrueXYZ [-0.132  0.086  0.826] | EEF [-0.141  0.089  0.853] | ObjZ 0.826 | Up 1.00 | Hold 0/0 | Age 0 (1) | Resets 0 | Shield 0
Ep 95 | Step 60/200 | XYZ [ 0.044 -0.023 -0.049] | RPY [0.001 0.005 0.004] | Grip -1 (0.41) | Phase 1->1 | Ground 1.2cm | Target B | PredXYZ [-0.128  0.098  0.825] | TrueXYZ [-0.131  0.086  0.825] | EEF [-0.143  0.097  0.818] | ObjZ 0.825 | Up 1.00 | Hold 0/0 | Age 0 (1) | Resets 0 | Shield 0
Ep 95 | Step 76/200 | XYZ [ 0.018 -0.003  0.581] | RPY [-0.007  0.026 -0.004] | Grip 1 (1.00) | Phase 3->3 | Ground 1.8cm | Target B | PredXYZ [-0.129  0.098  0.869] | TrueXYZ [-0.136  0.082  0.872] | EEF [-0.146  0.091  0.866] | ObjZ 0.872 | Up 1.00 | Hold 5/0 | Age 0 (1) | Resets 3 | Shield 0
Ep 95 | Step 80/200 | XYZ [ 0.017 -0.002  0.477] | RPY [-0.005  0.014 -0.003] | Grip 1 (1.00) | Phase 3->3 | Ground 2.1cm | Target B | PredXYZ [-0.151  0.094  0.896] | TrueXYZ [-0.137  0.08   0.897] | EEF [-0.147  0.089  0.89 ] | ObjZ 0.897 | Up 1.00 | Hold 9/3 | Age 0 (1) | Resets 5 | Shield 0
Ep 95 | Step 82/200 | XYZ [ 0.016 -0.001  0.424] | RPY [-0.004  0.008 -0.003] | Grip 1 (1.00) | Phase 3->3 | Ground 2.2cm | Target B | PredXYZ [-0.149  0.098  0.906] | TrueXYZ [-0.137  0.079  0.907] | EEF [-0.147  0.088  0.901] | ObjZ 0.907 | Up 1.00 | Hold 11/5 | Age 0 (1) | Resets 6 | Shield 0
Episode 95: Clean Success | failure=success | termination=success
Scene rejected for ('push', 'B'): Deterministic push path leaves the safe workspace
Scene rejected for ('push', 'B'): Deterministic push path is blocked by a distractor
Scene rejected for ('push', 'B'): Deterministic push path is blocked by a distractor
Scene rejected for ('push', 'B'): Deterministic push path leaves the safe workspace
Scene rejected for ('push', 'B'): Deterministic push path is blocked by a distractor
Scene rejected for ('push', 'B'): Deterministic push path is blocked by a distractor
Scene rejected for ('push', 'B'): Deterministic push path leaves the safe workspace
Scene rejected for ('push', 'B'): Deterministic push path is blocked by a distractor
Episode 96/120: Push the blue ball away from the robot | ensemble=temporal
Ep 96 | Step 1/200 | XYZ [ 0.736  0.293 -0.595] | RPY [-0.001 -0.002  0.84 ] | Grip 1 (1.00) | Phase 5->5 | Ground 0.7cm | Target B | PredXYZ [0.09  0.083 0.828] | TrueXYZ [0.096 0.079 0.826] | EEF [-0.097  0.01   1.02 ] | ObjZ 0.826 | Up 1.00 | Hold 0/0 | Age 0 (1) | Resets 0 | Shield 0
Ep 96 | Step 20/200 | XYZ [ 0.182  0.106 -0.118] | RPY [-0.01   0.001 -0.003] | Grip 1 (1.00) | Phase 5->5 | Ground 0.4cm | Target B | PredXYZ [0.096 0.083 0.826] | TrueXYZ [0.096 0.079 0.826] | EEF [-0.013  0.032  0.942] | ObjZ 0.826 | Up 1.00 | Hold 0/0 | Age 3 (4) | Resets 0 | Shield 0
Ep 96 | Step 40/200 | XYZ [ 0.025  0.019 -0.37 ] | RPY [-0.001 -0.002 -0.   ] | Grip 1 (1.00) | Phase 6->6 | Ground 0.4cm | Target B | PredXYZ [0.092 0.08  0.826] | TrueXYZ [0.096 0.079 0.826] | EEF [0.01  0.044 0.874] | ObjZ 0.826 | Up 1.00 | Hold 0/0 | Age 0 (1) | Resets 0 | Shield 0
Ep 96 | Step 60/200 | XYZ [ 0.021  0.02  -0.072] | RPY [-0.001 -0.001 -0.002] | Grip 1 (1.00) | Phase 6->6 | Ground 0.4cm | Target B | PredXYZ [0.092 0.076 0.826] | TrueXYZ [0.096 0.079 0.826] | EEF [0.012 0.046 0.83 ] | ObjZ 0.826 | Up 1.00 | Hold 0/0 | Age 0 (1) | Resets 0 | Shield 0
Ep 96 | Step 77/200 | XYZ [-0.096 -0.053 -0.013] | RPY [ 0.015 -0.042  0.002] | Grip 1 (1.00) | Phase 8->8 | Ground 1.4cm | Target B | PredXYZ [0.167 0.126 0.826] | TrueXYZ [0.169 0.113 0.826] | EEF [0.137 0.099 0.827] | ObjZ 0.826 | Up 1.00 | Hold 5/5 | Age 3 (4) | Resets 6 | Shield 1
Episode 96: Clean Success | failure=success | termination=success
Scene rejected for ('push', 'A'): Deterministic push path is blocked by a distractor
Scene rejected for ('push', 'A'): Deterministic push path is blocked by a distractor
Episode 97/120: Push the red cube away from the robot | ensemble=temporal
Ep 97 | Step 1/200 | XYZ [ 0.259 -0.197 -0.562] | RPY [-0.001 -0.001 -0.9  ] | Grip 1 (1.00) | Phase 5->5 | Ground 0.5cm | Target A | PredXYZ [ 0.011 -0.078  0.824] | TrueXYZ [ 0.01  -0.083  0.821] | EEF [-0.098 -0.008  1.011] | ObjZ 0.821 | Up 1.00 | Hold 0/0 | Age 0 (1) | Resets 0 | Shield 0
Ep 97 | Step 20/200 | XYZ [ 0.099 -0.09  -0.106] | RPY [0.019 0.011 0.003] | Grip 1 (1.00) | Phase 5->5 | Ground 0.1cm | Target A | PredXYZ [ 0.01  -0.084  0.822] | TrueXYZ [ 0.01  -0.083  0.822] | EEF [-0.073 -0.023  0.936] | ObjZ 0.822 | Up 1.00 | Hold 0/0 | Age 3 (4) | Resets 0 | Shield 0
Ep 97 | Step 40/200 | XYZ [ 0.014 -0.031 -0.284] | RPY [0.001 0.004 0.003] | Grip 1 (1.00) | Phase 6->6 | Ground 0.3cm | Target A | PredXYZ [ 0.011 -0.086  0.822] | TrueXYZ [ 0.01  -0.083  0.822] | EEF [-0.063 -0.029  0.857] | ObjZ 0.822 | Up 1.00 | Hold 0/0 | Age 0 (1) | Resets 0 | Shield 0
Ep 97 | Step 60/200 | XYZ [ 0.613 -0.462 -0.022] | RPY [0.014 0.025 0.01 ] | Grip 1 (1.00) | Phase 7->7 | Ground 0.5cm | Target A | PredXYZ [ 0.014 -0.086  0.822] | TrueXYZ [ 0.01  -0.083  0.822] | EEF [-0.043 -0.045  0.821] | ObjZ 0.822 | Up 1.00 | Hold 0/0 | Age 0 (1) | Resets 0 | Shield 0
Ep 97 | Step 80/200 | XYZ [-0.038  0.035  0.033] | RPY [-0.01  -0.017 -0.004] | Grip 1 (1.00) | Phase 8->8 | Ground 0.3cm | Target A | PredXYZ [ 0.058 -0.129  0.822] | TrueXYZ [ 0.056 -0.13   0.823] | EEF [ 0.035 -0.105  0.822] | ObjZ 0.823 | Up 1.00 | Hold 0/0 | Age 3 (4) | Resets 2 | Shield 5
Ep 97 | Step 100/200 | XYZ [-0.08   0.036 -0.014] | RPY [-0.002  0.003 -0.004] | Grip 1 (1.00) | Phase 8->8 | Ground 0.4cm | Target A | PredXYZ [ 0.059 -0.127  0.822] | TrueXYZ [ 0.055 -0.129  0.822] | EEF [ 0.023 -0.102  0.822] | ObjZ 0.822 | Up 1.00 | Hold 0/0 | Age 3 (4) | Resets 2 | Shield 5
Ep 97 | Step 120/200 | XYZ [ 0.037 -0.037  0.   ] | RPY [ 0.001  0.01  -0.006] | Grip 1 (1.00) | Phase 8->8 | Ground 0.3cm | Target A | PredXYZ [ 0.055 -0.127  0.822] | TrueXYZ [ 0.055 -0.129  0.822] | EEF [ 0.015 -0.102  0.819] | ObjZ 0.822 | Up 1.00 | Hold 0/0 | Age 3 (4) | Resets 2 | Shield 6
Ep 97 | Step 140/200 | XYZ [ 0.045 -0.024  0.   ] | RPY [ 0.002  0.012 -0.004] | Grip 1 (1.00) | Phase 8->8 | Ground 0.2cm | Target A | PredXYZ [ 0.055 -0.127  0.822] | TrueXYZ [ 0.055 -0.129  0.822] | EEF [ 0.011 -0.102  0.818] | ObjZ 0.822 | Up 1.00 | Hold 0/0 | Age 3 (4) | Resets 2 | Shield 26
Ep 97 | Step 160/200 | XYZ [ 0.066 -0.034  0.005] | RPY [ 0.002  0.012 -0.006] | Grip 1 (1.00) | Phase 8->8 | Ground 0.4cm | Target A | PredXYZ [ 0.055 -0.125  0.822] | TrueXYZ [ 0.055 -0.129  0.822] | EEF [ 0.009 -0.103  0.818] | ObjZ 0.822 | Up 1.00 | Hold 0/0 | Age 3 (4) | Resets 2 | Shield 34
Ep 97 | Step 180/200 | XYZ [-0.027  0.019  0.032] | RPY [-0.001  0.003 -0.003] | Grip 1 (1.00) | Phase 8->8 | Ground 0.0cm | Target A | PredXYZ [ 0.055 -0.129  0.822] | TrueXYZ [ 0.055 -0.129  0.822] | EEF [ 0.008 -0.104  0.821] | ObjZ 0.822 | Up 1.00 | Hold 0/0 | Age 3 (4) | Resets 2 | Shield 34
Ep 97 | Step 200/200 | XYZ [-0.025  0.016  0.107] | RPY [-0.     0.006 -0.007] | Grip 1 (1.00) | Phase 8->8 | Ground 0.2cm | Target A | PredXYZ [ 0.053 -0.129  0.822] | TrueXYZ [ 0.055 -0.129  0.822] | EEF [ 0.001 -0.103  0.837] | ObjZ 0.822 | Up 1.00 | Hold 0/0 | Age 3 (4) | Resets 2 | Shield 34
Episode 97: Fail | failure=insufficient_push_distance | termination=horizon
Scene rejected for ('pick', 'B'): Pick target lacks bilateral gripper clearance
Episode 98/120: Pick up the blue ball | ensemble=temporal
Ep 98 | Step 1/200 | XYZ [ 0.9    0.662 -0.392] | RPY [-0.     0.002 -0.023] | Grip -1 (0.00) | Phase 0->0 | Ground 0.7cm | Target B | PredXYZ [0.081 0.108 0.828] | TrueXYZ [0.076 0.103 0.826] | EEF [-0.099  0.002  1.009] | ObjZ 0.826 | Up 1.00 | Hold 0/0 | Age 0 (1) | Resets 0 | Shield 0
Ep 98 | Step 20/200 | XYZ [ 0.274  0.128 -0.066] | RPY [ 0.008 -0.004  0.008] | Grip -1 (0.00) | Phase 0->0 | Ground 0.2cm | Target B | PredXYZ [0.076 0.105 0.826] | TrueXYZ [0.076 0.103 0.826] | EEF [0.029 0.087 0.957] | ObjZ 0.826 | Up 1.00 | Hold 0/0 | Age 3 (4) | Resets 0 | Shield 0
Ep 98 | Step 40/200 | XYZ [ 0.04   0.029 -0.511] | RPY [-0.001 -0.005 -0.003] | Grip -1 (0.00) | Phase 1->1 | Ground 0.6cm | Target B | PredXYZ [0.08  0.108 0.826] | TrueXYZ [0.076 0.103 0.826] | EEF [0.064 0.101 0.894] | ObjZ 0.826 | Up 1.00 | Hold 0/0 | Age 0 (1) | Resets 0 | Shield 0
Ep 98 | Step 60/200 | XYZ [ 0.016  0.005 -0.114] | RPY [0.001 0.001 0.002] | Grip -1 (0.00) | Phase 1->1 | Ground 0.9cm | Target B | PredXYZ [0.081 0.111 0.825] | TrueXYZ [0.076 0.103 0.826] | EEF [0.068 0.106 0.83 ] | ObjZ 0.826 | Up 1.00 | Hold 0/0 | Age 0 (1) | Resets 0 | Shield 0
Ep 98 | Step 80/200 | XYZ [ 0.007 -0.     0.659] | RPY [ 0.002 -0.    -0.001] | Grip 1 (1.00) | Phase 3->3 | Ground 1.2cm | Target B | PredXYZ [0.083 0.114 0.843] | TrueXYZ [0.077 0.104 0.852] | EEF [0.071 0.107 0.846] | ObjZ 0.852 | Up 1.00 | Hold 2/0 | Age 0 (1) | Resets 0 | Shield 0
Ep 98 | Step 83/200 | XYZ [0.007 0.001 0.57 ] | RPY [ 0.001  0.002 -0.   ] | Grip 1 (1.00) | Phase 3->3 | Ground 1.0cm | Target B | PredXYZ [0.072 0.113 0.865] | TrueXYZ [0.076 0.104 0.874] | EEF [0.07  0.107 0.867] | ObjZ 0.874 | Up 1.00 | Hold 5/0 | Age 0 (1) | Resets 2 | Shield 0
Ep 98 | Step 88/200 | XYZ [0.007 0.001 0.443] | RPY [ 0.001  0.005 -0.   ] | Grip 1 (1.00) | Phase 3->3 | Ground 1.0cm | Target B | PredXYZ [0.079 0.113 0.9  ] | TrueXYZ [0.075 0.104 0.903] | EEF [0.069 0.108 0.897] | ObjZ 0.903 | Up 1.00 | Hold 10/5 | Age 0 (1) | Resets 4 | Shield 0
Episode 98: Clean Success | failure=success | termination=success
Scene rejected for ('push', 'B'): Deterministic push path is blocked by a distractor
Scene rejected for ('push', 'B'): Deterministic push path leaves the safe workspace
Scene rejected for ('push', 'B'): Deterministic push path is blocked by a distractor
Scene rejected for ('push', 'B'): Deterministic push path is blocked by a distractor
Episode 99/120: Push the blue ball away from the robot | ensemble=temporal
Ep 99 | Step 1/200 | XYZ [ 0.04  -0.217 -0.599] | RPY [-0.     0.002 -0.9  ] | Grip 1 (1.00) | Phase 5->5 | Ground 0.6cm | Target B | PredXYZ [-0.07  -0.117  0.828] | TrueXYZ [-0.065 -0.115  0.826] | EEF [-0.084 -0.012  1.019] | ObjZ 0.826 | Up 1.00 | Hold 0/0 | Age 0 (1) | Resets 0 | Shield 0
Ep 99 | Step 20/200 | XYZ [ 0.073  0.038 -0.071] | RPY [ 0.047 -0.011 -0.485] | Grip 1 (1.00) | Phase 5->5 | Ground 0.7cm | Target B | PredXYZ [-0.069 -0.12   0.826] | TrueXYZ [-0.065 -0.115  0.826] | EEF [-0.091 -0.044  0.94 ] | ObjZ 0.826 | Up 1.00 | Hold 0/0 | Age 3 (4) | Resets 0 | Shield 0
Ep 99 | Step 40/200 | XYZ [ 0.01  -0.028 -0.455] | RPY [ 0.004 -0.012  0.001] | Grip 1 (1.00) | Phase 6->6 | Ground 0.2cm | Target B | PredXYZ [-0.067 -0.116  0.826] | TrueXYZ [-0.065 -0.115  0.826] | EEF [-0.082 -0.031  0.886] | ObjZ 0.826 | Up 1.00 | Hold 0/0 | Age 0 (1) | Resets 0 | Shield 0
Ep 99 | Step 60/200 | XYZ [ 0.007 -0.005 -0.075] | RPY [-0.001  0.001 -0.002] | Grip 1 (1.00) | Phase 6->6 | Ground 1.0cm | Target B | PredXYZ [-0.074 -0.115  0.826] | TrueXYZ [-0.065 -0.115  0.826] | EEF [-0.083 -0.035  0.832] | ObjZ 0.826 | Up 1.00 | Hold 0/0 | Age 0 (1) | Resets 0 | Shield 0
Ep 99 | Step 80/200 | XYZ [0.003 0.118 0.022] | RPY [-0.019  0.005 -0.015] | Grip 1 (1.00) | Phase 8->8 | Ground 1.5cm | Target B | PredXYZ [-0.071 -0.182  0.826] | TrueXYZ [-0.056 -0.18   0.826] | EEF [-0.075 -0.147  0.827] | ObjZ 0.826 | Up 1.00 | Hold 2/2 | Age 3 (4) | Resets 2 | Shield 0
Ep 99 | Step 83/200 | XYZ [-0.002  0.112  0.032] | RPY [-0.011  0.013 -0.013] | Grip 1 (1.00) | Phase 8->8 | Ground 1.5cm | Target B | PredXYZ [-0.072 -0.182  0.826] | TrueXYZ [-0.057 -0.181  0.826] | EEF [-0.078 -0.147  0.827] | ObjZ 0.826 | Up 1.00 | Hold 5/5 | Age 3 (4) | Resets 2 | Shield 0
Episode 99: Clean Success | failure=success | termination=success
Episode 100/120: Pick up the red cube | ensemble=temporal
Ep 100 | Step 1/200 | XYZ [ 0.286 -0.069 -0.437] | RPY [-0.002 -0.002 -0.362] | Grip -1 (0.00) | Phase 0->0 | Ground 0.6cm | Target A | PredXYZ [-0.055 -0.01   0.824] | TrueXYZ [-0.061 -0.011  0.821] | EEF [-0.096  0.002  1.011] | ObjZ 0.821 | Up 1.00 | Hold 0/0 | Age 0 (1) | Resets 0 | Shield 0
Ep 100 | Step 20/200 | XYZ [ 0.055 -0.004 -0.093] | RPY [0.002 0.005 0.002] | Grip -1 (0.00) | Phase 0->0 | Ground 0.3cm | Target A | PredXYZ [-0.064 -0.01   0.822] | TrueXYZ [-0.061 -0.011  0.822] | EEF [-0.069  0.002  0.955] | ObjZ 0.822 | Up 1.00 | Hold 0/0 | Age 3 (4) | Resets 0 | Shield 0
Ep 100 | Step 40/200 | XYZ [ 0.029 -0.011 -0.195] | RPY [0.001 0.012 0.002] | Grip -1 (0.00) | Phase 1->1 | Ground 0.8cm | Target A | PredXYZ [-0.069 -0.011  0.822] | TrueXYZ [-0.061 -0.011  0.822] | EEF [-0.067  0.002  0.841] | ObjZ 0.822 | Up 1.00 | Hold 0/0 | Age 0 (1) | Resets 0 | Shield 0
Ep 100 | Step 60/200 | XYZ [ 0.014  0.002 -0.044] | RPY [-0.     0.001  0.001] | Grip 1 (1.00) | Phase 2->2 | Ground 1.4cm | Target A | PredXYZ [-0.073 -0.004  0.823] | TrueXYZ [-0.061 -0.01   0.821] | EEF [-0.064  0.001  0.815] | ObjZ 0.821 | Up 1.00 | Hold 0/0 | Age 0 (1) | Resets 0 | Shield 0
Ep 100 | Step 73/200 | XYZ [ 0.011 -0.001  0.559] | RPY [-0.001  0.022 -0.002] | Grip 1 (1.00) | Phase 3->3 | Ground 0.7cm | Target A | PredXYZ [-0.061 -0.008  0.872] | TrueXYZ [-0.067 -0.01   0.874] | EEF [-0.072 -0.006  0.867] | ObjZ 0.874 | Up 1.00 | Hold 5/0 | Age 0 (1) | Resets 2 | Shield 0
Ep 100 | Step 78/200 | XYZ [0.011 0.    0.44 ] | RPY [-0.001  0.009 -0.003] | Grip 1 (1.00) | Phase 3->3 | Ground 1.2cm | Target A | PredXYZ [-0.076 -0.019  0.895] | TrueXYZ [-0.068 -0.011  0.904] | EEF [-0.073 -0.007  0.897] | ObjZ 0.904 | Up 1.00 | Hold 10/5 | Age 0 (1) | Resets 5 | Shield 0
Episode 100: Clean Success | failure=success | termination=success
Scene rejected for ('push', 'C'): Target is too close to the robot reference ray
Scene rejected for ('push', 'C'): Deterministic push path is blocked by a distractor
Episode 101/120: Push the green cylinder away from the robot | ensemble=temporal
Ep 101 | Step 1/200 | XYZ [-0.063 -0.237 -0.593] | RPY [ 0.006 -0.002  0.9  ] | Grip 1 (1.00) | Phase 5->5 | Ground 0.6cm | Target C | PredXYZ [-0.124 -0.117  0.824] | TrueXYZ [-0.121 -0.112  0.822] | EEF [-0.104  0.011  1.014] | ObjZ 0.822 | Up 1.00 | Hold 0/0 | Age 0 (1) | Resets 0 | Shield 0
Ep 101 | Step 20/200 | XYZ [ 0.074 -0.164 -0.081] | RPY [-0.041  0.009  0.447] | Grip 1 (1.00) | Phase 5->5 | Ground 0.5cm | Target C | PredXYZ [-0.124 -0.115  0.822] | TrueXYZ [-0.121 -0.112  0.822] | EEF [-0.132 -0.014  0.931] | ObjZ 0.822 | Up 1.00 | Hold 0/0 | Age 3 (4) | Resets 0 | Shield 0
Ep 101 | Step 40/200 | XYZ [0.115 0.005 0.022] | RPY [ 0.001  0.013 -0.   ] | Grip 1 (1.00) | Phase 5->5 | Ground 0.8cm | Target C | PredXYZ [-0.128 -0.116  0.822] | TrueXYZ [-0.121 -0.112  0.822] | EEF [-0.131 -0.045  0.923] | ObjZ 0.822 | Up 1.00 | Hold 0/0 | Age 3 (4) | Resets 0 | Shield 0
Ep 101 | Step 60/200 | XYZ [ 0.076 -0.002 -0.631] | RPY [-0.007 -0.007  0.004] | Grip 1 (1.00) | Phase 6->6 | Ground 0.9cm | Target C | PredXYZ [-0.131 -0.113  0.822] | TrueXYZ [-0.121 -0.112  0.822] | EEF [-0.105 -0.044  0.904] | ObjZ 0.822 | Up 1.00 | Hold 0/0 | Age 0 (1) | Resets 0 | Shield 0
Ep 101 | Step 80/200 | XYZ [ 0.027  0.013 -0.114] | RPY [-0.002  0.004 -0.002] | Grip 1 (1.00) | Phase 6->6 | Ground 0.7cm | Target C | PredXYZ [-0.128 -0.112  0.822] | TrueXYZ [-0.121 -0.112  0.822] | EEF [-0.098 -0.04   0.828] | ObjZ 0.822 | Up 1.00 | Hold 0/0 | Age 0 (1) | Resets 0 | Shield 0
Ep 101 | Step 100/200 | XYZ [-0.092 -0.555  0.   ] | RPY [0.012 0.012 0.01 ] | Grip 1 (1.00) | Phase 7->7 | Ground 0.6cm | Target C | PredXYZ [-0.131 -0.142  0.823] | TrueXYZ [-0.131 -0.154  0.823] | EEF [-0.114 -0.114  0.819] | ObjZ 0.823 | Up 1.00 | Hold 0/0 | Age 0 (1) | Resets 2 | Shield 7
Ep 101 | Step 108/200 | XYZ [-0.004  0.022  0.004] | RPY [-0.01   0.001 -0.012] | Grip 1 (1.00) | Phase 8->8 | Ground 0.2cm | Target C | PredXYZ [-0.137 -0.19   0.824] | TrueXYZ [-0.136 -0.193  0.823] | EEF [-0.121 -0.152  0.819] | ObjZ 0.823 | Up 1.00 | Hold 5/5 | Age 0 (1) | Resets 4 | Shield 13
Episode 101: Clean Success | failure=success | termination=success
Scene rejected for ('push', 'C'): Deterministic push path is blocked by a distractor
Scene rejected for ('push', 'C'): Deterministic push path is blocked by a distractor
Scene rejected for ('push', 'C'): Deterministic push path is blocked by a distractor
Scene rejected for ('push', 'C'): Deterministic push path is blocked by a distractor
Scene rejected for ('push', 'C'): Deterministic push path is blocked by a distractor
Scene rejected for ('push', 'C'): Deterministic push path is blocked by a distractor
Scene rejected for ('push', 'C'): Target is too close to the robot reference ray
Scene rejected for ('push', 'C'): Deterministic push path is blocked by a distractor
Scene rejected for ('push', 'C'): Deterministic push path is blocked by a distractor
Scene rejected for ('push', 'C'): Deterministic push path is blocked by a distractor
Scene rejected for ('push', 'C'): Deterministic push path is blocked by a distractor
Scene rejected for ('push', 'C'): Deterministic push path is blocked by a distractor
Scene rejected for ('push', 'C'): Deterministic push path is blocked by a distractor
Scene rejected for ('push', 'C'): Deterministic push path is blocked by a distractor
Scene rejected for ('push', 'C'): Deterministic push path is blocked by a distractor
Scene rejected for ('push', 'C'): Target is too close to the robot reference ray
Scene rejected for ('push', 'C'): Deterministic push path is blocked by a distractor
Scene rejected for ('push', 'C'): Deterministic push path is blocked by a distractor
Episode 102/120: Push the green cylinder away from the robot | ensemble=temporal
Ep 102 | Step 1/200 | XYZ [-0.033 -0.299 -0.655] | RPY [ 0.003  0.005 -0.499] | Grip 1 (1.00) | Phase 5->5 | Ground 1.6cm | Target C | PredXYZ [-0.113 -0.135  0.824] | TrueXYZ [-0.098 -0.131  0.822] | EEF [-0.099 -0.017  1.018] | ObjZ 0.822 | Up 1.00 | Hold 0/0 | Age 0 (1) | Resets 0 | Shield 0
Ep 102 | Step 20/200 | XYZ [ 0.057  0.023 -0.102] | RPY [ 0.039 -0.017 -0.647] | Grip 1 (1.00) | Phase 5->5 | Ground 0.8cm | Target C | PredXYZ [-0.105 -0.134  0.822] | TrueXYZ [-0.098 -0.131  0.822] | EEF [-0.107 -0.052  0.935] | ObjZ 0.822 | Up 1.00 | Hold 0/0 | Age 3 (4) | Resets 0 | Shield 0
Ep 102 | Step 40/200 | XYZ [ 0.027 -0.053 -0.515] | RPY [ 0.006 -0.01   0.005] | Grip 1 (1.00) | Phase 6->6 | Ground 1.1cm | Target C | PredXYZ [-0.109 -0.13   0.822] | TrueXYZ [-0.098 -0.131  0.822] | EEF [-0.098 -0.04   0.883] | ObjZ 0.822 | Up 1.00 | Hold 0/0 | Age 0 (1) | Resets 0 | Shield 0
Ep 102 | Step 60/200 | XYZ [ 0.016 -0.012 -0.091] | RPY [-0.001  0.003 -0.   ] | Grip 1 (1.00) | Phase 6->6 | Ground 1.4cm | Target C | PredXYZ [-0.112 -0.13   0.823] | TrueXYZ [-0.098 -0.131  0.822] | EEF [-0.099 -0.049  0.822] | ObjZ 0.822 | Up 1.00 | Hold 0/0 | Age 0 (1) | Resets 0 | Shield 0
Ep 102 | Step 80/200 | XYZ [-0.011 -0.372  0.   ] | RPY [-0.002  0.    -0.005] | Grip 1 (1.00) | Phase 7->7 | Ground 1.5cm | Target C | PredXYZ [-0.115 -0.188  0.823] | TrueXYZ [-0.099 -0.194  0.823] | EEF [-0.096 -0.155  0.818] | ObjZ 0.823 | Up 1.00 | Hold 0/0 | Age 0 (1) | Resets 2 | Shield 9
Ep 102 | Step 85/200 | XYZ [0.013 0.067 0.024] | RPY [-0.015  0.004 -0.015] | Grip 1 (1.00) | Phase 8->8 | Ground 1.3cm | Target C | PredXYZ [-0.113 -0.208  0.823] | TrueXYZ [-0.101 -0.203  0.822] | EEF [-0.101 -0.165  0.818] | ObjZ 0.822 | Up 1.00 | Hold 5/5 | Age 3 (4) | Resets 3 | Shield 10
Episode 102: Clean Success | failure=success | termination=success
Scene rejected for ('push', 'B'): Deterministic push path is blocked by a distractor
Scene rejected for ('push', 'B'): Deterministic push path is blocked by a distractor
Scene rejected for ('push', 'B'): Target is too close to the robot reference ray
Scene rejected for ('push', 'B'): Deterministic push path leaves the safe workspace
Episode 103/120: Push the blue ball away from the robot | ensemble=temporal
Ep 103 | Step 1/200 | XYZ [-0.032 -0.093 -0.556] | RPY [ 0.003 -0.002  0.9  ] | Grip 1 (1.00) | Phase 5->5 | Ground 1.0cm | Target B | PredXYZ [-0.122  0.066  0.828] | TrueXYZ [-0.124  0.056  0.826] | EEF [-0.108 -0.004  1.013] | ObjZ 0.826 | Up 1.00 | Hold 0/0 | Age 0 (1) | Resets 0 | Shield 0
Ep 103 | Step 20/200 | XYZ [ 0.029 -0.129 -0.131] | RPY [-0.033 -0.011  0.771] | Grip 1 (1.00) | Phase 5->5 | Ground 1.4cm | Target B | PredXYZ [-0.121  0.07   0.827] | TrueXYZ [-0.124  0.056  0.826] | EEF [-0.121 -0.011  0.937] | ObjZ 0.826 | Up 1.00 | Hold 0/0 | Age 3 (4) | Resets 0 | Shield 0
Ep 103 | Step 40/200 | XYZ [ 0.044  0.028 -0.2  ] | RPY [-0.003  0.009 -0.   ] | Grip 1 (1.00) | Phase 6->6 | Ground 1.9cm | Target B | PredXYZ [-0.116  0.073  0.827] | TrueXYZ [-0.124  0.056  0.826] | EEF [-0.125 -0.035  0.851] | ObjZ 0.826 | Up 1.00 | Hold 0/0 | Age 0 (1) | Resets 0 | Shield 0
Ep 103 | Step 60/200 | XYZ [ 0.059  0.9   -0.042] | RPY [-0.032 -0.003 -0.029] | Grip 1 (1.00) | Phase 7->7 | Ground 1.9cm | Target B | PredXYZ [-0.118  0.074  0.826] | TrueXYZ [-0.124  0.056  0.826] | EEF [-0.113  0.006  0.827] | ObjZ 0.826 | Up 1.00 | Hold 0/0 | Age 0 (1) | Resets 2 | Shield 0
Ep 103 | Step 80/200 | XYZ [0.004 0.017 0.324] | RPY [0.011 0.013 0.014] | Grip 1 (1.00) | Phase 9->9 | Ground 2.5cm | Target B | PredXYZ [-0.122  0.121  0.825] | TrueXYZ [-0.128  0.097  0.826] | EEF [-0.098  0.111  0.874] | ObjZ 0.826 | Up 1.00 | Hold 0/0 | Age 0 (1) | Resets 10 | Shield 0
Ep 103 | Step 100/200 | XYZ [-0.201 -0.539  0.079] | RPY [0.012 0.003 0.009] | Grip 1 (1.00) | Phase 9->9 | Ground 1.2cm | Target B | PredXYZ [-0.125  0.108  0.826] | TrueXYZ [-0.128  0.097  0.826] | EEF [-0.124  0.087  0.915] | ObjZ 0.826 | Up 1.00 | Hold 0/0 | Age 0 (1) | Resets 10 | Shield 0
Ep 103 | Step 120/200 | XYZ [ 0.005 -0.034 -0.546] | RPY [-0.012 -0.015  0.01 ] | Grip 1 (1.00) | Phase 6->6 | Ground 1.4cm | Target B | PredXYZ [-0.121  0.109  0.826] | TrueXYZ [-0.128  0.097  0.826] | EEF [-0.14   0.009  0.897] | ObjZ 0.826 | Up 1.00 | Hold 0/0 | Age 0 (1) | Resets 10 | Shield 0
Ep 103 | Step 140/200 | XYZ [ 0.026  0.014 -0.094] | RPY [-0.001  0.004  0.   ] | Grip 1 (1.00) | Phase 6->6 | Ground 1.3cm | Target B | PredXYZ [-0.117  0.104  0.825] | TrueXYZ [-0.128  0.097  0.826] | EEF [-0.135  0.01   0.834] | ObjZ 0.826 | Up 1.00 | Hold 0/0 | Age 0 (1) | Resets 10 | Shield 0
Ep 103 | Step 158/200 | XYZ [ 0.027  0.612 -0.044] | RPY [ 0.001 -0.009 -0.015] | Grip 1 (1.00) | Phase 7->7 | Ground 1.8cm | Target B | PredXYZ [-0.114  0.159  0.825] | TrueXYZ [-0.127  0.15   0.824] | EEF [-0.1    0.121  0.833] | ObjZ 0.824 | Up 1.00 | Hold 5/5 | Age 0 (1) | Resets 14 | Shield 0
Episode 103: Clean Success | failure=success | termination=success
Episode 104/120: Pick up the red cube | ensemble=temporal
Ep 104 | Step 1/200 | XYZ [ 0.008  0.495 -0.431] | RPY [-0.001 -0.005 -0.859] | Grip -1 (0.00) | Phase 0->0 | Ground 1.2cm | Target A | PredXYZ [-0.106  0.075  0.824] | TrueXYZ [-0.098  0.067  0.821] | EEF [-0.108 -0.009  1.006] | ObjZ 0.821 | Up 1.00 | Hold 0/0 | Age 0 (1) | Resets 0 | Shield 0
Ep 104 | Step 20/200 | XYZ [ 0.046  0.097 -0.063] | RPY [0.009 0.025 0.011] | Grip -1 (0.00) | Phase 0->0 | Ground 1.3cm | Target A | PredXYZ [-0.106  0.076  0.822] | TrueXYZ [-0.098  0.067  0.822] | EEF [-0.117  0.056  0.95 ] | ObjZ 0.822 | Up 1.00 | Hold 0/0 | Age 3 (4) | Resets 0 | Shield 0
Ep 104 | Step 40/200 | XYZ [ 0.031  0.005 -0.548] | RPY [ 0.006 -0.016  0.005] | Grip -1 (0.00) | Phase 1->1 | Ground 0.7cm | Target A | PredXYZ [-0.104  0.068  0.822] | TrueXYZ [-0.098  0.067  0.822] | EEF [-0.116  0.069  0.897] | ObjZ 0.822 | Up 1.00 | Hold 0/0 | Age 0 (1) | Resets 0 | Shield 0
Ep 104 | Step 60/200 | XYZ [ 0.056 -0.001 -0.124] | RPY [0.003 0.013 0.004] | Grip -1 (0.00) | Phase 1->1 | Ground 0.8cm | Target A | PredXYZ [-0.103  0.073  0.822] | TrueXYZ [-0.098  0.067  0.822] | EEF [-0.116  0.075  0.821] | ObjZ 0.822 | Up 1.00 | Hold 0/0 | Age 0 (1) | Resets 0 | Shield 0
Ep 104 | Step 80/200 | XYZ [0.02  0.001 0.765] | RPY [-0.004  0.008 -0.002] | Grip 1 (1.00) | Phase 3->3 | Ground 1.1cm | Target A | PredXYZ [-0.108  0.068  0.822] | TrueXYZ [-0.098  0.066  0.83 ] | EEF [-0.113  0.075  0.819] | ObjZ 0.830 | Up 1.00 | Hold 0/0 | Age 0 (1) | Resets 0 | Shield 0
Ep 104 | Step 86/200 | XYZ [ 0.018 -0.005  0.561] | RPY [-0.01   0.027 -0.005] | Grip 1 (1.00) | Phase 3->3 | Ground 1.1cm | Target A | PredXYZ [-0.113  0.059  0.86 ] | TrueXYZ [-0.105  0.061  0.872] | EEF [-0.12   0.07   0.862] | ObjZ 0.872 | Up 1.00 | Hold 5/0 | Age 0 (1) | Resets 2 | Shield 0
Ep 104 | Step 92/200 | XYZ [ 0.018 -0.003  0.413] | RPY [-0.008  0.011 -0.007] | Grip 1 (1.00) | Phase 3->3 | Ground 2.7cm | Target A | PredXYZ [-0.131  0.068  0.898] | TrueXYZ [-0.106  0.057  0.906] | EEF [-0.122  0.065  0.895] | ObjZ 0.906 | Up 1.00 | Hold 11/5 | Age 0 (1) | Resets 6 | Shield 0
Episode 104: Clean Success | failure=success | termination=success
Episode 105/120: Pick up the blue ball | ensemble=temporal
Ep 105 | Step 1/200 | XYZ [ 0.596 -0.089 -0.406] | RPY [-0.001 -0.001 -0.   ] | Grip -1 (0.00) | Phase 0->0 | Ground 0.8cm | Target B | PredXYZ [-0.01  -0.022  0.828] | TrueXYZ [-0.006 -0.029  0.826] | EEF [-0.103 -0.006  1.013] | ObjZ 0.826 | Up 1.00 | Hold 0/0 | Age 0 (1) | Resets 0 | Shield 0
Ep 105 | Step 20/200 | XYZ [ 0.132 -0.035 -0.081] | RPY [ 0.    -0.001  0.002] | Grip -1 (0.00) | Phase 0->0 | Ground 0.7cm | Target B | PredXYZ [-0.012 -0.027  0.826] | TrueXYZ [-0.006 -0.029  0.826] | EEF [-0.035 -0.02   0.964] | ObjZ 0.826 | Up 1.00 | Hold 0/0 | Age 3 (4) | Resets 0 | Shield 0
Ep 105 | Step 40/200 | XYZ [ 0.024 -0.012 -0.369] | RPY [0.001 0.001 0.001] | Grip -1 (0.00) | Phase 1->1 | Ground 1.7cm | Target B | PredXYZ [-0.023 -0.031  0.826] | TrueXYZ [-0.006 -0.029  0.826] | EEF [-0.018 -0.024  0.871] | ObjZ 0.826 | Up 1.00 | Hold 0/0 | Age 0 (1) | Resets 0 | Shield 0
Ep 105 | Step 60/200 | XYZ [ 0.022  0.004 -0.085] | RPY [0.    0.002 0.001] | Grip -1 (0.00) | Phase 1->1 | Ground 0.8cm | Target B | PredXYZ [-0.015 -0.028  0.826] | TrueXYZ [-0.006 -0.029  0.826] | EEF [-0.016 -0.025  0.824] | ObjZ 0.826 | Up 1.00 | Hold 0/0 | Age 0 (1) | Resets 0 | Shield 0
Ep 105 | Step 79/200 | XYZ [0.009 0.    0.573] | RPY [-0.     0.014 -0.002] | Grip 1 (1.00) | Phase 3->3 | Ground 0.3cm | Target B | PredXYZ [-0.007 -0.028  0.864] | TrueXYZ [-0.009 -0.029  0.872] | EEF [-0.016 -0.026  0.866] | ObjZ 0.872 | Up 1.00 | Hold 5/0 | Age 0 (1) | Resets 2 | Shield 0
Ep 105 | Step 80/200 | XYZ [0.009 0.    0.545] | RPY [-0.     0.013 -0.002] | Grip 1 (1.00) | Phase 3->3 | Ground 0.4cm | Target B | PredXYZ [-0.006 -0.029  0.87 ] | TrueXYZ [-0.01  -0.029  0.879] | EEF [-0.017 -0.026  0.872] | ObjZ 0.879 | Up 1.00 | Hold 6/0 | Age 0 (1) | Resets 2 | Shield 0
Ep 105 | Step 85/200 | XYZ [0.007 0.    0.424] | RPY [ 0.     0.006 -0.002] | Grip 1 (1.00) | Phase 3->3 | Ground 1.4cm | Target B | PredXYZ [ 0.002 -0.034  0.906] | TrueXYZ [-0.01  -0.029  0.907] | EEF [-0.017 -0.026  0.901] | ObjZ 0.907 | Up 1.00 | Hold 11/5 | Age 0 (1) | Resets 3 | Shield 0
Episode 105: Clean Success | failure=success | termination=success
Episode 106/120: Pick up the red cube | ensemble=temporal
Ep 106 | Step 1/200 | XYZ [ 0.9   -0.827 -0.569] | RPY [-0.002 -0.009  0.382] | Grip -1 (0.00) | Phase 0->0 | Ground 0.9cm | Target A | PredXYZ [ 0.114 -0.112  0.824] | TrueXYZ [ 0.109 -0.119  0.821] | EEF [-0.07   0.005  1.03 ] | ObjZ 0.821 | Up 1.00 | Hold 0/0 | Age 0 (1) | Resets 0 | Shield 0
Ep 106 | Step 20/200 | XYZ [ 0.416 -0.126 -0.047] | RPY [-0.031  0.025  0.017] | Grip -1 (0.00) | Phase 0->0 | Ground 0.4cm | Target A | PredXYZ [ 0.113 -0.121  0.821] | TrueXYZ [ 0.109 -0.119  0.822] | EEF [ 0.06  -0.114  0.946] | ObjZ 0.822 | Up 1.00 | Hold 0/0 | Age 3 (4) | Resets 0 | Shield 0
Ep 106 | Step 40/200 | XYZ [ 0.064 -0.022 -0.654] | RPY [ 0.    -0.007  0.004] | Grip -1 (0.00) | Phase 1->1 | Ground 0.8cm | Target A | PredXYZ [ 0.117 -0.12   0.822] | TrueXYZ [ 0.109 -0.119  0.822] | EEF [ 0.113 -0.125  0.915] | ObjZ 0.822 | Up 1.00 | Hold 0/0 | Age 0 (1) | Resets 0 | Shield 0
Ep 106 | Step 60/200 | XYZ [ 0.018  0.004 -0.158] | RPY [-0.002 -0.001 -0.002] | Grip -1 (0.00) | Phase 1->1 | Ground 2.5cm | Target A | PredXYZ [ 0.128 -0.117  0.837] | TrueXYZ [ 0.109 -0.119  0.822] | EEF [ 0.12  -0.128  0.833] | ObjZ 0.822 | Up 1.00 | Hold 0/0 | Age 0 (1) | Resets 1 | Shield 0
Ep 106 | Step 80/200 | XYZ [0.007 0.011 0.717] | RPY [-0.004 -0.007 -0.005] | Grip 1 (1.00) | Phase 3->3 | Ground 1.3cm | Target A | PredXYZ [ 0.127 -0.118  0.826] | TrueXYZ [ 0.114 -0.12   0.833] | EEF [ 0.123 -0.121  0.835] | ObjZ 0.833 | Up 0.99 | Hold 0/0 | Age 0 (1) | Resets 4 | Shield 0
Ep 106 | Step 85/200 | XYZ [0.006 0.007 0.553] | RPY [-0.002 -0.007 -0.004] | Grip 1 (1.00) | Phase 3->3 | Ground 0.7cm | Target A | PredXYZ [ 0.117 -0.128  0.863] | TrueXYZ [ 0.116 -0.122  0.871] | EEF [ 0.124 -0.121  0.872] | ObjZ 0.871 | Up 0.99 | Hold 5/0 | Age 0 (1) | Resets 5 | Shield 0
Ep 106 | Step 91/200 | XYZ [0.006 0.008 0.404] | RPY [ 0.     0.004 -0.003] | Grip 1 (1.00) | Phase 3->3 | Ground 1.5cm | Target A | PredXYZ [ 0.128 -0.124  0.906] | TrueXYZ [ 0.115 -0.121  0.904] | EEF [ 0.122 -0.12   0.905] | ObjZ 0.904 | Up 0.99 | Hold 11/5 | Age 0 (1) | Resets 7 | Shield 0
Episode 106: Clean Success | failure=success | termination=success
Scene rejected for ('push', 'B'): Deterministic push path is blocked by a distractor
Scene rejected for ('push', 'B'): Deterministic push path is blocked by a distractor
Scene rejected for ('push', 'B'): Deterministic push path is blocked by a distractor
Episode 107/120: Push the blue ball away from the robot | ensemble=temporal
Ep 107 | Step 1/200 | XYZ [ 0.787  0.448 -0.625] | RPY [-0.001 -0.005  0.9  ] | Grip 1 (1.00) | Phase 5->5 | Ground 0.2cm | Target B | PredXYZ [0.105 0.107 0.828] | TrueXYZ [0.103 0.107 0.826] | EEF [-0.088 -0.004  1.027] | ObjZ 0.826 | Up 1.00 | Hold 0/0 | Age 0 (1) | Resets 0 | Shield 0
Ep 107 | Step 20/200 | XYZ [ 0.19   0.138 -0.128] | RPY [-0.016  0.001  0.005] | Grip 1 (1.00) | Phase 5->5 | Ground 0.7cm | Target B | PredXYZ [0.11  0.109 0.826] | TrueXYZ [0.103 0.107 0.826] | EEF [0.008 0.041 0.944] | ObjZ 0.826 | Up 1.00 | Hold 0/0 | Age 3 (4) | Resets 0 | Shield 0
Ep 107 | Step 40/200 | XYZ [ 0.024  0.025 -0.403] | RPY [-0.001 -0.004  0.001] | Grip 1 (1.00) | Phase 6->6 | Ground 0.8cm | Target B | PredXYZ [0.11  0.104 0.826] | TrueXYZ [0.103 0.107 0.826] | EEF [0.03  0.058 0.878] | ObjZ 0.826 | Up 1.00 | Hold 0/0 | Age 0 (1) | Resets 0 | Shield 0
Ep 107 | Step 60/200 | XYZ [ 0.01   0.013 -0.078] | RPY [-0.001 -0.001 -0.004] | Grip 1 (1.00) | Phase 6->6 | Ground 0.5cm | Target B | PredXYZ [0.108 0.106 0.826] | TrueXYZ [0.103 0.107 0.826] | EEF [0.031 0.06  0.829] | ObjZ 0.826 | Up 1.00 | Hold 0/0 | Age 0 (1) | Resets 0 | Shield 0
Ep 107 | Step 77/200 | XYZ [-0.091 -0.065  0.   ] | RPY [ 0.019 -0.043  0.002] | Grip 1 (1.00) | Phase 8->8 | Ground 0.9cm | Target B | PredXYZ [0.186 0.152 0.826] | TrueXYZ [0.178 0.151 0.826] | EEF [0.144 0.136 0.825] | ObjZ 0.826 | Up 1.00 | Hold 5/5 | Age 2 (3) | Resets 6 | Shield 3
Episode 107: Clean Success | failure=success | termination=success
Scene rejected for ('push', 'A'): Deterministic push path is blocked by a distractor
Scene rejected for ('push', 'A'): Deterministic push path is blocked by a distractor
Scene rejected for ('push', 'A'): Deterministic push path is blocked by a distractor
Episode 108/120: Push the red cube away from the robot | ensemble=temporal
Ep 108 | Step 1/200 | XYZ [ 0.542  0.297 -0.543] | RPY [-0.003 -0.001  0.9  ] | Grip 1 (1.00) | Phase 5->5 | Ground 0.4cm | Target A | PredXYZ [0.071 0.096 0.824] | TrueXYZ [0.07  0.093 0.821] | EEF [-0.079  0.011  1.006] | ObjZ 0.821 | Up 1.00 | Hold 0/0 | Age 0 (1) | Resets 0 | Shield 0
Ep 108 | Step 20/200 | XYZ [ 0.117  0.094 -0.096] | RPY [-0.01   0.    -0.001] | Grip 1 (1.00) | Phase 5->5 | Ground 0.3cm | Target A | PredXYZ [0.069 0.096 0.822] | TrueXYZ [0.07  0.093 0.822] | EEF [-0.02   0.037  0.936] | ObjZ 0.822 | Up 1.00 | Hold 0/0 | Age 3 (4) | Resets 0 | Shield 0
Ep 108 | Step 40/200 | XYZ [ 0.018  0.025 -0.307] | RPY [-0.001  0.002 -0.002] | Grip 1 (1.00) | Phase 6->6 | Ground 0.7cm | Target A | PredXYZ [0.076 0.097 0.822] | TrueXYZ [0.07  0.093 0.822] | EEF [-0.006  0.047  0.858] | ObjZ 0.822 | Up 1.00 | Hold 0/0 | Age 0 (1) | Resets 0 | Shield 0
Ep 108 | Step 60/200 | XYZ [ 0.678  0.385 -0.022] | RPY [-0.012  0.026 -0.005] | Grip 1 (1.00) | Phase 7->7 | Ground 0.4cm | Target A | PredXYZ [0.071 0.097 0.822] | TrueXYZ [0.07  0.093 0.822] | EEF [0.01  0.057 0.82 ] | ObjZ 0.822 | Up 1.00 | Hold 0/0 | Age 0 (1) | Resets 0 | Shield 0
Ep 108 | Step 80/200 | XYZ [-0.037 -0.016  0.   ] | RPY [ 0.005 -0.012 -0.002] | Grip 1 (1.00) | Phase 8->8 | Ground 1.0cm | Target A | PredXYZ [0.139 0.141 0.822] | TrueXYZ [0.136 0.133 0.822] | EEF [0.112 0.113 0.819] | ObjZ 0.822 | Up 1.00 | Hold 4/4 | Age 3 (4) | Resets 1 | Shield 18
Ep 108 | Step 81/200 | XYZ [-0.04  -0.022  0.   ] | RPY [ 0.008 -0.021 -0.003] | Grip 1 (1.00) | Phase 8->8 | Ground 1.1cm | Target A | PredXYZ [0.143 0.142 0.822] | TrueXYZ [0.137 0.134 0.822] | EEF [0.113 0.113 0.82 ] | ObjZ 0.822 | Up 1.00 | Hold 5/5 | Age 3 (4) | Resets 1 | Shield 19
Episode 108: Clean Success | failure=success | termination=success
Scene rejected for ('push', 'C'): Deterministic push path is blocked by a distractor
Scene rejected for ('push', 'C'): Deterministic push path is blocked by a distractor
Scene rejected for ('push', 'C'): Deterministic push path is blocked by a distractor
Scene rejected for ('push', 'C'): Deterministic push path is blocked by a distractor
Scene rejected for ('push', 'C'): Target is too close to the robot reference ray
Scene rejected for ('push', 'C'): Deterministic push path is blocked by a distractor
Scene rejected for ('push', 'C'): Deterministic push path is blocked by a distractor
Scene rejected for ('push', 'C'): Deterministic push path is blocked by a distractor
Scene rejected for ('push', 'C'): Deterministic push path is blocked by a distractor
Scene rejected for ('push', 'C'): Deterministic push path is blocked by a distractor
Scene rejected for ('push', 'C'): Deterministic push path is blocked by a distractor
Scene rejected for ('push', 'C'): Target is too close to the robot reference ray
Scene rejected for ('push', 'C'): Deterministic push path is blocked by a distractor
Scene rejected for ('push', 'C'): Deterministic push path is blocked by a distractor
Scene rejected for ('push', 'C'): Target is too close to the robot reference ray
Scene rejected for ('push', 'C'): Deterministic push path is blocked by a distractor
Scene rejected for ('push', 'C'): Deterministic push path is blocked by a distractor
Scene rejected for ('push', 'C'): Deterministic push path is blocked by a distractor
Scene rejected for ('push', 'C'): Deterministic push path is blocked by a distractor
Scene rejected for ('push', 'C'): Deterministic push path is blocked by a distractor
Scene rejected for ('push', 'C'): Deterministic push path is blocked by a distractor
Scene rejected for ('push', 'C'): Deterministic push path is blocked by a distractor
Scene rejected for ('push', 'C'): Deterministic push path is blocked by a distractor
Scene rejected for ('push', 'C'): Deterministic push path is blocked by a distractor
Scene rejected for ('push', 'C'): Deterministic push path is blocked by a distractor
Scene rejected for ('push', 'C'): Deterministic push path is blocked by a distractor
Scene rejected for ('push', 'C'): Deterministic push path is blocked by a distractor
Episode 109/120: Push the green cylinder away from the robot | ensemble=temporal
Ep 109 | Step 1/200 | XYZ [-0.057 -0.198 -0.515] | RPY [ 0.005 -0.001  0.9  ] | Grip 1 (1.00) | Phase 5->5 | Ground 1.4cm | Target C | PredXYZ [-0.111  0.046  0.824] | TrueXYZ [-0.097  0.047  0.822] | EEF [-1.000e-01  1.000e-03  1.002e+00] | ObjZ 0.822 | Up 1.00 | Hold 0/0 | Age 0 (1) | Resets 0 | Shield 0
Ep 109 | Step 20/200 | XYZ [ 0.049 -0.127 -0.078] | RPY [-0.033  0.002  0.519] | Grip 1 (1.00) | Phase 5->5 | Ground 0.9cm | Target C | PredXYZ [-0.105  0.043  0.822] | TrueXYZ [-0.097  0.047  0.822] | EEF [-0.121 -0.016  0.93 ] | ObjZ 0.822 | Up 1.00 | Hold 0/0 | Age 3 (4) | Resets 0 | Shield 0
Ep 109 | Step 40/200 | XYZ [ 0.056  0.03  -0.213] | RPY [-0.003  0.012 -0.001] | Grip 1 (1.00) | Phase 6->6 | Ground 0.4cm | Target C | PredXYZ [-0.101  0.047  0.822] | TrueXYZ [-0.097  0.047  0.822] | EEF [-0.121 -0.042  0.841] | ObjZ 0.822 | Up 1.00 | Hold 0/0 | Age 0 (1) | Resets 0 | Shield 0
Ep 109 | Step 60/200 | XYZ [0.053 0.699 0.   ] | RPY [-0.026 -0.003 -0.023] | Grip 1 (1.00) | Phase 7->7 | Ground 0.5cm | Target C | PredXYZ [-0.102  0.046  0.822] | TrueXYZ [-0.097  0.047  0.822] | EEF [-0.109 -0.011  0.819] | ObjZ 0.822 | Up 1.00 | Hold 0/0 | Age 0 (1) | Resets 0 | Shield 6
Ep 109 | Step 78/200 | XYZ [ 0.01  -0.055  0.005] | RPY [0.013 0.001 0.008] | Grip 1 (1.00) | Phase 8->8 | Ground 1.5cm | Target C | PredXYZ [-0.095  0.138  0.822] | TrueXYZ [-0.087  0.128  0.823] | EEF [-0.104  0.092  0.818] | ObjZ 0.823 | Up 1.00 | Hold 5/5 | Age 3 (4) | Resets 3 | Shield 8
Episode 109: Clean Success | failure=success | termination=success
Episode 110/120: Pick up the blue ball | ensemble=temporal
Ep 110 | Step 1/200 | XYZ [-0.058  0.648 -0.486] | RPY [ 0.001 -0.002 -0.005] | Grip -1 (0.00) | Phase 0->0 | Ground 1.3cm | Target B | PredXYZ [-0.107  0.121  0.828] | TrueXYZ [-0.095  0.117  0.826] | EEF [-0.101  0.011  1.022] | ObjZ 0.826 | Up 1.00 | Hold 0/0 | Age 0 (1) | Resets 0 | Shield 0
Ep 110 | Step 20/200 | XYZ [-0.007  0.202 -0.108] | RPY [0.001 0.006 0.002] | Grip -1 (0.00) | Phase 0->0 | Ground 1.4cm | Target B | PredXYZ [-0.109  0.117  0.826] | TrueXYZ [-0.095  0.117  0.826] | EEF [-0.11   0.092  0.962] | ObjZ 0.826 | Up 1.00 | Hold 0/0 | Age 3 (4) | Resets 0 | Shield 0
Ep 110 | Step 40/200 | XYZ [ 0.02   0.002 -0.362] | RPY [0.008 0.014 0.011] | Grip -1 (0.00) | Phase 1->1 | Ground 0.9cm | Target B | PredXYZ [-0.103  0.111  0.826] | TrueXYZ [-0.095  0.117  0.826] | EEF [-0.117  0.119  0.868] | ObjZ 0.826 | Up 1.00 | Hold 0/0 | Age 0 (1) | Resets 0 | Shield 0
Ep 110 | Step 60/200 | XYZ [ 0.054 -0.057 -0.074] | RPY [0.003 0.005 0.006] | Grip -1 (0.00) | Phase 1->1 | Ground 1.6cm | Target B | PredXYZ [-0.112  0.117  0.825] | TrueXYZ [-0.095  0.117  0.826] | EEF [-0.122  0.127  0.82 ] | ObjZ 0.826 | Up 1.00 | Hold 0/0 | Age 0 (1) | Resets 0 | Shield 0
Ep 110 | Step 80/200 | XYZ [0.019 0.    0.652] | RPY [-0.007  0.03  -0.005] | Grip 1 (1.00) | Phase 3->3 | Ground 3.2cm | Target B | PredXYZ [-0.124  0.118  0.826] | TrueXYZ [-0.098  0.114  0.849] | EEF [-0.119  0.117  0.838] | ObjZ 0.849 | Up 1.00 | Hold 2/0 | Age 0 (1) | Resets 0 | Shield 0
Ep 110 | Step 83/200 | XYZ [0.018 0.    0.573] | RPY [-0.009  0.029 -0.006] | Grip 1 (1.00) | Phase 3->3 | Ground 2.8cm | Target B | PredXYZ [-0.125  0.11   0.852] | TrueXYZ [-0.101  0.111  0.869] | EEF [-0.122  0.115  0.858] | ObjZ 0.869 | Up 1.00 | Hold 5/0 | Age 0 (1) | Resets 1 | Shield 0
Ep 110 | Step 89/200 | XYZ [0.018 0.001 0.433] | RPY [-0.009  0.012 -0.008] | Grip 1 (1.00) | Phase 3->3 | Ground 2.4cm | Target B | PredXYZ [-0.125  0.108  0.894] | TrueXYZ [-0.102  0.107  0.903] | EEF [-0.124  0.111  0.892] | ObjZ 0.903 | Up 1.00 | Hold 11/5 | Age 0 (1) | Resets 4 | Shield 0
Episode 110: Clean Success | failure=success | termination=success
Episode 111/120: Pick up the red cube | ensemble=temporal
Ep 111 | Step 1/200 | XYZ [ 0.9    0.611 -0.517] | RPY [-0.001  0.003 -0.554] | Grip -1 (0.00) | Phase 0->0 | Ground 0.5cm | Target A | PredXYZ [0.09  0.102 0.824] | TrueXYZ [0.085 0.103 0.821] | EEF [-0.081  0.005  1.019] | ObjZ 0.821 | Up 1.00 | Hold 0/0 | Age 0 (1) | Resets 0 | Shield 0
Ep 111 | Step 20/200 | XYZ [ 0.289  0.105 -0.063] | RPY [0.013 0.001 0.012] | Grip -1 (0.00) | Phase 0->0 | Ground 0.3cm | Target A | PredXYZ [0.084 0.099 0.822] | TrueXYZ [0.085 0.103 0.822] | EEF [0.045 0.097 0.952] | ObjZ 0.822 | Up 1.00 | Hold 0/0 | Age 3 (4) | Resets 0 | Shield 0
Ep 111 | Step 40/200 | XYZ [ 0.042  0.02  -0.494] | RPY [-0.    -0.005 -0.001] | Grip -1 (0.00) | Phase 1->1 | Ground 0.9cm | Target A | PredXYZ [0.094 0.101 0.822] | TrueXYZ [0.085 0.103 0.822] | EEF [0.082 0.109 0.89 ] | ObjZ 0.822 | Up 1.00 | Hold 0/0 | Age 0 (1) | Resets 0 | Shield 0
Ep 111 | Step 60/200 | XYZ [ 0.014  0.001 -0.108] | RPY [ 0.001 -0.001  0.002] | Grip -1 (0.00) | Phase 1->1 | Ground 0.8cm | Target A | PredXYZ [0.092 0.105 0.822] | TrueXYZ [0.085 0.103 0.822] | EEF [0.086 0.113 0.829] | ObjZ 0.822 | Up 1.00 | Hold 0/0 | Age 0 (1) | Resets 0 | Shield 0
Ep 111 | Step 80/200 | XYZ [ 0.005 -0.002  0.678] | RPY [ 0.001 -0.004 -0.001] | Grip 1 (1.00) | Phase 3->3 | Ground 1.8cm | Target A | PredXYZ [0.101 0.107 0.851] | TrueXYZ [0.086 0.104 0.848] | EEF [0.088 0.107 0.846] | ObjZ 0.848 | Up 1.00 | Hold 2/0 | Age 0 (1) | Resets 1 | Shield 0
Ep 111 | Step 83/200 | XYZ [0.007 0.001 0.586] | RPY [ 0.001  0.    -0.   ] | Grip 1 (1.00) | Phase 3->3 | Ground 0.4cm | Target A | PredXYZ [0.085 0.106 0.867] | TrueXYZ [0.086 0.104 0.871] | EEF [0.087 0.107 0.868] | ObjZ 0.871 | Up 1.00 | Hold 5/0 | Age 0 (1) | Resets 2 | Shield 0
Ep 111 | Step 89/200 | XYZ [0.007 0.001 0.436] | RPY [ 0.     0.005 -0.001] | Grip 1 (1.00) | Phase 3->3 | Ground 0.8cm | Target A | PredXYZ [0.085 0.112 0.902] | TrueXYZ [0.084 0.105 0.906] | EEF [0.085 0.107 0.903] | ObjZ 0.906 | Up 1.00 | Hold 11/5 | Age 0 (1) | Resets 4 | Shield 0
Episode 111: Clean Success | failure=success | termination=success
Episode 112/120: Pick up the red cube | ensemble=temporal
Ep 112 | Step 1/200 | XYZ [ 0.9   -0.298 -0.423] | RPY [ 0.005 -0.001 -0.9  ] | Grip -1 (0.00) | Phase 0->0 | Ground 0.7cm | Target A | PredXYZ [ 0.112 -0.027  0.824] | TrueXYZ [ 0.105 -0.025  0.821] | EEF [-0.104  0.006  1.006] | ObjZ 0.821 | Up 1.00 | Hold 0/0 | Age 0 (1) | Resets 0 | Shield 0
Ep 112 | Step 20/200 | XYZ [ 0.334 -0.065 -0.055] | RPY [ 0.012 -0.01   0.001] | Grip -1 (0.00) | Phase 0->0 | Ground 0.1cm | Target A | PredXYZ [ 0.105 -0.024  0.822] | TrueXYZ [ 0.105 -0.025  0.822] | EEF [ 0.048 -0.016  0.952] | ObjZ 0.822 | Up 1.00 | Hold 0/0 | Age 3 (4) | Resets 0 | Shield 0
Ep 112 | Step 40/200 | XYZ [ 0.061 -0.018 -0.589] | RPY [ 0.002 -0.004  0.003] | Grip -1 (0.00) | Phase 1->1 | Ground 0.7cm | Target A | PredXYZ [ 0.106 -0.031  0.822] | TrueXYZ [ 0.105 -0.025  0.822] | EEF [ 0.089 -0.025  0.899] | ObjZ 0.822 | Up 1.00 | Hold 0/0 | Age 0 (1) | Resets 0 | Shield 0
Ep 112 | Step 60/200 | XYZ [ 0.02   0.005 -0.132] | RPY [ 0.    -0.001 -0.   ] | Grip -1 (0.00) | Phase 1->1 | Ground 0.5cm | Target A | PredXYZ [ 0.109 -0.022  0.822] | TrueXYZ [ 0.105 -0.025  0.822] | EEF [ 0.096 -0.024  0.826] | ObjZ 0.822 | Up 1.00 | Hold 0/0 | Age 0 (1) | Resets 0 | Shield 0
Ep 112 | Step 80/200 | XYZ [ 0.005 -0.001  0.708] | RPY [ 0.    -0.007 -0.001] | Grip 1 (1.00) | Phase 3->3 | Ground 2.3cm | Target A | PredXYZ [ 0.124 -0.023  0.847] | TrueXYZ [ 0.106 -0.025  0.841] | EEF [ 0.1   -0.022  0.832] | ObjZ 0.841 | Up 1.00 | Hold 1/0 | Age 0 (1) | Resets 2 | Shield 0
Ep 112 | Step 84/200 | XYZ [0.006 0.    0.589] | RPY [-0.001 -0.004 -0.002] | Grip 1 (1.00) | Phase 3->3 | Ground 1.1cm | Target A | PredXYZ [ 0.114 -0.019  0.871] | TrueXYZ [ 0.106 -0.024  0.872] | EEF [ 0.1   -0.022  0.863] | ObjZ 0.872 | Up 1.00 | Hold 5/0 | Age 0 (1) | Resets 2 | Shield 0
Ep 112 | Step 90/200 | XYZ [ 0.005 -0.     0.437] | RPY [-0.001  0.004 -0.003] | Grip 1 (1.00) | Phase 3->3 | Ground 1.0cm | Target A | PredXYZ [ 0.104 -0.017  0.896] | TrueXYZ [ 0.105 -0.025  0.907] | EEF [ 0.098 -0.022  0.899] | ObjZ 0.907 | Up 1.00 | Hold 11/5 | Age 0 (1) | Resets 2 | Shield 0
Episode 112: Clean Success | failure=success | termination=success
Episode 113/120: Pick up the green cylinder | ensemble=temporal
Ep 113 | Step 1/200 | XYZ [ 0.9    0.481 -0.467] | RPY [-0.001  0.001 -0.006] | Grip -1 (0.00) | Phase 0->0 | Ground 0.3cm | Target C | PredXYZ [0.114 0.082 0.824] | TrueXYZ [0.113 0.085 0.822] | EEF [-9.800e-02  1.000e-03  1.021e+00] | ObjZ 0.822 | Up 1.00 | Hold 0/0 | Age 0 (1) | Resets 0 | Shield 0
Ep 113 | Step 20/200 | XYZ [ 0.368  0.103 -0.079] | RPY [ 0.006 -0.005  0.006] | Grip -1 (0.00) | Phase 0->0 | Ground 0.3cm | Target C | PredXYZ [0.111 0.082 0.822] | TrueXYZ [0.113 0.085 0.822] | EEF [0.057 0.067 0.958] | ObjZ 0.822 | Up 1.00 | Hold 0/0 | Age 3 (4) | Resets 0 | Shield 0
Ep 113 | Step 40/200 | XYZ [ 0.065  0.027 -0.646] | RPY [-0.001 -0.004 -0.001] | Grip -1 (0.00) | Phase 1->1 | Ground 0.4cm | Target C | PredXYZ [0.11  0.082 0.822] | TrueXYZ [0.113 0.085 0.822] | EEF [0.102 0.08  0.911] | ObjZ 0.822 | Up 1.00 | Hold 0/0 | Age 0 (1) | Resets 0 | Shield 0
Ep 113 | Step 60/200 | XYZ [ 0.014  0.008 -0.132] | RPY [ 0.    -0.001  0.001] | Grip -1 (0.00) | Phase 1->1 | Ground 0.8cm | Target C | PredXYZ [0.108 0.092 0.822] | TrueXYZ [0.113 0.085 0.822] | EEF [0.109 0.083 0.832] | ObjZ 0.822 | Up 1.00 | Hold 0/0 | Age 0 (1) | Resets 0 | Shield 0
Ep 113 | Step 80/200 | XYZ [0.003 0.001 0.641] | RPY [ 0.002 -0.006 -0.001] | Grip 1 (1.00) | Phase 3->3 | Ground 1.2cm | Target C | PredXYZ [0.11  0.096 0.844] | TrueXYZ [0.114 0.086 0.857] | EEF [0.111 0.086 0.853] | ObjZ 0.857 | Up 1.00 | Hold 3/0 | Age 0 (1) | Resets 1 | Shield 0
Ep 113 | Step 82/200 | XYZ [0.004 0.002 0.577] | RPY [ 0.002 -0.004 -0.   ] | Grip 1 (1.00) | Phase 3->3 | Ground 0.8cm | Target C | PredXYZ [0.109 0.093 0.863] | TrueXYZ [0.113 0.086 0.871] | EEF [0.111 0.086 0.868] | ObjZ 0.871 | Up 1.00 | Hold 5/0 | Age 0 (1) | Resets 2 | Shield 0
Ep 113 | Step 88/200 | XYZ [0.004 0.002 0.421] | RPY [ 0.001  0.005 -0.   ] | Grip 1 (1.00) | Phase 3->3 | Ground 0.6cm | Target C | PredXYZ [0.11  0.092 0.904] | TrueXYZ [0.111 0.087 0.905] | EEF [0.109 0.087 0.902] | ObjZ 0.905 | Up 1.00 | Hold 11/5 | Age 0 (1) | Resets 4 | Shield 0
Episode 113: Clean Success | failure=success | termination=success
Episode 114/120: Pick up the green cylinder | ensemble=temporal
Ep 114 | Step 1/200 | XYZ [ 0.819 -0.558 -0.371] | RPY [-0.     0.002 -0.002] | Grip -1 (0.00) | Phase 0->0 | Ground 0.4cm | Target C | PredXYZ [ 0.019 -0.101  0.824] | TrueXYZ [ 0.023 -0.1    0.822] | EEF [-0.115 -0.015  1.003] | ObjZ 0.822 | Up 1.00 | Hold 0/0 | Age 0 (1) | Resets 0 | Shield 0
Ep 114 | Step 20/200 | XYZ [ 0.218 -0.134 -0.071] | RPY [-0.005 -0.006 -0.005] | Grip -1 (0.00) | Phase 0->0 | Ground 1.2cm | Target C | PredXYZ [ 0.011 -0.104  0.822] | TrueXYZ [ 0.023 -0.1    0.822] | EEF [-0.011 -0.093  0.957] | ObjZ 0.822 | Up 1.00 | Hold 0/0 | Age 3 (4) | Resets 0 | Shield 0
Ep 114 | Step 40/200 | XYZ [ 0.036 -0.031 -0.535] | RPY [ 0.001 -0.007  0.002] | Grip -1 (0.00) | Phase 1->1 | Ground 1.0cm | Target C | PredXYZ [ 0.017 -0.108  0.822] | TrueXYZ [ 0.023 -0.1    0.822] | EEF [ 0.019 -0.107  0.894] | ObjZ 0.822 | Up 1.00 | Hold 0/0 | Age 0 (1) | Resets 0 | Shield 0
Ep 114 | Step 60/200 | XYZ [ 0.014  0.006 -0.111] | RPY [-0.001  0.    -0.   ] | Grip -1 (0.00) | Phase 1->1 | Ground 2.9cm | Target C | PredXYZ [ 0.04  -0.109  0.842] | TrueXYZ [ 0.023 -0.1    0.822] | EEF [ 0.022 -0.111  0.83 ] | ObjZ 0.822 | Up 1.00 | Hold 0/0 | Age 0 (1) | Resets 2 | Shield 0
Ep 114 | Step 80/200 | XYZ [0.006 0.003 0.632] | RPY [-0.002  0.003 -0.003] | Grip 1 (1.00) | Phase 3->3 | Ground 0.8cm | Target C | PredXYZ [ 0.018 -0.111  0.843] | TrueXYZ [ 0.023 -0.11   0.857] | EEF [ 0.024 -0.111  0.854] | ObjZ 0.857 | Up 1.00 | Hold 3/0 | Age 0 (1) | Resets 4 | Shield 0
Ep 114 | Step 82/200 | XYZ [0.006 0.002 0.567] | RPY [-0.002  0.005 -0.003] | Grip 1 (1.00) | Phase 3->3 | Ground 0.6cm | Target C | PredXYZ [ 0.022 -0.116  0.867] | TrueXYZ [ 0.022 -0.11   0.871] | EEF [ 0.023 -0.111  0.868] | ObjZ 0.871 | Up 1.00 | Hold 5/0 | Age 0 (1) | Resets 6 | Shield 0
Ep 114 | Step 88/200 | XYZ [0.005 0.002 0.422] | RPY [-0.001  0.006 -0.003] | Grip 1 (1.00) | Phase 3->3 | Ground 0.3cm | Target C | PredXYZ [ 0.022 -0.109  0.898] | TrueXYZ [ 0.02  -0.111  0.905] | EEF [ 0.021 -0.111  0.902] | ObjZ 0.905 | Up 1.00 | Hold 11/5 | Age 0 (1) | Resets 8 | Shield 0
Episode 114: Clean Success | failure=success | termination=success
Episode 115/120: Push the blue ball away from the robot | ensemble=temporal
Ep 115 | Step 1/200 | XYZ [ 0.9   -0.384 -0.515] | RPY [ 0.001  0.001 -0.797] | Grip 1 (1.00) | Phase 5->5 | Ground 1.0cm | Target B | PredXYZ [ 0.125 -0.087  0.828] | TrueXYZ [ 0.126 -0.076  0.826] | EEF [-0.098 -0.002  1.006] | ObjZ 0.826 | Up 1.00 | Hold 0/0 | Age 0 (1) | Resets 0 | Shield 0
Ep 115 | Step 20/200 | XYZ [ 0.212 -0.111 -0.104] | RPY [ 0.005 -0.006  0.004] | Grip 1 (1.00) | Phase 5->5 | Ground 0.8cm | Target B | PredXYZ [ 0.128 -0.085  0.826] | TrueXYZ [ 0.126 -0.076  0.826] | EEF [ 0.015 -0.039  0.941] | ObjZ 0.826 | Up 1.00 | Hold 0/0 | Age 3 (4) | Resets 0 | Shield 0
Ep 115 | Step 40/200 | XYZ [ 0.033 -0.02  -0.386] | RPY [ 0.001 -0.003  0.002] | Grip 1 (1.00) | Phase 6->6 | Ground 0.5cm | Target B | PredXYZ [ 0.128 -0.08   0.826] | TrueXYZ [ 0.126 -0.076  0.826] | EEF [ 0.042 -0.052  0.878] | ObjZ 0.826 | Up 1.00 | Hold 0/0 | Age 0 (1) | Resets 0 | Shield 0
Ep 115 | Step 60/200 | XYZ [ 0.714 -0.342 -0.063] | RPY [ 0.    -0.006 -0.004] | Grip 1 (1.00) | Phase 6->6 | Ground 0.6cm | Target B | PredXYZ [ 0.125 -0.082  0.826] | TrueXYZ [ 0.126 -0.076  0.826] | EEF [ 0.048 -0.055  0.831] | ObjZ 0.826 | Up 1.00 | Hold 0/0 | Age 0 (1) | Resets 0 | Shield 0
Ep 115 | Step 76/200 | XYZ [-0.095  0.033  0.   ] | RPY [-0.01  -0.024 -0.005] | Grip 1 (1.00) | Phase 8->8 | Ground 1.2cm | Target B | PredXYZ [ 0.21  -0.118  0.826] | TrueXYZ [ 0.21  -0.108  0.826] | EEF [ 0.174 -0.106  0.823] | ObjZ 0.826 | Up 1.00 | Hold 5/5 | Age 3 (4) | Resets 3 | Shield 1
Episode 115: Clean Success | failure=success | termination=success
Scene rejected for ('push', 'C'): Deterministic push path is blocked by a distractor
Scene rejected for ('push', 'C'): Deterministic push path is blocked by a distractor
Scene rejected for ('push', 'C'): Deterministic push path is blocked by a distractor
Scene rejected for ('push', 'C'): Deterministic push path is blocked by a distractor
Scene rejected for ('push', 'C'): Deterministic push path is blocked by a distractor
Scene rejected for ('push', 'C'): Deterministic push path is blocked by a distractor
Episode 116/120: Push the green cylinder away from the robot | ensemble=temporal
Ep 116 | Step 1/200 | XYZ [-0.061 -0.168 -0.577] | RPY [ 0.006 -0.001  0.9  ] | Grip 1 (1.00) | Phase 5->5 | Ground 1.6cm | Target C | PredXYZ [-0.095  0.043  0.823] | TrueXYZ [-0.08   0.045  0.822] | EEF [-0.106  0.     1.011] | ObjZ 0.822 | Up 1.00 | Hold 0/0 | Age 0 (1) | Resets 0 | Shield 0
Ep 116 | Step 20/200 | XYZ [ 0.056 -0.135 -0.086] | RPY [-0.032  0.014  0.319] | Grip 1 (1.00) | Phase 5->5 | Ground 1.1cm | Target C | PredXYZ [-0.089  0.05   0.822] | TrueXYZ [-0.08   0.045  0.822] | EEF [-0.13  -0.019  0.932] | ObjZ 0.822 | Up 1.00 | Hold 0/0 | Age 3 (4) | Resets 0 | Shield 0
Ep 116 | Step 40/200 | XYZ [0.097 0.018 0.003] | RPY [-0.001  0.012  0.001] | Grip 1 (1.00) | Phase 5->5 | Ground 1.1cm | Target C | PredXYZ [-0.088  0.052  0.822] | TrueXYZ [-0.08   0.045  0.822] | EEF [-0.136 -0.043  0.92 ] | ObjZ 0.822 | Up 1.00 | Hold 0/0 | Age 3 (4) | Resets 0 | Shield 0
Ep 116 | Step 60/200 | XYZ [ 0.038  0.025 -0.419] | RPY [-0.008 -0.005  0.   ] | Grip 1 (1.00) | Phase 6->6 | Ground 0.9cm | Target C | PredXYZ [-0.086  0.052  0.822] | TrueXYZ [-0.08   0.045  0.822] | EEF [-0.115 -0.043  0.871] | ObjZ 0.822 | Up 1.00 | Hold 0/0 | Age 0 (1) | Resets 0 | Shield 0
Ep 116 | Step 80/200 | XYZ [ 0.026  0.007 -0.082] | RPY [ 0.     0.003 -0.001] | Grip 1 (1.00) | Phase 6->6 | Ground 1.0cm | Target C | PredXYZ [-0.08   0.056  0.822] | TrueXYZ [-0.08   0.045  0.822] | EEF [-0.109 -0.037  0.82 ] | ObjZ 0.822 | Up 1.00 | Hold 0/0 | Age 0 (1) | Resets 0 | Shield 0
Ep 116 | Step 100/200 | XYZ [0.066 0.438 0.   ] | RPY [ 0.001 -0.004 -0.002] | Grip 1 (1.00) | Phase 7->7 | Ground 1.3cm | Target C | PredXYZ [-0.076  0.102  0.822] | TrueXYZ [-0.064  0.102  0.823] | EEF [-0.08   0.067  0.819] | ObjZ 0.823 | Up 1.00 | Hold 0/0 | Age 0 (1) | Resets 1 | Shield 14
Ep 116 | Step 106/200 | XYZ [ 0.004 -0.05   0.01 ] | RPY [ 0.017 -0.001  0.008] | Grip 1 (1.00) | Phase 8->8 | Ground 1.5cm | Target C | PredXYZ [-0.069  0.131  0.822] | TrueXYZ [-0.062  0.12   0.822] | EEF [-0.082  0.086  0.818] | ObjZ 0.822 | Up 1.00 | Hold 5/5 | Age 3 (4) | Resets 2 | Shield 16
Episode 116: Clean Success | failure=success | termination=success
Scene rejected for ('push', 'B'): Deterministic push path is blocked by a distractor
Scene rejected for ('push', 'B'): Deterministic push path is blocked by a distractor
Scene rejected for ('push', 'B'): Deterministic push path is blocked by a distractor
Episode 117/120: Push the blue ball away from the robot | ensemble=temporal
Ep 117 | Step 1/200 | XYZ [ 0.301 -0.244 -0.453] | RPY [-0.003 -0.003 -0.9  ] | Grip 1 (1.00) | Phase 5->5 | Ground 0.4cm | Target B | PredXYZ [ 0.006 -0.086  0.828] | TrueXYZ [ 0.007 -0.081  0.826] | EEF [-0.107 -0.004  0.995] | ObjZ 0.826 | Up 1.00 | Hold 0/0 | Age 0 (1) | Resets 0 | Shield 0
Ep 117 | Step 20/200 | XYZ [ 0.08  -0.062 -0.096] | RPY [ 0.009 -0.001  0.003] | Grip 1 (1.00) | Phase 5->5 | Ground 0.3cm | Target B | PredXYZ [ 0.009 -0.083  0.826] | TrueXYZ [ 0.007 -0.081  0.826] | EEF [-0.072 -0.025  0.941] | ObjZ 0.826 | Up 1.00 | Hold 0/0 | Age 3 (4) | Resets 0 | Shield 0
Ep 117 | Step 40/200 | XYZ [ 0.007 -0.02  -0.245] | RPY [0.001 0.004 0.003] | Grip 1 (1.00) | Phase 6->6 | Ground 0.9cm | Target B | PredXYZ [ 0.014 -0.087  0.826] | TrueXYZ [ 0.007 -0.081  0.826] | EEF [-0.063 -0.032  0.857] | ObjZ 0.826 | Up 1.00 | Hold 0/0 | Age 0 (1) | Resets 0 | Shield 0
Ep 117 | Step 60/200 | XYZ [ 0.862 -0.644 -0.008] | RPY [0.025 0.043 0.014] | Grip 1 (1.00) | Phase 7->7 | Ground 0.7cm | Target B | PredXYZ [ 0.001 -0.084  0.826] | TrueXYZ [ 0.011 -0.084  0.826] | EEF [-0.017 -0.065  0.823] | ObjZ 0.826 | Up 1.00 | Hold 0/0 | Age 0 (1) | Resets 0 | Shield 0
Ep 117 | Step 70/200 | XYZ [-0.068  0.067  0.008] | RPY [-0.02  -0.036 -0.005] | Grip 1 (1.00) | Phase 8->8 | Ground 0.7cm | Target B | PredXYZ [ 0.068 -0.13   0.826] | TrueXYZ [ 0.075 -0.126  0.826] | EEF [ 0.042 -0.113  0.828] | ObjZ 0.826 | Up 1.00 | Hold 5/5 | Age 3 (4) | Resets 5 | Shield 0
Episode 117: Clean Success | failure=success | termination=success
Episode 118/120: Pick up the blue ball | ensemble=temporal
Ep 118 | Step 1/200 | XYZ [-0.002 -0.496 -0.346] | RPY [ 0.004 -0.001  0.002] | Grip -1 (0.00) | Phase 0->0 | Ground 0.7cm | Target B | PredXYZ [-0.113 -0.067  0.828] | TrueXYZ [-0.106 -0.067  0.826] | EEF [-0.116  0.017  0.996] | ObjZ 0.826 | Up 1.00 | Hold 0/0 | Age 0 (1) | Resets 0 | Shield 0
Ep 118 | Step 20/200 | XYZ [ 0.016 -0.109 -0.081] | RPY [-0.001  0.005 -0.003] | Grip -1 (0.00) | Phase 0->0 | Ground 0.7cm | Target B | PredXYZ [-0.113 -0.069  0.826] | TrueXYZ [-0.106 -0.067  0.826] | EEF [-0.117 -0.046  0.954] | ObjZ 0.826 | Up 1.00 | Hold 0/0 | Age 3 (4) | Resets 0 | Shield 0
Ep 118 | Step 40/200 | XYZ [ 0.023 -0.009 -0.251] | RPY [-0.001  0.011 -0.003] | Grip -1 (0.00) | Phase 1->1 | Ground 0.5cm | Target B | PredXYZ [-0.111 -0.069  0.826] | TrueXYZ [-0.106 -0.067  0.826] | EEF [-0.115 -0.058  0.851] | ObjZ 0.826 | Up 1.00 | Hold 0/0 | Age 0 (1) | Resets 0 | Shield 0
Ep 118 | Step 60/200 | XYZ [ 0.025  0.014 -0.058] | RPY [-0.002  0.    -0.001] | Grip 1 (0.99) | Phase 2->2 | Ground 0.4cm | Target B | PredXYZ [-0.107 -0.071  0.825] | TrueXYZ [-0.106 -0.067  0.825] | EEF [-0.114 -0.062  0.819] | ObjZ 0.825 | Up 1.00 | Hold 0/0 | Age 0 (1) | Resets 0 | Shield 0
Ep 118 | Step 73/200 | XYZ [0.014 0.001 0.574] | RPY [0.004 0.023 0.   ] | Grip 1 (1.00) | Phase 3->3 | Ground 1.1cm | Target B | PredXYZ [-0.102 -0.059  0.868] | TrueXYZ [-0.11  -0.065  0.872] | EEF [-0.117 -0.061  0.866] | ObjZ 0.872 | Up 1.00 | Hold 5/0 | Age 0 (1) | Resets 3 | Shield 0
Ep 118 | Step 79/200 | XYZ [0.013 0.002 0.433] | RPY [0.003 0.007 0.   ] | Grip 1 (1.00) | Phase 3->3 | Ground 1.1cm | Target B | PredXYZ [-0.118 -0.057  0.907] | TrueXYZ [-0.111 -0.064  0.907] | EEF [-0.118 -0.059  0.901] | ObjZ 0.907 | Up 1.00 | Hold 11/5 | Age 0 (1) | Resets 5 | Shield 0
Episode 118: Clean Success | failure=success | termination=success
Episode 119/120: Push the red cube away from the robot | ensemble=temporal
Ep 119 | Step 1/200 | XYZ [-0.006  0.023 -0.574] | RPY [-0.001 -0.001 -0.9  ] | Grip 1 (1.00) | Phase 5->5 | Ground 0.7cm | Target A | PredXYZ [-0.119  0.078  0.824] | TrueXYZ [-0.112  0.078  0.821] | EEF [-0.103 -0.025  1.009] | ObjZ 0.821 | Up 1.00 | Hold 0/0 | Age 0 (1) | Resets 0 | Shield 0
Ep 119 | Step 20/200 | XYZ [ 0.048  0.071 -0.105] | RPY [ 0.037 -0.017 -0.782] | Grip 1 (1.00) | Phase 5->5 | Ground 0.7cm | Target A | PredXYZ [-0.118  0.082  0.821] | TrueXYZ [-0.112  0.078  0.822] | EEF [-0.116 -0.034  0.932] | ObjZ 0.822 | Up 1.00 | Hold 0/0 | Age 3 (4) | Resets 0 | Shield 0
Ep 119 | Step 40/200 | XYZ [ 0.029 -0.018 -0.212] | RPY [0.001 0.005 0.002] | Grip 1 (1.00) | Phase 6->6 | Ground 0.8cm | Target A | PredXYZ [-0.117  0.083  0.822] | TrueXYZ [-0.112  0.078  0.822] | EEF [-0.112 -0.014  0.845] | ObjZ 0.822 | Up 1.00 | Hold 0/0 | Age 0 (1) | Resets 0 | Shield 0
Ep 119 | Step 60/200 | XYZ [-0.04   0.692 -0.023] | RPY [-0.029  0.007 -0.022] | Grip 1 (1.00) | Phase 7->7 | Ground 1.0cm | Target A | PredXYZ [-0.119  0.084  0.821] | TrueXYZ [-0.112  0.078  0.822] | EEF [-0.12   0.023  0.819] | ObjZ 0.822 | Up 1.00 | Hold 0/0 | Age 0 (1) | Resets 0 | Shield 0
Ep 119 | Step 80/200 | XYZ [ 0.008  0.301 -0.025] | RPY [ 0.005  0.002 -0.   ] | Grip 1 (1.00) | Phase 7->7 | Ground 1.0cm | Target A | PredXYZ [-0.116  0.144  0.822] | TrueXYZ [-0.109  0.14   0.826] | EEF [-0.124  0.11   0.826] | ObjZ 0.826 | Up 0.98 | Hold 0/0 | Age 0 (1) | Resets 1 | Shield 5
Ep 119 | Step 86/200 | XYZ [ 0.008  0.297 -0.022] | RPY [ 0.003  0.001 -0.001] | Grip 1 (1.00) | Phase 7->7 | Ground 1.4cm | Target A | PredXYZ [-0.119  0.159  0.822] | TrueXYZ [-0.108  0.153  0.826] | EEF [-0.123  0.123  0.826] | ObjZ 0.826 | Up 0.98 | Hold 5/5 | Age 0 (1) | Resets 1 | Shield 5
Episode 119: Clean Success | failure=success | termination=success
Scene rejected for ('push', 'C'): Deterministic push path is blocked by a distractor
Scene rejected for ('push', 'C'): Deterministic push path is blocked by a distractor
Scene rejected for ('push', 'C'): Deterministic push path is blocked by a distractor
Episode 120/120: Push the green cylinder away from the robot | ensemble=temporal
Ep 120 | Step 1/200 | XYZ [ 0.9    0.407 -0.535] | RPY [-0.003  0.002  0.86 ] | Grip 1 (1.00) | Phase 5->5 | Ground 0.6cm | Target C | PredXYZ [0.132 0.122 0.824] | TrueXYZ [0.126 0.121 0.822] | EEF [-0.103  0.028  1.006] | ObjZ 0.822 | Up 1.00 | Hold 0/0 | Age 0 (1) | Resets 0 | Shield 0
Ep 120 | Step 20/200 | XYZ [ 0.238  0.111 -0.106] | RPY [-0.005 -0.007  0.001] | Grip 1 (1.00) | Phase 5->5 | Ground 0.4cm | Target C | PredXYZ [0.123 0.123 0.822] | TrueXYZ [0.126 0.121 0.822] | EEF [0.02  0.073 0.938] | ObjZ 0.822 | Up 1.00 | Hold 0/0 | Age 3 (4) | Resets 0 | Shield 0
Ep 120 | Step 40/200 | XYZ [ 0.034  0.029 -0.453] | RPY [-0.002 -0.005 -0.001] | Grip 1 (1.00) | Phase 6->6 | Ground 0.5cm | Target C | PredXYZ [0.121 0.123 0.822] | TrueXYZ [0.126 0.121 0.822] | EEF [0.049 0.085 0.874] | ObjZ 0.822 | Up 1.00 | Hold 0/0 | Age 0 (1) | Resets 0 | Shield 0
Ep 120 | Step 60/200 | XYZ [ 0.001  0.008 -0.086] | RPY [-0.    -0.003  0.001] | Grip 1 (1.00) | Phase 6->6 | Ground 0.5cm | Target C | PredXYZ [0.121 0.123 0.822] | TrueXYZ [0.126 0.121 0.822] | EEF [0.052 0.088 0.821] | ObjZ 0.822 | Up 1.00 | Hold 0/0 | Age 0 (1) | Resets 0 | Shield 0
Ep 120 | Step 80/200 | XYZ [0.27  0.152 0.   ] | RPY [ 0.002 -0.001  0.002] | Grip 1 (1.00) | Phase 7->7 | Ground 1.4cm | Target C | PredXYZ [0.18  0.15  0.824] | TrueXYZ [0.19  0.139 0.823] | EEF [0.145 0.144 0.817] | ObjZ 0.823 | Up 1.00 | Hold 1/1 | Age 0 (1) | Resets 1 | Shield 13
Ep 120 | Step 84/200 | XYZ [-0.06  -0.031 -0.026] | RPY [ 0.012 -0.03   0.003] | Grip 1 (1.00) | Phase 8->8 | Ground 2.4cm | Target C | PredXYZ [0.189 0.165 0.825] | TrueXYZ [0.196 0.141 0.825] | EEF [0.151 0.147 0.821] | ObjZ 0.825 | Up 1.00 | Hold 5/5 | Age 3 (4) | Resets 2 | Shield 15
Episode 120: Clean Success | failure=success | termination=success
{
  "episodes": 120,
  "visual_perturbation": "clean",
  "perturbation": "clean",
  "ensemble_mode": "temporal",
  "temporal_profile": "robust",
  "execution_mode": "raw",
  "uses_privileged_execution_assistance": false,
  "uses_privileged_perturbation_oracle": false,
  "score_scope": "policy_with_workspace_safety_only",
  "buckets": {
    "pick_A": {
      "episodes": 20,
      "task_success_rate": 0.9,
      "clean_success_rate": 0.9,
      "wrong_contact_rate": 0.0,
      "mean_steps": 102.85,
      "mean_grounding_error_cm": 1.0288443354244232,
      "mean_target_class_accuracy": 1.0,
      "mean_action_clip_rate": 0.039759521045991925,
      "mean_safety_intervention_rate": 0.0,
      "mean_latest_only_rate": 0.6130395203314575,
      "strict_target_contact_rate": 1.0,
      "collateral_contact_rate": 0.0,
      "mean_oldest_prediction_age": 1.0739227826133502,
      "mean_grounding_shift_resets": 7.55,
      "minimum_target_uprightness": 0.09716419875621796,
      "failure_counts": {
        "success": 18,
        "grasp_failed_after_contact": 1,
        "object_dropped": 1
      }
    },
    "pick_B": {
      "episodes": 20,
      "task_success_rate": 1.0,
      "clean_success_rate": 1.0,
      "wrong_contact_rate": 0.0,
      "mean_steps": 83.9,
      "mean_grounding_error_cm": 0.9035984067082896,
      "mean_target_class_accuracy": 1.0,
      "mean_action_clip_rate": 0.00886346599427559,
      "mean_safety_intervention_rate": 0.0,
      "mean_latest_only_rate": 0.6678095112844925,
      "strict_target_contact_rate": 1.0,
      "collateral_contact_rate": 0.0,
      "mean_oldest_prediction_age": 0.9247415580978942,
      "mean_grounding_shift_resets": 5.3,
      "minimum_target_uprightness": 1.0,
      "failure_counts": {
        "success": 20
      }
    },
    "pick_C": {
      "episodes": 20,
      "task_success_rate": 1.0,
      "clean_success_rate": 1.0,
      "wrong_contact_rate": 0.0,
      "mean_steps": 84.4,
      "mean_grounding_error_cm": 0.8512205618506741,
      "mean_target_class_accuracy": 1.0,
      "mean_action_clip_rate": 0.024940254952685658,
      "mean_safety_intervention_rate": 0.0,
      "mean_latest_only_rate": 0.6450637965006331,
      "strict_target_contact_rate": 1.0,
      "collateral_contact_rate": 0.0,
      "mean_oldest_prediction_age": 0.9935192212827267,
      "mean_grounding_shift_resets": 5.1,
      "minimum_target_uprightness": 0.9995961059757974,
      "failure_counts": {
        "success": 20
      }
    },
    "push_A": {
      "episodes": 20,
      "task_success_rate": 0.9,
      "clean_success_rate": 0.9,
      "wrong_contact_rate": 0.0,
      "mean_steps": 98.6,
      "mean_grounding_error_cm": 0.7935976184344443,
      "mean_target_class_accuracy": 1.0,
      "mean_action_clip_rate": 0.07504336318445344,
      "mean_safety_intervention_rate": 0.1140743276312249,
      "mean_latest_only_rate": 0.6140447609977148,
      "strict_target_contact_rate": 1.0,
      "collateral_contact_rate": 0.0,
      "mean_oldest_prediction_age": 1.0881257586708446,
      "mean_grounding_shift_resets": 1.5,
      "minimum_target_uprightness": 0.969697716893279,
      "failure_counts": {
        "success": 18,
        "insufficient_push_distance": 2
      }
    },
    "push_B": {
      "episodes": 20,
      "task_success_rate": 0.9,
      "clean_success_rate": 0.9,
      "wrong_contact_rate": 0.0,
      "mean_steps": 92.9,
      "mean_grounding_error_cm": 0.7111493614521792,
      "mean_target_class_accuracy": 1.0,
      "mean_action_clip_rate": 0.18900605833322026,
      "mean_safety_intervention_rate": 0.008246762483604588,
      "mean_latest_only_rate": 0.5708563902912768,
      "strict_target_contact_rate": 1.0,
      "collateral_contact_rate": 0.0,
      "mean_oldest_prediction_age": 1.1473406240027935,
      "mean_grounding_shift_resets": 5.15,
      "minimum_target_uprightness": 1.0,
      "failure_counts": {
        "success": 18,
        "recovery_limit": 1,
        "insufficient_push_distance": 1
      }
    },
    "push_C": {
      "episodes": 20,
      "task_success_rate": 0.95,
      "clean_success_rate": 0.95,
      "wrong_contact_rate": 0.0,
      "mean_steps": 90.2,
      "mean_grounding_error_cm": 1.000469482382617,
      "mean_target_class_accuracy": 1.0,
      "mean_action_clip_rate": 0.10655566622021806,
      "mean_safety_intervention_rate": 0.20827435783085754,
      "mean_latest_only_rate": 0.5896104845793431,
      "strict_target_contact_rate": 1.0,
      "collateral_contact_rate": 0.0,
      "mean_oldest_prediction_age": 1.1408787191925809,
      "mean_grounding_shift_resets": 3.6,
      "minimum_target_uprightness": 0.9785850965417922,
      "failure_counts": {
        "success": 19,
        "insufficient_push_distance": 1
      }
    }
  },
  "overall": {
    "task_success_rate": 0.9416666666666667,
    "clean_success_rate": 0.9416666666666667,
    "wrong_contact_rate": 0.0,
    "mean_steps": 92.14166666666667,
    "mean_action_clip_rate": 0.07402805495514082,
    "mean_target_class_accuracy": 1.0,
    "mean_safety_intervention_rate": 0.055099241324281165,
    "mean_latest_only_rate": 0.6167374106641529,
    "strict_target_contact_rate": 1.0,
    "collateral_contact_rate": 0.0,
    "mean_oldest_prediction_age": 1.0614214439766985,
    "mean_grounding_shift_resets": 4.7,
    "failure_counts": {
      "success": 113,
      "insufficient_push_distance": 4,
      "grasp_failed_after_contact": 1,
      "recovery_limit": 1,
      "object_dropped": 1
    },
    "passed_80_percent_task_gate": true,
    "passed_80_percent_clean_gate": true,
    "passed_80_percent_gate": true
  }
}
Results: results/v3_tests/clean_comparison/v2_20260714.csv and results/v3_tests/clean_comparison/v2_20260714.json
