[robosuite WARNING] No private macro file found! (macros.py:57)
[robosuite WARNING] It is recommended to use a private macro file (macros.py:58)
[robosuite WARNING] To setup, run: python /opt/anaconda3/envs/mujoco310/lib/python3.10/site-packages/robosuite/scripts/setup_macros.py (macros.py:59)
[robosuite WARNING] Could not import robosuite_models. Some robots may not be available. If you want to use these robots, please install robosuite_models from source (https://github.com/ARISE-Initiative/robosuite_models) or through pip install. (__init__.py:30)
[robosuite WARNING] Could not load the mink-based whole-body IK. Make sure you install related import properly, otherwise you will not be able to use the default IK controller setting for GR1 robot. (__init__.py:40)
Using device: mps
Execution mode: raw | privileged execution assistance: False
[robosuite INFO] Loading controller configuration from: /opt/anaconda3/envs/mujoco310/lib/python3.10/site-packages/robosuite/controllers/config/robots/default_panda.json (composite_controller_factory.py:121)
Scene rejected for ('pick', 'B'): Pick target lacks bilateral gripper clearance
Episode 1/120: Pick up the blue ball | ensemble=temporal
Ep 1 | Step 1/200 | XYZ [ 0.755 -0.672 -0.363] | RPY [0.001 0.001 0.001] | Grip -1 (0.00) | Phase 0->0 | Ground 1.2cm | Target B | PredXYZ [ 0.009 -0.102  0.828] | TrueXYZ [ 0.018 -0.095  0.826] | EEF [-0.112  0.006  1.003] | ObjZ 0.826 | Up 1.00 | Hold 0/0 | Age 0 (1) | Resets 0 | Shield 0
Ep 1 | Step 20/200 | XYZ [ 0.228 -0.14  -0.071] | RPY [-0.007  0.001 -0.007] | Grip -1 (0.00) | Phase 0->0 | Ground 1.0cm | Target B | PredXYZ [ 0.013 -0.103  0.826] | TrueXYZ [ 0.018 -0.095  0.826] | EEF [-0.015 -0.08   0.955] | ObjZ 0.826 | Up 1.00 | Hold 0/0 | Age 3 (4) | Resets 0 | Shield 0
Ep 1 | Step 40/200 | XYZ [ 0.026 -0.019 -0.457] | RPY [ 0.    -0.006  0.002] | Grip -1 (0.00) | Phase 1->1 | Ground 1.5cm | Target B | PredXYZ [ 0.01  -0.108  0.826] | TrueXYZ [ 0.018 -0.095  0.826] | EEF [ 0.015 -0.094  0.885] | ObjZ 0.826 | Up 1.00 | Hold 0/0 | Age 0 (1) | Resets 0 | Shield 0
Ep 1 | Step 60/200 | XYZ [ 0.008  0.009 -0.084] | RPY [-0.002  0.    -0.002] | Grip -1 (0.00) | Phase 1->1 | Ground 1.0cm | Target B | PredXYZ [ 0.017 -0.105  0.826] | TrueXYZ [ 0.018 -0.095  0.826] | EEF [ 0.016 -0.098  0.83 ] | ObjZ 0.826 | Up 1.00 | Hold 0/0 | Age 0 (1) | Resets 0 | Shield 0
Ep 1 | Step 77/200 | XYZ [0.006 0.    0.562] | RPY [ 0.     0.01  -0.001] | Grip 1 (1.00) | Phase 3->3 | Ground 1.1cm | Target B | PredXYZ [ 0.017 -0.106  0.863] | TrueXYZ [ 0.016 -0.096  0.873] | EEF [ 0.015 -0.097  0.872] | ObjZ 0.873 | Up 1.00 | Hold 5/0 | Age 0 (1) | Resets 1 | Shield 0
Ep 1 | Step 80/200 | XYZ [0.005 0.001 0.48 ] | RPY [-0.     0.008 -0.001] | Grip 1 (1.00) | Phase 3->3 | Ground 0.7cm | Target B | PredXYZ [ 0.013 -0.103  0.886] | TrueXYZ [ 0.015 -0.096  0.891] | EEF [ 0.014 -0.097  0.891] | ObjZ 0.891 | Up 1.00 | Hold 8/2 | Age 0 (1) | Resets 3 | Shield 0
Ep 1 | Step 83/200 | XYZ [0.006 0.002 0.408] | RPY [-0.     0.006 -0.001] | Grip 1 (1.00) | Phase 3->3 | Ground 1.5cm | Target B | PredXYZ [ 0.025 -0.1    0.912] | TrueXYZ [ 0.015 -0.097  0.906] | EEF [ 0.014 -0.098  0.906] | ObjZ 0.906 | Up 1.00 | Hold 11/5 | Age 0 (1) | Resets 4 | Shield 0
Episode 1: Clean Success | failure=success | termination=success
Episode 2/120: Pick up the green cylinder | ensemble=temporal
Ep 2 | Step 1/200 | XYZ [ 0.9   -0.467 -0.48 ] | RPY [ 0.001 -0.001  0.002] | Grip -1 (0.00) | Phase 0->0 | Ground 0.6cm | Target C | PredXYZ [ 0.091 -0.086  0.824] | TrueXYZ [ 0.088 -0.081  0.822] | EEF [-0.091 -0.014  1.016] | ObjZ 0.822 | Up 1.00 | Hold 0/0 | Age 0 (1) | Resets 0 | Shield 0
Ep 2 | Step 20/200 | XYZ [ 0.303 -0.113 -0.089] | RPY [-0.005 -0.005 -0.002] | Grip -1 (0.00) | Phase 0->0 | Ground 0.6cm | Target C | PredXYZ [ 0.085 -0.086  0.822] | TrueXYZ [ 0.088 -0.081  0.822] | EEF [ 0.047 -0.077  0.954] | ObjZ 0.822 | Up 1.00 | Hold 0/0 | Age 3 (4) | Resets 0 | Shield 0
Ep 2 | Step 40/200 | XYZ [ 0.039  0.006 -0.497] | RPY [ 0.001 -0.004  0.   ] | Grip -1 (0.00) | Phase 1->1 | Ground 0.6cm | Target C | PredXYZ [ 0.094 -0.08   0.822] | TrueXYZ [ 0.088 -0.081  0.822] | EEF [ 0.084 -0.086  0.889] | ObjZ 0.822 | Up 1.00 | Hold 0/0 | Age 0 (1) | Resets 0 | Shield 0
Ep 2 | Step 60/200 | XYZ [ 0.007  0.01  -0.101] | RPY [-0.    -0.001 -0.001] | Grip -1 (0.00) | Phase 1->1 | Ground 0.5cm | Target C | PredXYZ [ 0.093 -0.083  0.822] | TrueXYZ [ 0.088 -0.081  0.822] | EEF [ 0.087 -0.086  0.828] | ObjZ 0.822 | Up 1.00 | Hold 0/0 | Age 0 (1) | Resets 0 | Shield 0
Ep 2 | Step 79/200 | XYZ [ 0.003 -0.001  0.569] | RPY [-0.001  0.002 -0.001] | Grip 1 (1.00) | Phase 3->3 | Ground 0.4cm | Target C | PredXYZ [ 0.085 -0.082  0.866] | TrueXYZ [ 0.087 -0.086  0.872] | EEF [ 0.086 -0.087  0.87 ] | ObjZ 0.872 | Up 1.00 | Hold 5/0 | Age 0 (1) | Resets 1 | Shield 0
Ep 2 | Step 80/200 | XYZ [ 0.003 -0.001  0.538] | RPY [-0.001  0.003 -0.001] | Grip 1 (1.00) | Phase 3->3 | Ground 0.3cm | Target C | PredXYZ [ 0.087 -0.084  0.873] | TrueXYZ [ 0.086 -0.087  0.878] | EEF [ 0.086 -0.087  0.877] | ObjZ 0.878 | Up 1.00 | Hold 6/0 | Age 0 (1) | Resets 1 | Shield 0
Ep 2 | Step 85/200 | XYZ [ 0.003 -0.     0.418] | RPY [-0.001  0.006 -0.001] | Grip 1 (1.00) | Phase 3->3 | Ground 0.6cm | Target C | PredXYZ [ 0.088 -0.088  0.905] | TrueXYZ [ 0.085 -0.087  0.905] | EEF [ 0.084 -0.087  0.904] | ObjZ 0.905 | Up 1.00 | Hold 11/5 | Age 0 (1) | Resets 2 | Shield 0
Episode 2: Clean Success | failure=success | termination=success
Scene rejected for ('push', 'C'): Deterministic push path is blocked by a distractor
Episode 3/120: Push the green cylinder away from the robot | ensemble=temporal
Ep 3 | Step 1/200 | XYZ [ 0.896  0.668 -0.51 ] | RPY [0.    0.003 0.895] | Grip 1 (0.99) | Phase 5->5 | Ground 0.1cm | Target C | PredXYZ [0.117 0.127 0.824] | TrueXYZ [0.115 0.126 0.822] | EEF [-0.1   -0.022  1.006] | ObjZ 0.822 | Up 1.00 | Hold 0/0 | Age 0 (1) | Resets 0 | Shield 0
Ep 3 | Step 20/200 | XYZ [ 0.24   0.18  -0.112] | RPY [-0.009 -0.008  0.011] | Grip 1 (1.00) | Phase 5->5 | Ground 0.1cm | Target C | PredXYZ [0.116 0.126 0.822] | TrueXYZ [0.115 0.126 0.822] | EEF [0.023 0.053 0.936] | ObjZ 0.822 | Up 1.00 | Hold 0/0 | Age 3 (4) | Resets 0 | Shield 0
Ep 3 | Step 40/200 | XYZ [ 0.019  0.061 -0.456] | RPY [-0.002 -0.007 -0.001] | Grip 1 (1.00) | Phase 6->6 | Ground 0.2cm | Target C | PredXYZ [0.116 0.128 0.822] | TrueXYZ [0.115 0.126 0.822] | EEF [0.052 0.076 0.876] | ObjZ 0.822 | Up 1.00 | Hold 0/0 | Age 0 (1) | Resets 0 | Shield 0
Ep 3 | Step 60/200 | XYZ [-0.001  0.012 -0.087] | RPY [-0.001 -0.002  0.   ] | Grip 1 (1.00) | Phase 6->6 | Ground 0.6cm | Target C | PredXYZ [0.115 0.132 0.822] | TrueXYZ [0.115 0.126 0.822] | EEF [0.052 0.082 0.823] | ObjZ 0.822 | Up 1.00 | Hold 0/0 | Age 0 (1) | Resets 0 | Shield 0
Ep 3 | Step 80/200 | XYZ [0.403 0.205 0.   ] | RPY [0.003 0.009 0.001] | Grip 1 (1.00) | Phase 7->7 | Ground 0.6cm | Target C | PredXYZ [0.175 0.14  0.825] | TrueXYZ [0.179 0.136 0.823] | EEF [0.131 0.148 0.814] | ObjZ 0.823 | Up 1.00 | Hold 0/0 | Age 0 (1) | Resets 1 | Shield 13
Ep 3 | Step 86/200 | XYZ [-0.048 -0.023  0.   ] | RPY [ 0.008 -0.011  0.003] | Grip 1 (1.00) | Phase 8->8 | Ground 1.2cm | Target C | PredXYZ [0.205 0.134 0.826] | TrueXYZ [0.2   0.144 0.824] | EEF [0.152 0.16  0.816] | ObjZ 0.824 | Up 1.00 | Hold 5/5 | Age 1 (2) | Resets 2 | Shield 17
Episode 3: Clean Success | failure=success | termination=success
Scene rejected for ('push', 'B'): Deterministic push path is blocked by a distractor
Scene rejected for ('push', 'B'): Deterministic push path is blocked by a distractor
Scene rejected for ('push', 'B'): Target is too close to the robot reference ray
Episode 4/120: Push the blue ball away from the robot | ensemble=temporal
Ep 4 | Step 1/200 | XYZ [ 0.135 -0.353 -0.607] | RPY [ 0.001  0.003 -0.9  ] | Grip 1 (1.00) | Phase 5->5 | Ground 1.4cm | Target B | PredXYZ [-0.049 -0.121  0.828] | TrueXYZ [-0.043 -0.109  0.826] | EEF [-0.094  0.011  1.022] | ObjZ 0.826 | Up 1.00 | Hold 0/0 | Age 0 (1) | Resets 0 | Shield 0
Ep 4 | Step 20/200 | XYZ [ 0.089 -0.03  -0.117] | RPY [ 0.034  0.004 -0.167] | Grip 1 (1.00) | Phase 5->5 | Ground 1.3cm | Target B | PredXYZ [-0.036 -0.12   0.826] | TrueXYZ [-0.043 -0.109  0.826] | EEF [-0.082 -0.023  0.942] | ObjZ 0.826 | Up 1.00 | Hold 0/0 | Age 3 (4) | Resets 0 | Shield 0
Ep 4 | Step 40/200 | XYZ [ 0.038 -0.073 -0.491] | RPY [ 0.007 -0.012  0.006] | Grip 1 (1.00) | Phase 6->6 | Ground 1.2cm | Target B | PredXYZ [-0.038 -0.12   0.826] | TrueXYZ [-0.043 -0.109  0.826] | EEF [-0.073 -0.025  0.893] | ObjZ 0.826 | Up 1.00 | Hold 0/0 | Age 0 (1) | Resets 0 | Shield 0
Ep 4 | Step 60/200 | XYZ [ 0.011 -0.005 -0.083] | RPY [-0.     0.004  0.001] | Grip 1 (1.00) | Phase 6->6 | Ground 1.3cm | Target B | PredXYZ [-0.039 -0.121  0.826] | TrueXYZ [-0.043 -0.109  0.826] | EEF [-0.073 -0.035  0.834] | ObjZ 0.826 | Up 1.00 | Hold 0/0 | Age 0 (1) | Resets 0 | Shield 0
Ep 4 | Step 80/200 | XYZ [-0.032  0.079  0.003] | RPY [-0.022 -0.017 -0.007] | Grip 1 (1.00) | Phase 8->8 | Ground 1.1cm | Target B | PredXYZ [-0.01  -0.192  0.826] | TrueXYZ [-0.01  -0.183  0.826] | EEF [-0.006 -0.142  0.831] | ObjZ 0.826 | Up 1.00 | Hold 5/5 | Age 3 (4) | Resets 5 | Shield 0
Episode 4: Clean Success | failure=success | termination=success
Episode 5/120: Pick up the red cube | ensemble=temporal
Ep 5 | Step 1/200 | XYZ [ 0.9   -0.25  -0.508] | RPY [-0.001 -0.001  0.896] | Grip -1 (0.00) | Phase 0->0 | Ground 0.7cm | Target A | PredXYZ [ 0.129 -0.045  0.824] | TrueXYZ [ 0.127 -0.038  0.821] | EEF [-0.083  0.004  1.021] | ObjZ 0.821 | Up 1.00 | Hold 0/0 | Age 0 (1) | Resets 0 | Shield 0
Ep 5 | Step 20/200 | XYZ [ 0.438 -0.015 -0.063] | RPY [-0.027  0.009  0.012] | Grip -1 (0.00) | Phase 0->0 | Ground 1.1cm | Target A | PredXYZ [ 0.13  -0.048  0.821] | TrueXYZ [ 0.127 -0.038  0.822] | EEF [ 0.064 -0.047  0.948] | ObjZ 0.822 | Up 1.00 | Hold 0/0 | Age 3 (4) | Resets 0 | Shield 0
Ep 5 | Step 40/200 | XYZ [ 0.077  0.011 -0.679] | RPY [ 0.001 -0.005  0.001] | Grip -1 (0.00) | Phase 1->1 | Ground 0.4cm | Target A | PredXYZ [ 0.131 -0.037  0.821] | TrueXYZ [ 0.127 -0.038  0.822] | EEF [ 0.121 -0.042  0.913] | ObjZ 0.822 | Up 1.00 | Hold 0/0 | Age 0 (1) | Resets 0 | Shield 0
Ep 5 | Step 60/200 | XYZ [ 0.003  0.014 -0.126] | RPY [-0.001 -0.002 -0.001] | Grip -1 (0.00) | Phase 1->1 | Ground 0.4cm | Target A | PredXYZ [ 0.128 -0.034  0.822] | TrueXYZ [ 0.127 -0.038  0.822] | EEF [ 0.127 -0.041  0.833] | ObjZ 0.822 | Up 1.00 | Hold 0/0 | Age 0 (1) | Resets 0 | Shield 0
Ep 5 | Step 80/200 | XYZ [-0.     0.003  0.638] | RPY [-0.002 -0.012 -0.002] | Grip 1 (1.00) | Phase 3->3 | Ground 1.8cm | Target A | PredXYZ [ 0.143 -0.039  0.86 ] | TrueXYZ [ 0.129 -0.039  0.857] | EEF [ 0.129 -0.04   0.857] | ObjZ 0.857 | Up 1.00 | Hold 3/0 | Age 0 (1) | Resets 2 | Shield 0
Ep 5 | Step 82/200 | XYZ [0.001 0.002 0.567] | RPY [-0.001 -0.008 -0.001] | Grip 1 (1.00) | Phase 3->3 | Ground 1.5cm | Target A | PredXYZ [ 0.138 -0.045  0.875] | TrueXYZ [ 0.129 -0.039  0.872] | EEF [ 0.129 -0.04   0.871] | ObjZ 0.872 | Up 1.00 | Hold 5/0 | Age 0 (1) | Resets 2 | Shield 0
Ep 5 | Step 88/200 | XYZ [0.001 0.004 0.419] | RPY [ 0.001  0.005 -0.001] | Grip 1 (1.00) | Phase 3->3 | Ground 1.2cm | Target A | PredXYZ [ 0.135 -0.039  0.91 ] | TrueXYZ [ 0.127 -0.038  0.906] | EEF [ 0.127 -0.04   0.905] | ObjZ 0.906 | Up 1.00 | Hold 11/5 | Age 0 (1) | Resets 3 | Shield 0
Episode 5: Clean Success | failure=success | termination=success
Episode 6/120: Push the blue ball away from the robot | ensemble=temporal
Ep 6 | Step 1/200 | XYZ [ 0.885  0.338 -0.619] | RPY [-0.002  0.002  0.825] | Grip 1 (1.00) | Phase 5->5 | Ground 0.9cm | Target B | PredXYZ [0.132 0.098 0.828] | TrueXYZ [0.129 0.09  0.826] | EEF [-0.086  0.018  1.02 ] | ObjZ 0.826 | Up 1.00 | Hold 0/0 | Age 0 (1) | Resets 0 | Shield 0
Ep 6 | Step 20/200 | XYZ [ 0.234  0.121 -0.121] | RPY [-0.008 -0.003 -0.003] | Grip 1 (1.00) | Phase 5->5 | Ground 1.3cm | Target B | PredXYZ [0.133 0.102 0.826] | TrueXYZ [0.129 0.09  0.826] | EEF [0.023 0.05  0.942] | ObjZ 0.826 | Up 1.00 | Hold 0/0 | Age 3 (4) | Resets 0 | Shield 0
Ep 6 | Step 40/200 | XYZ [ 0.026 -0.009 -0.411] | RPY [-0.    -0.006  0.   ] | Grip 1 (1.00) | Phase 6->6 | Ground 0.7cm | Target B | PredXYZ [0.131 0.097 0.826] | TrueXYZ [0.129 0.09  0.826] | EEF [0.052 0.063 0.883] | ObjZ 0.826 | Up 1.00 | Hold 0/0 | Age 0 (1) | Resets 0 | Shield 0
Ep 6 | Step 60/200 | XYZ [ 0.004  0.004 -0.076] | RPY [-0.    -0.001 -0.   ] | Grip 1 (1.00) | Phase 6->6 | Ground 0.4cm | Target B | PredXYZ [0.13  0.094 0.826] | TrueXYZ [0.129 0.09  0.826] | EEF [0.054 0.061 0.833] | ObjZ 0.826 | Up 1.00 | Hold 0/0 | Age 0 (1) | Resets 0 | Shield 0
Ep 6 | Step 79/200 | XYZ [-0.109 -0.041 -0.014] | RPY [ 0.015 -0.044  0.005] | Grip 1 (1.00) | Phase 8->8 | Ground 0.8cm | Target B | PredXYZ [0.214 0.124 0.826] | TrueXYZ [0.21  0.129 0.826] | EEF [0.175 0.122 0.827] | ObjZ 0.826 | Up 1.00 | Hold 5/5 | Age 3 (4) | Resets 4 | Shield 2
Episode 6: Clean Success | failure=success | termination=success
Episode 7/120: Pick up the green cylinder | ensemble=temporal
Ep 7 | Step 1/200 | XYZ [ 0.9   -0.719 -0.381] | RPY [0.001 0.002 0.004] | Grip -1 (0.00) | Phase 0->0 | Ground 0.9cm | Target C | PredXYZ [ 0.074 -0.117  0.824] | TrueXYZ [ 0.066 -0.113  0.822] | EEF [-0.105 -0.003  1.001] | ObjZ 0.822 | Up 1.00 | Hold 0/0 | Age 0 (1) | Resets 0 | Shield 0
Ep 7 | Step 20/200 | XYZ [ 0.318 -0.138 -0.071] | RPY [-0.008 -0.004 -0.005] | Grip -1 (0.00) | Phase 0->0 | Ground 0.2cm | Target C | PredXYZ [ 0.067 -0.111  0.822] | TrueXYZ [ 0.066 -0.112  0.822] | EEF [ 0.03  -0.095  0.951] | ObjZ 0.822 | Up 1.00 | Hold 0/0 | Age 3 (4) | Resets 0 | Shield 0
Ep 7 | Step 40/200 | XYZ [ 0.031 -0.028 -0.529] | RPY [ 0.001 -0.005  0.002] | Grip -1 (0.00) | Phase 1->1 | Ground 0.8cm | Target C | PredXYZ [ 0.073 -0.116  0.822] | TrueXYZ [ 0.066 -0.112  0.822] | EEF [ 0.069 -0.109  0.894] | ObjZ 0.822 | Up 1.00 | Hold 0/0 | Age 0 (1) | Resets 0 | Shield 0
Ep 7 | Step 60/200 | XYZ [-0.011 -0.001 -0.113] | RPY [-0.001 -0.001 -0.   ] | Grip -1 (0.00) | Phase 1->1 | Ground 0.7cm | Target C | PredXYZ [ 0.073 -0.112  0.824] | TrueXYZ [ 0.066 -0.113  0.822] | EEF [ 0.07  -0.112  0.828] | ObjZ 0.822 | Up 1.00 | Hold 0/0 | Age 0 (1) | Resets 1 | Shield 0
Ep 7 | Step 80/200 | XYZ [-0.002 -0.001  0.569] | RPY [-0.002 -0.001 -0.001] | Grip 1 (1.00) | Phase 3->3 | Ground 1.1cm | Target C | PredXYZ [ 0.06  -0.118  0.858] | TrueXYZ [ 0.066 -0.114  0.872] | EEF [ 0.069 -0.114  0.869] | ObjZ 0.872 | Up 1.00 | Hold 5/0 | Age 0 (1) | Resets 4 | Shield 0
Ep 7 | Step 86/200 | XYZ [-0.003  0.     0.417] | RPY [-0.     0.006 -0.001] | Grip 1 (1.00) | Phase 3->3 | Ground 1.5cm | Target C | PredXYZ [ 0.077 -0.115  0.907] | TrueXYZ [ 0.063 -0.114  0.906] | EEF [ 0.066 -0.115  0.902] | ObjZ 0.906 | Up 1.00 | Hold 11/5 | Age 0 (1) | Resets 6 | Shield 0
Episode 7: Clean Success | failure=success | termination=success
Scene rejected for ('push', 'C'): Deterministic push path is blocked by a distractor
Scene rejected for ('push', 'C'): Deterministic push path is blocked by a distractor
Scene rejected for ('push', 'C'): Deterministic push path is blocked by a distractor
Scene rejected for ('push', 'C'): Deterministic push path is blocked by a distractor
Scene rejected for ('push', 'C'): Deterministic push path is blocked by a distractor
Scene rejected for ('push', 'C'): Deterministic push path is blocked by a distractor
Scene rejected for ('push', 'C'): Deterministic push path is blocked by a distractor
Scene rejected for ('push', 'C'): Deterministic push path is blocked by a distractor
Scene rejected for ('push', 'C'): Deterministic push path is blocked by a distractor
Scene rejected for ('push', 'C'): Deterministic push path is blocked by a distractor
Episode 8/120: Push the green cylinder away from the robot | ensemble=temporal
Ep 8 | Step 1/200 | XYZ [-0.09  -0.152 -0.517] | RPY [ 0.004 -0.001  0.9  ] | Grip 1 (1.00) | Phase 5->5 | Ground 1.4cm | Target C | PredXYZ [-0.084  0.027  0.823] | TrueXYZ [-0.07   0.028  0.822] | EEF [-0.107 -0.013  1.004] | ObjZ 0.822 | Up 1.00 | Hold 0/0 | Age 0 (1) | Resets 0 | Shield 0
Ep 8 | Step 20/200 | XYZ [ 0.03  -0.097 -0.097] | RPY [-0.02   0.009  0.176] | Grip 1 (1.00) | Phase 5->5 | Ground 1.1cm | Target C | PredXYZ [-0.082  0.029  0.822] | TrueXYZ [-0.07   0.028  0.822] | EEF [-0.124 -0.033  0.936] | ObjZ 0.822 | Up 1.00 | Hold 0/0 | Age 3 (4) | Resets 0 | Shield 0
Ep 8 | Step 40/200 | XYZ [ 0.089  0.049 -0.181] | RPY [-0.005  0.02  -0.008] | Grip 1 (1.00) | Phase 6->6 | Ground 0.3cm | Target C | PredXYZ [-0.072  0.031  0.822] | TrueXYZ [-0.07   0.028  0.822] | EEF [-0.129 -0.052  0.835] | ObjZ 0.822 | Up 1.00 | Hold 0/0 | Age 0 (1) | Resets 0 | Shield 0
Ep 8 | Step 60/200 | XYZ [0.345 0.594 0.   ] | RPY [-0.023  0.009 -0.021] | Grip 1 (1.00) | Phase 7->7 | Ground 0.1cm | Target C | PredXYZ [-0.07   0.027  0.822] | TrueXYZ [-0.07   0.028  0.822] | EEF [-0.092 -0.013  0.817] | ObjZ 0.822 | Up 1.00 | Hold 0/0 | Age 0 (1) | Resets 0 | Shield 8
Ep 8 | Step 76/200 | XYZ [-0.011 -0.05   0.005] | RPY [ 0.014 -0.004  0.007] | Grip 1 (1.00) | Phase 8->8 | Ground 0.6cm | Target C | PredXYZ [-0.041  0.097  0.822] | TrueXYZ [-0.035  0.098  0.823] | EEF [-0.052  0.064  0.819] | ObjZ 0.823 | Up 1.00 | Hold 5/5 | Age 3 (4) | Resets 3 | Shield 21
Episode 8: Clean Success | failure=success | termination=success
Scene rejected for ('pick', 'B'): Pick target lacks bilateral gripper clearance
Scene rejected for ('pick', 'B'): Pick target lacks bilateral gripper clearance
Episode 9/120: Pick up the blue ball | ensemble=temporal
Ep 9 | Step 1/200 | XYZ [ 0.818  0.638 -0.447] | RPY [-0.001 -0.    -0.001] | Grip -1 (0.00) | Phase 0->0 | Ground 1.3cm | Target B | PredXYZ [0.044 0.125 0.828] | TrueXYZ [0.04  0.113 0.826] | EEF [-0.084  0.022  1.016] | ObjZ 0.826 | Up 1.00 | Hold 0/0 | Age 0 (1) | Resets 0 | Shield 0
Ep 9 | Step 20/200 | XYZ [ 0.203  0.137 -0.082] | RPY [ 0.006 -0.001  0.006] | Grip -1 (0.00) | Phase 0->0 | Ground 1.2cm | Target B | PredXYZ [0.044 0.124 0.826] | TrueXYZ [0.04  0.113 0.826] | EEF [0.011 0.106 0.961] | ObjZ 0.826 | Up 1.00 | Hold 0/0 | Age 3 (4) | Resets 0 | Shield 0
Ep 9 | Step 40/200 | XYZ [ 0.024  0.004 -0.474] | RPY [-0.001 -0.007 -0.002] | Grip -1 (0.00) | Phase 1->1 | Ground 1.0cm | Target B | PredXYZ [0.039 0.123 0.826] | TrueXYZ [0.04  0.113 0.826] | EEF [0.038 0.118 0.887] | ObjZ 0.826 | Up 1.00 | Hold 0/0 | Age 0 (1) | Resets 0 | Shield 0
Ep 9 | Step 60/200 | XYZ [ 0.005 -0.019 -0.09 ] | RPY [0.001 0.001 0.002] | Grip -1 (0.00) | Phase 1->1 | Ground 1.3cm | Target B | PredXYZ [0.037 0.126 0.826] | TrueXYZ [0.04  0.113 0.826] | EEF [0.038 0.118 0.83 ] | ObjZ 0.826 | Up 1.00 | Hold 0/0 | Age 0 (1) | Resets 0 | Shield 0
Ep 9 | Step 79/200 | XYZ [ 0.007 -0.001  0.561] | RPY [0.001 0.008 0.001] | Grip 1 (1.00) | Phase 3->3 | Ground 0.9cm | Target B | PredXYZ [0.047 0.117 0.869] | TrueXYZ [0.038 0.114 0.873] | EEF [0.037 0.116 0.872] | ObjZ 0.873 | Up 1.00 | Hold 5/0 | Age 0 (1) | Resets 2 | Shield 0
Ep 9 | Step 80/200 | XYZ [ 0.007 -0.001  0.53 ] | RPY [0.001 0.008 0.001] | Grip 1 (1.00) | Phase 3->3 | Ground 1.3cm | Target B | PredXYZ [0.047 0.121 0.88 ] | TrueXYZ [0.038 0.114 0.88 ] | EEF [0.037 0.116 0.878] | ObjZ 0.880 | Up 1.00 | Hold 6/0 | Age 0 (1) | Resets 3 | Shield 0
Ep 9 | Step 85/200 | XYZ [ 0.007 -0.001  0.415] | RPY [0.001 0.006 0.001] | Grip 1 (1.00) | Phase 3->3 | Ground 0.5cm | Target B | PredXYZ [0.039 0.119 0.903] | TrueXYZ [0.037 0.115 0.907] | EEF [0.035 0.116 0.905] | ObjZ 0.907 | Up 1.00 | Hold 11/5 | Age 0 (1) | Resets 3 | Shield 0
Episode 9: Clean Success | failure=success | termination=success
Episode 10/120: Push the red cube away from the robot | ensemble=temporal
Ep 10 | Step 1/200 | XYZ [-0.01   0.203 -0.609] | RPY [ 0.002 -0.    -0.9  ] | Grip 1 (1.00) | Phase 5->5 | Ground 1.0cm | Target A | PredXYZ [-0.092  0.11   0.823] | TrueXYZ [-0.093  0.099  0.821] | EEF [-0.098 -0.024  1.017] | ObjZ 0.821 | Up 1.00 | Hold 0/0 | Age 0 (1) | Resets 0 | Shield 0
Ep 10 | Step 20/200 | XYZ [ 0.088  0.171 -0.092] | RPY [ 0.048  0.002 -0.586] | Grip 1 (1.00) | Phase 5->5 | Ground 1.3cm | Target A | PredXYZ [-0.089  0.111  0.821] | TrueXYZ [-0.093  0.099  0.822] | EEF [-0.117 -0.005  0.932] | ObjZ 0.822 | Up 1.00 | Hold 0/0 | Age 3 (4) | Resets 0 | Shield 0
Ep 10 | Step 40/200 | XYZ [ 0.112 -0.013 -0.101] | RPY [0.002 0.005 0.   ] | Grip 1 (1.00) | Phase 5->5 | Ground 1.1cm | Target A | PredXYZ [-0.089  0.109  0.821] | TrueXYZ [-0.093  0.099  0.822] | EEF [-0.113  0.02   0.918] | ObjZ 0.822 | Up 1.00 | Hold 0/0 | Age 3 (4) | Resets 0 | Shield 0
Ep 10 | Step 60/200 | XYZ [ 0.041 -0.002 -0.291] | RPY [ 0.001 -0.003 -0.001] | Grip 1 (1.00) | Phase 6->6 | Ground 1.1cm | Target A | PredXYZ [-0.094  0.111  0.821] | TrueXYZ [-0.093  0.099  0.822] | EEF [-0.091  0.018  0.857] | ObjZ 0.822 | Up 1.00 | Hold 0/0 | Age 0 (1) | Resets 0 | Shield 0
Ep 10 | Step 80/200 | XYZ [-0.111  0.794 -0.036] | RPY [-0.002  0.    -0.005] | Grip 1 (1.00) | Phase 7->7 | Ground 1.4cm | Target A | PredXYZ [-0.096  0.113  0.821] | TrueXYZ [-0.093  0.099  0.822] | EEF [-0.087  0.024  0.821] | ObjZ 0.822 | Up 1.00 | Hold 0/0 | Age 0 (1) | Resets 0 | Shield 0
Ep 10 | Step 100/200 | XYZ [-0.046  0.389 -0.027] | RPY [ 0.002  0.001 -0.003] | Grip 1 (1.00) | Phase 7->7 | Ground 2.1cm | Target A | PredXYZ [-0.116  0.135  0.823] | TrueXYZ [-0.095  0.136  0.826] | EEF [-0.1    0.105  0.826] | ObjZ 0.826 | Up 0.98 | Hold 0/0 | Age 0 (1) | Resets 2 | Shield 0
Ep 10 | Step 114/200 | XYZ [-0.02   0.372 -0.022] | RPY [ 0.002  0.001 -0.001] | Grip 1 (1.00) | Phase 7->7 | Ground 2.9cm | Target A | PredXYZ [-0.124  0.178  0.823] | TrueXYZ [-0.096  0.178  0.826] | EEF [-0.102  0.147  0.827] | ObjZ 0.826 | Up 0.98 | Hold 5/5 | Age 0 (1) | Resets 4 | Shield 0
Episode 10: Clean Success | failure=success | termination=success
Episode 11/120: Pick up the green cylinder | ensemble=temporal
Ep 11 | Step 1/200 | XYZ [ 0.093 -0.805 -0.412] | RPY [ 0.002 -0.002  0.004] | Grip -1 (0.00) | Phase 0->0 | Ground 0.9cm | Target C | PredXYZ [-0.098 -0.138  0.824] | TrueXYZ [-0.091 -0.132  0.822] | EEF [-0.106 -0.014  1.005] | ObjZ 0.822 | Up 1.00 | Hold 0/0 | Age 0 (1) | Resets 0 | Shield 0
Ep 11 | Step 20/200 | XYZ [ 0.032 -0.184 -0.083] | RPY [-0.002  0.008 -0.004] | Grip -1 (0.00) | Phase 0->0 | Ground 0.8cm | Target C | PredXYZ [-0.1   -0.133  0.822] | TrueXYZ [-0.091 -0.132  0.822] | EEF [-0.098 -0.115  0.954] | ObjZ 0.822 | Up 1.00 | Hold 0/0 | Age 3 (4) | Resets 0 | Shield 0
Ep 11 | Step 40/200 | XYZ [ 0.002 -0.014 -0.318] | RPY [-0.     0.001 -0.001] | Grip -1 (0.00) | Phase 1->1 | Ground 0.8cm | Target C | PredXYZ [-0.098 -0.136  0.822] | TrueXYZ [-0.091 -0.132  0.822] | EEF [-0.091 -0.132  0.859] | ObjZ 0.822 | Up 1.00 | Hold 0/0 | Age 0 (1) | Resets 0 | Shield 0
Ep 11 | Step 60/200 | XYZ [ 0.038  0.027 -0.055] | RPY [-0.003  0.004 -0.004] | Grip -1 (0.01) | Phase 1->1 | Ground 0.6cm | Target C | PredXYZ [-0.098 -0.131  0.823] | TrueXYZ [-0.091 -0.132  0.822] | EEF [-0.101 -0.138  0.817] | ObjZ 0.822 | Up 1.00 | Hold 0/0 | Age 0 (1) | Resets 0 | Shield 0
Ep 11 | Step 76/200 | XYZ [0.017 0.002 0.596] | RPY [0.008 0.022 0.002] | Grip 1 (1.00) | Phase 3->3 | Ground 0.4cm | Target C | PredXYZ [-0.097 -0.133  0.864] | TrueXYZ [-0.097 -0.129  0.87 ] | EEF [-0.104 -0.133  0.863] | ObjZ 0.870 | Up 1.00 | Hold 5/0 | Age 0 (1) | Resets 2 | Shield 0
Ep 11 | Step 80/200 | XYZ [0.018 0.002 0.486] | RPY [0.005 0.012 0.002] | Grip 1 (1.00) | Phase 3->3 | Ground 1.8cm | Target C | PredXYZ [-0.085 -0.128  0.9  ] | TrueXYZ [-0.098 -0.128  0.895] | EEF [-0.105 -0.132  0.888] | ObjZ 0.895 | Up 1.00 | Hold 9/3 | Age 0 (1) | Resets 4 | Shield 0
Ep 11 | Step 82/200 | XYZ [0.017 0.002 0.44 ] | RPY [0.003 0.007 0.001] | Grip 1 (1.00) | Phase 3->3 | Ground 1.4cm | Target C | PredXYZ [-0.091 -0.134  0.911] | TrueXYZ [-0.098 -0.128  0.906] | EEF [-0.104 -0.132  0.899] | ObjZ 0.906 | Up 1.00 | Hold 11/5 | Age 0 (1) | Resets 5 | Shield 0
Episode 11: Clean Success | failure=success | termination=success
Episode 12/120: Pick up the red cube | ensemble=temporal
Ep 12 | Step 1/200 | XYZ [ 0.782 -0.144 -0.386] | RPY [ 0.002 -0.    -0.862] | Grip -1 (0.00) | Phase 0->0 | Ground 0.0cm | Target A | PredXYZ [ 0.021 -0.019  0.824] | TrueXYZ [ 0.021 -0.019  0.821] | EEF [-0.097 -0.005  1.006] | ObjZ 0.821 | Up 1.00 | Hold 0/0 | Age 0 (1) | Resets 0 | Shield 0
Ep 12 | Step 20/200 | XYZ [ 0.212 -0.061 -0.075] | RPY [ 0.013 -0.003 -0.005] | Grip -1 (0.00) | Phase 0->0 | Ground 0.8cm | Target A | PredXYZ [ 0.014 -0.015  0.821] | TrueXYZ [ 0.021 -0.019  0.822] | EEF [-0.002 -0.01   0.952] | ObjZ 0.822 | Up 1.00 | Hold 0/0 | Age 3 (4) | Resets 0 | Shield 0
Ep 12 | Step 40/200 | XYZ [ 0.02  -0.02  -0.395] | RPY [ 0.002 -0.003  0.001] | Grip -1 (0.00) | Phase 1->1 | Ground 0.8cm | Target A | PredXYZ [ 0.016 -0.013  0.821] | TrueXYZ [ 0.021 -0.019  0.822] | EEF [ 0.021 -0.017  0.871] | ObjZ 0.822 | Up 1.00 | Hold 0/0 | Age 0 (1) | Resets 0 | Shield 0
Ep 12 | Step 60/200 | XYZ [ 0.    -0.009 -0.063] | RPY [ 0.001 -0.001  0.001] | Grip -1 (0.00) | Phase 1->1 | Ground 0.6cm | Target A | PredXYZ [ 0.017 -0.016  0.822] | TrueXYZ [ 0.021 -0.019  0.822] | EEF [ 0.021 -0.019  0.823] | ObjZ 0.822 | Up 1.00 | Hold 0/0 | Age 0 (1) | Resets 0 | Shield 0
Ep 12 | Step 77/200 | XYZ [ 0.004 -0.005  0.575] | RPY [-0.002  0.009 -0.   ] | Grip 1 (1.00) | Phase 3->3 | Ground 0.6cm | Target A | PredXYZ [ 0.015 -0.021  0.863] | TrueXYZ [ 0.018 -0.02   0.873] | EEF [ 0.018 -0.02   0.87 ] | ObjZ 0.873 | Up 1.00 | Hold 5/0 | Age 0 (1) | Resets 3 | Shield 0
Ep 12 | Step 80/200 | XYZ [ 0.004 -0.006  0.491] | RPY [-0.002  0.009 -0.001] | Grip 1 (1.00) | Phase 3->3 | Ground 0.9cm | Target A | PredXYZ [ 0.01  -0.017  0.885] | TrueXYZ [ 0.017 -0.021  0.892] | EEF [ 0.017 -0.021  0.889] | ObjZ 0.892 | Up 1.00 | Hold 8/2 | Age 0 (1) | Resets 5 | Shield 0
Ep 12 | Step 83/200 | XYZ [ 0.004 -0.006  0.418] | RPY [-0.002  0.007 -0.001] | Grip 1 (1.00) | Phase 3->3 | Ground 0.6cm | Target A | PredXYZ [ 0.015 -0.015  0.903] | TrueXYZ [ 0.016 -0.021  0.908] | EEF [ 0.016 -0.021  0.905] | ObjZ 0.908 | Up 1.00 | Hold 11/5 | Age 0 (1) | Resets 6 | Shield 0
Episode 12: Clean Success | failure=success | termination=success
Episode 13/120: Pick up the green cylinder | ensemble=temporal
Ep 13 | Step 1/200 | XYZ [ 0.9    0.648 -0.486] | RPY [-0.001  0.    -0.002] | Grip -1 (0.00) | Phase 0->0 | Ground 0.4cm | Target C | PredXYZ [0.092 0.104 0.824] | TrueXYZ [0.094 0.1   0.822] | EEF [-8.900e-02 -1.000e-03  1.019e+00] | ObjZ 0.822 | Up 1.00 | Hold 0/0 | Age 0 (1) | Resets 0 | Shield 0
Ep 13 | Step 20/200 | XYZ [ 0.311  0.129 -0.086] | RPY [ 0.008 -0.004  0.007] | Grip -1 (0.00) | Phase 0->0 | Ground 0.6cm | Target C | PredXYZ [0.089 0.104 0.822] | TrueXYZ [0.094 0.1   0.822] | EEF [0.049 0.084 0.957] | ObjZ 0.822 | Up 1.00 | Hold 0/0 | Age 3 (4) | Resets 0 | Shield 0
Ep 13 | Step 40/200 | XYZ [ 0.051  0.016 -0.596] | RPY [-0.001 -0.006 -0.002] | Grip -1 (0.00) | Phase 1->1 | Ground 0.4cm | Target C | PredXYZ [0.092 0.104 0.822] | TrueXYZ [0.094 0.1   0.822] | EEF [0.088 0.098 0.903] | ObjZ 0.822 | Up 1.00 | Hold 0/0 | Age 0 (1) | Resets 0 | Shield 0
Ep 13 | Step 60/200 | XYZ [ 0.009 -0.002 -0.12 ] | RPY [ 0.001 -0.001  0.   ] | Grip -1 (0.00) | Phase 1->1 | Ground 0.7cm | Target C | PredXYZ [0.1   0.104 0.822] | TrueXYZ [0.094 0.1   0.822] | EEF [0.094 0.1   0.83 ] | ObjZ 0.822 | Up 1.00 | Hold 0/0 | Age 0 (1) | Resets 0 | Shield 0
Ep 13 | Step 80/200 | XYZ [ 0.003 -0.     0.603] | RPY [ 0.002 -0.003  0.001] | Grip 1 (1.00) | Phase 3->3 | Ground 1.4cm | Target C | PredXYZ [0.107 0.102 0.864] | TrueXYZ [0.094 0.103 0.865] | EEF [0.095 0.103 0.863] | ObjZ 0.865 | Up 1.00 | Hold 4/0 | Age 0 (1) | Resets 2 | Shield 0
Ep 13 | Step 81/200 | XYZ [ 0.003 -0.     0.568] | RPY [ 0.002 -0.001  0.001] | Grip 1 (1.00) | Phase 3->3 | Ground 0.8cm | Target C | PredXYZ [0.101 0.105 0.87 ] | TrueXYZ [0.094 0.103 0.872] | EEF [0.094 0.103 0.87 ] | ObjZ 0.872 | Up 1.00 | Hold 5/0 | Age 0 (1) | Resets 2 | Shield 0
Ep 13 | Step 87/200 | XYZ [ 0.003 -0.001  0.417] | RPY [0.001 0.006 0.002] | Grip 1 (1.00) | Phase 3->3 | Ground 0.6cm | Target C | PredXYZ [0.097 0.105 0.905] | TrueXYZ [0.092 0.103 0.906] | EEF [0.092 0.103 0.904] | ObjZ 0.906 | Up 1.00 | Hold 11/5 | Age 0 (1) | Resets 3 | Shield 0
Episode 13: Clean Success | failure=success | termination=success
Episode 14/120: Pick up the red cube | ensemble=temporal
Ep 14 | Step 1/200 | XYZ [ 0.9   -0.551 -0.356] | RPY [ 0.    -0.002  0.136] | Grip -1 (0.00) | Phase 0->0 | Ground 0.1cm | Target A | PredXYZ [ 0.127 -0.098  0.824] | TrueXYZ [ 0.128 -0.097  0.821] | EEF [-0.106 -0.011  0.997] | ObjZ 0.821 | Up 1.00 | Hold 0/0 | Age 0 (1) | Resets 0 | Shield 0
Ep 14 | Step 20/200 | XYZ [ 0.465 -0.095 -0.055] | RPY [-0.008 -0.004 -0.002] | Grip -1 (0.00) | Phase 0->0 | Ground 0.3cm | Target A | PredXYZ [ 0.127 -0.099  0.822] | TrueXYZ [ 0.128 -0.097  0.822] | EEF [ 0.058 -0.086  0.948] | ObjZ 0.822 | Up 1.00 | Hold 0/0 | Age 3 (4) | Resets 0 | Shield 0
Ep 14 | Step 40/200 | XYZ [ 0.08  -0.013 -0.69 ] | RPY [ 0.001 -0.003  0.001] | Grip -1 (0.00) | Phase 1->1 | Ground 0.1cm | Target A | PredXYZ [ 0.129 -0.098  0.822] | TrueXYZ [ 0.128 -0.097  0.822] | EEF [ 0.116 -0.096  0.915] | ObjZ 0.822 | Up 1.00 | Hold 0/0 | Age 0 (1) | Resets 0 | Shield 0
Ep 14 | Step 60/200 | XYZ [ 0.014  0.001 -0.133] | RPY [-0.    -0.003  0.   ] | Grip -1 (0.00) | Phase 1->1 | Ground 0.6cm | Target A | PredXYZ [ 0.128 -0.091  0.823] | TrueXYZ [ 0.128 -0.097  0.822] | EEF [ 0.125 -0.098  0.834] | ObjZ 0.822 | Up 1.00 | Hold 0/0 | Age 0 (1) | Resets 0 | Shield 0
Ep 14 | Step 80/200 | XYZ [0.001 0.    0.717] | RPY [-0.004 -0.012 -0.   ] | Grip 1 (1.00) | Phase 3->3 | Ground 0.9cm | Target A | PredXYZ [ 0.131 -0.09   0.824] | TrueXYZ [ 0.129 -0.098  0.835] | EEF [ 0.128 -0.098  0.834] | ObjZ 0.835 | Up 1.00 | Hold 0/0 | Age 0 (1) | Resets 0 | Shield 0
Ep 14 | Step 85/200 | XYZ [0.001 0.001 0.562] | RPY [-0.003 -0.011 -0.   ] | Grip 1 (1.00) | Phase 3->3 | Ground 1.1cm | Target A | PredXYZ [ 0.123 -0.104  0.862] | TrueXYZ [ 0.13  -0.099  0.875] | EEF [ 0.129 -0.099  0.874] | ObjZ 0.875 | Up 1.00 | Hold 5/0 | Age 0 (1) | Resets 2 | Shield 0
Ep 14 | Step 90/200 | XYZ [0.003 0.    0.428] | RPY [-0.001  0.004 -0.001] | Grip 1 (1.00) | Phase 3->3 | Ground 0.9cm | Target A | PredXYZ [ 0.12  -0.101  0.896] | TrueXYZ [ 0.128 -0.099  0.903] | EEF [ 0.128 -0.099  0.902] | ObjZ 0.903 | Up 1.00 | Hold 10/5 | Age 0 (1) | Resets 4 | Shield 0
Episode 14: Clean Success | failure=success | termination=success
Scene rejected for ('pick', 'B'): Pick target lacks bilateral gripper clearance
Episode 15/120: Pick up the blue ball | ensemble=temporal
Ep 15 | Step 1/200 | XYZ [-0.012  0.405 -0.355] | RPY [ 0.001 -0.001 -0.004] | Grip -1 (0.00) | Phase 0->0 | Ground 0.7cm | Target B | PredXYZ [-0.121  0.045  0.828] | TrueXYZ [-0.114  0.042  0.826] | EEF [-0.12  -0.016  0.999] | ObjZ 0.826 | Up 1.00 | Hold 0/0 | Age 0 (1) | Resets 0 | Shield 0
Ep 15 | Step 20/200 | XYZ [ 0.012  0.092 -0.076] | RPY [0.001 0.005 0.001] | Grip -1 (0.00) | Phase 0->0 | Ground 0.5cm | Target B | PredXYZ [-0.118  0.044  0.826] | TrueXYZ [-0.114  0.042  0.826] | EEF [-0.122  0.03   0.955] | ObjZ 0.826 | Up 1.00 | Hold 0/0 | Age 3 (4) | Resets 0 | Shield 0
Ep 15 | Step 40/200 | XYZ [ 0.043 -0.006 -0.205] | RPY [0.003 0.019 0.006] | Grip -1 (0.00) | Phase 1->1 | Ground 0.8cm | Target B | PredXYZ [-0.119  0.048  0.826] | TrueXYZ [-0.114  0.042  0.826] | EEF [-0.122  0.044  0.85 ] | ObjZ 0.826 | Up 1.00 | Hold 0/0 | Age 0 (1) | Resets 0 | Shield 0
Ep 15 | Step 60/200 | XYZ [ 0.021 -0.009 -0.04 ] | RPY [0.001 0.002 0.002] | Grip 1 (1.00) | Phase 2->2 | Ground 0.2cm | Target B | PredXYZ [-0.115  0.041  0.826] | TrueXYZ [-0.114  0.042  0.826] | EEF [-0.117  0.044  0.823] | ObjZ 0.826 | Up 1.00 | Hold 0/0 | Age 0 (1) | Resets 0 | Shield 0
Ep 15 | Step 72/200 | XYZ [ 0.011 -0.003  0.566] | RPY [-0.004  0.03  -0.002] | Grip 1 (1.00) | Phase 3->3 | Ground 1.0cm | Target B | PredXYZ [-0.115  0.035  0.872] | TrueXYZ [-0.122  0.04   0.871] | EEF [-0.125  0.04   0.868] | ObjZ 0.871 | Up 1.00 | Hold 5/0 | Age 0 (1) | Resets 4 | Shield 0
Ep 15 | Step 78/200 | XYZ [ 0.014 -0.003  0.42 ] | RPY [-0.004  0.01  -0.002] | Grip 1 (1.00) | Phase 3->3 | Ground 2.8cm | Target B | PredXYZ [-0.098  0.031  0.911] | TrueXYZ [-0.123  0.037  0.906] | EEF [-0.127  0.038  0.902] | ObjZ 0.906 | Up 1.00 | Hold 11/5 | Age 0 (1) | Resets 7 | Shield 0
Episode 15: Clean Success | failure=success | termination=success
Scene rejected for ('push', 'B'): Deterministic push path is blocked by a distractor
Scene rejected for ('push', 'B'): Deterministic push path is blocked by a distractor
Scene rejected for ('push', 'B'): Deterministic push path is blocked by a distractor
Scene rejected for ('push', 'B'): Deterministic push path is blocked by a distractor
Scene rejected for ('push', 'B'): Deterministic push path is blocked by a distractor
Episode 16/120: Push the blue ball away from the robot | ensemble=temporal
Ep 16 | Step 1/200 | XYZ [ 0.073  0.155 -0.521] | RPY [ 0.002 -0.004  0.9  ] | Grip 1 (1.00) | Phase 5->5 | Ground 0.4cm | Target B | PredXYZ [-0.061  0.116  0.828] | TrueXYZ [-0.065  0.116  0.826] | EEF [-0.104  0.023  1.01 ] | ObjZ 0.826 | Up 1.00 | Hold 0/0 | Age 0 (1) | Resets 0 | Shield 0
Ep 16 | Step 20/200 | XYZ [ 0.051 -0.01  -0.108] | RPY [-0.028 -0.006  0.266] | Grip 1 (1.00) | Phase 5->5 | Ground 0.5cm | Target B | PredXYZ [-0.061  0.12   0.826] | TrueXYZ [-0.065  0.116  0.826] | EEF [-0.102  0.041  0.941] | ObjZ 0.826 | Up 1.00 | Hold 0/0 | Age 3 (4) | Resets 0 | Shield 0
Ep 16 | Step 40/200 | XYZ [ 0.027  0.022 -0.173] | RPY [-0.003  0.009 -0.003] | Grip 1 (1.00) | Phase 6->6 | Ground 0.2cm | Target B | PredXYZ [-0.063  0.116  0.826] | TrueXYZ [-0.065  0.116  0.826] | EEF [-0.102  0.034  0.85 ] | ObjZ 0.826 | Up 1.00 | Hold 0/0 | Age 0 (1) | Resets 0 | Shield 0
Ep 16 | Step 60/200 | XYZ [ 0.365  0.9   -0.025] | RPY [-0.032  0.011 -0.027] | Grip 1 (1.00) | Phase 7->7 | Ground 0.3cm | Target B | PredXYZ [-0.063  0.118  0.826] | TrueXYZ [-0.06   0.127  0.826] | EEF [-0.065  0.089  0.828] | ObjZ 0.826 | Up 1.00 | Hold 0/0 | Age 0 (1) | Resets 0 | Shield 0
Ep 16 | Step 70/200 | XYZ [-0.033 -0.112  0.01 ] | RPY [ 0.023 -0.016  0.01 ] | Grip 1 (1.00) | Phase 8->8 | Ground 1.2cm | Target B | PredXYZ [-0.038  0.202  0.826] | TrueXYZ [-0.035  0.191  0.826] | EEF [-0.042  0.156  0.83 ] | ObjZ 0.826 | Up 1.00 | Hold 5/5 | Age 3 (4) | Resets 5 | Shield 0
Episode 16: Clean Success | failure=success | termination=success
Episode 17/120: Pick up the red cube | ensemble=temporal
Ep 17 | Step 1/200 | XYZ [ 0.9   -0.409 -0.554] | RPY [ 0.007 -0.002 -0.9  ] | Grip -1 (0.00) | Phase 0->0 | Ground 0.2cm | Target A | PredXYZ [ 0.122 -0.063  0.823] | TrueXYZ [ 0.121 -0.062  0.821] | EEF [-0.082 -0.006  1.03 ] | ObjZ 0.821 | Up 1.00 | Hold 0/0 | Age 0 (1) | Resets 0 | Shield 0
Ep 17 | Step 20/200 | XYZ [ 0.392 -0.114 -0.084] | RPY [ 0.026 -0.003 -0.01 ] | Grip -1 (0.00) | Phase 0->0 | Ground 0.5cm | Target A | PredXYZ [ 0.12  -0.058  0.822] | TrueXYZ [ 0.121 -0.062  0.822] | EEF [ 0.067 -0.037  0.957] | ObjZ 0.822 | Up 1.00 | Hold 0/0 | Age 3 (4) | Resets 0 | Shield 0
Ep 17 | Step 40/200 | XYZ [ 0.053 -0.041 -0.718] | RPY [ 0.001 -0.007 -0.001] | Grip -1 (0.00) | Phase 1->1 | Ground 0.5cm | Target A | PredXYZ [ 0.119 -0.057  0.822] | TrueXYZ [ 0.121 -0.062  0.822] | EEF [ 0.118 -0.054  0.921] | ObjZ 0.822 | Up 1.00 | Hold 0/0 | Age 0 (1) | Resets 0 | Shield 0
Ep 17 | Step 60/200 | XYZ [ 0.01  -0.018 -0.135] | RPY [ 0.001 -0.002  0.001] | Grip -1 (0.00) | Phase 1->1 | Ground 0.1cm | Target A | PredXYZ [ 0.12  -0.062  0.821] | TrueXYZ [ 0.121 -0.062  0.822] | EEF [ 0.122 -0.059  0.832] | ObjZ 0.822 | Up 1.00 | Hold 0/0 | Age 0 (1) | Resets 0 | Shield 0
Ep 17 | Step 80/200 | XYZ [ 0.003 -0.004  0.721] | RPY [ 0.001 -0.008  0.003] | Grip 1 (1.00) | Phase 3->3 | Ground 0.8cm | Target A | PredXYZ [ 0.123 -0.064  0.822] | TrueXYZ [ 0.123 -0.061  0.837] | EEF [ 0.124 -0.06   0.834] | ObjZ 0.837 | Up 1.00 | Hold 0/0 | Age 0 (1) | Resets 0 | Shield 0
Ep 17 | Step 85/200 | XYZ [ 0.003 -0.003  0.56 ] | RPY [-0.001 -0.006  0.001] | Grip 1 (1.00) | Phase 3->3 | Ground 0.8cm | Target A | PredXYZ [ 0.122 -0.067  0.863] | TrueXYZ [ 0.123 -0.061  0.876] | EEF [ 0.124 -0.06   0.873] | ObjZ 0.876 | Up 1.00 | Hold 5/0 | Age 0 (1) | Resets 2 | Shield 0
Ep 17 | Step 90/200 | XYZ [ 0.002 -0.003  0.428] | RPY [-0.001  0.005  0.001] | Grip 1 (1.00) | Phase 3->3 | Ground 0.7cm | Target A | PredXYZ [ 0.12  -0.067  0.896] | TrueXYZ [ 0.121 -0.062  0.905] | EEF [ 0.122 -0.061  0.902] | ObjZ 0.905 | Up 1.00 | Hold 10/5 | Age 0 (1) | Resets 3 | Shield 0
Episode 17: Clean Success | failure=success | termination=success
Episode 18/120: Pick up the red cube | ensemble=temporal
Ep 18 | Step 1/200 | XYZ [ 0.703  0.497 -0.396] | RPY [ 0.002  0.004 -0.9  ] | Grip -1 (0.00) | Phase 0->0 | Ground 0.2cm | Target A | PredXYZ [-0.005  0.105  0.823] | TrueXYZ [-0.007  0.105  0.821] | EEF [-0.106  0.017  1.002] | ObjZ 0.821 | Up 1.00 | Hold 0/0 | Age 0 (1) | Resets 0 | Shield 0
Ep 18 | Step 20/200 | XYZ [ 0.211  0.092 -0.048] | RPY [0.013 0.014 0.011] | Grip -1 (0.00) | Phase 0->0 | Ground 0.4cm | Target A | PredXYZ [-0.002  0.105  0.822] | TrueXYZ [-0.007  0.105  0.822] | EEF [-0.029  0.092  0.949] | ObjZ 0.822 | Up 1.00 | Hold 0/0 | Age 3 (4) | Resets 0 | Shield 0
Ep 18 | Step 40/200 | XYZ [ 0.007  0.011 -0.397] | RPY [ 0.    -0.008 -0.002] | Grip -1 (0.00) | Phase 1->1 | Ground 0.6cm | Target A | PredXYZ [-0.005  0.11   0.822] | TrueXYZ [-0.007  0.105  0.822] | EEF [-0.004  0.101  0.873] | ObjZ 0.822 | Up 1.00 | Hold 0/0 | Age 0 (1) | Resets 0 | Shield 0
Ep 18 | Step 60/200 | XYZ [ 0.013 -0.008 -0.061] | RPY [0.002 0.002 0.002] | Grip -1 (0.01) | Phase 1->1 | Ground 0.6cm | Target A | PredXYZ [-0.007  0.111  0.822] | TrueXYZ [-0.007  0.105  0.822] | EEF [-0.007  0.106  0.822] | ObjZ 0.822 | Up 1.00 | Hold 0/0 | Age 0 (1) | Resets 0 | Shield 0
Ep 18 | Step 76/200 | XYZ [ 0.007 -0.004  0.55 ] | RPY [-0.003  0.011  0.   ] | Grip 1 (1.00) | Phase 3->3 | Ground 1.0cm | Target A | PredXYZ [-0.004  0.11   0.875] | TrueXYZ [-0.01   0.104  0.876] | EEF [-0.01   0.105  0.873] | ObjZ 0.876 | Up 1.00 | Hold 5/0 | Age 0 (1) | Resets 3 | Shield 0
Ep 18 | Step 80/200 | XYZ [ 0.008 -0.005  0.453] | RPY [-0.002  0.007  0.   ] | Grip 1 (1.00) | Phase 3->3 | Ground 1.1cm | Target A | PredXYZ [-0.001  0.106  0.898] | TrueXYZ [-0.011  0.104  0.899] | EEF [-0.011  0.104  0.896] | ObjZ 0.899 | Up 1.00 | Hold 9/4 | Age 0 (1) | Resets 4 | Shield 0
Ep 18 | Step 81/200 | XYZ [ 0.008 -0.005  0.431] | RPY [-0.001  0.006  0.   ] | Grip 1 (1.00) | Phase 3->3 | Ground 1.3cm | Target A | PredXYZ [-0.001  0.105  0.907] | TrueXYZ [-0.011  0.104  0.905] | EEF [-0.011  0.104  0.901] | ObjZ 0.905 | Up 1.00 | Hold 10/5 | Age 0 (1) | Resets 4 | Shield 0
Episode 18: Clean Success | failure=success | termination=success
Episode 19/120: Pick up the green cylinder | ensemble=temporal
Ep 19 | Step 1/200 | XYZ [ 0.126  0.366 -0.352] | RPY [ 0.001 -0.    -0.003] | Grip -1 (0.00) | Phase 0->0 | Ground 0.2cm | Target C | PredXYZ [-0.094  0.074  0.824] | TrueXYZ [-0.096  0.074  0.822] | EEF [-0.111  0.014  0.995] | ObjZ 0.822 | Up 1.00 | Hold 0/0 | Age 0 (1) | Resets 0 | Shield 0
Ep 19 | Step 20/200 | XYZ [ 0.036  0.081 -0.07 ] | RPY [0.001 0.003 0.001] | Grip -1 (0.00) | Phase 0->0 | Ground 1.2cm | Target C | PredXYZ [-0.084  0.074  0.823] | TrueXYZ [-0.096  0.074  0.822] | EEF [-0.093  0.062  0.952] | ObjZ 0.822 | Up 1.00 | Hold 0/0 | Age 3 (4) | Resets 0 | Shield 0
Ep 19 | Step 40/200 | XYZ [ 0.004  0.017 -0.211] | RPY [0.002 0.013 0.002] | Grip -1 (0.00) | Phase 1->1 | Ground 1.0cm | Target C | PredXYZ [-0.086  0.071  0.822] | TrueXYZ [-0.096  0.074  0.822] | EEF [-0.096  0.072  0.843] | ObjZ 0.822 | Up 1.00 | Hold 0/0 | Age 0 (1) | Resets 0 | Shield 0
Ep 19 | Step 60/200 | XYZ [ 0.001 -0.002 -0.001] | RPY [0.001 0.001 0.001] | Grip 1 (1.00) | Phase 2->2 | Ground 1.1cm | Target C | PredXYZ [-0.085  0.076  0.824] | TrueXYZ [-0.096  0.076  0.822] | EEF [-0.097  0.076  0.819] | ObjZ 0.822 | Up 1.00 | Hold 0/0 | Age 0 (1) | Resets 0 | Shield 0
Ep 19 | Step 68/200 | XYZ [ 0.008 -0.002  0.581] | RPY [-0.005  0.025 -0.001] | Grip 1 (1.00) | Phase 3->3 | Ground 2.0cm | Target C | PredXYZ [-0.116  0.086  0.853] | TrueXYZ [-0.103  0.074  0.869] | EEF [-0.104  0.074  0.865] | ObjZ 0.869 | Up 1.00 | Hold 5/0 | Age 0 (1) | Resets 4 | Shield 0
Ep 19 | Step 74/200 | XYZ [ 0.009 -0.003  0.422] | RPY [-0.003  0.008 -0.001] | Grip 1 (1.00) | Phase 3->3 | Ground 0.6cm | Target C | PredXYZ [-0.108  0.076  0.903] | TrueXYZ [-0.105  0.073  0.904] | EEF [-0.105  0.073  0.901] | ObjZ 0.904 | Up 1.00 | Hold 11/5 | Age 0 (1) | Resets 9 | Shield 0
Episode 19: Clean Success | failure=success | termination=success
Episode 20/120: Pick up the blue ball | ensemble=temporal
Ep 20 | Step 1/200 | XYZ [ 0.873  0.865 -0.404] | RPY [ 0.     0.001 -0.003] | Grip -1 (0.00) | Phase 0->0 | Ground 0.7cm | Target B | PredXYZ [0.05  0.134 0.828] | TrueXYZ [0.05  0.127 0.826] | EEF [-0.098 -0.004  1.009] | ObjZ 0.826 | Up 1.00 | Hold 0/0 | Age 0 (1) | Resets 0 | Shield 0
Ep 20 | Step 20/200 | XYZ [ 0.235  0.17  -0.072] | RPY [0.009 0.003 0.009] | Grip -1 (0.00) | Phase 0->0 | Ground 1.5cm | Target B | PredXYZ [0.041 0.139 0.825] | TrueXYZ [0.05  0.127 0.826] | EEF [0.007 0.106 0.957] | ObjZ 0.826 | Up 1.00 | Hold 0/0 | Age 3 (4) | Resets 0 | Shield 0
Ep 20 | Step 40/200 | XYZ [ 0.041  0.014 -0.598] | RPY [-0.001 -0.012 -0.003] | Grip -1 (0.00) | Phase 1->1 | Ground 1.2cm | Target B | PredXYZ [0.044 0.138 0.826] | TrueXYZ [0.05  0.127 0.826] | EEF [0.04  0.124 0.904] | ObjZ 0.826 | Up 1.00 | Hold 0/0 | Age 0 (1) | Resets 0 | Shield 0
Ep 20 | Step 60/200 | XYZ [ 0.021 -0.003 -0.112] | RPY [0.001 0.001 0.001] | Grip -1 (0.00) | Phase 1->1 | Ground 1.1cm | Target B | PredXYZ [0.044 0.136 0.826] | TrueXYZ [0.05  0.127 0.826] | EEF [0.045 0.128 0.833] | ObjZ 0.826 | Up 1.00 | Hold 0/0 | Age 0 (1) | Resets 0 | Shield 0
Ep 20 | Step 80/200 | XYZ [ 0.007 -0.002  0.623] | RPY [0.001 0.005 0.002] | Grip 1 (1.00) | Phase 3->3 | Ground 1.0cm | Target B | PredXYZ [0.056 0.127 0.861] | TrueXYZ [0.049 0.129 0.86 ] | EEF [0.046 0.129 0.858] | ObjZ 0.860 | Up 1.00 | Hold 3/0 | Age 0 (1) | Resets 2 | Shield 0
Ep 20 | Step 82/200 | XYZ [ 0.007 -0.001  0.56 ] | RPY [0.001 0.007 0.001] | Grip 1 (1.00) | Phase 3->3 | Ground 1.3cm | Target B | PredXYZ [0.06  0.123 0.871] | TrueXYZ [0.048 0.129 0.874] | EEF [0.045 0.129 0.872] | ObjZ 0.874 | Up 1.00 | Hold 5/0 | Age 0 (1) | Resets 2 | Shield 0
Ep 20 | Step 87/200 | XYZ [ 0.007 -0.001  0.436] | RPY [0.001 0.006 0.002] | Grip 1 (1.00) | Phase 3->3 | Ground 0.9cm | Target B | PredXYZ [0.048 0.137 0.902] | TrueXYZ [0.047 0.129 0.903] | EEF [0.044 0.13  0.9  ] | ObjZ 0.903 | Up 1.00 | Hold 10/5 | Age 0 (1) | Resets 3 | Shield 0
Episode 20: Clean Success | failure=success | termination=success
Episode 21/120: Pick up the red cube | ensemble=temporal
Ep 21 | Step 1/200 | XYZ [ 0.9   -0.835 -0.271] | RPY [-0.     0.001  0.422] | Grip -1 (0.00) | Phase 0->0 | Ground 0.4cm | Target A | PredXYZ [ 0.046 -0.119  0.824] | TrueXYZ [ 0.045 -0.115  0.821] | EEF [-0.13   0.017  0.985] | ObjZ 0.821 | Up 1.00 | Hold 0/0 | Age 0 (1) | Resets 0 | Shield 0
Ep 21 | Step 20/200 | XYZ [ 0.325 -0.162 -0.047] | RPY [-0.01  -0.002 -0.007] | Grip -1 (0.00) | Phase 0->0 | Ground 1.1cm | Target A | PredXYZ [ 0.034 -0.114  0.822] | TrueXYZ [ 0.045 -0.115  0.822] | EEF [ 0.    -0.098  0.945] | ObjZ 0.822 | Up 1.00 | Hold 0/0 | Age 3 (4) | Resets 0 | Shield 0
Ep 21 | Step 40/200 | XYZ [ 0.042 -0.021 -0.544] | RPY [ 0.001 -0.007  0.002] | Grip -1 (0.00) | Phase 1->1 | Ground 1.0cm | Target A | PredXYZ [ 0.035 -0.118  0.822] | TrueXYZ [ 0.045 -0.115  0.822] | EEF [ 0.043 -0.116  0.896] | ObjZ 0.822 | Up 1.00 | Hold 0/0 | Age 0 (1) | Resets 0 | Shield 0
Ep 21 | Step 60/200 | XYZ [ 0.     0.006 -0.107] | RPY [-0.001 -0.002  0.   ] | Grip -1 (0.00) | Phase 1->1 | Ground 0.3cm | Target A | PredXYZ [ 0.042 -0.115  0.822] | TrueXYZ [ 0.045 -0.115  0.822] | EEF [ 0.046 -0.118  0.83 ] | ObjZ 0.822 | Up 1.00 | Hold 0/0 | Age 0 (1) | Resets 0 | Shield 0
Ep 21 | Step 80/200 | XYZ [0.001 0.002 0.648] | RPY [-0.003 -0.005 -0.001] | Grip 1 (1.00) | Phase 3->3 | Ground 1.3cm | Target A | PredXYZ [ 0.036 -0.124  0.836] | TrueXYZ [ 0.045 -0.117  0.85 ] | EEF [ 0.045 -0.118  0.848] | ObjZ 0.850 | Up 1.00 | Hold 2/0 | Age 0 (1) | Resets 0 | Shield 0
Ep 21 | Step 83/200 | XYZ [0.001 0.001 0.566] | RPY [-0.002 -0.002 -0.001] | Grip 1 (1.00) | Phase 3->3 | Ground 1.0cm | Target A | PredXYZ [ 0.04  -0.122  0.857] | TrueXYZ [ 0.044 -0.117  0.872] | EEF [ 0.044 -0.118  0.869] | ObjZ 0.872 | Up 1.00 | Hold 5/0 | Age 0 (1) | Resets 1 | Shield 0
Ep 21 | Step 89/200 | XYZ [0.003 0.003 0.428] | RPY [-0.001  0.006 -0.002] | Grip 1 (1.00) | Phase 3->3 | Ground 1.6cm | Target A | PredXYZ [ 0.03  -0.114  0.892] | TrueXYZ [ 0.042 -0.117  0.906] | EEF [ 0.042 -0.119  0.903] | ObjZ 0.906 | Up 1.00 | Hold 11/5 | Age 0 (1) | Resets 3 | Shield 0
Episode 21: Clean Success | failure=success | termination=success
Scene rejected for ('pick', 'C'): Pick target lacks bilateral gripper clearance
Scene rejected for ('pick', 'C'): Pick target lacks bilateral gripper clearance
Episode 22/120: Pick up the green cylinder | ensemble=temporal
Ep 22 | Step 1/200 | XYZ [ 0.9   -0.385 -0.379] | RPY [0.001 0.001 0.003] | Grip -1 (0.00) | Phase 0->0 | Ground 0.6cm | Target C | PredXYZ [ 0.071 -0.063  0.823] | TrueXYZ [ 0.065 -0.065  0.822] | EEF [-0.096 -0.005  0.999] | ObjZ 0.822 | Up 1.00 | Hold 0/0 | Age 0 (1) | Resets 0 | Shield 0
Ep 22 | Step 20/200 | XYZ [ 0.26  -0.083 -0.073] | RPY [-0.004 -0.008 -0.002] | Grip -1 (0.00) | Phase 0->0 | Ground 0.1cm | Target C | PredXYZ [ 0.066 -0.064  0.822] | TrueXYZ [ 0.065 -0.065  0.822] | EEF [ 0.031 -0.054  0.952] | ObjZ 0.822 | Up 1.00 | Hold 0/0 | Age 3 (4) | Resets 0 | Shield 0
Ep 22 | Step 40/200 | XYZ [ 0.036 -0.016 -0.459] | RPY [ 0.001 -0.003  0.001] | Grip -1 (0.00) | Phase 1->1 | Ground 0.6cm | Target C | PredXYZ [ 0.064 -0.071  0.822] | TrueXYZ [ 0.065 -0.065  0.822] | EEF [ 0.063 -0.061  0.882] | ObjZ 0.822 | Up 1.00 | Hold 0/0 | Age 0 (1) | Resets 0 | Shield 0
Ep 22 | Step 60/200 | XYZ [ 0.001 -0.005 -0.095] | RPY [-0.    -0.001  0.   ] | Grip -1 (0.00) | Phase 1->1 | Ground 0.9cm | Target C | PredXYZ [ 0.063 -0.056  0.822] | TrueXYZ [ 0.065 -0.065  0.822] | EEF [ 0.066 -0.064  0.826] | ObjZ 0.822 | Up 1.00 | Hold 0/0 | Age 0 (1) | Resets 0 | Shield 0
Ep 22 | Step 78/200 | XYZ [ 0.002 -0.     0.576] | RPY [-0.001  0.003 -0.   ] | Grip 1 (1.00) | Phase 3->3 | Ground 0.5cm | Target C | PredXYZ [ 0.066 -0.07   0.865] | TrueXYZ [ 0.064 -0.065  0.872] | EEF [ 0.065 -0.065  0.868] | ObjZ 0.872 | Up 1.00 | Hold 5/0 | Age 0 (1) | Resets 3 | Shield 0
Ep 22 | Step 80/200 | XYZ [ 0.001 -0.     0.515] | RPY [-0.001  0.005 -0.001] | Grip 1 (1.00) | Phase 3->3 | Ground 1.4cm | Target C | PredXYZ [ 0.077 -0.069  0.882] | TrueXYZ [ 0.063 -0.065  0.884] | EEF [ 0.064 -0.066  0.881] | ObjZ 0.884 | Up 1.00 | Hold 7/1 | Age 0 (1) | Resets 4 | Shield 0
Ep 22 | Step 84/200 | XYZ [0.001 0.    0.421] | RPY [-0.     0.006 -0.001] | Grip 1 (1.00) | Phase 3->3 | Ground 0.6cm | Target C | PredXYZ [ 0.062 -0.071  0.903] | TrueXYZ [ 0.062 -0.066  0.906] | EEF [ 0.062 -0.066  0.903] | ObjZ 0.906 | Up 1.00 | Hold 11/5 | Age 0 (1) | Resets 7 | Shield 0
Episode 22: Clean Success | failure=success | termination=success
Episode 23/120: Pick up the red cube | ensemble=temporal
Ep 23 | Step 1/200 | XYZ [ 0.121  0.307 -0.544] | RPY [-0.003  0.001  0.9  ] | Grip -1 (0.00) | Phase 0->0 | Ground 0.1cm | Target A | PredXYZ [-0.07   0.069  0.824] | TrueXYZ [-0.069  0.068  0.821] | EEF [-0.085  0.02   1.026] | ObjZ 0.821 | Up 1.00 | Hold 0/0 | Age 0 (1) | Resets 0 | Shield 0
Ep 23 | Step 20/200 | XYZ [ 0.069  0.088 -0.114] | RPY [-0.024  0.015  0.031] | Grip -1 (0.00) | Phase 0->0 | Ground 0.1cm | Target A | PredXYZ [-0.07   0.068  0.821] | TrueXYZ [-0.069  0.068  0.822] | EEF [-0.081  0.048  0.954] | ObjZ 0.822 | Up 1.00 | Hold 0/0 | Age 3 (4) | Resets 0 | Shield 0
Ep 23 | Step 40/200 | XYZ [ 0.024  0.048 -0.624] | RPY [-0.002 -0.023 -0.004] | Grip -1 (0.00) | Phase 1->1 | Ground 0.3cm | Target A | PredXYZ [-0.07   0.07   0.822] | TrueXYZ [-0.069  0.068  0.822] | EEF [-0.075  0.057  0.907] | ObjZ 0.822 | Up 1.00 | Hold 0/0 | Age 0 (1) | Resets 0 | Shield 0
Ep 23 | Step 60/200 | XYZ [ 0.033  0.013 -0.115] | RPY [ 0.     0.007 -0.001] | Grip -1 (0.00) | Phase 1->1 | Ground 0.5cm | Target A | PredXYZ [-0.065  0.065  0.821] | TrueXYZ [-0.069  0.068  0.822] | EEF [-0.074  0.065  0.828] | ObjZ 0.822 | Up 1.00 | Hold 0/0 | Age 0 (1) | Resets 0 | Shield 0
Ep 23 | Step 80/200 | XYZ [0.008 0.003 0.637] | RPY [0.003 0.027 0.002] | Grip 1 (1.00) | Phase 3->3 | Ground 5.0cm | Target A | PredXYZ [-0.108  0.089  0.821] | TrueXYZ [-0.077  0.07   0.861] | EEF [-0.079  0.069  0.857] | ObjZ 0.861 | Up 1.00 | Hold 3/0 | Age 0 (1) | Resets 2 | Shield 0
Ep 23 | Step 82/200 | XYZ [0.008 0.005 0.586] | RPY [0.004 0.026 0.003] | Grip 1 (1.00) | Phase 3->3 | Ground 6.6cm | Target A | PredXYZ [-0.122  0.085  0.821] | TrueXYZ [-0.079  0.072  0.875] | EEF [-0.081  0.07   0.871] | ObjZ 0.875 | Up 1.00 | Hold 5/0 | Age 0 (1) | Resets 3 | Shield 0
Ep 23 | Step 87/200 | XYZ [0.007 0.005 0.453] | RPY [0.005 0.017 0.004] | Grip 1 (1.00) | Phase 3->3 | Ground 3.0cm | Target A | PredXYZ [-0.109  0.08   0.887] | TrueXYZ [-0.083  0.076  0.904] | EEF [-0.085  0.074  0.9  ] | ObjZ 0.904 | Up 1.00 | Hold 10/5 | Age 0 (1) | Resets 7 | Shield 0
Episode 23: Clean Success | failure=success | termination=success
Episode 24/120: Pick up the green cylinder | ensemble=temporal
Ep 24 | Step 1/200 | XYZ [ 0.693 -0.191 -0.394] | RPY [0.001 0.002 0.002] | Grip -1 (0.00) | Phase 0->0 | Ground 0.6cm | Target C | PredXYZ [ 0.    -0.037  0.823] | TrueXYZ [ 0.002 -0.031  0.822] | EEF [-0.106 -0.011  1.004] | ObjZ 0.822 | Up 1.00 | Hold 0/0 | Age 0 (1) | Resets 0 | Shield 0
Ep 24 | Step 20/200 | XYZ [ 0.177 -0.042 -0.079] | RPY [-0.    -0.005  0.   ] | Grip -1 (0.00) | Phase 0->0 | Ground 0.8cm | Target C | PredXYZ [-0.001 -0.039  0.822] | TrueXYZ [ 0.002 -0.031  0.822] | EEF [-0.02  -0.032  0.955] | ObjZ 0.822 | Up 1.00 | Hold 0/0 | Age 3 (4) | Resets 0 | Shield 0
Ep 24 | Step 40/200 | XYZ [ 0.027  0.002 -0.363] | RPY [0.001 0.001 0.   ] | Grip -1 (0.00) | Phase 1->1 | Ground 1.0cm | Target C | PredXYZ [ 0.    -0.041  0.822] | TrueXYZ [ 0.002 -0.031  0.822] | EEF [ 0.    -0.035  0.869] | ObjZ 0.822 | Up 1.00 | Hold 0/0 | Age 0 (1) | Resets 0 | Shield 0
Ep 24 | Step 60/200 | XYZ [ 0.005  0.004 -0.069] | RPY [ 0. -0. -0.] | Grip -1 (0.00) | Phase 1->1 | Ground 1.6cm | Target C | PredXYZ [ 0.001 -0.047  0.822] | TrueXYZ [ 0.002 -0.031  0.822] | EEF [ 0.002 -0.035  0.825] | ObjZ 0.822 | Up 1.00 | Hold 0/0 | Age 0 (1) | Resets 0 | Shield 0
Ep 24 | Step 75/200 | XYZ [ 0.006 -0.001  0.57 ] | RPY [-0.     0.011  0.   ] | Grip 1 (1.00) | Phase 3->3 | Ground 2.3cm | Target C | PredXYZ [ 0.019 -0.037  0.877] | TrueXYZ [-0.001 -0.035  0.87 ] | EEF [-0.001 -0.035  0.869] | ObjZ 0.870 | Up 1.00 | Hold 5/0 | Age 0 (1) | Resets 4 | Shield 0
Ep 24 | Step 80/200 | XYZ [ 0.006 -0.002  0.44 ] | RPY [-0.     0.007 -0.   ] | Grip 1 (1.00) | Phase 3->3 | Ground 1.2cm | Target C | PredXYZ [ 0.006 -0.039  0.903] | TrueXYZ [-0.002 -0.035  0.9  ] | EEF [-0.002 -0.035  0.899] | ObjZ 0.900 | Up 1.00 | Hold 10/4 | Age 0 (1) | Resets 7 | Shield 0
Ep 24 | Step 81/200 | XYZ [ 0.006 -0.002  0.418] | RPY [-0.     0.006 -0.001] | Grip 1 (1.00) | Phase 3->3 | Ground 1.1cm | Target C | PredXYZ [ 0.006 -0.038  0.906] | TrueXYZ [-0.002 -0.035  0.905] | EEF [-0.002 -0.036  0.904] | ObjZ 0.905 | Up 1.00 | Hold 11/5 | Age 0 (1) | Resets 7 | Shield 0
Episode 24: Clean Success | failure=success | termination=success
Episode 25/120: Push the red cube away from the robot | ensemble=temporal
Ep 25 | Step 1/200 | XYZ [ 0.796  0.162 -0.582] | RPY [ 0.002 -0.     0.458] | Grip 1 (1.00) | Phase 5->5 | Ground 0.3cm | Target A | PredXYZ [0.11  0.076 0.824] | TrueXYZ [0.11  0.074 0.821] | EEF [-0.097  0.039  1.012] | ObjZ 0.821 | Up 1.00 | Hold 0/0 | Age 0 (1) | Resets 0 | Shield 0
Ep 25 | Step 20/200 | XYZ [ 0.197  0.069 -0.115] | RPY [-0.006 -0.    -0.006] | Grip 1 (1.00) | Phase 5->5 | Ground 0.4cm | Target A | PredXYZ [0.108 0.077 0.822] | TrueXYZ [0.11  0.074 0.822] | EEF [-0.002  0.049  0.938] | ObjZ 0.822 | Up 1.00 | Hold 0/0 | Age 3 (4) | Resets 0 | Shield 0
Ep 25 | Step 40/200 | XYZ [ 0.033 -0.01  -0.366] | RPY [-0.002 -0.004 -0.001] | Grip 1 (1.00) | Phase 6->6 | Ground 0.4cm | Target A | PredXYZ [0.113 0.071 0.822] | TrueXYZ [0.11  0.074 0.822] | EEF [0.023 0.056 0.87 ] | ObjZ 0.822 | Up 1.00 | Hold 0/0 | Age 0 (1) | Resets 0 | Shield 0
Ep 25 | Step 60/200 | XYZ [ 0.003  0.001 -0.067] | RPY [-0.     0.    -0.001] | Grip 1 (1.00) | Phase 6->6 | Ground 0.4cm | Target A | PredXYZ [0.109 0.07  0.822] | TrueXYZ [0.11  0.074 0.822] | EEF [0.025 0.054 0.827] | ObjZ 0.822 | Up 1.00 | Hold 0/0 | Age 0 (1) | Resets 0 | Shield 0
Ep 25 | Step 80/200 | XYZ [0.418 0.124 0.001] | RPY [ 0.001 -0.002 -0.001] | Grip 1 (1.00) | Phase 7->7 | Ground 0.8cm | Target A | PredXYZ [0.183 0.084 0.822] | TrueXYZ [0.18  0.089 0.822] | EEF [0.142 0.082 0.818] | ObjZ 0.822 | Up 1.00 | Hold 2/2 | Age 0 (1) | Resets 2 | Shield 2
Ep 25 | Step 83/200 | XYZ [-0.028 -0.005  0.006] | RPY [ 0.001 -0.005  0.   ] | Grip 1 (1.00) | Phase 8->8 | Ground 0.6cm | Target A | PredXYZ [0.195 0.088 0.822] | TrueXYZ [0.194 0.091 0.822] | EEF [0.154 0.086 0.818] | ObjZ 0.822 | Up 1.00 | Hold 5/5 | Age 3 (4) | Resets 2 | Shield 3
Episode 25: Clean Success | failure=success | termination=success
Scene rejected for ('push', 'C'): Deterministic push path is blocked by a distractor
Scene rejected for ('push', 'C'): Deterministic push path is blocked by a distractor
Scene rejected for ('push', 'C'): Deterministic push path is blocked by a distractor
Scene rejected for ('push', 'C'): Deterministic push path is blocked by a distractor
Scene rejected for ('push', 'C'): Deterministic push path is blocked by a distractor
Scene rejected for ('push', 'C'): Deterministic push path is blocked by a distractor
Scene rejected for ('push', 'C'): Deterministic push path is blocked by a distractor
Scene rejected for ('push', 'C'): Deterministic push path is blocked by a distractor
Scene rejected for ('push', 'C'): Deterministic push path is blocked by a distractor
Scene rejected for ('push', 'C'): Deterministic push path is blocked by a distractor
Scene rejected for ('push', 'C'): Target is too close to the robot reference ray
Scene rejected for ('push', 'C'): Deterministic push path is blocked by a distractor
Scene rejected for ('push', 'C'): Target is too close to the robot reference ray
Scene rejected for ('push', 'C'): Deterministic push path is blocked by a distractor
Scene rejected for ('push', 'C'): Deterministic push path is blocked by a distractor
Scene rejected for ('push', 'C'): Deterministic push path is blocked by a distractor
Scene rejected for ('push', 'C'): Deterministic push path is blocked by a distractor
Scene rejected for ('push', 'C'): Deterministic push path is blocked by a distractor
Scene rejected for ('push', 'C'): Target is too close to the robot reference ray
Scene rejected for ('push', 'C'): Deterministic push path is blocked by a distractor
Episode 26/120: Push the green cylinder away from the robot | ensemble=temporal
Ep 26 | Step 1/200 | XYZ [ 0.013 -0.055 -0.387] | RPY [-0.003  0.001 -0.9  ] | Grip 1 (1.00) | Phase 5->5 | Ground 0.2cm | Target C | PredXYZ [-0.107 -0.094  0.823] | TrueXYZ [-0.109 -0.093  0.822] | EEF [-0.123 -0.005  0.982] | ObjZ 0.822 | Up 1.00 | Hold 0/0 | Age 0 (1) | Resets 0 | Shield 0
Ep 26 | Step 20/200 | XYZ [ 0.039  0.069 -0.065] | RPY [ 0.017 -0.006 -0.518] | Grip 1 (1.00) | Phase 5->5 | Ground 0.5cm | Target C | PredXYZ [-0.104 -0.094  0.822] | TrueXYZ [-0.109 -0.093  0.822] | EEF [-0.127 -0.018  0.929] | ObjZ 0.822 | Up 1.00 | Hold 0/0 | Age 3 (4) | Resets 0 | Shield 0
Ep 26 | Step 40/200 | XYZ [ 0.039 -0.072 -0.181] | RPY [0.002 0.007 0.001] | Grip 1 (1.00) | Phase 6->6 | Ground 1.2cm | Target C | PredXYZ [-0.099 -0.1    0.822] | TrueXYZ [-0.109 -0.093  0.822] | EEF [-0.111 -0.004  0.836] | ObjZ 0.822 | Up 1.00 | Hold 0/0 | Age 0 (1) | Resets 0 | Shield 0
Ep 26 | Step 60/200 | XYZ [ 0.03  -0.615 -0.025] | RPY [ 0.017 -0.012  0.017] | Grip 1 (1.00) | Phase 7->7 | Ground 0.8cm | Target C | PredXYZ [-0.1   -0.096  0.822] | TrueXYZ [-0.107 -0.103  0.823] | EEF [-0.099 -0.064  0.82 ] | ObjZ 0.823 | Up 1.00 | Hold 0/0 | Age 0 (1) | Resets 0 | Shield 4
Ep 26 | Step 73/200 | XYZ [-0.003  0.034  0.005] | RPY [-0.006  0.005 -0.005] | Grip 1 (1.00) | Phase 8->8 | Ground 0.8cm | Target C | PredXYZ [-0.103 -0.181  0.823] | TrueXYZ [-0.099 -0.177  0.823] | EEF [-0.096 -0.138  0.818] | ObjZ 0.823 | Up 1.00 | Hold 5/5 | Age 3 (4) | Resets 1 | Shield 10
Episode 26: Clean Success | failure=success | termination=success
Episode 27/120: Push the green cylinder away from the robot | ensemble=temporal
Ep 27 | Step 1/200 | XYZ [ 0.561  0.319 -0.608] | RPY [-0.    -0.003  0.9  ] | Grip 1 (1.00) | Phase 5->5 | Ground 0.7cm | Target C | PredXYZ [0.069 0.093 0.824] | TrueXYZ [0.069 0.086 0.822] | EEF [-0.091  0.004  1.018] | ObjZ 0.822 | Up 1.00 | Hold 0/0 | Age 0 (1) | Resets 0 | Shield 0
Ep 27 | Step 20/200 | XYZ [ 0.143  0.11  -0.124] | RPY [-0.013  0.003 -0.005] | Grip 1 (1.00) | Phase 5->5 | Ground 0.7cm | Target C | PredXYZ [0.07  0.093 0.822] | TrueXYZ [0.069 0.086 0.822] | EEF [-0.026  0.033  0.94 ] | ObjZ 0.822 | Up 1.00 | Hold 0/0 | Age 3 (4) | Resets 0 | Shield 0
Ep 27 | Step 40/200 | XYZ [ 0.016  0.018 -0.374] | RPY [-0.001 -0.005 -0.001] | Grip 1 (1.00) | Phase 6->6 | Ground 1.1cm | Target C | PredXYZ [0.078 0.094 0.822] | TrueXYZ [0.069 0.086 0.822] | EEF [-0.007  0.047  0.867] | ObjZ 0.822 | Up 1.00 | Hold 0/0 | Age 0 (1) | Resets 0 | Shield 0
Ep 27 | Step 60/200 | XYZ [ 0.012  0.006 -0.071] | RPY [ 0.001  0.    -0.001] | Grip 1 (1.00) | Phase 6->6 | Ground 1.1cm | Target C | PredXYZ [0.078 0.092 0.822] | TrueXYZ [0.069 0.086 0.822] | EEF [-0.007  0.048  0.821] | ObjZ 0.822 | Up 1.00 | Hold 0/0 | Age 0 (1) | Resets 0 | Shield 0
Ep 27 | Step 80/200 | XYZ [0.4  0.22 0.  ] | RPY [-0.001  0.002 -0.001] | Grip 1 (1.00) | Phase 7->7 | Ground 0.4cm | Target C | PredXYZ [0.136 0.114 0.822] | TrueXYZ [0.138 0.113 0.823] | EEF [0.099 0.105 0.813] | ObjZ 0.823 | Up 1.00 | Hold 2/2 | Age 0 (1) | Resets 0 | Shield 17
Ep 27 | Step 83/200 | XYZ [0.378 0.204 0.   ] | RPY [ 0.001  0.    -0.   ] | Grip 1 (1.00) | Phase 7->7 | Ground 0.8cm | Target C | PredXYZ [0.152 0.127 0.823] | TrueXYZ [0.15  0.125 0.823] | EEF [0.113 0.112 0.813] | ObjZ 0.823 | Up 1.00 | Hold 5/5 | Age 0 (1) | Resets 0 | Shield 20
Episode 27: Clean Success | failure=success | termination=success
Episode 28/120: Pick up the green cylinder | ensemble=temporal
Ep 28 | Step 1/200 | XYZ [ 0.9   -0.048 -0.317] | RPY [-0.001  0.001  0.   ] | Grip -1 (0.00) | Phase 0->0 | Ground 0.2cm | Target C | PredXYZ [0.131 0.008 0.824] | TrueXYZ [0.131 0.007 0.822] | EEF [-0.115  0.01   0.993] | ObjZ 0.822 | Up 1.00 | Hold 0/0 | Age 0 (1) | Resets 0 | Shield 0
Ep 28 | Step 20/200 | XYZ [ 0.484  0.003 -0.051] | RPY [-0.002 -0.007  0.   ] | Grip -1 (0.00) | Phase 0->0 | Ground 0.8cm | Target C | PredXYZ [0.132 0.015 0.822] | TrueXYZ [0.131 0.007 0.822] | EEF [0.052 0.006 0.951] | ObjZ 0.822 | Up 1.00 | Hold 0/0 | Age 3 (4) | Resets 0 | Shield 0
Ep 28 | Step 40/200 | XYZ [ 0.094 -0.002 -0.819] | RPY [-0.    -0.006 -0.   ] | Grip -1 (0.00) | Phase 1->1 | Ground 0.7cm | Target C | PredXYZ [0.137 0.01  0.822] | TrueXYZ [0.131 0.007 0.822] | EEF [0.115 0.005 0.934] | ObjZ 0.822 | Up 1.00 | Hold 0/0 | Age 0 (1) | Resets 0 | Shield 0
Ep 28 | Step 60/200 | XYZ [ 0.024  0.005 -0.149] | RPY [-0.001 -0.003 -0.001] | Grip -1 (0.00) | Phase 1->1 | Ground 0.9cm | Target C | PredXYZ [0.125 0.    0.822] | TrueXYZ [0.131 0.007 0.822] | EEF [0.127 0.005 0.837] | ObjZ 0.822 | Up 1.00 | Hold 0/0 | Age 0 (1) | Resets 0 | Shield 0
Ep 28 | Step 80/200 | XYZ [0.002 0.001 0.685] | RPY [-0.    -0.017  0.001] | Grip 1 (1.00) | Phase 3->3 | Ground 1.2cm | Target C | PredXYZ [ 0.126 -0.     0.826] | TrueXYZ [0.134 0.005 0.843] | EEF [0.132 0.005 0.843] | ObjZ 0.843 | Up 1.00 | Hold 1/0 | Age 0 (1) | Resets 0 | Shield 0
Ep 28 | Step 84/200 | XYZ [0.001 0.    0.549] | RPY [ 0.    -0.012  0.001] | Grip 1 (1.00) | Phase 3->3 | Ground 1.2cm | Target C | PredXYZ [0.141 0.    0.875] | TrueXYZ [0.135 0.005 0.874] | EEF [0.133 0.005 0.874] | ObjZ 0.874 | Up 1.00 | Hold 5/0 | Age 0 (1) | Resets 4 | Shield 0
Ep 28 | Step 89/200 | XYZ [0.003 0.    0.426] | RPY [0.    0.002 0.   ] | Grip 1 (1.00) | Phase 3->3 | Ground 1.3cm | Target C | PredXYZ [0.146 0.004 0.903] | TrueXYZ [0.133 0.005 0.902] | EEF [0.132 0.005 0.902] | ObjZ 0.902 | Up 1.00 | Hold 10/5 | Age 0 (1) | Resets 4 | Shield 0
Episode 28: Clean Success | failure=success | termination=success
Scene rejected for ('push', 'B'): Deterministic push path is blocked by a distractor
Episode 29/120: Push the blue ball away from the robot | ensemble=temporal
Ep 29 | Step 1/200 | XYZ [ 0.676 -0.    -0.545] | RPY [ 0.001 -0.001 -0.016] | Grip 1 (1.00) | Phase 5->5 | Ground 0.7cm | Target B | PredXYZ [0.083 0.009 0.828] | TrueXYZ [0.077 0.005 0.826] | EEF [-0.104  0.009  1.01 ] | ObjZ 0.826 | Up 1.00 | Hold 0/0 | Age 0 (1) | Resets 0 | Shield 0
Ep 29 | Step 20/200 | XYZ [ 0.166  0.002 -0.11 ] | RPY [-0.001  0.001  0.   ] | Grip 1 (1.00) | Phase 5->5 | Ground 0.5cm | Target B | PredXYZ [0.082 0.007 0.826] | TrueXYZ [0.077 0.005 0.826] | EEF [-0.025  0.008  0.942] | ObjZ 0.826 | Up 1.00 | Hold 0/0 | Age 3 (4) | Resets 0 | Shield 0
Ep 29 | Step 40/200 | XYZ [ 0.018 -0.001 -0.305] | RPY [-0.001  0.    -0.   ] | Grip 1 (1.00) | Phase 6->6 | Ground 0.3cm | Target B | PredXYZ [0.077 0.008 0.826] | TrueXYZ [0.077 0.005 0.826] | EEF [-0.005  0.008  0.868] | ObjZ 0.826 | Up 1.00 | Hold 0/0 | Age 0 (1) | Resets 0 | Shield 0
Ep 29 | Step 60/200 | XYZ [ 0.885 -0.051 -0.059] | RPY [-0.003 -0.006 -0.001] | Grip 1 (1.00) | Phase 7->7 | Ground 0.2cm | Target B | PredXYZ [0.078 0.003 0.826] | TrueXYZ [0.077 0.005 0.826] | EEF [-0.     0.008  0.83 ] | ObjZ 0.826 | Up 1.00 | Hold 0/0 | Age 0 (1) | Resets 0 | Shield 0
Ep 29 | Step 76/200 | XYZ [-0.093  0.004  0.   ] | RPY [-0.002 -0.003  0.   ] | Grip 1 (1.00) | Phase 8->8 | Ground 0.5cm | Target B | PredXYZ [ 0.173 -0.001  0.826] | TrueXYZ [0.175 0.003 0.826] | EEF [0.141 0.004 0.821] | ObjZ 0.826 | Up 1.00 | Hold 5/5 | Age 0 (1) | Resets 6 | Shield 1
Episode 29: Clean Success | failure=success | termination=success
Episode 30/120: Pick up the green cylinder | ensemble=temporal
Ep 30 | Step 1/200 | XYZ [ 0.9    0.411 -0.263] | RPY [ 0.001 -0.    -0.001] | Grip -1 (0.00) | Phase 0->0 | Ground 1.3cm | Target C | PredXYZ [0.074 0.073 0.824] | TrueXYZ [0.079 0.062 0.822] | EEF [-0.129  0.013  0.981] | ObjZ 0.822 | Up 1.00 | Hold 0/0 | Age 0 (1) | Resets 0 | Shield 0
Ep 30 | Step 20/200 | XYZ [ 0.344  0.066 -0.044] | RPY [ 0.003 -0.011  0.002] | Grip -1 (0.00) | Phase 0->0 | Ground 1.6cm | Target C | PredXYZ [0.071 0.075 0.822] | TrueXYZ [0.079 0.062 0.822] | EEF [0.021 0.065 0.949] | ObjZ 0.822 | Up 1.00 | Hold 0/0 | Age 3 (4) | Resets 0 | Shield 0
Ep 30 | Step 40/200 | XYZ [ 0.082 -0.021 -0.531] | RPY [-0.001 -0.002 -0.001] | Grip -1 (0.00) | Phase 1->1 | Ground 1.1cm | Target C | PredXYZ [0.076 0.073 0.822] | TrueXYZ [0.079 0.062 0.822] | EEF [0.064 0.07  0.892] | ObjZ 0.822 | Up 1.00 | Hold 0/0 | Age 0 (1) | Resets 0 | Shield 0
Ep 30 | Step 60/200 | XYZ [ 0.011 -0.018 -0.108] | RPY [ 0.001 -0.003  0.001] | Grip -1 (0.00) | Phase 1->1 | Ground 0.9cm | Target C | PredXYZ [0.087 0.066 0.822] | TrueXYZ [0.079 0.062 0.822] | EEF [0.075 0.066 0.828] | ObjZ 0.822 | Up 1.00 | Hold 0/0 | Age 0 (1) | Resets 0 | Shield 0
Ep 30 | Step 80/200 | XYZ [0.003 0.001 0.603] | RPY [ 0.002 -0.008  0.001] | Grip 1 (1.00) | Phase 3->3 | Ground 0.7cm | Target C | PredXYZ [0.081 0.072 0.857] | TrueXYZ [0.08  0.066 0.867] | EEF [0.078 0.066 0.863] | ObjZ 0.867 | Up 1.00 | Hold 4/0 | Age 0 (1) | Resets 3 | Shield 0
Ep 30 | Step 81/200 | XYZ [0.003 0.001 0.568] | RPY [ 0.002 -0.006  0.001] | Grip 1 (1.00) | Phase 3->3 | Ground 1.0cm | Target C | PredXYZ [0.082 0.075 0.862] | TrueXYZ [0.079 0.066 0.874] | EEF [0.078 0.066 0.87 ] | ObjZ 0.874 | Up 1.00 | Hold 5/0 | Age 0 (1) | Resets 3 | Shield 0
Ep 30 | Step 86/200 | XYZ [0.003 0.    0.439] | RPY [0.001 0.004 0.001] | Grip 1 (1.00) | Phase 3->3 | Ground 0.8cm | Target C | PredXYZ [0.076 0.071 0.891] | TrueXYZ [0.078 0.066 0.903] | EEF [0.076 0.067 0.899] | ObjZ 0.903 | Up 1.00 | Hold 10/5 | Age 0 (1) | Resets 4 | Shield 0
Episode 30: Clean Success | failure=success | termination=success
Scene rejected for ('pick', 'C'): Pick target lacks bilateral gripper clearance
Episode 31/120: Pick up the green cylinder | ensemble=temporal
Ep 31 | Step 1/200 | XYZ [ 0.306 -0.363 -0.369] | RPY [0.001 0.001 0.003] | Grip -1 (0.00) | Phase 0->0 | Ground 1.3cm | Target C | PredXYZ [-0.076 -0.053  0.823] | TrueXYZ [-0.07  -0.041  0.822] | EEF [-0.122  0.002  0.999] | ObjZ 0.822 | Up 1.00 | Hold 0/0 | Age 0 (1) | Resets 0 | Shield 0
Ep 31 | Step 20/200 | XYZ [ 0.079 -0.073 -0.08 ] | RPY [-0.002  0.001 -0.002] | Grip -1 (0.00) | Phase 0->0 | Ground 0.9cm | Target C | PredXYZ [-0.076 -0.048  0.822] | TrueXYZ [-0.07  -0.041  0.822] | EEF [-0.085 -0.043  0.955] | ObjZ 0.822 | Up 1.00 | Hold 0/0 | Age 3 (4) | Resets 0 | Shield 0
Ep 31 | Step 40/200 | XYZ [ 0.028  0.007 -0.244] | RPY [-0.001  0.01  -0.002] | Grip -1 (0.00) | Phase 1->1 | Ground 1.4cm | Target C | PredXYZ [-0.084 -0.044  0.822] | TrueXYZ [-0.07  -0.041  0.822] | EEF [-0.075 -0.047  0.849] | ObjZ 0.822 | Up 1.00 | Hold 0/0 | Age 0 (1) | Resets 0 | Shield 0
Ep 31 | Step 60/200 | XYZ [ 0.008  0.006 -0.034] | RPY [-0.001 -0.    -0.001] | Grip 1 (1.00) | Phase 2->2 | Ground 0.4cm | Target C | PredXYZ [-0.071 -0.046  0.823] | TrueXYZ [-0.07  -0.045  0.822] | EEF [-0.073 -0.046  0.819] | ObjZ 0.822 | Up 1.00 | Hold 0/0 | Age 0 (1) | Resets 0 | Shield 0
Ep 31 | Step 70/200 | XYZ [0.009 0.    0.578] | RPY [0.002 0.019 0.   ] | Grip 1 (1.00) | Phase 3->3 | Ground 1.1cm | Target C | PredXYZ [-0.084 -0.051  0.86 ] | TrueXYZ [-0.076 -0.046  0.87 ] | EEF [-0.078 -0.046  0.867] | ObjZ 0.870 | Up 1.00 | Hold 5/0 | Age 0 (1) | Resets 3 | Shield 0
Ep 31 | Step 76/200 | XYZ [ 0.01  -0.     0.425] | RPY [0.001 0.006 0.   ] | Grip 1 (1.00) | Phase 3->3 | Ground 0.4cm | Target C | PredXYZ [-0.076 -0.048  0.903] | TrueXYZ [-0.077 -0.045  0.905] | EEF [-0.08  -0.046  0.902] | ObjZ 0.905 | Up 1.00 | Hold 11/5 | Age 0 (1) | Resets 6 | Shield 0
Episode 31: Clean Success | failure=success | termination=success
Scene rejected for ('push', 'A'): Deterministic push path is blocked by a distractor
Scene rejected for ('push', 'A'): Deterministic push path is blocked by a distractor
Scene rejected for ('push', 'A'): Deterministic push path is blocked by a distractor
Episode 32/120: Push the red cube away from the robot | ensemble=temporal
Ep 32 | Step 1/200 | XYZ [ 0.11  -0.25  -0.498] | RPY [-0.002  0.003 -0.9  ] | Grip 1 (1.00) | Phase 5->5 | Ground 0.7cm | Target A | PredXYZ [-0.06  -0.119  0.823] | TrueXYZ [-0.061 -0.111  0.821] | EEF [-0.109 -0.004  1.001] | ObjZ 0.821 | Up 1.00 | Hold 0/0 | Age 0 (1) | Resets 0 | Shield 0
Ep 32 | Step 20/200 | XYZ [ 0.055 -0.031 -0.101] | RPY [ 0.022 -0.002 -0.138] | Grip 1 (1.00) | Phase 5->5 | Ground 0.6cm | Target A | PredXYZ [-0.058 -0.117  0.821] | TrueXYZ [-0.061 -0.111  0.822] | EEF [-0.099 -0.03   0.936] | ObjZ 0.822 | Up 1.00 | Hold 0/0 | Age 3 (4) | Resets 0 | Shield 0
Ep 32 | Step 40/200 | XYZ [ 0.007 -0.067 -0.223] | RPY [0.003 0.008 0.003] | Grip 1 (1.00) | Phase 6->6 | Ground 1.1cm | Target A | PredXYZ [-0.053 -0.119  0.822] | TrueXYZ [-0.061 -0.111  0.822] | EEF [-0.096 -0.031  0.847] | ObjZ 0.822 | Up 1.00 | Hold 0/0 | Age 0 (1) | Resets 0 | Shield 0
Ep 32 | Step 60/200 | XYZ [ 0.282 -0.623 -0.018] | RPY [0.022 0.014 0.017] | Grip 1 (1.00) | Phase 7->7 | Ground 0.6cm | Target A | PredXYZ [-0.055 -0.111  0.822] | TrueXYZ [-0.061 -0.111  0.822] | EEF [-0.078 -0.07   0.821] | ObjZ 0.822 | Up 1.00 | Hold 0/0 | Age 0 (1) | Resets 0 | Shield 0
Ep 32 | Step 78/200 | XYZ [ 0.135 -0.368 -0.016] | RPY [-0.007  0.004 -0.006] | Grip 1 (1.00) | Phase 7->7 | Ground 1.4cm | Target A | PredXYZ [-0.04  -0.197  0.822] | TrueXYZ [-0.032 -0.187  0.822] | EEF [-0.038 -0.157  0.82 ] | ObjZ 0.822 | Up 1.00 | Hold 5/5 | Age 0 (1) | Resets 1 | Shield 0
Episode 32: Clean Success | failure=success | termination=success
Scene rejected for ('push', 'A'): Deterministic push path is blocked by a distractor
Scene rejected for ('push', 'A'): Deterministic push path is blocked by a distractor
Scene rejected for ('push', 'A'): Deterministic push path is blocked by a distractor
Scene rejected for ('push', 'A'): Deterministic push path is blocked by a distractor
Scene rejected for ('push', 'A'): Deterministic push path is blocked by a distractor
Scene rejected for ('push', 'A'): Deterministic push path is blocked by a distractor
Scene rejected for ('push', 'A'): Deterministic push path is blocked by a distractor
Episode 33/120: Push the red cube away from the robot | ensemble=temporal
Ep 33 | Step 1/200 | XYZ [ 0.668 -0.257 -0.602] | RPY [ 0.002 -0.003 -0.811] | Grip 1 (1.00) | Phase 5->5 | Ground 0.5cm | Target A | PredXYZ [ 0.093 -0.076  0.824] | TrueXYZ [ 0.096 -0.073  0.821] | EEF [-0.087 -0.011  1.016] | ObjZ 0.821 | Up 1.00 | Hold 0/0 | Age 0 (1) | Resets 0 | Shield 0
Ep 33 | Step 20/200 | XYZ [ 0.172 -0.113 -0.122] | RPY [0.011 0.004 0.009] | Grip 1 (1.00) | Phase 5->5 | Ground 0.7cm | Target A | PredXYZ [ 0.092 -0.079  0.822] | TrueXYZ [ 0.096 -0.073  0.822] | EEF [-0.009 -0.03   0.937] | ObjZ 0.822 | Up 1.00 | Hold 0/0 | Age 3 (4) | Resets 0 | Shield 0
Ep 33 | Step 40/200 | XYZ [ 0.02  -0.013 -0.347] | RPY [ 0.    -0.003  0.   ] | Grip 1 (1.00) | Phase 6->6 | Ground 0.5cm | Target A | PredXYZ [ 0.095 -0.078  0.822] | TrueXYZ [ 0.096 -0.073  0.822] | EEF [ 0.013 -0.043  0.869] | ObjZ 0.822 | Up 1.00 | Hold 0/0 | Age 0 (1) | Resets 0 | Shield 0
Ep 33 | Step 60/200 | XYZ [ 0.009 -0.003 -0.07 ] | RPY [ 0.001  0.001 -0.001] | Grip 1 (1.00) | Phase 6->6 | Ground 0.8cm | Target A | PredXYZ [ 0.089 -0.077  0.822] | TrueXYZ [ 0.096 -0.073  0.822] | EEF [ 0.014 -0.044  0.825] | ObjZ 0.822 | Up 1.00 | Hold 0/0 | Age 0 (1) | Resets 0 | Shield 0
Ep 33 | Step 80/200 | XYZ [ 0.392 -0.163  0.   ] | RPY [-0.001 -0.003  0.   ] | Grip 1 (1.00) | Phase 7->7 | Ground 0.7cm | Target A | PredXYZ [ 0.15  -0.103  0.822] | TrueXYZ [ 0.154 -0.097  0.822] | EEF [ 0.126 -0.084  0.817] | ObjZ 0.822 | Up 1.00 | Hold 0/0 | Age 0 (1) | Resets 0 | Shield 12
Ep 33 | Step 85/200 | XYZ [-0.02   0.009  0.007] | RPY [-0.003 -0.004 -0.001] | Grip 1 (1.00) | Phase 8->8 | Ground 0.4cm | Target A | PredXYZ [ 0.175 -0.105  0.822] | TrueXYZ [ 0.174 -0.105  0.822] | EEF [ 0.145 -0.092  0.818] | ObjZ 0.822 | Up 1.00 | Hold 5/5 | Age 3 (4) | Resets 0 | Shield 14
Episode 33: Clean Success | failure=success | termination=success
Episode 34/120: Pick up the blue ball | ensemble=temporal
Ep 34 | Step 1/200 | XYZ [-0.164 -0.014 -0.411] | RPY [ 0.001 -0.003 -0.001] | Grip -1 (0.00) | Phase 0->0 | Ground 0.6cm | Target B | PredXYZ [-0.136 -0.013  0.827] | TrueXYZ [-0.131 -0.012  0.826] | EEF [-0.102 -0.015  1.009] | ObjZ 0.826 | Up 1.00 | Hold 0/0 | Age 0 (1) | Resets 0 | Shield 0
Ep 34 | Step 20/200 | XYZ [-0.052 -0.015 -0.249] | RPY [ 0.001  0.003 -0.   ] | Grip -1 (0.00) | Phase 0->0 | Ground 0.5cm | Target B | PredXYZ [-0.136 -0.014  0.826] | TrueXYZ [-0.131 -0.012  0.826] | EEF [-0.124 -0.018  0.958] | ObjZ 0.826 | Up 1.00 | Hold 0/0 | Age 3 (4) | Resets 0 | Shield 0
Ep 34 | Step 40/200 | XYZ [ 0.018  0.008 -0.179] | RPY [-0.002  0.018 -0.003] | Grip -1 (0.00) | Phase 1->1 | Ground 1.0cm | Target B | PredXYZ [-0.133 -0.022  0.826] | TrueXYZ [-0.131 -0.012  0.826] | EEF [-0.133 -0.018  0.846] | ObjZ 0.826 | Up 1.00 | Hold 0/0 | Age 0 (1) | Resets 0 | Shield 0
Ep 34 | Step 60/200 | XYZ [ 0.006  0.002 -0.016] | RPY [-0.     0.003 -0.002] | Grip 1 (1.00) | Phase 2->2 | Ground 1.9cm | Target B | PredXYZ [-0.116 -0.018  0.835] | TrueXYZ [-0.13  -0.013  0.826] | EEF [-0.131 -0.015  0.825] | ObjZ 0.826 | Up 1.00 | Hold 0/0 | Age 0 (1) | Resets 0 | Shield 0
Ep 34 | Step 68/200 | XYZ [ 0.01  -0.     0.574] | RPY [0.001 0.033 0.   ] | Grip 1 (1.00) | Phase 3->3 | Ground 2.0cm | Target B | PredXYZ [-0.12  -0.018  0.871] | TrueXYZ [-0.139 -0.012  0.871] | EEF [-0.14  -0.013  0.87 ] | ObjZ 0.871 | Up 1.00 | Hold 5/0 | Age 0 (1) | Resets 3 | Shield 0
Ep 34 | Step 74/200 | XYZ [0.01  0.    0.417] | RPY [-0.    0.01 -0.  ] | Grip 1 (1.00) | Phase 3->3 | Ground 1.9cm | Target B | PredXYZ [-0.132 -0.007  0.916] | TrueXYZ [-0.141 -0.012  0.905] | EEF [-0.142 -0.013  0.904] | ObjZ 0.905 | Up 1.00 | Hold 11/5 | Age 0 (1) | Resets 6 | Shield 0
Episode 34: Clean Success | failure=success | termination=success
Scene rejected for ('push', 'C'): Deterministic push path is blocked by a distractor
Scene rejected for ('push', 'C'): Deterministic push path is blocked by a distractor
Scene rejected for ('push', 'C'): Deterministic push path is blocked by a distractor
Scene rejected for ('push', 'C'): Deterministic push path is blocked by a distractor
Scene rejected for ('push', 'C'): Target is too close to the robot reference ray
Scene rejected for ('push', 'C'): Deterministic push path is blocked by a distractor
Scene rejected for ('push', 'C'): Deterministic push path is blocked by a distractor
Scene rejected for ('push', 'C'): Deterministic push path is blocked by a distractor
Scene rejected for ('push', 'C'): Deterministic push path is blocked by a distractor
Scene rejected for ('push', 'C'): Deterministic push path is blocked by a distractor
Scene rejected for ('push', 'C'): Deterministic push path is blocked by a distractor
Scene rejected for ('push', 'C'): Deterministic push path is blocked by a distractor
Scene rejected for ('push', 'C'): Target is too close to the robot reference ray
Scene rejected for ('push', 'C'): Deterministic push path is blocked by a distractor
Scene rejected for ('push', 'C'): Deterministic push path is blocked by a distractor
Scene rejected for ('push', 'C'): Deterministic push path is blocked by a distractor
Scene rejected for ('push', 'C'): Deterministic push path is blocked by a distractor
Scene rejected for ('push', 'C'): Deterministic push path is blocked by a distractor
Scene rejected for ('push', 'C'): Deterministic push path is blocked by a distractor
Scene rejected for ('push', 'C'): Deterministic push path is blocked by a distractor
Scene rejected for ('push', 'C'): Deterministic push path is blocked by a distractor
Scene rejected for ('push', 'C'): Deterministic push path is blocked by a distractor
Scene rejected for ('push', 'C'): Deterministic push path is blocked by a distractor
Scene rejected for ('push', 'C'): Deterministic push path is blocked by a distractor
Scene rejected for ('push', 'C'): Deterministic push path is blocked by a distractor
Scene rejected for ('push', 'C'): Deterministic push path is blocked by a distractor
Episode 35/120: Push the green cylinder away from the robot | ensemble=temporal
Ep 35 | Step 1/200 | XYZ [ 0.9    0.006 -0.603] | RPY [0.002 0.001 0.076] | Grip 1 (1.00) | Phase 5->5 | Ground 1.3cm | Target C | PredXYZ [0.135 0.017 0.823] | TrueXYZ [0.131 0.029 0.822] | EEF [-0.099  0.016  1.016] | ObjZ 0.822 | Up 1.00 | Hold 0/0 | Age 0 (1) | Resets 0 | Shield 0
Ep 35 | Step 20/200 | XYZ [ 0.245  0.006 -0.121] | RPY [-0.001 -0.002 -0.   ] | Grip 1 (1.00) | Phase 5->5 | Ground 0.8cm | Target C | PredXYZ [0.134 0.021 0.822] | TrueXYZ [0.131 0.029 0.822] | EEF [0.014 0.017 0.942] | ObjZ 0.822 | Up 1.00 | Hold 0/0 | Age 3 (4) | Resets 0 | Shield 0
Ep 35 | Step 40/200 | XYZ [ 0.044  0.013 -0.493] | RPY [-0.002 -0.007 -0.001] | Grip 1 (1.00) | Phase 6->6 | Ground 0.5cm | Target C | PredXYZ [0.135 0.026 0.822] | TrueXYZ [0.131 0.029 0.822] | EEF [0.046 0.017 0.882] | ObjZ 0.822 | Up 1.00 | Hold 0/0 | Age 0 (1) | Resets 0 | Shield 0
Ep 35 | Step 60/200 | XYZ [ 0.006  0.012 -0.088] | RPY [-0.001 -0.001 -0.001] | Grip 1 (1.00) | Phase 6->6 | Ground 0.3cm | Target C | PredXYZ [0.131 0.026 0.822] | TrueXYZ [0.131 0.029 0.822] | EEF [0.05  0.018 0.824] | ObjZ 0.822 | Up 1.00 | Hold 0/0 | Age 0 (1) | Resets 0 | Shield 0
Ep 35 | Step 80/200 | XYZ [0.512 0.078 0.   ] | RPY [0.004 0.018 0.004] | Grip 1 (1.00) | Phase 7->7 | Ground 0.5cm | Target C | PredXYZ [0.168 0.048 0.823] | TrueXYZ [0.169 0.049 0.825] | EEF [0.138 0.013 0.818] | ObjZ 0.825 | Up 0.99 | Hold 0/0 | Age 0 (1) | Resets 1 | Shield 11
Ep 35 | Step 92/200 | XYZ [ 0.342  0.061 -0.054] | RPY [-0.004  0.018 -0.007] | Grip 1 (1.00) | Phase 7->7 | Ground 1.4cm | Target C | PredXYZ [0.209 0.035 0.826] | TrueXYZ [0.208 0.046 0.835] | EEF [ 0.208 -0.003  0.838] | ObjZ 0.835 | Up 0.77 | Hold 5/5 | Age 0 (1) | Resets 3 | Shield 13
Episode 35: Clean Success | failure=success | termination=success
Scene rejected for ('push', 'A'): Deterministic push path is blocked by a distractor
Scene rejected for ('push', 'A'): Deterministic push path is blocked by a distractor
Episode 36/120: Push the red cube away from the robot | ensemble=temporal
Ep 36 | Step 1/200 | XYZ [ 0.027 -0.157 -0.664] | RPY [ 0.001  0.003 -0.9  ] | Grip 1 (1.00) | Phase 5->5 | Ground 0.5cm | Target A | PredXYZ [-0.077 -0.088  0.824] | TrueXYZ [-0.072 -0.087  0.821] | EEF [-0.081  0.006  1.03 ] | ObjZ 0.821 | Up 1.00 | Hold 0/0 | Age 0 (1) | Resets 0 | Shield 0
Ep 36 | Step 20/200 | XYZ [ 0.085  0.104 -0.111] | RPY [ 0.053 -0.002 -0.587] | Grip 1 (1.00) | Phase 5->5 | Ground 0.9cm | Target A | PredXYZ [-0.073 -0.096  0.821] | TrueXYZ [-0.072 -0.087  0.822] | EEF [-0.093 -0.014  0.937] | ObjZ 0.822 | Up 1.00 | Hold 0/0 | Age 3 (4) | Resets 0 | Shield 0
Ep 36 | Step 40/200 | XYZ [ 0.09  -0.013 -0.614] | RPY [ 0.004 -0.001 -0.003] | Grip 1 (1.00) | Phase 6->6 | Ground 0.6cm | Target A | PredXYZ [-0.076 -0.091  0.822] | TrueXYZ [-0.072 -0.087  0.822] | EEF [-0.091  0.002  0.911] | ObjZ 0.822 | Up 1.00 | Hold 0/0 | Age 0 (1) | Resets 0 | Shield 0
Ep 36 | Step 60/200 | XYZ [ 0.023 -0.005 -0.123] | RPY [ 0.     0.004 -0.   ] | Grip 1 (1.00) | Phase 6->6 | Ground 0.5cm | Target A | PredXYZ [-0.068 -0.085  0.822] | TrueXYZ [-0.072 -0.087  0.822] | EEF [-0.082 -0.001  0.834] | ObjZ 0.822 | Up 1.00 | Hold 0/0 | Age 0 (1) | Resets 0 | Shield 0
Ep 36 | Step 80/200 | XYZ [ 0.045 -0.587 -0.019] | RPY [ 0.011 -0.001  0.012] | Grip 1 (1.00) | Phase 7->7 | Ground 0.2cm | Target A | PredXYZ [-0.067 -0.112  0.821] | TrueXYZ [-0.066 -0.116  0.822] | EEF [-0.07  -0.076  0.822] | ObjZ 0.822 | Up 1.00 | Hold 0/0 | Age 0 (1) | Resets 2 | Shield 0
Ep 36 | Step 91/200 | XYZ [ 0.057 -0.361 -0.008] | RPY [-0.008  0.009 -0.007] | Grip 1 (1.00) | Phase 7->7 | Ground 1.4cm | Target A | PredXYZ [-0.066 -0.162  0.822] | TrueXYZ [-0.05  -0.167  0.822] | EEF [-0.065 -0.138  0.821] | ObjZ 0.822 | Up 1.00 | Hold 5/5 | Age 0 (1) | Resets 4 | Shield 0
Episode 36: Clean Success | failure=success | termination=success
Episode 37/120: Push the red cube away from the robot | ensemble=temporal
Ep 37 | Step 1/200 | XYZ [ 0.125  0.207 -0.56 ] | RPY [ 0.001 -0.003  0.9  ] | Grip 1 (1.00) | Phase 5->5 | Ground 0.6cm | Target A | PredXYZ [-0.03   0.116  0.824] | TrueXYZ [-0.024  0.112  0.821] | EEF [-0.095  0.017  1.009] | ObjZ 0.821 | Up 1.00 | Hold 0/0 | Age 0 (1) | Resets 0 | Shield 0
Ep 37 | Step 20/200 | XYZ [ 0.085  0.053 -0.107] | RPY [-0.026  0.005  0.079] | Grip 1 (1.00) | Phase 5->5 | Ground 0.8cm | Target A | PredXYZ [-0.02   0.119  0.822] | TrueXYZ [-0.024  0.112  0.822] | EEF [-0.082  0.037  0.936] | ObjZ 0.822 | Up 1.00 | Hold 0/0 | Age 3 (4) | Resets 0 | Shield 0
Ep 37 | Step 40/200 | XYZ [ 0.005  0.022 -0.419] | RPY [-0.001 -0.015 -0.003] | Grip 1 (1.00) | Phase 6->6 | Ground 1.0cm | Target A | PredXYZ [-0.014  0.113  0.822] | TrueXYZ [-0.024  0.112  0.822] | EEF [-0.069  0.04   0.878] | ObjZ 0.822 | Up 1.00 | Hold 0/0 | Age 0 (1) | Resets 0 | Shield 0
Ep 37 | Step 60/200 | XYZ [ 0.017  0.007 -0.073] | RPY [ 0.001  0.002 -0.   ] | Grip 1 (1.00) | Phase 6->6 | Ground 0.8cm | Target A | PredXYZ [-0.018  0.117  0.822] | TrueXYZ [-0.024  0.112  0.822] | EEF [-0.071  0.043  0.828] | ObjZ 0.822 | Up 1.00 | Hold 0/0 | Age 0 (1) | Resets 0 | Shield 0
Ep 37 | Step 80/200 | XYZ [ 0.237  0.414 -0.008] | RPY [ 0.001 -0.001 -0.002] | Grip 1 (1.00) | Phase 7->7 | Ground 0.8cm | Target A | PredXYZ [0.003 0.173 0.822] | TrueXYZ [0.012 0.172 0.822] | EEF [-0.001  0.135  0.821] | ObjZ 0.822 | Up 1.00 | Hold 2/2 | Age 0 (1) | Resets 2 | Shield 0
Ep 37 | Step 83/200 | XYZ [ 0.207  0.345 -0.008] | RPY [ 0.006 -0.001  0.002] | Grip 1 (1.00) | Phase 7->7 | Ground 0.8cm | Target A | PredXYZ [0.012 0.188 0.822] | TrueXYZ [0.018 0.186 0.822] | EEF [0.006 0.148 0.821] | ObjZ 0.822 | Up 1.00 | Hold 5/5 | Age 0 (1) | Resets 2 | Shield 0
Episode 37: Clean Success | failure=success | termination=success
Episode 38/120: Pick up the green cylinder | ensemble=temporal
Ep 38 | Step 1/200 | XYZ [ 0.765 -0.535 -0.534] | RPY [0.    0.001 0.001] | Grip -1 (0.00) | Phase 0->0 | Ground 0.8cm | Target C | PredXYZ [ 0.03  -0.08   0.824] | TrueXYZ [ 0.036 -0.074  0.822] | EEF [-0.096  0.005  1.029] | ObjZ 0.822 | Up 1.00 | Hold 0/0 | Age 0 (1) | Resets 0 | Shield 0
Ep 38 | Step 20/200 | XYZ [ 0.217 -0.133 -0.11 ] | RPY [-0.005  0.002 -0.004] | Grip -1 (0.00) | Phase 0->0 | Ground 0.9cm | Target C | PredXYZ [ 0.028 -0.079  0.822] | TrueXYZ [ 0.036 -0.074  0.822] | EEF [ 0.001 -0.069  0.959] | ObjZ 0.822 | Up 1.00 | Hold 0/0 | Age 3 (4) | Resets 0 | Shield 0
Ep 38 | Step 40/200 | XYZ [ 0.038  0.011 -0.481] | RPY [-0.    -0.006 -0.   ] | Grip -1 (0.00) | Phase 1->1 | Ground 0.7cm | Target C | PredXYZ [ 0.034 -0.081  0.822] | TrueXYZ [ 0.036 -0.074  0.822] | EEF [ 0.03  -0.081  0.887] | ObjZ 0.822 | Up 1.00 | Hold 0/0 | Age 0 (1) | Resets 0 | Shield 0
Ep 38 | Step 60/200 | XYZ [ 0.022  0.021 -0.096] | RPY [-0.001  0.001 -0.002] | Grip -1 (0.00) | Phase 1->1 | Ground 1.0cm | Target C | PredXYZ [ 0.029 -0.082  0.821] | TrueXYZ [ 0.036 -0.074  0.822] | EEF [ 0.032 -0.08   0.827] | ObjZ 0.822 | Up 1.00 | Hold 0/0 | Age 0 (1) | Resets 0 | Shield 0
Ep 38 | Step 78/200 | XYZ [0.006 0.    0.576] | RPY [ 0.     0.011 -0.   ] | Grip 1 (1.00) | Phase 3->3 | Ground 0.9cm | Target C | PredXYZ [ 0.041 -0.079  0.87 ] | TrueXYZ [ 0.034 -0.078  0.87 ] | EEF [ 0.032 -0.079  0.869] | ObjZ 0.870 | Up 1.00 | Hold 5/0 | Age 0 (1) | Resets 5 | Shield 0
Ep 38 | Step 80/200 | XYZ [0.006 0.    0.518] | RPY [ 0.     0.01  -0.001] | Grip 1 (1.00) | Phase 3->3 | Ground 1.1cm | Target C | PredXYZ [ 0.043 -0.08   0.882] | TrueXYZ [ 0.033 -0.078  0.883] | EEF [ 0.031 -0.079  0.882] | ObjZ 0.883 | Up 1.00 | Hold 7/1 | Age 0 (1) | Resets 6 | Shield 0
Ep 38 | Step 84/200 | XYZ [0.007 0.    0.42 ] | RPY [ 0.     0.006 -0.001] | Grip 1 (1.00) | Phase 3->3 | Ground 0.6cm | Target C | PredXYZ [ 0.028 -0.082  0.9  ] | TrueXYZ [ 0.032 -0.078  0.905] | EEF [ 0.03  -0.079  0.903] | ObjZ 0.905 | Up 1.00 | Hold 11/5 | Age 0 (1) | Resets 7 | Shield 0
Episode 38: Clean Success | failure=success | termination=success
Scene rejected for ('push', 'A'): Deterministic push path is blocked by a distractor
Scene rejected for ('push', 'A'): Deterministic push path is blocked by a distractor
Scene rejected for ('push', 'A'): Deterministic push path is blocked by a distractor
Scene rejected for ('push', 'A'): Target is too close to the robot reference ray
Episode 39/120: Push the red cube away from the robot | ensemble=temporal
Ep 39 | Step 1/200 | XYZ [ 0.046  0.348 -0.568] | RPY [ 0.001 -0.002  0.9  ] | Grip 1 (1.00) | Phase 5->5 | Ground 0.8cm | Target A | PredXYZ [-0.089  0.134  0.823] | TrueXYZ [-0.084  0.127  0.821] | EEF [-9.900e-02 -1.000e-03  1.013e+00] | ObjZ 0.821 | Up 1.00 | Hold 0/0 | Age 0 (1) | Resets 0 | Shield 0
Ep 39 | Step 20/200 | XYZ [ 0.071 -0.011 -0.12 ] | RPY [-0.04  -0.01   0.524] | Grip 1 (1.00) | Phase 5->5 | Ground 0.6cm | Target A | PredXYZ [-0.089  0.131  0.821] | TrueXYZ [-0.084  0.127  0.822] | EEF [-0.102  0.041  0.936] | ObjZ 0.822 | Up 1.00 | Hold 0/0 | Age 3 (4) | Resets 0 | Shield 0
Ep 39 | Step 40/200 | XYZ [-0.006  0.065 -0.478] | RPY [-0.005 -0.022 -0.006] | Grip 1 (1.00) | Phase 6->6 | Ground 0.6cm | Target A | PredXYZ [-0.09   0.129  0.822] | TrueXYZ [-0.084  0.127  0.822] | EEF [-0.094  0.035  0.886] | ObjZ 0.822 | Up 1.00 | Hold 0/0 | Age 0 (1) | Resets 0 | Shield 0
Ep 39 | Step 60/200 | XYZ [ 0.021  0.007 -0.084] | RPY [0.001 0.006 0.001] | Grip 1 (1.00) | Phase 6->6 | Ground 0.3cm | Target A | PredXYZ [-0.084  0.131  0.822] | TrueXYZ [-0.084  0.127  0.822] | EEF [-0.099  0.044  0.828] | ObjZ 0.822 | Up 1.00 | Hold 0/0 | Age 0 (1) | Resets 0 | Shield 0
Ep 39 | Step 80/200 | XYZ [ 0.021  0.485 -0.024] | RPY [ 0.002 -0.005 -0.001] | Grip 1 (1.00) | Phase 7->7 | Ground 1.1cm | Target A | PredXYZ [-0.085  0.185  0.822] | TrueXYZ [-0.085  0.179  0.822] | EEF [-0.074  0.144  0.823] | ObjZ 0.822 | Up 1.00 | Hold 0/0 | Age 0 (1) | Resets 2 | Shield 0
Ep 39 | Step 88/200 | XYZ [ 0.002 -0.033  0.005] | RPY [0.011 0.01  0.008] | Grip 1 (1.00) | Phase 8->8 | Ground 0.6cm | Target A | PredXYZ [-0.091  0.207  0.822] | TrueXYZ [-0.085  0.209  0.822] | EEF [-0.072  0.176  0.823] | ObjZ 0.822 | Up 1.00 | Hold 5/5 | Age 3 (4) | Resets 2 | Shield 0
Episode 39: Clean Success | failure=success | termination=success
Scene rejected for ('push', 'C'): Deterministic push path is blocked by a distractor
Scene rejected for ('push', 'C'): Deterministic push path is blocked by a distractor
Scene rejected for ('push', 'C'): Deterministic push path is blocked by a distractor
Scene rejected for ('push', 'C'): Deterministic push path is blocked by a distractor
Scene rejected for ('push', 'C'): Target is too close to the robot reference ray
Scene rejected for ('push', 'C'): Deterministic push path is blocked by a distractor
Scene rejected for ('push', 'C'): Deterministic push path is blocked by a distractor
Episode 40/120: Push the green cylinder away from the robot | ensemble=temporal
Ep 40 | Step 1/200 | XYZ [-0.027  0.125 -0.486] | RPY [ 0.  -0.  -0.9] | Grip 1 (1.00) | Phase 5->5 | Ground 1.2cm | Target C | PredXYZ [-0.128  0.106  0.823] | TrueXYZ [-0.116  0.103  0.822] | EEF [-0.106 -0.009  1.001] | ObjZ 0.822 | Up 1.00 | Hold 0/0 | Age 0 (1) | Resets 0 | Shield 0
Ep 40 | Step 20/200 | XYZ [ 0.03   0.137 -0.09 ] | RPY [ 0.025 -0.007 -0.597] | Grip 1 (1.00) | Phase 5->5 | Ground 1.4cm | Target C | PredXYZ [-0.13   0.108  0.821] | TrueXYZ [-0.116  0.103  0.822] | EEF [-0.122  0.007  0.933] | ObjZ 0.822 | Up 1.00 | Hold 0/0 | Age 3 (4) | Resets 0 | Shield 0
Ep 40 | Step 40/200 | XYZ [ 0.046 -0.038 -0.218] | RPY [0.003 0.01  0.003] | Grip 1 (1.00) | Phase 6->6 | Ground 2.0cm | Target C | PredXYZ [-0.134  0.11   0.822] | TrueXYZ [-0.116  0.103  0.822] | EEF [-0.118  0.034  0.838] | ObjZ 0.822 | Up 1.00 | Hold 0/0 | Age 0 (1) | Resets 0 | Shield 0
Ep 40 | Step 60/200 | XYZ [-0.065  0.656  0.   ] | RPY [-0.031  0.01  -0.028] | Grip 1 (1.00) | Phase 7->7 | Ground 1.8cm | Target C | PredXYZ [-0.133  0.11   0.822] | TrueXYZ [-0.117  0.104  0.823] | EEF [-0.126  0.061  0.815] | ObjZ 0.823 | Up 1.00 | Hold 0/0 | Age 0 (1) | Resets 0 | Shield 9
Ep 40 | Step 77/200 | XYZ [-0.038  0.213  0.   ] | RPY [0.002 0.004 0.002] | Grip 1 (1.00) | Phase 7->7 | Ground 0.8cm | Target C | PredXYZ [-0.135  0.19   0.823] | TrueXYZ [-0.129  0.19   0.823] | EEF [-0.137  0.147  0.818] | ObjZ 0.823 | Up 1.00 | Hold 5/5 | Age 0 (1) | Resets 1 | Shield 26
Episode 40: Clean Success | failure=success | termination=success
Episode 41/120: Pick up the green cylinder | ensemble=temporal
Ep 41 | Step 1/200 | XYZ [ 0.691  0.044 -0.368] | RPY [0.001 0.001 0.   ] | Grip -1 (0.00) | Phase 0->0 | Ground 0.1cm | Target C | PredXYZ [-0.01   0.002  0.824] | TrueXYZ [-0.011  0.001  0.822] | EEF [-0.114 -0.009  1.   ] | ObjZ 0.822 | Up 1.00 | Hold 0/0 | Age 0 (1) | Resets 0 | Shield 0
Ep 41 | Step 20/200 | XYZ [ 0.165  0.004 -0.075] | RPY [ 0.    -0.005  0.001] | Grip -1 (0.00) | Phase 0->0 | Ground 0.7cm | Target C | PredXYZ [-0.018  0.003  0.823] | TrueXYZ [-0.011  0.001  0.822] | EEF [-0.033 -0.004  0.956] | ObjZ 0.822 | Up 1.00 | Hold 0/0 | Age 3 (4) | Resets 0 | Shield 0
Ep 41 | Step 40/200 | XYZ [ 0.031  0.008 -0.311] | RPY [ 0.     0.004 -0.   ] | Grip -1 (0.00) | Phase 1->1 | Ground 0.4cm | Target C | PredXYZ [-0.011  0.005  0.822] | TrueXYZ [-0.011  0.001  0.822] | EEF [-0.015 -0.002  0.861] | ObjZ 0.822 | Up 1.00 | Hold 0/0 | Age 0 (1) | Resets 0 | Shield 0
Ep 41 | Step 60/200 | XYZ [ 0.009  0.005 -0.066] | RPY [ 0.    -0.002 -0.   ] | Grip 1 (0.60) | Phase 1->1 | Ground 0.3cm | Target C | PredXYZ [-0.012  0.004  0.822] | TrueXYZ [-0.011  0.001  0.822] | EEF [-0.012 -0.001  0.823] | ObjZ 0.822 | Up 1.00 | Hold 0/0 | Age 0 (1) | Resets 0 | Shield 0
Ep 41 | Step 73/200 | XYZ [0.005 0.    0.57 ] | RPY [-0.     0.012  0.   ] | Grip 1 (1.00) | Phase 3->3 | Ground 1.0cm | Target C | PredXYZ [-0.008  0.007  0.868] | TrueXYZ [-0.014  0.     0.87 ] | EEF [-0.015 -0.001  0.869] | ObjZ 0.870 | Up 1.00 | Hold 5/0 | Age 0 (1) | Resets 2 | Shield 0
Ep 41 | Step 79/200 | XYZ [ 0.006 -0.     0.415] | RPY [-0.001  0.006 -0.001] | Grip 1 (1.00) | Phase 3->3 | Ground 2.8cm | Target C | PredXYZ [0.006 0.001 0.916] | TrueXYZ [-0.016 -0.     0.904] | EEF [-0.017 -0.001  0.904] | ObjZ 0.904 | Up 1.00 | Hold 11/5 | Age 0 (1) | Resets 3 | Shield 0
Episode 41: Clean Success | failure=success | termination=success
Episode 42/120: Pick up the green cylinder | ensemble=temporal
Ep 42 | Step 1/200 | XYZ [ 0.251 -0.592 -0.47 ] | RPY [0.002 0.    0.004] | Grip -1 (0.00) | Phase 0->0 | Ground 0.3cm | Target C | PredXYZ [-0.059 -0.097  0.824] | TrueXYZ [-0.06  -0.094  0.822] | EEF [-0.095 -0.003  1.016] | ObjZ 0.822 | Up 1.00 | Hold 0/0 | Age 0 (1) | Resets 0 | Shield 0
Ep 42 | Step 20/200 | XYZ [ 0.065 -0.147 -0.097] | RPY [-0.002  0.004 -0.003] | Grip -1 (0.00) | Phase 0->0 | Ground 0.1cm | Target C | PredXYZ [-0.061 -0.094  0.822] | TrueXYZ [-0.06  -0.094  0.822] | EEF [-0.07  -0.08   0.957] | ObjZ 0.822 | Up 1.00 | Hold 0/0 | Age 3 (4) | Resets 0 | Shield 0
Ep 42 | Step 40/200 | XYZ [ 0.013 -0.012 -0.325] | RPY [ 0.     0.004 -0.001] | Grip -1 (0.00) | Phase 1->1 | Ground 1.2cm | Target C | PredXYZ [-0.071 -0.093  0.822] | TrueXYZ [-0.06  -0.094  0.822] | EEF [-0.062 -0.095  0.86 ] | ObjZ 0.822 | Up 1.00 | Hold 0/0 | Age 0 (1) | Resets 0 | Shield 0
Ep 42 | Step 60/200 | XYZ [ 0.025  0.021 -0.054] | RPY [-0.002  0.    -0.003] | Grip 1 (0.89) | Phase 2->2 | Ground 1.6cm | Target C | PredXYZ [-0.072 -0.104  0.822] | TrueXYZ [-0.06  -0.094  0.822] | EEF [-0.064 -0.1    0.82 ] | ObjZ 0.822 | Up 1.00 | Hold 0/0 | Age 0 (1) | Resets 0 | Shield 0
Ep 42 | Step 73/200 | XYZ [0.013 0.001 0.581] | RPY [0.005 0.021 0.001] | Grip 1 (1.00) | Phase 3->3 | Ground 2.0cm | Target C | PredXYZ [-0.049 -0.097  0.876] | TrueXYZ [-0.064 -0.097  0.869] | EEF [-0.068 -0.097  0.866] | ObjZ 0.869 | Up 1.00 | Hold 5/0 | Age 0 (1) | Resets 4 | Shield 0
Ep 42 | Step 79/200 | XYZ [0.015 0.001 0.426] | RPY [0.003 0.006 0.001] | Grip 1 (1.00) | Phase 3->3 | Ground 0.9cm | Target C | PredXYZ [-0.057 -0.096  0.902] | TrueXYZ [-0.065 -0.095  0.904] | EEF [-0.069 -0.096  0.901] | ObjZ 0.904 | Up 1.00 | Hold 11/5 | Age 0 (1) | Resets 6 | Shield 0
Episode 42: Clean Success | failure=success | termination=success
Episode 43/120: Pick up the red cube | ensemble=temporal
Ep 43 | Step 1/200 | XYZ [-0.133 -0.74  -0.481] | RPY [-0.002  0.002  0.802] | Grip -1 (0.00) | Phase 0->0 | Ground 0.4cm | Target A | PredXYZ [-0.119 -0.118  0.823] | TrueXYZ [-0.117 -0.115  0.821] | EEF [-0.092  0.004  1.014] | ObjZ 0.821 | Up 1.00 | Hold 0/0 | Age 0 (1) | Resets 0 | Shield 0
Ep 43 | Step 20/200 | XYZ [ 0.04  -0.201 -0.048] | RPY [-0.002  0.039 -0.008] | Grip -1 (0.00) | Phase 0->0 | Ground 0.5cm | Target A | PredXYZ [-0.122 -0.113  0.821] | TrueXYZ [-0.117 -0.115  0.822] | EEF [-0.126 -0.085  0.943] | ObjZ 0.822 | Up 1.00 | Hold 0/0 | Age 3 (4) | Resets 0 | Shield 0
Ep 43 | Step 40/200 | XYZ [ 0.249 -0.006  0.103] | RPY [ 0.008  0.06  -0.021] | Grip -1 (0.00) | Phase 0->0 | Ground 0.8cm | Target A | PredXYZ [-0.125 -0.114  0.821] | TrueXYZ [-0.117 -0.115  0.822] | EEF [-0.158 -0.114  0.923] | ObjZ 0.822 | Up 1.00 | Hold 0/0 | Age 3 (4) | Resets 0 | Shield 0
Ep 43 | Step 60/200 | XYZ [ 0.132 -0.018 -0.337] | RPY [-0.004  0.014 -0.006] | Grip -1 (0.00) | Phase 1->1 | Ground 0.4cm | Target A | PredXYZ [-0.121 -0.113  0.821] | TrueXYZ [-0.117 -0.115  0.822] | EEF [-0.124 -0.114  0.929] | ObjZ 0.822 | Up 1.00 | Hold 0/0 | Age 0 (1) | Resets 0 | Shield 0
Ep 43 | Step 80/200 | XYZ [ 0.018  0.02  -0.147] | RPY [-0.003  0.015 -0.005] | Grip -1 (0.00) | Phase 1->1 | Ground 0.2cm | Target A | PredXYZ [-0.119 -0.114  0.821] | TrueXYZ [-0.117 -0.115  0.822] | EEF [-0.118 -0.112  0.835] | ObjZ 0.822 | Up 1.00 | Hold 0/0 | Age 0 (1) | Resets 0 | Shield 0
Ep 43 | Step 100/200 | XYZ [0.008 0.005 0.757] | RPY [0.007 0.006 0.001] | Grip 1 (1.00) | Phase 3->3 | Ground 2.4cm | Target A | PredXYZ [-0.099 -0.104  0.836] | TrueXYZ [-0.118 -0.112  0.828] | EEF [-0.116 -0.11   0.826] | ObjZ 0.828 | Up 1.00 | Hold 0/0 | Age 0 (1) | Resets 1 | Shield 0
Ep 43 | Step 106/200 | XYZ [0.009 0.006 0.572] | RPY [0.014 0.029 0.005] | Grip 1 (1.00) | Phase 3->3 | Ground 3.1cm | Target A | PredXYZ [-0.099 -0.101  0.878] | TrueXYZ [-0.126 -0.106  0.869] | EEF [-0.124 -0.104  0.868] | ObjZ 0.869 | Up 1.00 | Hold 5/0 | Age 0 (1) | Resets 3 | Shield 0
Ep 43 | Step 112/200 | XYZ [0.009 0.007 0.431] | RPY [0.011 0.014 0.006] | Grip 1 (1.00) | Phase 3->3 | Ground 2.9cm | Target A | PredXYZ [-0.103 -0.098  0.912] | TrueXYZ [-0.129 -0.099  0.903] | EEF [-0.127 -0.097  0.901] | ObjZ 0.903 | Up 1.00 | Hold 11/5 | Age 0 (1) | Resets 6 | Shield 0
Episode 43: Clean Success | failure=success | termination=success
Episode 44/120: Push the blue ball away from the robot | ensemble=temporal
Ep 44 | Step 1/200 | XYZ [ 0.805  0.295 -0.523] | RPY [-0.001  0.001  0.766] | Grip 1 (1.00) | Phase 5->5 | Ground 0.2cm | Target B | PredXYZ [0.103 0.094 0.828] | TrueXYZ [0.102 0.092 0.826] | EEF [-0.097  0.023  1.006] | ObjZ 0.826 | Up 1.00 | Hold 0/0 | Age 0 (1) | Resets 0 | Shield 0
Ep 44 | Step 20/200 | XYZ [ 0.195  0.103 -0.108] | RPY [-0.006 -0.003 -0.004] | Grip 1 (1.00) | Phase 5->5 | Ground 0.5cm | Target B | PredXYZ [0.102 0.097 0.826] | TrueXYZ [0.102 0.092 0.826] | EEF [-0.001  0.05   0.941] | ObjZ 0.826 | Up 1.00 | Hold 0/0 | Age 3 (4) | Resets 0 | Shield 0
Ep 44 | Step 40/200 | XYZ [ 0.024  0.013 -0.35 ] | RPY [-0.002 -0.002 -0.001] | Grip 1 (1.00) | Phase 6->6 | Ground 0.3cm | Target B | PredXYZ [0.106 0.093 0.826] | TrueXYZ [0.102 0.092 0.826] | EEF [0.023 0.062 0.874] | ObjZ 0.826 | Up 1.00 | Hold 0/0 | Age 0 (1) | Resets 0 | Shield 0
Ep 44 | Step 60/200 | XYZ [ 0.006  0.007 -0.069] | RPY [-0. -0. -0.] | Grip 1 (1.00) | Phase 6->6 | Ground 0.3cm | Target B | PredXYZ [0.105 0.093 0.826] | TrueXYZ [0.102 0.092 0.826] | EEF [0.025 0.063 0.832] | ObjZ 0.826 | Up 1.00 | Hold 0/0 | Age 0 (1) | Resets 0 | Shield 0
Ep 44 | Step 78/200 | XYZ [-0.113 -0.044 -0.009] | RPY [ 0.016 -0.045  0.004] | Grip 1 (1.00) | Phase 8->8 | Ground 0.9cm | Target B | PredXYZ [0.174 0.13  0.826] | TrueXYZ [0.183 0.125 0.826] | EEF [0.148 0.118 0.827] | ObjZ 0.826 | Up 1.00 | Hold 5/5 | Age 3 (4) | Resets 3 | Shield 1
Episode 44: Clean Success | failure=success | termination=success
Scene rejected for ('push', 'C'): Deterministic push path is blocked by a distractor
Scene rejected for ('push', 'C'): Deterministic push path is blocked by a distractor
Scene rejected for ('push', 'C'): Deterministic push path is blocked by a distractor
Episode 45/120: Push the green cylinder away from the robot | ensemble=temporal
Ep 45 | Step 1/200 | XYZ [ 0.9    0.497 -0.48 ] | RPY [-0.     0.002  0.886] | Grip 1 (1.00) | Phase 5->5 | Ground 0.3cm | Target C | PredXYZ [0.114 0.102 0.823] | TrueXYZ [0.116 0.1   0.822] | EEF [-0.109 -0.006  0.999] | ObjZ 0.822 | Up 1.00 | Hold 0/0 | Age 0 (1) | Resets 0 | Shield 0
Ep 45 | Step 20/200 | XYZ [ 0.24   0.123 -0.102] | RPY [-0.005 -0.007 -0.   ] | Grip 1 (1.00) | Phase 5->5 | Ground 0.2cm | Target C | PredXYZ [0.116 0.102 0.822] | TrueXYZ [0.116 0.1   0.822] | EEF [0.01  0.046 0.936] | ObjZ 0.822 | Up 1.00 | Hold 0/0 | Age 3 (4) | Resets 0 | Shield 0
Ep 45 | Step 40/200 | XYZ [ 0.034  0.024 -0.439] | RPY [-0.002 -0.006 -0.001] | Grip 1 (1.00) | Phase 6->6 | Ground 0.3cm | Target C | PredXYZ [0.118 0.099 0.822] | TrueXYZ [0.116 0.1   0.822] | EEF [0.04  0.06  0.875] | ObjZ 0.822 | Up 1.00 | Hold 0/0 | Age 0 (1) | Resets 0 | Shield 0
Ep 45 | Step 60/200 | XYZ [ 0.006  0.013 -0.08 ] | RPY [-0.    -0.002 -0.   ] | Grip 1 (1.00) | Phase 6->6 | Ground 0.6cm | Target C | PredXYZ [0.12  0.105 0.822] | TrueXYZ [0.116 0.1   0.822] | EEF [0.044 0.064 0.824] | ObjZ 0.822 | Up 1.00 | Hold 0/0 | Age 0 (1) | Resets 0 | Shield 0
Ep 45 | Step 80/200 | XYZ [0.433 0.141 0.   ] | RPY [0.002 0.008 0.   ] | Grip 1 (1.00) | Phase 7->7 | Ground 2.1cm | Target C | PredXYZ [0.181 0.066 0.823] | TrueXYZ [0.17  0.048 0.822] | EEF [0.14  0.112 0.816] | ObjZ 0.822 | Up 1.00 | Hold 0/0 | Age 0 (1) | Resets 2 | Shield 7
Ep 45 | Step 100/200 | XYZ [-0.05  -0.006  0.326] | RPY [ 0.014 -0.069 -0.002] | Grip 1 (1.00) | Phase 9->9 | Ground 1.7cm | Target C | PredXYZ [0.186 0.041 0.824] | TrueXYZ [0.17  0.048 0.822] | EEF [0.184 0.123 0.882] | ObjZ 0.822 | Up 1.00 | Hold 0/0 | Age 0 (1) | Resets 7 | Shield 13
Ep 45 | Step 120/200 | XYZ [-0.315 -0.248  0.009] | RPY [ 0.007 -0.024  0.007] | Grip 1 (1.00) | Phase 9->9 | Ground 0.6cm | Target C | PredXYZ [0.175 0.051 0.822] | TrueXYZ [0.17  0.048 0.822] | EEF [0.136 0.095 0.921] | ObjZ 0.822 | Up 1.00 | Hold 0/0 | Age 0 (1) | Resets 7 | Shield 13
Ep 45 | Step 140/200 | XYZ [-0.09  -0.13   0.027] | RPY [-0.     0.006  0.001] | Grip 1 (1.00) | Phase 5->5 | Ground 0.3cm | Target C | PredXYZ [0.171 0.051 0.822] | TrueXYZ [0.17  0.048 0.822] | EEF [0.08  0.049 0.918] | ObjZ 0.822 | Up 1.00 | Hold 0/0 | Age 3 (4) | Resets 7 | Shield 13
Ep 45 | Step 160/200 | XYZ [ 0.019 -0.036 -0.2  ] | RPY [-0.     0.002  0.   ] | Grip 1 (1.00) | Phase 6->6 | Ground 0.8cm | Target C | PredXYZ [0.172 0.04  0.823] | TrueXYZ [0.17  0.048 0.822] | EEF [0.07  0.026 0.842] | ObjZ 0.822 | Up 1.00 | Hold 0/0 | Age 0 (1) | Resets 7 | Shield 13
Ep 45 | Step 180/200 | XYZ [0.67  0.238 0.   ] | RPY [-0.01   0.049 -0.003] | Grip 1 (1.00) | Phase 7->7 | Ground 0.6cm | Target C | PredXYZ [0.176 0.047 0.823] | TrueXYZ [0.17  0.048 0.822] | EEF [0.106 0.036 0.813] | ObjZ 0.822 | Up 1.00 | Hold 0/0 | Age 0 (1) | Resets 7 | Shield 17
Ep 45 | Step 200/200 | XYZ [-0.063 -0.018  0.022] | RPY [ 0.007 -0.038  0.001] | Grip 1 (1.00) | Phase 8->8 | Ground 1.8cm | Target C | PredXYZ [0.219 0.058 0.824] | TrueXYZ [0.237 0.064 0.827] | EEF [0.192 0.073 0.824] | ObjZ 0.827 | Up 0.99 | Hold 0/0 | Age 3 (4) | Resets 8 | Shield 28
Episode 45: Fail | failure=lateral_push_error | termination=horizon
Episode 46/120: Pick up the blue ball | ensemble=temporal
Ep 46 | Step 1/200 | XYZ [ 0.088  0.794 -0.273] | RPY [ 0.003 -0.001  0.002] | Grip -1 (0.00) | Phase 0->0 | Ground 0.6cm | Target B | PredXYZ [-0.117  0.118  0.827] | TrueXYZ [-0.111  0.121  0.826] | EEF [-0.13  -0.006  0.986] | ObjZ 0.826 | Up 1.00 | Hold 0/0 | Age 0 (1) | Resets 0 | Shield 0
Ep 46 | Step 20/200 | XYZ [ 0.042  0.179 -0.057] | RPY [0.004 0.006 0.006] | Grip -1 (0.00) | Phase 0->0 | Ground 0.7cm | Target B | PredXYZ [-0.118  0.123  0.826] | TrueXYZ [-0.111  0.121  0.826] | EEF [-0.123  0.094  0.949] | ObjZ 0.826 | Up 1.00 | Hold 0/0 | Age 3 (4) | Resets 0 | Shield 0
Ep 46 | Step 40/200 | XYZ [-0.002  0.041 -0.322] | RPY [ 0.    -0.002 -0.002] | Grip -1 (0.00) | Phase 1->1 | Ground 1.4cm | Target B | PredXYZ [-0.124  0.127  0.825] | TrueXYZ [-0.111  0.121  0.826] | EEF [-0.113  0.114  0.864] | ObjZ 0.826 | Up 1.00 | Hold 0/0 | Age 0 (1) | Resets 0 | Shield 0
Ep 46 | Step 60/200 | XYZ [ 0.032 -0.021 -0.047] | RPY [0.003 0.003 0.004] | Grip -1 (0.56) | Phase 1->1 | Ground 0.8cm | Target B | PredXYZ [-0.115  0.128  0.825] | TrueXYZ [-0.111  0.121  0.826] | EEF [-0.119  0.123  0.822] | ObjZ 0.826 | Up 1.00 | Hold 0/0 | Age 0 (1) | Resets 0 | Shield 0
Ep 46 | Step 75/200 | XYZ [ 0.017 -0.004  0.574] | RPY [-0.006  0.022 -0.001] | Grip 1 (1.00) | Phase 3->3 | Ground 0.5cm | Target B | PredXYZ [-0.114  0.115  0.863] | TrueXYZ [-0.117  0.118  0.873] | EEF [-0.124  0.12   0.868] | ObjZ 0.873 | Up 1.00 | Hold 5/0 | Age 0 (1) | Resets 1 | Shield 0
Ep 46 | Step 80/200 | XYZ [ 0.02  -0.003  0.448] | RPY [-0.003  0.01  -0.001] | Grip 1 (1.00) | Phase 3->3 | Ground 2.0cm | Target B | PredXYZ [-0.102  0.117  0.909] | TrueXYZ [-0.118  0.118  0.903] | EEF [-0.124  0.119  0.897] | ObjZ 0.903 | Up 1.00 | Hold 10/4 | Age 0 (1) | Resets 3 | Shield 0
Ep 46 | Step 81/200 | XYZ [ 0.019 -0.003  0.425] | RPY [-0.003  0.008 -0.001] | Grip 1 (1.00) | Phase 3->3 | Ground 0.6cm | Target B | PredXYZ [-0.114  0.116  0.908] | TrueXYZ [-0.117  0.117  0.908] | EEF [-0.124  0.119  0.903] | ObjZ 0.908 | Up 1.00 | Hold 11/5 | Age 0 (1) | Resets 4 | Shield 0
Episode 46: Clean Success | failure=success | termination=success
Scene rejected for ('push', 'A'): Deterministic push path is blocked by a distractor
Scene rejected for ('push', 'A'): Deterministic push path is blocked by a distractor
Scene rejected for ('push', 'A'): Deterministic push path is blocked by a distractor
Scene rejected for ('push', 'A'): Deterministic push path is blocked by a distractor
Episode 47/120: Push the red cube away from the robot | ensemble=temporal
Ep 47 | Step 1/200 | XYZ [-0.008 -0.113 -0.402] | RPY [0.003 0.    0.9  ] | Grip 1 (1.00) | Phase 5->5 | Ground 0.8cm | Target A | PredXYZ [-0.11   0.054  0.823] | TrueXYZ [-0.108  0.061  0.821] | EEF [-0.127 -0.003  0.984] | ObjZ 0.821 | Up 1.00 | Hold 0/0 | Age 0 (1) | Resets 0 | Shield 0
Ep 47 | Step 20/200 | XYZ [ 0.05  -0.095 -0.085] | RPY [-0.018 -0.004  0.677] | Grip 1 (1.00) | Phase 5->5 | Ground 0.7cm | Target A | PredXYZ [-0.106  0.055  0.822] | TrueXYZ [-0.108  0.061  0.822] | EEF [-0.132 -0.003  0.929] | ObjZ 0.822 | Up 1.00 | Hold 0/0 | Age 3 (4) | Resets 0 | Shield 0
Ep 47 | Step 40/200 | XYZ [ 0.06   0.037 -0.198] | RPY [-0.002  0.009 -0.003] | Grip 1 (1.00) | Phase 6->6 | Ground 0.2cm | Target A | PredXYZ [-0.109  0.06   0.822] | TrueXYZ [-0.108  0.061  0.822] | EEF [-0.117 -0.029  0.845] | ObjZ 0.822 | Up 1.00 | Hold 0/0 | Age 0 (1) | Resets 0 | Shield 0
Ep 47 | Step 60/200 | XYZ [ 0.042  0.67  -0.028] | RPY [-0.022 -0.009 -0.02 ] | Grip 1 (1.00) | Phase 7->7 | Ground 0.5cm | Target A | PredXYZ [-0.108  0.056  0.821] | TrueXYZ [-0.108  0.061  0.822] | EEF [-0.1    0.029  0.827] | ObjZ 0.822 | Up 1.00 | Hold 0/0 | Age 0 (1) | Resets 0 | Shield 0
Ep 47 | Step 77/200 | XYZ [ 0.011  0.462 -0.03 ] | RPY [0.006 0.009 0.008] | Grip 1 (1.00) | Phase 7->7 | Ground 1.0cm | Target A | PredXYZ [-0.107  0.144  0.822] | TrueXYZ [-0.099  0.141  0.822] | EEF [-0.091  0.111  0.828] | ObjZ 0.822 | Up 1.00 | Hold 5/5 | Age 0 (1) | Resets 3 | Shield 0
Episode 47: Clean Success | failure=success | termination=success
Scene rejected for ('pick', 'C'): Pick target lacks bilateral gripper clearance
Episode 48/120: Pick up the green cylinder | ensemble=temporal
Ep 48 | Step 1/200 | XYZ [ 0.295  0.002 -0.547] | RPY [-0.    -0.001 -0.   ] | Grip -1 (0.00) | Phase 0->0 | Ground 0.6cm | Target C | PredXYZ [-0.044 -0.011  0.824] | TrueXYZ [-0.05  -0.013  0.822] | EEF [-0.087 -0.016  1.026] | ObjZ 0.822 | Up 1.00 | Hold 0/0 | Age 0 (1) | Resets 0 | Shield 0
Ep 48 | Step 20/200 | XYZ [ 0.065 -0.011 -0.106] | RPY [0.001 0.003 0.002] | Grip -1 (0.00) | Phase 0->0 | Ground 0.9cm | Target C | PredXYZ [-0.04  -0.012  0.823] | TrueXYZ [-0.05  -0.013  0.822] | EEF [-0.052 -0.014  0.956] | ObjZ 0.822 | Up 1.00 | Hold 0/0 | Age 3 (4) | Resets 0 | Shield 0
Ep 48 | Step 40/200 | XYZ [ 0.011 -0.004 -0.221] | RPY [0.001 0.011 0.001] | Grip -1 (0.00) | Phase 1->1 | Ground 1.1cm | Target C | PredXYZ [-0.041 -0.018  0.822] | TrueXYZ [-0.05  -0.013  0.822] | EEF [-0.049 -0.015  0.848] | ObjZ 0.822 | Up 1.00 | Hold 0/0 | Age 0 (1) | Resets 0 | Shield 0
Ep 48 | Step 60/200 | XYZ [-0.     0.001 -0.008] | RPY [-0.     0.001 -0.001] | Grip 1 (1.00) | Phase 2->2 | Ground 0.6cm | Target C | PredXYZ [-0.053 -0.019  0.824] | TrueXYZ [-0.049 -0.014  0.823] | EEF [-0.048 -0.014  0.822] | ObjZ 0.823 | Up 1.00 | Hold 0/0 | Age 0 (1) | Resets 0 | Shield 0
Ep 48 | Step 68/200 | XYZ [ 0.006 -0.001  0.583] | RPY [0.001 0.024 0.   ] | Grip 1 (1.00) | Phase 3->3 | Ground 1.0cm | Target C | PredXYZ [-0.05  -0.015  0.869] | TrueXYZ [-0.057 -0.014  0.869] | EEF [-0.056 -0.014  0.868] | ObjZ 0.869 | Up 1.00 | Hold 5/0 | Age 0 (1) | Resets 3 | Shield 0
Ep 48 | Step 74/200 | XYZ [ 0.006 -0.001  0.42 ] | RPY [0.    0.006 0.   ] | Grip 1 (1.00) | Phase 3->3 | Ground 0.7cm | Target C | PredXYZ [-0.061 -0.018  0.902] | TrueXYZ [-0.058 -0.014  0.904] | EEF [-0.058 -0.014  0.903] | ObjZ 0.904 | Up 1.00 | Hold 11/5 | Age 0 (1) | Resets 7 | Shield 0
Episode 48: Clean Success | failure=success | termination=success
Scene rejected for ('push', 'C'): Deterministic push path is blocked by a distractor
Scene rejected for ('push', 'C'): Deterministic push path is blocked by a distractor
Scene rejected for ('push', 'C'): Target is too close to the robot reference ray
Scene rejected for ('push', 'C'): Deterministic push path is blocked by a distractor
Scene rejected for ('push', 'C'): Deterministic push path is blocked by a distractor
Scene rejected for ('push', 'C'): Deterministic push path is blocked by a distractor
Scene rejected for ('push', 'C'): Deterministic push path is blocked by a distractor
Scene rejected for ('push', 'C'): Deterministic push path is blocked by a distractor
Scene rejected for ('push', 'C'): Deterministic push path is blocked by a distractor
Scene rejected for ('push', 'C'): Deterministic push path is blocked by a distractor
Scene rejected for ('push', 'C'): Deterministic push path is blocked by a distractor
Scene rejected for ('push', 'C'): Target is too close to the robot reference ray
Scene rejected for ('push', 'C'): Deterministic push path is blocked by a distractor
Episode 49/120: Push the green cylinder away from the robot | ensemble=temporal
Ep 49 | Step 1/200 | XYZ [ 0.503 -0.299 -0.68 ] | RPY [ 0.002 -0.002 -0.9  ] | Grip 1 (1.00) | Phase 5->5 | Ground 0.6cm | Target C | PredXYZ [ 0.076 -0.106  0.823] | TrueXYZ [ 0.072 -0.101  0.822] | EEF [-0.065 -0.024  1.032] | ObjZ 0.822 | Up 1.00 | Hold 0/0 | Age 0 (1) | Resets 0 | Shield 0
Ep 49 | Step 20/200 | XYZ [ 0.146 -0.118 -0.121] | RPY [0.019 0.007 0.004] | Grip 1 (1.00) | Phase 5->5 | Ground 0.7cm | Target C | PredXYZ [ 0.071 -0.108  0.821] | TrueXYZ [ 0.072 -0.101  0.822] | EEF [-0.009 -0.05   0.942] | ObjZ 0.822 | Up 1.00 | Hold 0/0 | Age 3 (4) | Resets 0 | Shield 0
Ep 49 | Step 40/200 | XYZ [ 0.002 -0.018 -0.522] | RPY [ 0.001 -0.014  0.002] | Grip 1 (1.00) | Phase 6->6 | Ground 0.4cm | Target C | PredXYZ [ 0.072 -0.105  0.821] | TrueXYZ [ 0.072 -0.101  0.822] | EEF [ 0.011 -0.066  0.885] | ObjZ 0.822 | Up 1.00 | Hold 0/0 | Age 0 (1) | Resets 0 | Shield 0
Ep 49 | Step 60/200 | XYZ [-0.001 -0.002 -0.09 ] | RPY [ 0.     0.001 -0.   ] | Grip 1 (1.00) | Phase 6->6 | Ground 0.6cm | Target C | PredXYZ [ 0.066 -0.101  0.822] | TrueXYZ [ 0.072 -0.101  0.822] | EEF [ 0.006 -0.067  0.823] | ObjZ 0.822 | Up 1.00 | Hold 0/0 | Age 0 (1) | Resets 0 | Shield 0
Ep 49 | Step 80/200 | XYZ [ 0.361 -0.251  0.   ] | RPY [-0.001 -0.001  0.001] | Grip 1 (1.00) | Phase 7->7 | Ground 0.6cm | Target C | PredXYZ [ 0.129 -0.143  0.823] | TrueXYZ [ 0.128 -0.143  0.823] | EEF [ 0.097 -0.122  0.813] | ObjZ 0.823 | Up 1.00 | Hold 1/1 | Age 0 (1) | Resets 1 | Shield 15
Ep 49 | Step 84/200 | XYZ [-0.038  0.035  0.001] | RPY [-0.007 -0.011 -0.001] | Grip 1 (1.00) | Phase 8->8 | Ground 0.8cm | Target C | PredXYZ [ 0.147 -0.153  0.823] | TrueXYZ [ 0.141 -0.152  0.823] | EEF [ 0.109 -0.131  0.814] | ObjZ 0.823 | Up 1.00 | Hold 5/5 | Age 3 (4) | Resets 1 | Shield 17
Episode 49: Clean Success | failure=success | termination=success
Scene rejected for ('pick', 'B'): Pick target lacks bilateral gripper clearance
Episode 50/120: Pick up the blue ball | ensemble=temporal
Ep 50 | Step 1/200 | XYZ [ 0.9    0.055 -0.321] | RPY [ 0.    -0.001  0.   ] | Grip -1 (0.00) | Phase 0->0 | Ground 0.5cm | Target B | PredXYZ [0.123 0.006 0.828] | TrueXYZ [0.12  0.01  0.826] | EEF [-0.12  -0.002  0.997] | ObjZ 0.826 | Up 1.00 | Hold 0/0 | Age 0 (1) | Resets 0 | Shield 0
Ep 50 | Step 20/200 | XYZ [ 0.461  0.019 -0.052] | RPY [-0.001 -0.007  0.001] | Grip -1 (0.00) | Phase 0->0 | Ground 0.2cm | Target B | PredXYZ [0.119 0.012 0.825] | TrueXYZ [0.12  0.01  0.826] | EEF [0.048 0.005 0.954] | ObjZ 0.826 | Up 1.00 | Hold 0/0 | Age 3 (4) | Resets 0 | Shield 0
Ep 50 | Step 40/200 | XYZ [ 0.085  0.01  -0.734] | RPY [-0.001 -0.004 -0.   ] | Grip -1 (0.00) | Phase 1->1 | Ground 0.1cm | Target B | PredXYZ [0.12  0.012 0.826] | TrueXYZ [0.12  0.01  0.826] | EEF [0.107 0.007 0.927] | ObjZ 0.826 | Up 1.00 | Hold 0/0 | Age 0 (1) | Resets 0 | Shield 0
Ep 50 | Step 60/200 | XYZ [ 0.017  0.007 -0.143] | RPY [-0.    -0.004 -0.   ] | Grip -1 (0.00) | Phase 1->1 | Ground 1.0cm | Target B | PredXYZ [0.121 0.02  0.826] | TrueXYZ [0.12  0.01  0.826] | EEF [0.118 0.008 0.839] | ObjZ 0.826 | Up 1.00 | Hold 0/0 | Age 0 (1) | Resets 0 | Shield 0
Ep 50 | Step 80/200 | XYZ [0.002 0.001 0.708] | RPY [ 0.001 -0.007  0.   ] | Grip 1 (1.00) | Phase 3->3 | Ground 0.6cm | Target B | PredXYZ [0.122 0.016 0.83 ] | TrueXYZ [0.122 0.01  0.838] | EEF [0.122 0.009 0.837] | ObjZ 0.838 | Up 1.00 | Hold 0/0 | Age 0 (1) | Resets 0 | Shield 0
Ep 50 | Step 85/200 | XYZ [-0.    -0.001  0.543] | RPY [ 0.001 -0.008  0.001] | Grip 1 (1.00) | Phase 3->3 | Ground 1.8cm | Target B | PredXYZ [0.129 0.024 0.88 ] | TrueXYZ [0.123 0.01  0.876] | EEF [0.123 0.01  0.876] | ObjZ 0.876 | Up 1.00 | Hold 5/0 | Age 0 (1) | Resets 2 | Shield 0
Ep 50 | Step 90/200 | XYZ [ 0.001 -0.     0.42 ] | RPY [0.001 0.003 0.   ] | Grip 1 (1.00) | Phase 3->3 | Ground 0.5cm | Target B | PredXYZ [0.118 0.012 0.9  ] | TrueXYZ [0.122 0.01  0.904] | EEF [0.122 0.01  0.904] | ObjZ 0.904 | Up 1.00 | Hold 10/5 | Age 0 (1) | Resets 4 | Shield 0
Episode 50: Clean Success | failure=success | termination=success
Scene rejected for ('push', 'A'): Deterministic push path is blocked by a distractor
Scene rejected for ('push', 'A'): Deterministic push path is blocked by a distractor
Scene rejected for ('push', 'A'): Deterministic push path is blocked by a distractor
Scene rejected for ('push', 'A'): Deterministic push path is blocked by a distractor
Episode 51/120: Push the red cube away from the robot | ensemble=temporal
Ep 51 | Step 1/200 | XYZ [ 0.467  0.457 -0.47 ] | RPY [0.  0.  0.9] | Grip 1 (1.00) | Phase 5->5 | Ground 0.5cm | Target A | PredXYZ [0.031 0.12  0.823] | TrueXYZ [0.029 0.115 0.821] | EEF [-0.106 -0.009  0.993] | ObjZ 0.821 | Up 1.00 | Hold 0/0 | Age 0 (1) | Resets 0 | Shield 0
Ep 51 | Step 20/200 | XYZ [ 0.128  0.119 -0.094] | RPY [-0.013 -0.003  0.012] | Grip 1 (1.00) | Phase 5->5 | Ground 0.7cm | Target A | PredXYZ [0.027 0.122 0.822] | TrueXYZ [0.029 0.115 0.822] | EEF [-0.046  0.041  0.934] | ObjZ 0.822 | Up 1.00 | Hold 0/0 | Age 3 (4) | Resets 0 | Shield 0
Ep 51 | Step 40/200 | XYZ [ 0.002  0.034 -0.321] | RPY [-0.001 -0.003 -0.003] | Grip 1 (1.00) | Phase 6->6 | Ground 0.7cm | Target A | PredXYZ [0.036 0.117 0.822] | TrueXYZ [0.029 0.115 0.822] | EEF [-0.031  0.054  0.863] | ObjZ 0.822 | Up 1.00 | Hold 0/0 | Age 0 (1) | Resets 0 | Shield 0
Ep 51 | Step 60/200 | XYZ [ 0.599  0.541 -0.03 ] | RPY [-0.005  0.009 -0.003] | Grip 1 (1.00) | Phase 7->7 | Ground 0.6cm | Target A | PredXYZ [0.031 0.121 0.821] | TrueXYZ [0.029 0.115 0.822] | EEF [-0.025  0.065  0.824] | ObjZ 0.822 | Up 1.00 | Hold 0/0 | Age 0 (1) | Resets 0 | Shield 0
Ep 51 | Step 80/200 | XYZ [0.215 0.196 0.001] | RPY [ 0.005 -0.003  0.001] | Grip 1 (1.00) | Phase 7->7 | Ground 1.0cm | Target A | PredXYZ [0.103 0.173 0.822] | TrueXYZ [0.096 0.174 0.822] | EEF [0.068 0.146 0.819] | ObjZ 0.822 | Up 1.00 | Hold 5/5 | Age 0 (1) | Resets 3 | Shield 1
Episode 51: Clean Success | failure=success | termination=success
Scene rejected for ('push', 'B'): Deterministic push path is blocked by a distractor
Episode 52/120: Push the blue ball away from the robot | ensemble=temporal
Ep 52 | Step 1/200 | XYZ [ 0.031 -0.092 -0.404] | RPY [-0.003  0.004 -0.9  ] | Grip 1 (1.00) | Phase 5->5 | Ground 0.8cm | Target B | PredXYZ [-0.087 -0.101  0.827] | TrueXYZ [-0.081 -0.096  0.826] | EEF [-0.119 -0.013  0.989] | ObjZ 0.826 | Up 1.00 | Hold 0/0 | Age 0 (1) | Resets 0 | Shield 0
Ep 52 | Step 20/200 | XYZ [ 0.047  0.037 -0.379] | RPY [ 0.022 -0.002 -0.245] | Grip 1 (1.00) | Phase 5->5 | Ground 0.5cm | Target B | PredXYZ [-0.084 -0.099  0.826] | TrueXYZ [-0.081 -0.096  0.826] | EEF [-0.12  -0.022  0.937] | ObjZ 0.826 | Up 1.00 | Hold 0/0 | Age 3 (4) | Resets 0 | Shield 0
Ep 52 | Step 40/200 | XYZ [ 0.037 -0.033 -0.149] | RPY [0.    0.006 0.   ] | Grip 1 (1.00) | Phase 6->6 | Ground 0.2cm | Target B | PredXYZ [-0.078 -0.096  0.826] | TrueXYZ [-0.081 -0.096  0.826] | EEF [-0.11  -0.016  0.844] | ObjZ 0.826 | Up 1.00 | Hold 0/0 | Age 0 (1) | Resets 0 | Shield 0
Ep 52 | Step 60/200 | XYZ [ 0.301 -0.858  0.043] | RPY [0.011 0.007 0.013] | Grip 1 (1.00) | Phase 7->7 | Ground 0.5cm | Target B | PredXYZ [-0.072 -0.114  0.826] | TrueXYZ [-0.074 -0.114  0.825] | EEF [-0.05  -0.083  0.84 ] | ObjZ 0.825 | Up 1.00 | Hold 0/0 | Age 0 (1) | Resets 0 | Shield 0
Ep 52 | Step 80/200 | XYZ [-0.001 -0.003  0.136] | RPY [-0.003  0.005 -0.003] | Grip 1 (1.00) | Phase 9->9 | Ground 0.3cm | Target B | PredXYZ [-0.07  -0.126  0.826] | TrueXYZ [-0.071 -0.123  0.826] | EEF [-0.029 -0.139  0.909] | ObjZ 0.826 | Up 1.00 | Hold 0/0 | Age 0 (1) | Resets 1 | Shield 0
Ep 52 | Step 100/200 | XYZ [-0.125  0.151  0.033] | RPY [ 0.001  0.006 -0.002] | Grip 1 (1.00) | Phase 9->9 | Ground 0.7cm | Target B | PredXYZ [-0.077 -0.127  0.826] | TrueXYZ [-0.071 -0.123  0.826] | EEF [-0.079 -0.083  0.924] | ObjZ 0.826 | Up 1.00 | Hold 0/0 | Age 0 (1) | Resets 1 | Shield 0
Ep 52 | Step 120/200 | XYZ [-0.072 -0.007 -0.379] | RPY [ 0.006 -0.015  0.001] | Grip 1 (1.00) | Phase 6->6 | Ground 0.4cm | Target B | PredXYZ [-0.071 -0.127  0.826] | TrueXYZ [-0.071 -0.123  0.826] | EEF [-0.094 -0.06   0.88 ] | ObjZ 0.826 | Up 1.00 | Hold 0/0 | Age 0 (1) | Resets 1 | Shield 0
Ep 52 | Step 140/200 | XYZ [ 0.004  0.015 -0.067] | RPY [-0.002  0.005 -0.003] | Grip 1 (1.00) | Phase 6->6 | Ground 0.5cm | Target B | PredXYZ [-0.073 -0.128  0.826] | TrueXYZ [-0.071 -0.123  0.826] | EEF [-0.11  -0.059  0.832] | ObjZ 0.826 | Up 1.00 | Hold 0/0 | Age 0 (1) | Resets 1 | Shield 0
Ep 52 | Step 153/200 | XYZ [ 0.316 -0.687 -0.021] | RPY [-0.009 -0.001 -0.002] | Grip 1 (1.00) | Phase 7->7 | Ground 0.6cm | Target B | PredXYZ [-0.048 -0.168  0.826] | TrueXYZ [-0.051 -0.173  0.824] | EEF [-0.036 -0.138  0.836] | ObjZ 0.824 | Up 1.00 | Hold 5/5 | Age 0 (1) | Resets 4 | Shield 0
Episode 52: Clean Success | failure=success | termination=success
Episode 53/120: Pick up the blue ball | ensemble=temporal
Ep 53 | Step 1/200 | XYZ [ 0.045  0.252 -0.309] | RPY [ 0.002 -0.    -0.003] | Grip -1 (0.00) | Phase 0->0 | Ground 0.5cm | Target B | PredXYZ [-0.118  0.042  0.827] | TrueXYZ [-0.113  0.044  0.826] | EEF [-0.125  0.     0.991] | ObjZ 0.826 | Up 1.00 | Hold 0/0 | Age 0 (1) | Resets 0 | Shield 0
Ep 53 | Step 20/200 | XYZ [ 0.018  0.078 -0.854] | RPY [-0.     0.003  0.002] | Grip -1 (0.00) | Phase 1->1 | Ground 1.3cm | Target B | PredXYZ [-0.12   0.054  0.826] | TrueXYZ [-0.113  0.044  0.826] | EEF [-0.117  0.035  0.95 ] | ObjZ 0.826 | Up 1.00 | Hold 0/0 | Age 0 (1) | Resets 0 | Shield 0
Ep 53 | Step 40/200 | XYZ [ 0.033  0.004 -0.163] | RPY [0.001 0.013 0.002] | Grip -1 (0.00) | Phase 1->1 | Ground 1.3cm | Target B | PredXYZ [-0.122  0.053  0.825] | TrueXYZ [-0.113  0.044  0.826] | EEF [-0.119  0.044  0.842] | ObjZ 0.826 | Up 1.00 | Hold 0/0 | Age 0 (1) | Resets 0 | Shield 0
Ep 53 | Step 60/200 | XYZ [-0.003 -0.001  0.076] | RPY [0.001 0.003 0.   ] | Grip 1 (1.00) | Phase 2->2 | Ground 0.7cm | Target B | PredXYZ [-0.106  0.045  0.827] | TrueXYZ [-0.112  0.044  0.826] | EEF [-0.115  0.045  0.823] | ObjZ 0.826 | Up 1.00 | Hold 0/0 | Age 0 (1) | Resets 0 | Shield 0
Ep 53 | Step 67/200 | XYZ [ 0.012 -0.003  0.569] | RPY [-0.003  0.025 -0.001] | Grip 1 (1.00) | Phase 3->3 | Ground 1.9cm | Target B | PredXYZ [-0.101  0.047  0.873] | TrueXYZ [-0.12   0.043  0.872] | EEF [-0.123  0.043  0.869] | ObjZ 0.872 | Up 1.00 | Hold 5/0 | Age 0 (1) | Resets 3 | Shield 0
Ep 53 | Step 73/200 | XYZ [ 0.014 -0.003  0.42 ] | RPY [-0.002  0.008 -0.002] | Grip 1 (1.00) | Phase 3->3 | Ground 1.9cm | Target B | PredXYZ [-0.105  0.045  0.912] | TrueXYZ [-0.121  0.041  0.907] | EEF [-0.124  0.042  0.904] | ObjZ 0.907 | Up 1.00 | Hold 11/5 | Age 0 (1) | Resets 4 | Shield 0
Episode 53: Clean Success | failure=success | termination=success
Scene rejected for ('push', 'A'): Deterministic push path is blocked by a distractor
Scene rejected for ('push', 'A'): Target is too close to the robot reference ray
Scene rejected for ('push', 'A'): Deterministic push path is blocked by a distractor
Scene rejected for ('push', 'A'): Deterministic push path is blocked by a distractor
Scene rejected for ('push', 'A'): Deterministic push path is blocked by a distractor
Episode 54/120: Push the red cube away from the robot | ensemble=temporal
Ep 54 | Step 1/200 | XYZ [ 0.49  -0.035 -0.538] | RPY [ 0.002 -0.001 -0.215] | Grip 1 (1.00) | Phase 5->5 | Ground 0.4cm | Target A | PredXYZ [ 0.071 -0.004  0.823] | TrueXYZ [ 0.068 -0.004  0.821] | EEF [-0.085  0.007  1.005] | ObjZ 0.821 | Up 1.00 | Hold 0/0 | Age 0 (1) | Resets 0 | Shield 0
Ep 54 | Step 20/200 | XYZ [ 0.121 -0.021 -0.102] | RPY [0.002 0.004 0.003] | Grip 1 (1.00) | Phase 5->5 | Ground 0.2cm | Target A | PredXYZ [ 0.069 -0.003  0.822] | TrueXYZ [ 0.068 -0.004  0.822] | EEF [-0.031  0.006  0.938] | ObjZ 0.822 | Up 1.00 | Hold 0/0 | Age 3 (4) | Resets 0 | Shield 0
Ep 54 | Step 40/200 | XYZ [ 0.023 -0.011 -0.271] | RPY [-0.     0.004 -0.   ] | Grip 1 (1.00) | Phase 6->6 | Ground 0.6cm | Target A | PredXYZ [ 0.074 -0.004  0.821] | TrueXYZ [ 0.068 -0.004  0.822] | EEF [-0.017  0.005  0.853] | ObjZ 0.822 | Up 1.00 | Hold 0/0 | Age 0 (1) | Resets 0 | Shield 0
Ep 54 | Step 60/200 | XYZ [ 0.725 -0.081 -0.013] | RPY [0.004 0.039 0.003] | Grip 1 (1.00) | Phase 7->7 | Ground 0.4cm | Target A | PredXYZ [ 0.07  -0.001  0.822] | TrueXYZ [ 0.068 -0.004  0.822] | EEF [0.008 0.003 0.818] | ObjZ 0.822 | Up 1.00 | Hold 0/0 | Age 0 (1) | Resets 0 | Shield 0
Ep 54 | Step 79/200 | XYZ [-0.042  0.     0.003] | RPY [-0.001 -0.01  -0.   ] | Grip 1 (1.00) | Phase 8->8 | Ground 0.8cm | Target A | PredXYZ [ 0.152 -0.004  0.822] | TrueXYZ [0.15  0.002 0.822] | EEF [ 0.117 -0.004  0.818] | ObjZ 0.822 | Up 1.00 | Hold 5/5 | Age 3 (4) | Resets 1 | Shield 5
Episode 54: Clean Success | failure=success | termination=success
Scene rejected for ('push', 'A'): Deterministic push path is blocked by a distractor
Scene rejected for ('push', 'A'): Deterministic push path is blocked by a distractor
Scene rejected for ('push', 'A'): Deterministic push path is blocked by a distractor
Scene rejected for ('push', 'A'): Deterministic push path is blocked by a distractor
Scene rejected for ('push', 'A'): Deterministic push path is blocked by a distractor
Scene rejected for ('push', 'A'): Deterministic push path is blocked by a distractor
Scene rejected for ('push', 'A'): Deterministic push path is blocked by a distractor
Scene rejected for ('push', 'A'): Deterministic push path is blocked by a distractor
Scene rejected for ('push', 'A'): Deterministic push path is blocked by a distractor
Scene rejected for ('push', 'A'): Deterministic push path is blocked by a distractor
Episode 55/120: Push the red cube away from the robot | ensemble=temporal
Ep 55 | Step 1/200 | XYZ [ 0.9    0.099 -0.47 ] | RPY [-0.     0.001  0.203] | Grip 1 (1.00) | Phase 5->5 | Ground 0.1cm | Target A | PredXYZ [0.127 0.044 0.823] | TrueXYZ [0.128 0.043 0.821] | EEF [-0.114  0.024  0.994] | ObjZ 0.821 | Up 1.00 | Hold 0/0 | Age 0 (1) | Resets 0 | Shield 0
Ep 55 | Step 20/200 | XYZ [ 0.244  0.023 -0.092] | RPY [-0.001 -0.008 -0.003] | Grip 1 (1.00) | Phase 5->5 | Ground 0.4cm | Target A | PredXYZ [0.127 0.047 0.822] | TrueXYZ [0.128 0.043 0.822] | EEF [0.006 0.035 0.936] | ObjZ 0.822 | Up 1.00 | Hold 0/0 | Age 3 (4) | Resets 0 | Shield 0
Ep 55 | Step 40/200 | XYZ [ 0.055 -0.011 -0.436] | RPY [-0.001 -0.006 -0.   ] | Grip 1 (1.00) | Phase 6->6 | Ground 0.3cm | Target A | PredXYZ [0.129 0.046 0.822] | TrueXYZ [0.128 0.043 0.822] | EEF [0.039 0.036 0.88 ] | ObjZ 0.822 | Up 1.00 | Hold 0/0 | Age 0 (1) | Resets 0 | Shield 0
Ep 55 | Step 60/200 | XYZ [ 0.011 -0.005 -0.084] | RPY [ 0.    -0.002  0.   ] | Grip 1 (1.00) | Phase 6->6 | Ground 0.1cm | Target A | PredXYZ [0.128 0.044 0.821] | TrueXYZ [0.128 0.043 0.822] | EEF [0.044 0.034 0.829] | ObjZ 0.822 | Up 1.00 | Hold 0/0 | Age 0 (1) | Resets 0 | Shield 0
Ep 55 | Step 80/200 | XYZ [0.452 0.072 0.001] | RPY [ 0.001  0.003 -0.001] | Grip 1 (1.00) | Phase 7->7 | Ground 1.4cm | Target A | PredXYZ [0.178 0.062 0.822] | TrueXYZ [0.178 0.05  0.822] | EEF [0.148 0.047 0.817] | ObjZ 0.822 | Up 1.00 | Hold 0/0 | Age 0 (1) | Resets 3 | Shield 1
Ep 55 | Step 87/200 | XYZ [-0.039 -0.003  0.004] | RPY [-0.    -0.013 -0.001] | Grip 1 (1.00) | Phase 8->8 | Ground 1.2cm | Target A | PredXYZ [0.207 0.066 0.822] | TrueXYZ [0.208 0.055 0.822] | EEF [0.177 0.051 0.819] | ObjZ 0.822 | Up 1.00 | Hold 5/5 | Age 3 (4) | Resets 3 | Shield 2
Episode 55: Clean Success | failure=success | termination=success
Episode 56/120: Pick up the red cube | ensemble=temporal
Ep 56 | Step 1/200 | XYZ [-0.045  0.331 -0.504] | RPY [ 0.001 -0.001 -0.9  ] | Grip -1 (0.00) | Phase 0->0 | Ground 1.1cm | Target A | PredXYZ [-0.094  0.078  0.824] | TrueXYZ [-0.086  0.07   0.821] | EEF [-0.083  0.017  1.024] | ObjZ 0.821 | Up 1.00 | Hold 0/0 | Age 0 (1) | Resets 0 | Shield 0
Ep 56 | Step 20/200 | XYZ [ 0.121  0.087 -0.058] | RPY [0.013 0.04  0.003] | Grip -1 (0.00) | Phase 0->0 | Ground 1.4cm | Target A | PredXYZ [-0.095  0.08   0.822] | TrueXYZ [-0.086  0.07   0.822] | EEF [-0.102  0.062  0.948] | ObjZ 0.822 | Up 1.00 | Hold 0/0 | Age 3 (4) | Resets 0 | Shield 0
Ep 56 | Step 40/200 | XYZ [ 0.218 -0.015  0.09 ] | RPY [0.001 0.046 0.004] | Grip -1 (0.00) | Phase 0->0 | Ground 1.5cm | Target A | PredXYZ [-0.096  0.08   0.822] | TrueXYZ [-0.086  0.07   0.822] | EEF [-0.123  0.079  0.927] | ObjZ 0.822 | Up 1.00 | Hold 0/0 | Age 3 (4) | Resets 0 | Shield 0
Ep 56 | Step 60/200 | XYZ [-0.003 -0.035 -0.508] | RPY [ 0.006 -0.025 -0.001] | Grip -1 (0.00) | Phase 1->1 | Ground 1.4cm | Target A | PredXYZ [-0.096  0.079  0.822] | TrueXYZ [-0.086  0.07   0.822] | EEF [-0.085  0.072  0.89 ] | ObjZ 0.822 | Up 1.00 | Hold 0/0 | Age 0 (1) | Resets 0 | Shield 0
Ep 56 | Step 80/200 | XYZ [ 0.007  0.004 -0.088] | RPY [ 0.     0.005 -0.   ] | Grip -1 (0.00) | Phase 1->1 | Ground 0.6cm | Target A | PredXYZ [-0.084  0.075  0.821] | TrueXYZ [-0.086  0.07   0.822] | EEF [-0.091  0.065  0.825] | ObjZ 0.822 | Up 1.00 | Hold 0/0 | Age 0 (1) | Resets 0 | Shield 0
Ep 56 | Step 100/200 | XYZ [ 0.007 -0.006  0.613] | RPY [-0.01   0.031 -0.003] | Grip 1 (1.00) | Phase 3->3 | Ground 2.4cm | Target A | PredXYZ [-0.113  0.071  0.844] | TrueXYZ [-0.095  0.062  0.863] | EEF [-0.096  0.061  0.859] | ObjZ 0.863 | Up 1.00 | Hold 4/0 | Age 0 (1) | Resets 0 | Shield 0
Ep 56 | Step 101/200 | XYZ [ 0.008 -0.006  0.582] | RPY [-0.011  0.03  -0.004] | Grip 1 (1.00) | Phase 3->3 | Ground 1.9cm | Target A | PredXYZ [-0.111  0.07   0.856] | TrueXYZ [-0.096  0.061  0.869] | EEF [-0.097  0.06   0.865] | ObjZ 0.869 | Up 1.00 | Hold 5/0 | Age 0 (1) | Resets 1 | Shield 0
Ep 56 | Step 107/200 | XYZ [ 0.008 -0.009  0.432] | RPY [-0.011  0.016 -0.007] | Grip 1 (1.00) | Phase 3->3 | Ground 2.6cm | Target A | PredXYZ [-0.08   0.062  0.914] | TrueXYZ [-0.101  0.054  0.903] | EEF [-0.102  0.053  0.899] | ObjZ 0.903 | Up 1.00 | Hold 11/5 | Age 0 (1) | Resets 4 | Shield 0
Episode 56: Clean Success | failure=success | termination=success
Scene rejected for ('pick', 'C'): Pick target lacks bilateral gripper clearance
Episode 57/120: Pick up the green cylinder | ensemble=temporal
Ep 57 | Step 1/200 | XYZ [ 0.9   -0.362 -0.43 ] | RPY [0.    0.002 0.002] | Grip -1 (0.00) | Phase 0->0 | Ground 0.8cm | Target C | PredXYZ [ 0.08  -0.048  0.824] | TrueXYZ [ 0.072 -0.047  0.822] | EEF [-0.101  0.005  1.008] | ObjZ 0.822 | Up 1.00 | Hold 0/0 | Age 0 (1) | Resets 0 | Shield 0
Ep 57 | Step 20/200 | XYZ [ 0.32  -0.069 -0.084] | RPY [-0.003 -0.006 -0.002] | Grip -1 (0.00) | Phase 0->0 | Ground 0.7cm | Target C | PredXYZ [ 0.078 -0.049  0.822] | TrueXYZ [ 0.072 -0.047  0.822] | EEF [ 0.039 -0.039  0.953] | ObjZ 0.822 | Up 1.00 | Hold 0/0 | Age 3 (4) | Resets 0 | Shield 0
Ep 57 | Step 40/200 | XYZ [ 0.03  -0.013 -0.485] | RPY [ 0.001 -0.004  0.001] | Grip -1 (0.00) | Phase 1->1 | Ground 0.7cm | Target C | PredXYZ [ 0.08  -0.047  0.822] | TrueXYZ [ 0.072 -0.047  0.822] | EEF [ 0.077 -0.045  0.889] | ObjZ 0.822 | Up 1.00 | Hold 0/0 | Age 0 (1) | Resets 0 | Shield 0
Ep 57 | Step 60/200 | XYZ [-0.016 -0.004 -0.111] | RPY [-0.    -0.001 -0.   ] | Grip -1 (0.00) | Phase 1->1 | Ground 0.2cm | Target C | PredXYZ [ 0.071 -0.049  0.822] | TrueXYZ [ 0.072 -0.047  0.822] | EEF [ 0.076 -0.047  0.828] | ObjZ 0.822 | Up 1.00 | Hold 0/0 | Age 0 (1) | Resets 0 | Shield 0
Ep 57 | Step 80/200 | XYZ [-0.001 -0.001  0.617] | RPY [-0.001  0.     0.   ] | Grip 1 (1.00) | Phase 3->3 | Ground 0.7cm | Target C | PredXYZ [ 0.067 -0.05   0.853] | TrueXYZ [ 0.071 -0.048  0.865] | EEF [ 0.073 -0.048  0.861] | ObjZ 0.865 | Up 1.00 | Hold 4/0 | Age 0 (1) | Resets 2 | Shield 0
Ep 57 | Step 81/200 | XYZ [-0.001 -0.001  0.581] | RPY [-0.001  0.001 -0.   ] | Grip 1 (1.00) | Phase 3->3 | Ground 0.4cm | Target C | PredXYZ [ 0.073 -0.052  0.866] | TrueXYZ [ 0.07  -0.049  0.872] | EEF [ 0.073 -0.048  0.868] | ObjZ 0.872 | Up 1.00 | Hold 5/0 | Age 0 (1) | Resets 3 | Shield 0
Ep 57 | Step 87/200 | XYZ [-0.002 -0.001  0.421] | RPY [-0.001  0.005 -0.001] | Grip 1 (1.00) | Phase 3->3 | Ground 0.5cm | Target C | PredXYZ [ 0.07  -0.053  0.901] | TrueXYZ [ 0.068 -0.049  0.907] | EEF [ 0.07  -0.049  0.902] | ObjZ 0.907 | Up 1.00 | Hold 11/5 | Age 0 (1) | Resets 4 | Shield 0
Episode 57: Clean Success | failure=success | termination=success
Scene rejected for ('push', 'C'): Deterministic push path is blocked by a distractor
Scene rejected for ('push', 'C'): Deterministic push path is blocked by a distractor
Scene rejected for ('push', 'C'): Deterministic push path is blocked by a distractor
Scene rejected for ('push', 'C'): Deterministic push path is blocked by a distractor
Scene rejected for ('push', 'C'): Deterministic push path is blocked by a distractor
Scene rejected for ('push', 'C'): Deterministic push path is blocked by a distractor
Scene rejected for ('push', 'C'): Deterministic push path is blocked by a distractor
Scene rejected for ('push', 'C'): Deterministic push path is blocked by a distractor
Scene rejected for ('push', 'C'): Target is too close to the robot reference ray
Scene rejected for ('push', 'C'): Deterministic push path is blocked by a distractor
Scene rejected for ('push', 'C'): Deterministic push path is blocked by a distractor
Scene rejected for ('push', 'C'): Deterministic push path is blocked by a distractor
Scene rejected for ('push', 'C'): Deterministic push path is blocked by a distractor
Scene rejected for ('push', 'C'): Deterministic push path is blocked by a distractor
Scene rejected for ('push', 'C'): Deterministic push path is blocked by a distractor
Scene rejected for ('push', 'C'): Deterministic push path is blocked by a distractor
Scene rejected for ('push', 'C'): Deterministic push path is blocked by a distractor
Scene rejected for ('push', 'C'): Deterministic push path is blocked by a distractor
Scene rejected for ('push', 'C'): Deterministic push path is blocked by a distractor
Scene rejected for ('push', 'C'): Deterministic push path is blocked by a distractor
Scene rejected for ('push', 'C'): Deterministic push path is blocked by a distractor
Scene rejected for ('push', 'C'): Deterministic push path is blocked by a distractor
Scene rejected for ('push', 'C'): Target is too close to the robot reference ray
Scene rejected for ('push', 'C'): Deterministic push path is blocked by a distractor
Scene rejected for ('push', 'C'): Target is too close to the robot reference ray
Scene rejected for ('push', 'C'): Deterministic push path is blocked by a distractor
Scene rejected for ('push', 'C'): Deterministic push path is blocked by a distractor
Scene rejected for ('push', 'C'): Deterministic push path is blocked by a distractor
Scene rejected for ('push', 'C'): Deterministic push path is blocked by a distractor
Scene rejected for ('push', 'C'): Deterministic push path is blocked by a distractor
Scene rejected for ('push', 'C'): Deterministic push path is blocked by a distractor
Scene rejected for ('push', 'C'): Deterministic push path is blocked by a distractor
Scene rejected for ('push', 'C'): Deterministic push path is blocked by a distractor
Scene rejected for ('push', 'C'): Deterministic push path is blocked by a distractor
Scene rejected for ('push', 'C'): Deterministic push path is blocked by a distractor
Scene rejected for ('push', 'C'): Deterministic push path is blocked by a distractor
Scene rejected for ('push', 'C'): Deterministic push path is blocked by a distractor
Scene rejected for ('push', 'C'): Deterministic push path is blocked by a distractor
Scene rejected for ('push', 'C'): Deterministic push path is blocked by a distractor
Scene rejected for ('push', 'C'): Deterministic push path is blocked by a distractor
Scene rejected for ('push', 'C'): Deterministic push path is blocked by a distractor
Scene rejected for ('push', 'C'): Deterministic push path is blocked by a distractor
Scene rejected for ('push', 'C'): Deterministic push path is blocked by a distractor
Scene rejected for ('push', 'C'): Target is too close to the robot reference ray
Scene rejected for ('push', 'C'): Target is too close to the robot reference ray
Scene rejected for ('push', 'C'): Deterministic push path is blocked by a distractor
Scene rejected for ('push', 'C'): Deterministic push path is blocked by a distractor
Scene rejected for ('push', 'C'): Target is too close to the robot reference ray
Scene rejected for ('push', 'C'): Deterministic push path is blocked by a distractor
Scene rejected for ('push', 'C'): Deterministic push path is blocked by a distractor
Scene rejected for ('push', 'C'): Deterministic push path is blocked by a distractor
Scene rejected for ('push', 'C'): Deterministic push path is blocked by a distractor
Scene rejected for ('push', 'C'): Deterministic push path is blocked by a distractor
Scene rejected for ('push', 'C'): Deterministic push path is blocked by a distractor
Scene rejected for ('push', 'C'): Deterministic push path is blocked by a distractor
Scene rejected for ('push', 'C'): Target is too close to the robot reference ray
Scene rejected for ('push', 'C'): Deterministic push path is blocked by a distractor
Scene rejected for ('push', 'C'): Deterministic push path is blocked by a distractor
Scene rejected for ('push', 'C'): Deterministic push path is blocked by a distractor
Scene rejected for ('push', 'C'): Deterministic push path is blocked by a distractor
Scene rejected for ('push', 'C'): Deterministic push path is blocked by a distractor
Scene rejected for ('push', 'C'): Deterministic push path is blocked by a distractor
Scene rejected for ('push', 'C'): Deterministic push path is blocked by a distractor
Scene rejected for ('push', 'C'): Deterministic push path is blocked by a distractor
Scene rejected for ('push', 'C'): Deterministic push path is blocked by a distractor
Scene rejected for ('push', 'C'): Deterministic push path is blocked by a distractor
Scene rejected for ('push', 'C'): Deterministic push path is blocked by a distractor
Scene rejected for ('push', 'C'): Deterministic push path is blocked by a distractor
Episode 58/120: Push the green cylinder away from the robot | ensemble=temporal
Ep 58 | Step 1/200 | XYZ [ 0.35   0.445 -0.594] | RPY [-0.  -0.   0.9] | Grip 1 (1.00) | Phase 5->5 | Ground 0.6cm | Target C | PredXYZ [0.01  0.128 0.824] | TrueXYZ [0.008 0.123 0.822] | EEF [-0.097  0.     1.015] | ObjZ 0.822 | Up 1.00 | Hold 0/0 | Age 0 (1) | Resets 0 | Shield 0
Ep 58 | Step 20/200 | XYZ [ 0.128  0.102 -0.125] | RPY [-0.028  0.008  0.044] | Grip 1 (1.00) | Phase 5->5 | Ground 0.2cm | Target C | PredXYZ [0.009 0.125 0.822] | TrueXYZ [0.008 0.123 0.822] | EEF [-0.062  0.04   0.936] | ObjZ 0.822 | Up 1.00 | Hold 0/0 | Age 3 (4) | Resets 0 | Shield 0
Ep 58 | Step 40/200 | XYZ [ 0.029  0.04  -0.535] | RPY [ 0.001 -0.014 -0.   ] | Grip 1 (1.00) | Phase 6->6 | Ground 0.3cm | Target C | PredXYZ [0.011 0.125 0.822] | TrueXYZ [0.008 0.123 0.822] | EEF [-0.043  0.052  0.891] | ObjZ 0.822 | Up 1.00 | Hold 0/0 | Age 0 (1) | Resets 0 | Shield 0
Ep 58 | Step 60/200 | XYZ [ 0.012  0.014 -0.098] | RPY [ 0.     0.002 -0.001] | Grip 1 (1.00) | Phase 6->6 | Ground 0.5cm | Target C | PredXYZ [0.008 0.128 0.822] | TrueXYZ [0.008 0.123 0.822] | EEF [-0.043  0.058  0.826] | ObjZ 0.822 | Up 1.00 | Hold 0/0 | Age 0 (1) | Resets 0 | Shield 0
Ep 58 | Step 80/200 | XYZ [0.301 0.371 0.   ] | RPY [-0.001 -0.001 -0.002] | Grip 1 (1.00) | Phase 7->7 | Ground 0.6cm | Target C | PredXYZ [0.04  0.164 0.822] | TrueXYZ [0.044 0.163 0.823] | EEF [0.021 0.132 0.816] | ObjZ 0.823 | Up 1.00 | Hold 0/0 | Age 0 (1) | Resets 1 | Shield 12
Ep 58 | Step 87/200 | XYZ [-0.027 -0.047  0.004] | RPY [ 0.011 -0.008  0.004] | Grip 1 (1.00) | Phase 8->8 | Ground 0.9cm | Target C | PredXYZ [0.064 0.196 0.824] | TrueXYZ [0.061 0.189 0.823] | EEF [0.038 0.158 0.817] | ObjZ 0.823 | Up 1.00 | Hold 5/5 | Age 3 (4) | Resets 2 | Shield 17
Episode 58: Clean Success | failure=success | termination=success
Scene rejected for ('push', 'C'): Deterministic push path is blocked by a distractor
Scene rejected for ('push', 'C'): Deterministic push path is blocked by a distractor
Scene rejected for ('push', 'C'): Deterministic push path is blocked by a distractor
Scene rejected for ('push', 'C'): Deterministic push path is blocked by a distractor
Episode 59/120: Push the green cylinder away from the robot | ensemble=temporal
Ep 59 | Step 1/200 | XYZ [ 0.003 -0.045 -0.547] | RPY [ 0.     0.003 -0.9  ] | Grip 1 (1.00) | Phase 5->5 | Ground 1.8cm | Target C | PredXYZ [-0.108 -0.101  0.824] | TrueXYZ [-0.093 -0.091  0.822] | EEF [-0.104 -0.017  1.009] | ObjZ 0.822 | Up 1.00 | Hold 0/0 | Age 0 (1) | Resets 0 | Shield 0
Ep 59 | Step 20/200 | XYZ [ 0.047  0.095 -0.092] | RPY [ 0.03  -0.008 -0.527] | Grip 1 (1.00) | Phase 5->5 | Ground 1.4cm | Target C | PredXYZ [-0.104 -0.1    0.822] | TrueXYZ [-0.093 -0.091  0.822] | EEF [-0.115 -0.02   0.936] | ObjZ 0.822 | Up 1.00 | Hold 0/0 | Age 3 (4) | Resets 0 | Shield 0
Ep 59 | Step 40/200 | XYZ [ 0.056 -0.05  -0.19 ] | RPY [0.002 0.011 0.001] | Grip 1 (1.00) | Phase 6->6 | Ground 1.1cm | Target C | PredXYZ [-0.101 -0.098  0.822] | TrueXYZ [-0.093 -0.091  0.822] | EEF [-0.113 -0.002  0.839] | ObjZ 0.822 | Up 1.00 | Hold 0/0 | Age 0 (1) | Resets 0 | Shield 0
Ep 59 | Step 60/200 | XYZ [ 0.079 -0.667 -0.027] | RPY [ 0.025 -0.005  0.022] | Grip 1 (1.00) | Phase 7->7 | Ground 1.2cm | Target C | PredXYZ [-0.098 -0.102  0.822] | TrueXYZ [-0.093 -0.091  0.822] | EEF [-0.097 -0.047  0.819] | ObjZ 0.822 | Up 1.00 | Hold 0/0 | Age 0 (1) | Resets 0 | Shield 3
Ep 59 | Step 76/200 | XYZ [0.001 0.046 0.008] | RPY [-0.007  0.005 -0.006] | Grip 1 (1.00) | Phase 8->8 | Ground 2.0cm | Target C | PredXYZ [-0.104 -0.171  0.822] | TrueXYZ [-0.085 -0.179  0.823] | EEF [-0.088 -0.141  0.818] | ObjZ 0.823 | Up 1.00 | Hold 5/5 | Age 3 (4) | Resets 1 | Shield 10
Episode 59: Clean Success | failure=success | termination=success
Episode 60/120: Pick up the blue ball | ensemble=temporal
Ep 60 | Step 1/200 | XYZ [ 0.758  0.9   -0.398] | RPY [-0.     0.001 -0.   ] | Grip -1 (0.00) | Phase 0->0 | Ground 1.1cm | Target B | PredXYZ [0.024 0.142 0.828] | TrueXYZ [0.018 0.132 0.826] | EEF [-0.097 -0.006  1.008] | ObjZ 0.826 | Up 1.00 | Hold 0/0 | Age 0 (1) | Resets 0 | Shield 0
Ep 60 | Step 20/200 | XYZ [ 0.199  0.18  -0.067] | RPY [0.007 0.003 0.007] | Grip -1 (0.00) | Phase 0->0 | Ground 0.8cm | Target B | PredXYZ [0.015 0.138 0.826] | TrueXYZ [0.018 0.132 0.826] | EEF [-0.012  0.107  0.957] | ObjZ 0.826 | Up 1.00 | Hold 0/0 | Age 3 (4) | Resets 0 | Shield 0
Ep 60 | Step 40/200 | XYZ [ 0.03   0.028 -0.507] | RPY [-0.001 -0.01  -0.003] | Grip -1 (0.00) | Phase 1->1 | Ground 1.4cm | Target B | PredXYZ [0.016 0.146 0.826] | TrueXYZ [0.018 0.132 0.826] | EEF [0.016 0.127 0.893] | ObjZ 0.826 | Up 1.00 | Hold 0/0 | Age 0 (1) | Resets 0 | Shield 0
Ep 60 | Step 60/200 | XYZ [ 0.013 -0.005 -0.094] | RPY [0.002 0.001 0.002] | Grip -1 (0.00) | Phase 1->1 | Ground 1.2cm | Target B | PredXYZ [0.017 0.144 0.826] | TrueXYZ [0.018 0.132 0.826] | EEF [0.017 0.132 0.831] | ObjZ 0.826 | Up 1.00 | Hold 0/0 | Age 0 (1) | Resets 0 | Shield 0
Ep 60 | Step 79/200 | XYZ [ 0.008 -0.002  0.558] | RPY [0.    0.01  0.001] | Grip 1 (1.00) | Phase 3->3 | Ground 0.8cm | Target B | PredXYZ [0.022 0.135 0.872] | TrueXYZ [0.016 0.133 0.873] | EEF [0.015 0.133 0.872] | ObjZ 0.873 | Up 1.00 | Hold 5/0 | Age 0 (1) | Resets 3 | Shield 0
Ep 60 | Step 80/200 | XYZ [ 0.008 -0.002  0.532] | RPY [0.    0.01  0.001] | Grip 1 (1.00) | Phase 3->3 | Ground 0.7cm | Target B | PredXYZ [0.019 0.138 0.877] | TrueXYZ [0.016 0.133 0.879] | EEF [0.015 0.133 0.878] | ObjZ 0.879 | Up 1.00 | Hold 6/0 | Age 0 (1) | Resets 3 | Shield 0
Ep 60 | Step 85/200 | XYZ [ 0.008 -0.002  0.415] | RPY [0.001 0.006 0.001] | Grip 1 (1.00) | Phase 3->3 | Ground 0.7cm | Target B | PredXYZ [0.012 0.139 0.905] | TrueXYZ [0.014 0.133 0.907] | EEF [0.013 0.134 0.905] | ObjZ 0.907 | Up 1.00 | Hold 11/5 | Age 0 (1) | Resets 5 | Shield 0
Episode 60: Clean Success | failure=success | termination=success
Scene rejected for ('push', 'B'): Deterministic push path leaves the safe workspace
Scene rejected for ('push', 'B'): Deterministic push path is blocked by a distractor
Scene rejected for ('push', 'B'): Deterministic push path is blocked by a distractor
Scene rejected for ('push', 'B'): Deterministic push path is blocked by a distractor
Scene rejected for ('push', 'B'): Deterministic push path is blocked by a distractor
Scene rejected for ('push', 'B'): Deterministic push path is blocked by a distractor
Episode 61/120: Push the blue ball away from the robot | ensemble=temporal
Ep 61 | Step 1/200 | XYZ [ 0.019  0.028 -0.488] | RPY [ 0.003 -0.002  0.9  ] | Grip 1 (1.00) | Phase 5->5 | Ground 0.8cm | Target B | PredXYZ [-0.119 -0.061  0.828] | TrueXYZ [-0.125 -0.055  0.826] | EEF [-0.117  0.01   0.999] | ObjZ 0.826 | Up 1.00 | Hold 0/0 | Age 0 (1) | Resets 0 | Shield 0
Ep 61 | Step 20/200 | XYZ [ 0.058 -0.083 -0.092] | RPY [-0.03  -0.009  0.527] | Grip 1 (1.00) | Phase 5->5 | Ground 0.2cm | Target B | PredXYZ [-0.123 -0.054  0.826] | TrueXYZ [-0.125 -0.055  0.826] | EEF [-0.121  0.017  0.932] | ObjZ 0.826 | Up 1.00 | Hold 0/0 | Age 3 (4) | Resets 0 | Shield 0
Ep 61 | Step 40/200 | XYZ [ 0.057  0.038 -0.188] | RPY [-0.003  0.011 -0.003] | Grip 1 (1.00) | Phase 6->6 | Ground 2.0cm | Target B | PredXYZ [-0.12  -0.074  0.825] | TrueXYZ [-0.125 -0.055  0.826] | EEF [-0.115 -0.002  0.842] | ObjZ 0.826 | Up 1.00 | Hold 0/0 | Age 0 (1) | Resets 0 | Shield 0
Ep 61 | Step 60/200 | XYZ [-0.132 -0.8    0.021] | RPY [0.034 0.002 0.03 ] | Grip 1 (1.00) | Phase 7->7 | Ground 0.8cm | Target B | PredXYZ [-0.126 -0.065  0.824] | TrueXYZ [-0.126 -0.059  0.824] | EEF [-0.12  -0.025  0.823] | ObjZ 0.824 | Up 1.00 | Hold 0/0 | Age 0 (1) | Resets 1 | Shield 0
Ep 61 | Step 80/200 | XYZ [-0.04  -0.093  0.137] | RPY [-0.011 -0.003 -0.013] | Grip 1 (1.00) | Phase 5->5 | Ground 1.0cm | Target B | PredXYZ [-0.125 -0.086  0.826] | TrueXYZ [-0.131 -0.078  0.826] | EEF [-0.156 -0.117  0.91 ] | ObjZ 0.826 | Up 1.00 | Hold 0/0 | Age 3 (4) | Resets 2 | Shield 0
Ep 61 | Step 100/200 | XYZ [-0.005  0.153  0.017] | RPY [ 0.     0.001 -0.067] | Grip 1 (1.00) | Phase 9->9 | Ground 1.0cm | Target B | PredXYZ [-0.124 -0.086  0.826] | TrueXYZ [-0.131 -0.078  0.826] | EEF [-0.167 -0.117  0.927] | ObjZ 0.826 | Up 1.00 | Hold 0/0 | Age 0 (1) | Resets 2 | Shield 0
Ep 61 | Step 120/200 | XYZ [ 0.062  0.129 -0.005] | RPY [-0.001  0.006  0.034] | Grip 1 (1.00) | Phase 9->9 | Ground 0.4cm | Target B | PredXYZ [-0.127 -0.079  0.826] | TrueXYZ [-0.131 -0.078  0.826] | EEF [-0.164 -0.077  0.926] | ObjZ 0.826 | Up 1.00 | Hold 0/0 | Age 0 (1) | Resets 2 | Shield 0
Ep 61 | Step 140/200 | XYZ [ 0.019  0.021 -0.296] | RPY [-0.004  0.004 -0.002] | Grip 1 (1.00) | Phase 6->6 | Ground 0.8cm | Target B | PredXYZ [-0.134 -0.086  0.826] | TrueXYZ [-0.131 -0.078  0.825] | EEF [-0.147 -0.067  0.859] | ObjZ 0.825 | Up 1.00 | Hold 0/0 | Age 0 (1) | Resets 2 | Shield 0
Ep 61 | Step 160/200 | XYZ [ 0.141 -0.702 -0.024] | RPY [0.024 0.016 0.02 ] | Grip 1 (1.00) | Phase 7->7 | Ground 0.8cm | Target B | PredXYZ [-0.119 -0.091  0.826] | TrueXYZ [-0.122 -0.087  0.825] | EEF [-0.131 -0.086  0.86 ] | ObjZ 0.825 | Up 1.00 | Hold 0/0 | Age 0 (1) | Resets 2 | Shield 0
Ep 61 | Step 180/200 | XYZ [-0.018  0.047  0.045] | RPY [-0.003 -0.004 -0.003] | Grip 1 (1.00) | Phase 8->8 | Ground 1.2cm | Target B | PredXYZ [-0.115 -0.119  0.825] | TrueXYZ [-0.117 -0.106  0.826] | EEF [-0.116 -0.138  0.869] | ObjZ 0.826 | Up 1.00 | Hold 0/0 | Age 3 (4) | Resets 3 | Shield 0
Ep 61 | Step 200/200 | XYZ [-0.008  0.12   0.131] | RPY [ 0.005  0.004 -0.003] | Grip 1 (1.00) | Phase 9->9 | Ground 1.7cm | Target B | PredXYZ [-0.126 -0.12   0.826] | TrueXYZ [-0.117 -0.106  0.826] | EEF [-0.12  -0.117  0.891] | ObjZ 0.826 | Up 1.00 | Hold 0/0 | Age 0 (1) | Resets 3 | Shield 0
Episode 61: Fail | failure=recovery_limit | termination=recovery_limit
Scene rejected for ('push', 'C'): Deterministic push path is blocked by a distractor
Episode 62/120: Push the green cylinder away from the robot | ensemble=temporal
Ep 62 | Step 1/200 | XYZ [ 0.013 -0.016 -0.543] | RPY [ 0.003 -0.003  0.9  ] | Grip 1 (1.00) | Phase 5->5 | Ground 1.1cm | Target C | PredXYZ [-0.115 -0.06   0.823] | TrueXYZ [-0.109 -0.05   0.822] | EEF [-0.108  0.043  1.008] | ObjZ 0.822 | Up 1.00 | Hold 0/0 | Age 0 (1) | Resets 0 | Shield 0
Ep 62 | Step 20/200 | XYZ [ 0.048 -0.082 -0.11 ] | RPY [-0.031 -0.015  0.568] | Grip 1 (1.00) | Phase 5->5 | Ground 1.3cm | Target C | PredXYZ [-0.096 -0.054  0.822] | TrueXYZ [-0.109 -0.05   0.822] | EEF [-0.114  0.043  0.937] | ObjZ 0.822 | Up 1.00 | Hold 0/0 | Age 3 (4) | Resets 0 | Shield 0
Ep 62 | Step 40/200 | XYZ [ 0.062  0.031 -0.258] | RPY [-0.003  0.009 -0.003] | Grip 1 (1.00) | Phase 6->6 | Ground 0.4cm | Target C | PredXYZ [-0.107 -0.054  0.822] | TrueXYZ [-0.109 -0.05   0.822] | EEF [-0.111  0.028  0.847] | ObjZ 0.822 | Up 1.00 | Hold 0/0 | Age 0 (1) | Resets 0 | Shield 0
Ep 62 | Step 60/200 | XYZ [-0.072 -0.737  0.   ] | RPY [ 0.028 -0.002  0.026] | Grip 1 (1.00) | Phase 7->7 | Ground 0.8cm | Target C | PredXYZ [-0.101 -0.053  0.822] | TrueXYZ [-0.109 -0.05   0.822] | EEF [-0.109  0.015  0.818] | ObjZ 0.822 | Up 1.00 | Hold 0/0 | Age 0 (1) | Resets 0 | Shield 5
Ep 62 | Step 79/200 | XYZ [-0.016 -0.569  0.   ] | RPY [0.011 0.014 0.007] | Grip 1 (1.00) | Phase 7->7 | Ground 1.1cm | Target C | PredXYZ [-0.115 -0.15   0.822] | TrueXYZ [-0.114 -0.146  0.823] | EEF [-0.122 -0.103  0.818] | ObjZ 0.823 | Up 1.00 | Hold 5/5 | Age 0 (1) | Resets 4 | Shield 16
Episode 62: Clean Success | failure=success | termination=success
Scene rejected for ('push', 'C'): Deterministic push path is blocked by a distractor
Scene rejected for ('push', 'C'): Deterministic push path is blocked by a distractor
Episode 63/120: Push the green cylinder away from the robot | ensemble=temporal
Ep 63 | Step 1/200 | XYZ [-0.049 -0.177 -0.59 ] | RPY [0.003 0.002 0.9  ] | Grip 1 (1.00) | Phase 5->5 | Ground 1.2cm | Target C | PredXYZ [-0.091  0.055  0.823] | TrueXYZ [-0.081  0.048  0.822] | EEF [-0.091  0.002  1.014] | ObjZ 0.822 | Up 1.00 | Hold 0/0 | Age 0 (1) | Resets 0 | Shield 0
Ep 63 | Step 20/200 | XYZ [ 0.079 -0.148 -0.082] | RPY [-0.039  0.008  0.404] | Grip 1 (1.00) | Phase 5->5 | Ground 0.5cm | Target C | PredXYZ [-0.082  0.052  0.821] | TrueXYZ [-0.081  0.048  0.822] | EEF [-0.113 -0.015  0.932] | ObjZ 0.822 | Up 1.00 | Hold 0/0 | Age 3 (4) | Resets 0 | Shield 0
Ep 63 | Step 40/200 | XYZ [ 0.102  0.005 -0.008] | RPY [ 0.003  0.006 -0.001] | Grip 1 (1.00) | Phase 5->5 | Ground 1.2cm | Target C | PredXYZ [-0.088  0.058  0.821] | TrueXYZ [-0.081  0.048  0.822] | EEF [-0.109 -0.038  0.921] | ObjZ 0.822 | Up 1.00 | Hold 0/0 | Age 3 (4) | Resets 0 | Shield 0
Ep 63 | Step 60/200 | XYZ [ 0.033  0.007 -0.161] | RPY [-0.001  0.008 -0.002] | Grip 1 (1.00) | Phase 6->6 | Ground 1.2cm | Target C | PredXYZ [-0.078  0.059  0.822] | TrueXYZ [-0.081  0.048  0.822] | EEF [-0.098 -0.038  0.833] | ObjZ 0.822 | Up 1.00 | Hold 0/0 | Age 0 (1) | Resets 0 | Shield 0
Ep 63 | Step 80/200 | XYZ [0.059 0.64  0.   ] | RPY [-0.023 -0.004 -0.022] | Grip 1 (1.00) | Phase 7->7 | Ground 1.2cm | Target C | PredXYZ [-0.08   0.06   0.822] | TrueXYZ [-0.08   0.052  0.823] | EEF [-0.085  0.014  0.819] | ObjZ 0.823 | Up 1.00 | Hold 0/0 | Age 0 (1) | Resets 0 | Shield 9
Ep 63 | Step 94/200 | XYZ [0.035 0.147 0.   ] | RPY [0.005 0.002 0.005] | Grip 1 (1.00) | Phase 8->8 | Ground 0.6cm | Target C | PredXYZ [-0.068  0.132  0.822] | TrueXYZ [-0.063  0.133  0.823] | EEF [-0.076  0.096  0.818] | ObjZ 0.823 | Up 1.00 | Hold 5/5 | Age 3 (4) | Resets 1 | Shield 21
Episode 63: Clean Success | failure=success | termination=success
Episode 64/120: Pick up the red cube | ensemble=temporal
Ep 64 | Step 1/200 | XYZ [ 0.9   -0.427 -0.396] | RPY [ 0.003 -0.005 -0.836] | Grip -1 (0.00) | Phase 0->0 | Ground 0.5cm | Target A | PredXYZ [ 0.112 -0.095  0.823] | TrueXYZ [ 0.11  -0.091  0.821] | EEF [-0.108 -0.03   1.011] | ObjZ 0.821 | Up 1.00 | Hold 0/0 | Age 0 (1) | Resets 0 | Shield 0
Ep 64 | Step 20/200 | XYZ [ 0.396 -0.137 -0.078] | RPY [ 0.011 -0.013 -0.008] | Grip -1 (0.00) | Phase 0->0 | Ground 0.4cm | Target A | PredXYZ [ 0.113 -0.094  0.822] | TrueXYZ [ 0.11  -0.091  0.822] | EEF [ 0.048 -0.079  0.955] | ObjZ 0.822 | Up 1.00 | Hold 0/0 | Age 3 (4) | Resets 0 | Shield 0
Ep 64 | Step 40/200 | XYZ [ 0.062 -0.008 -0.696] | RPY [ 0.002 -0.005 -0.   ] | Grip -1 (0.00) | Phase 1->1 | Ground 0.6cm | Target A | PredXYZ [ 0.112 -0.096  0.822] | TrueXYZ [ 0.11  -0.091  0.822] | EEF [ 0.098 -0.096  0.918] | ObjZ 0.822 | Up 1.00 | Hold 0/0 | Age 0 (1) | Resets 0 | Shield 0
Ep 64 | Step 60/200 | XYZ [ 0.013  0.005 -0.14 ] | RPY [ 0.001 -0.003  0.   ] | Grip -1 (0.00) | Phase 1->1 | Ground 0.7cm | Target A | PredXYZ [ 0.116 -0.086  0.822] | TrueXYZ [ 0.11  -0.091  0.822] | EEF [ 0.105 -0.095  0.833] | ObjZ 0.822 | Up 1.00 | Hold 0/0 | Age 0 (1) | Resets 0 | Shield 0
Ep 64 | Step 80/200 | XYZ [-0.    -0.003  0.729] | RPY [-0.001 -0.01   0.002] | Grip 1 (1.00) | Phase 3->3 | Ground 0.7cm | Target A | PredXYZ [ 0.117 -0.094  0.826] | TrueXYZ [ 0.11  -0.092  0.835] | EEF [ 0.109 -0.092  0.832] | ObjZ 0.835 | Up 1.00 | Hold 0/0 | Age 0 (1) | Resets 0 | Shield 0
Ep 64 | Step 85/200 | XYZ [ 0.002 -0.002  0.575] | RPY [-0.003 -0.01   0.001] | Grip 1 (1.00) | Phase 3->3 | Ground 1.4cm | Target A | PredXYZ [ 0.11  -0.099  0.856] | TrueXYZ [ 0.111 -0.092  0.874] | EEF [ 0.11  -0.093  0.871] | ObjZ 0.874 | Up 1.00 | Hold 5/0 | Age 0 (1) | Resets 2 | Shield 0
Ep 64 | Step 90/200 | XYZ [ 0.002 -0.003  0.432] | RPY [-0.001  0.004 -0.   ] | Grip 1 (1.00) | Phase 3->3 | Ground 0.6cm | Target A | PredXYZ [ 0.109 -0.096  0.903] | TrueXYZ [ 0.11  -0.093  0.903] | EEF [ 0.109 -0.093  0.9  ] | ObjZ 0.903 | Up 1.00 | Hold 10/5 | Age 0 (1) | Resets 5 | Shield 0
Episode 64: Clean Success | failure=success | termination=success
Scene rejected for ('push', 'B'): Deterministic push path is blocked by a distractor
Episode 65/120: Push the blue ball away from the robot | ensemble=temporal
Ep 65 | Step 1/200 | XYZ [ 0.77  -0.431 -0.442] | RPY [ 0.   0.  -0.9] | Grip 1 (1.00) | Phase 5->5 | Ground 0.5cm | Target B | PredXYZ [ 0.078 -0.094  0.828] | TrueXYZ [ 0.08  -0.09   0.826] | EEF [-0.11   0.006  0.996] | ObjZ 0.826 | Up 1.00 | Hold 0/0 | Age 0 (1) | Resets 0 | Shield 0
Ep 65 | Step 20/200 | XYZ [ 0.189 -0.115 -0.095] | RPY [ 0.005 -0.006  0.001] | Grip 1 (1.00) | Phase 5->5 | Ground 0.2cm | Target B | PredXYZ [ 0.08  -0.092  0.826] | TrueXYZ [ 0.08  -0.09   0.826] | EEF [-0.016 -0.037  0.939] | ObjZ 0.826 | Up 1.00 | Hold 0/0 | Age 3 (4) | Resets 0 | Shield 0
Ep 65 | Step 40/200 | XYZ [ 0.024 -0.032 -0.326] | RPY [ 0.001 -0.002  0.002] | Grip 1 (1.00) | Phase 6->6 | Ground 0.3cm | Target B | PredXYZ [ 0.081 -0.093  0.826] | TrueXYZ [ 0.08  -0.09   0.826] | EEF [ 0.008 -0.051  0.872] | ObjZ 0.826 | Up 1.00 | Hold 0/0 | Age 0 (1) | Resets 0 | Shield 0
Ep 65 | Step 60/200 | XYZ [ 0.006 -0.003 -0.068] | RPY [-0.    -0.001 -0.   ] | Grip 1 (1.00) | Phase 6->6 | Ground 0.7cm | Target B | PredXYZ [ 0.078 -0.097  0.826] | TrueXYZ [ 0.08  -0.09   0.826] | EEF [ 0.01  -0.054  0.832] | ObjZ 0.826 | Up 1.00 | Hold 0/0 | Age 0 (1) | Resets 0 | Shield 0
Ep 65 | Step 76/200 | XYZ [-0.091  0.048  0.   ] | RPY [-0.014 -0.015 -0.004] | Grip 1 (1.00) | Phase 8->8 | Ground 0.8cm | Target B | PredXYZ [ 0.17  -0.141  0.825] | TrueXYZ [ 0.167 -0.137  0.826] | EEF [ 0.132 -0.129  0.823] | ObjZ 0.826 | Up 1.00 | Hold 5/5 | Age 1 (2) | Resets 7 | Shield 1
Episode 65: Clean Success | failure=success | termination=success
Scene rejected for ('push', 'A'): Deterministic push path is blocked by a distractor
Episode 66/120: Push the red cube away from the robot | ensemble=temporal
Ep 66 | Step 1/200 | XYZ [ 0.318 -0.294 -0.569] | RPY [-0.    -0.001 -0.9  ] | Grip 1 (1.00) | Phase 5->5 | Ground 0.4cm | Target A | PredXYZ [ 0.016 -0.107  0.824] | TrueXYZ [ 0.016 -0.103  0.821] | EEF [-0.099 -0.01   1.012] | ObjZ 0.821 | Up 1.00 | Hold 0/0 | Age 0 (1) | Resets 0 | Shield 0
Ep 66 | Step 20/200 | XYZ [ 0.098 -0.084 -0.117] | RPY [ 0.014  0.001 -0.008] | Grip 1 (1.00) | Phase 5->5 | Ground 0.5cm | Target A | PredXYZ [ 0.018 -0.108  0.821] | TrueXYZ [ 0.016 -0.103  0.822] | EEF [-0.059 -0.035  0.941] | ObjZ 0.822 | Up 1.00 | Hold 0/0 | Age 3 (4) | Resets 0 | Shield 0
Ep 66 | Step 40/200 | XYZ [-0.006 -0.05  -0.35 ] | RPY [ 0.003 -0.005  0.003] | Grip 1 (1.00) | Phase 6->6 | Ground 0.5cm | Target A | PredXYZ [ 0.019 -0.108  0.821] | TrueXYZ [ 0.016 -0.103  0.822] | EEF [-0.047 -0.047  0.867] | ObjZ 0.822 | Up 1.00 | Hold 0/0 | Age 0 (1) | Resets 0 | Shield 0
Ep 66 | Step 60/200 | XYZ [ 0.629 -0.498 -0.033] | RPY [-0.001 -0.002  0.   ] | Grip 1 (1.00) | Phase 7->7 | Ground 0.3cm | Target A | PredXYZ [ 0.018 -0.105  0.821] | TrueXYZ [ 0.016 -0.103  0.822] | EEF [-0.046 -0.054  0.825] | ObjZ 0.822 | Up 1.00 | Hold 0/0 | Age 0 (1) | Resets 0 | Shield 0
Ep 66 | Step 80/200 | XYZ [ 0.305 -0.244 -0.006] | RPY [-0.005 -0.005 -0.001] | Grip 1 (1.00) | Phase 7->7 | Ground 0.3cm | Target A | PredXYZ [ 0.079 -0.136  0.822] | TrueXYZ [ 0.079 -0.139  0.822] | EEF [ 0.05  -0.127  0.819] | ObjZ 0.822 | Up 1.00 | Hold 2/2 | Age 0 (1) | Resets 1 | Shield 8
Ep 66 | Step 83/200 | XYZ [-0.032  0.019  0.004] | RPY [-0.006 -0.009 -0.002] | Grip 1 (1.00) | Phase 8->8 | Ground 0.7cm | Target A | PredXYZ [ 0.092 -0.142  0.822] | TrueXYZ [ 0.086 -0.145  0.822] | EEF [ 0.057 -0.133  0.82 ] | ObjZ 0.822 | Up 1.00 | Hold 5/5 | Age 3 (4) | Resets 1 | Shield 8
Episode 66: Clean Success | failure=success | termination=success
Scene rejected for ('push', 'B'): Deterministic push path is blocked by a distractor
Scene rejected for ('push', 'B'): Deterministic push path is blocked by a distractor
Scene rejected for ('push', 'B'): Deterministic push path leaves the safe workspace
Scene rejected for ('push', 'B'): Deterministic push path is blocked by a distractor
Scene rejected for ('push', 'B'): Deterministic push path is blocked by a distractor
Scene rejected for ('push', 'B'): Target is too close to the robot reference ray
Scene rejected for ('push', 'B'): Deterministic push path is blocked by a distractor
Scene rejected for ('push', 'B'): Deterministic push path is blocked by a distractor
Scene rejected for ('push', 'B'): Deterministic push path is blocked by a distractor
Scene rejected for ('push', 'B'): Deterministic push path is blocked by a distractor
Scene rejected for ('push', 'B'): Deterministic push path is blocked by a distractor
Scene rejected for ('push', 'B'): Deterministic push path is blocked by a distractor
Scene rejected for ('push', 'B'): Deterministic push path is blocked by a distractor
Scene rejected for ('push', 'B'): Deterministic push path is blocked by a distractor
Scene rejected for ('push', 'B'): Target is too close to the robot reference ray
Scene rejected for ('push', 'B'): Deterministic push path is blocked by a distractor
Scene rejected for ('push', 'B'): Deterministic push path is blocked by a distractor
Scene rejected for ('push', 'B'): Deterministic push path is blocked by a distractor
Episode 67/120: Push the blue ball away from the robot | ensemble=temporal
Ep 67 | Step 1/200 | XYZ [ 0.069 -0.356 -0.492] | RPY [-0.001  0.002 -0.9  ] | Grip 1 (1.00) | Phase 5->5 | Ground 0.7cm | Target B | PredXYZ [-0.094 -0.127  0.828] | TrueXYZ [-0.092 -0.121  0.826] | EEF [-0.109  0.012  1.004] | ObjZ 0.826 | Up 1.00 | Hold 0/0 | Age 0 (1) | Resets 0 | Shield 0
Ep 67 | Step 20/200 | XYZ [ 0.053  0.01  -0.103] | RPY [ 0.027 -0.016 -0.678] | Grip 1 (1.00) | Phase 5->5 | Ground 0.6cm | Target B | PredXYZ [-0.092 -0.127  0.826] | TrueXYZ [-0.092 -0.121  0.826] | EEF [-0.106 -0.035  0.938] | ObjZ 0.826 | Up 1.00 | Hold 0/0 | Age 3 (4) | Resets 0 | Shield 0
Ep 67 | Step 40/200 | XYZ [ 0.038 -0.048 -0.183] | RPY [ 0.001  0.006 -0.   ] | Grip 1 (1.00) | Phase 6->6 | Ground 0.6cm | Target B | PredXYZ [-0.09  -0.127  0.826] | TrueXYZ [-0.092 -0.121  0.826] | EEF [-0.094 -0.027  0.846] | ObjZ 0.826 | Up 1.00 | Hold 0/0 | Age 0 (1) | Resets 0 | Shield 0
Ep 67 | Step 60/200 | XYZ [ 0.038 -0.9   -0.029] | RPY [ 0.024 -0.005  0.023] | Grip 1 (1.00) | Phase 7->7 | Ground 0.4cm | Target B | PredXYZ [-0.093 -0.129  0.826] | TrueXYZ [-0.093 -0.128  0.824] | EEF [-0.073 -0.093  0.83 ] | ObjZ 0.824 | Up 1.00 | Hold 0/0 | Age 0 (1) | Resets 0 | Shield 0
Ep 67 | Step 80/200 | XYZ [-0.008  0.005  0.229] | RPY [-0.006  0.007 -0.007] | Grip 1 (1.00) | Phase 9->9 | Ground 0.3cm | Target B | PredXYZ [-0.091 -0.141  0.826] | TrueXYZ [-0.092 -0.143  0.826] | EEF [-0.06  -0.168  0.897] | ObjZ 0.826 | Up 1.00 | Hold 0/0 | Age 0 (1) | Resets 1 | Shield 0
Ep 67 | Step 100/200 | XYZ [-0.092  0.269  0.053] | RPY [ 0.002  0.008 -0.003] | Grip 1 (1.00) | Phase 9->9 | Ground 0.8cm | Target B | PredXYZ [-0.098 -0.139  0.826] | TrueXYZ [-0.092 -0.143  0.826] | EEF [-0.087 -0.11   0.922] | ObjZ 0.826 | Up 1.00 | Hold 0/0 | Age 0 (1) | Resets 1 | Shield 0
Ep 67 | Step 120/200 | XYZ [-0.067 -0.008 -0.489] | RPY [ 0.011 -0.024  0.   ] | Grip 1 (1.00) | Phase 6->6 | Ground 0.3cm | Target B | PredXYZ [-0.094 -0.141  0.826] | TrueXYZ [-0.092 -0.143  0.826] | EEF [-0.097 -0.072  0.896] | ObjZ 0.826 | Up 1.00 | Hold 0/0 | Age 0 (1) | Resets 1 | Shield 0
Ep 67 | Step 140/200 | XYZ [-0.01   0.003 -0.086] | RPY [-0.001  0.006 -0.001] | Grip 1 (1.00) | Phase 6->6 | Ground 0.1cm | Target B | PredXYZ [-0.091 -0.143  0.826] | TrueXYZ [-0.092 -0.143  0.826] | EEF [-0.113 -0.073  0.835] | ObjZ 0.826 | Up 1.00 | Hold 0/0 | Age 0 (1) | Resets 1 | Shield 0
Ep 67 | Step 158/200 | XYZ [-0.023  0.111  0.001] | RPY [-0.02  -0.02  -0.004] | Grip 1 (1.00) | Phase 8->8 | Ground 2.2cm | Target B | PredXYZ [-0.083 -0.227  0.827] | TrueXYZ [-0.079 -0.208  0.826] | EEF [-0.078 -0.172  0.83 ] | ObjZ 0.826 | Up 1.00 | Hold 5/5 | Age 1 (2) | Resets 5 | Shield 0
Episode 67: Clean Success | failure=success | termination=success
Scene rejected for ('pick', 'A'): Pick target lacks bilateral gripper clearance
Episode 68/120: Pick up the red cube | ensemble=temporal
Ep 68 | Step 1/200 | XYZ [ 0.769  0.537 -0.612] | RPY [-0.002  0.002  0.666] | Grip -1 (0.00) | Phase 0->0 | Ground 0.4cm | Target A | PredXYZ [0.051 0.095 0.824] | TrueXYZ [0.05  0.092 0.821] | EEF [-0.067  0.015  1.042] | ObjZ 0.821 | Up 1.00 | Hold 0/0 | Age 0 (1) | Resets 0 | Shield 0
Ep 68 | Step 20/200 | XYZ [ 0.215  0.197 -0.135] | RPY [-0.014  0.003 -0.005] | Grip -1 (0.00) | Phase 0->0 | Ground 0.6cm | Target A | PredXYZ [0.051 0.098 0.822] | TrueXYZ [0.05  0.092 0.822] | EEF [0.029 0.071 0.957] | ObjZ 0.822 | Up 1.00 | Hold 0/0 | Age 3 (4) | Resets 0 | Shield 0
Ep 68 | Step 40/200 | XYZ [ 0.007  0.021 -0.505] | RPY [ 0.    -0.009 -0.001] | Grip -1 (0.00) | Phase 1->1 | Ground 0.4cm | Target A | PredXYZ [0.053 0.093 0.821] | TrueXYZ [0.05  0.092 0.822] | EEF [0.052 0.095 0.889] | ObjZ 0.822 | Up 1.00 | Hold 0/0 | Age 0 (1) | Resets 0 | Shield 0
Ep 68 | Step 60/200 | XYZ [ 0.001 -0.002 -0.098] | RPY [-0.001  0.001 -0.   ] | Grip -1 (0.00) | Phase 1->1 | Ground 0.3cm | Target A | PredXYZ [0.049 0.095 0.822] | TrueXYZ [0.05  0.092 0.822] | EEF [0.048 0.096 0.826] | ObjZ 0.822 | Up 1.00 | Hold 0/0 | Age 0 (1) | Resets 0 | Shield 0
Ep 68 | Step 80/200 | XYZ [0.003 0.002 0.59 ] | RPY [0.001 0.012 0.001] | Grip 1 (1.00) | Phase 3->3 | Ground 0.5cm | Target A | PredXYZ [0.044 0.097 0.865] | TrueXYZ [0.045 0.093 0.869] | EEF [0.046 0.094 0.865] | ObjZ 0.869 | Up 1.00 | Hold 4/0 | Age 0 (1) | Resets 2 | Shield 0
Ep 68 | Step 81/200 | XYZ [0.003 0.003 0.561] | RPY [0.001 0.011 0.001] | Grip 1 (1.00) | Phase 3->3 | Ground 0.5cm | Target A | PredXYZ [0.047 0.095 0.874] | TrueXYZ [0.045 0.093 0.876] | EEF [0.045 0.095 0.872] | ObjZ 0.876 | Up 1.00 | Hold 5/0 | Age 0 (1) | Resets 2 | Shield 0
Ep 68 | Step 86/200 | XYZ [0.002 0.003 0.44 ] | RPY [0.001 0.007 0.002] | Grip 1 (1.00) | Phase 3->3 | Ground 0.6cm | Target A | PredXYZ [0.045 0.093 0.906] | TrueXYZ [0.044 0.094 0.905] | EEF [0.044 0.095 0.901] | ObjZ 0.905 | Up 1.00 | Hold 10/5 | Age 0 (1) | Resets 2 | Shield 0
Episode 68: Clean Success | failure=success | termination=success
Scene rejected for ('push', 'A'): Deterministic push path is blocked by a distractor
Scene rejected for ('push', 'A'): Deterministic push path is blocked by a distractor
Scene rejected for ('push', 'A'): Deterministic push path is blocked by a distractor
Episode 69/120: Push the red cube away from the robot | ensemble=temporal
Ep 69 | Step 1/200 | XYZ [ 0.004  0.117 -0.641] | RPY [ 0.004 -0.003  0.9  ] | Grip 1 (1.00) | Phase 5->5 | Ground 1.1cm | Target A | PredXYZ [-0.083  0.112  0.824] | TrueXYZ [-0.078  0.103  0.821] | EEF [-0.092  0.012  1.025] | ObjZ 0.821 | Up 1.00 | Hold 0/0 | Age 0 (1) | Resets 0 | Shield 0
Ep 69 | Step 20/200 | XYZ [ 0.05  -0.082 -0.131] | RPY [-0.045 -0.018  0.652] | Grip 1 (1.00) | Phase 5->5 | Ground 1.0cm | Target A | PredXYZ [-0.077  0.113  0.821] | TrueXYZ [-0.078  0.103  0.822] | EEF [-0.102  0.031  0.939] | ObjZ 0.822 | Up 1.00 | Hold 0/0 | Age 3 (4) | Resets 0 | Shield 0
Ep 69 | Step 40/200 | XYZ [-0.009  0.048 -0.469] | RPY [-0.007 -0.022 -0.004] | Grip 1 (1.00) | Phase 6->6 | Ground 1.1cm | Target A | PredXYZ [-0.082  0.113  0.822] | TrueXYZ [-0.078  0.103  0.822] | EEF [-0.101  0.022  0.885] | ObjZ 0.822 | Up 1.00 | Hold 0/0 | Age 0 (1) | Resets 0 | Shield 0
Ep 69 | Step 60/200 | XYZ [ 0.02   0.01  -0.084] | RPY [-0.     0.005  0.   ] | Grip 1 (1.00) | Phase 6->6 | Ground 1.5cm | Target A | PredXYZ [-0.085  0.116  0.821] | TrueXYZ [-0.078  0.103  0.822] | EEF [-0.107  0.026  0.827] | ObjZ 0.822 | Up 1.00 | Hold 0/0 | Age 0 (1) | Resets 0 | Shield 0
Ep 69 | Step 80/200 | XYZ [-0.004  0.466 -0.006] | RPY [-0.001 -0.007 -0.001] | Grip 1 (1.00) | Phase 7->7 | Ground 0.9cm | Target A | PredXYZ [-0.071  0.15   0.822] | TrueXYZ [-0.063  0.15   0.822] | EEF [-0.092  0.121  0.823] | ObjZ 0.822 | Up 1.00 | Hold 0/0 | Age 0 (1) | Resets 0 | Shield 0
Ep 69 | Step 90/200 | XYZ [ 0.004 -0.004  0.481] | RPY [0.014 0.026 0.014] | Grip 1 (1.00) | Phase 9->9 | Ground 0.4cm | Target A | PredXYZ [-0.063  0.172  0.822] | TrueXYZ [-0.062  0.168  0.823] | EEF [-0.105  0.151  0.845] | ObjZ 0.823 | Up 1.00 | Hold 5/5 | Age 0 (1) | Resets 2 | Shield 0
Episode 69: Clean Success | failure=success | termination=success
Scene rejected for ('pick', 'B'): Pick target lacks bilateral gripper clearance
Episode 70/120: Pick up the blue ball | ensemble=temporal
Ep 70 | Step 1/200 | XYZ [-0.029 -0.511 -0.463] | RPY [ 0.001 -0.001  0.002] | Grip -1 (0.00) | Phase 0->0 | Ground 0.4cm | Target B | PredXYZ [-0.099 -0.076  0.828] | TrueXYZ [-0.096 -0.078  0.826] | EEF [-0.095  0.005  1.018] | ObjZ 0.826 | Up 1.00 | Hold 0/0 | Age 0 (1) | Resets 0 | Shield 0
Ep 70 | Step 20/200 | XYZ [-0.003 -0.141 -0.106] | RPY [-0.001  0.006 -0.002] | Grip -1 (0.00) | Phase 0->0 | Ground 0.5cm | Target B | PredXYZ [-0.099 -0.074  0.826] | TrueXYZ [-0.096 -0.078  0.826] | EEF [-0.099 -0.059  0.961] | ObjZ 0.826 | Up 1.00 | Hold 0/0 | Age 3 (4) | Resets 0 | Shield 0
Ep 70 | Step 40/200 | XYZ [ 0.026 -0.008 -0.283] | RPY [-0.003  0.015 -0.005] | Grip -1 (0.00) | Phase 1->1 | Ground 0.9cm | Target B | PredXYZ [-0.099 -0.07   0.826] | TrueXYZ [-0.096 -0.078  0.826] | EEF [-0.101 -0.078  0.858] | ObjZ 0.826 | Up 1.00 | Hold 0/0 | Age 0 (1) | Resets 0 | Shield 0
Ep 70 | Step 60/200 | XYZ [ 0.034  0.038 -0.05 ] | RPY [-0.002  0.003 -0.003] | Grip -1 (0.05) | Phase 1->1 | Ground 0.7cm | Target B | PredXYZ [-0.098 -0.072  0.826] | TrueXYZ [-0.096 -0.078  0.826] | EEF [-0.103 -0.085  0.822] | ObjZ 0.826 | Up 1.00 | Hold 0/0 | Age 0 (1) | Resets 0 | Shield 0
Ep 70 | Step 76/200 | XYZ [0.014 0.002 0.578] | RPY [0.008 0.029 0.003] | Grip 1 (1.00) | Phase 3->3 | Ground 0.4cm | Target B | PredXYZ [-0.103 -0.078  0.866] | TrueXYZ [-0.102 -0.074  0.871] | EEF [-0.108 -0.075  0.866] | ObjZ 0.871 | Up 1.00 | Hold 5/0 | Age 0 (1) | Resets 2 | Shield 0
Ep 70 | Step 80/200 | XYZ [0.015 0.002 0.483] | RPY [0.007 0.017 0.003] | Grip 1 (1.00) | Phase 3->3 | Ground 0.6cm | Target B | PredXYZ [-0.098 -0.074  0.891] | TrueXYZ [-0.104 -0.071  0.896] | EEF [-0.109 -0.072  0.89 ] | ObjZ 0.896 | Up 1.00 | Hold 9/3 | Age 0 (1) | Resets 3 | Shield 0
Ep 70 | Step 82/200 | XYZ [0.014 0.002 0.434] | RPY [0.007 0.01  0.004] | Grip 1 (1.00) | Phase 3->3 | Ground 0.6cm | Target B | PredXYZ [-0.104 -0.077  0.904] | TrueXYZ [-0.104 -0.07   0.907] | EEF [-0.109 -0.071  0.901] | ObjZ 0.907 | Up 1.00 | Hold 11/5 | Age 0 (1) | Resets 4 | Shield 0
Episode 70: Clean Success | failure=success | termination=success
Scene rejected for ('push', 'C'): Deterministic push path is blocked by a distractor
Scene rejected for ('push', 'C'): Deterministic push path is blocked by a distractor
Episode 71/120: Push the green cylinder away from the robot | ensemble=temporal
Ep 71 | Step 1/200 | XYZ [ 0.007 -0.028 -0.468] | RPY [-0.001  0.003 -0.9  ] | Grip 1 (1.00) | Phase 5->5 | Ground 0.5cm | Target C | PredXYZ [-0.091 -0.079  0.823] | TrueXYZ [-0.086 -0.081  0.822] | EEF [-0.112 -0.002  0.997] | ObjZ 0.822 | Up 1.00 | Hold 0/0 | Age 0 (1) | Resets 0 | Shield 0
Ep 71 | Step 20/200 | XYZ [ 0.045  0.071 -0.083] | RPY [ 0.023 -0.002 -0.338] | Grip 1 (1.00) | Phase 5->5 | Ground 0.1cm | Target C | PredXYZ [-0.085 -0.081  0.822] | TrueXYZ [-0.086 -0.081  0.822] | EEF [-0.119 -0.006  0.936] | ObjZ 0.822 | Up 1.00 | Hold 0/0 | Age 3 (4) | Resets 0 | Shield 0
Ep 71 | Step 40/200 | XYZ [ 0.06  -0.058 -0.181] | RPY [0.002 0.011 0.002] | Grip 1 (1.00) | Phase 6->6 | Ground 0.5cm | Target C | PredXYZ [-0.081 -0.082  0.822] | TrueXYZ [-0.086 -0.081  0.822] | EEF [-0.111  0.009  0.836] | ObjZ 0.822 | Up 1.00 | Hold 0/0 | Age 0 (1) | Resets 0 | Shield 0
Ep 71 | Step 60/200 | XYZ [ 0.122 -0.619 -0.025] | RPY [ 0.019 -0.007  0.019] | Grip 1 (1.00) | Phase 7->7 | Ground 1.0cm | Target C | PredXYZ [-0.084 -0.092  0.822] | TrueXYZ [-0.082 -0.088  0.823] | EEF [-0.087 -0.05   0.819] | ObjZ 0.823 | Up 1.00 | Hold 0/0 | Age 0 (1) | Resets 0 | Shield 2
Ep 71 | Step 73/200 | XYZ [-0.004  0.049  0.008] | RPY [-0.009  0.002 -0.007] | Grip 1 (1.00) | Phase 8->8 | Ground 0.6cm | Target C | PredXYZ [-0.07  -0.162  0.822] | TrueXYZ [-0.065 -0.16   0.823] | EEF [-0.075 -0.123  0.818] | ObjZ 0.823 | Up 1.00 | Hold 5/5 | Age 3 (4) | Resets 1 | Shield 8
Episode 71: Clean Success | failure=success | termination=success
Scene rejected for ('push', 'A'): Deterministic push path is blocked by a distractor
Scene rejected for ('push', 'A'): Deterministic push path is blocked by a distractor
Scene rejected for ('push', 'A'): Deterministic push path is blocked by a distractor
Scene rejected for ('push', 'A'): Deterministic push path is blocked by a distractor
Scene rejected for ('push', 'A'): Deterministic push path is blocked by a distractor
Scene rejected for ('push', 'A'): Deterministic push path is blocked by a distractor
Scene rejected for ('push', 'A'): Deterministic push path is blocked by a distractor
Scene rejected for ('push', 'A'): Deterministic push path is blocked by a distractor
Scene rejected for ('push', 'A'): Deterministic push path is blocked by a distractor
Scene rejected for ('push', 'A'): Deterministic push path is blocked by a distractor
Scene rejected for ('push', 'A'): Deterministic push path is blocked by a distractor
Scene rejected for ('push', 'A'): Deterministic push path is blocked by a distractor
Scene rejected for ('push', 'A'): Deterministic push path is blocked by a distractor
Episode 72/120: Push the red cube away from the robot | ensemble=temporal
Ep 72 | Step 1/200 | XYZ [ 0.875  0.337 -0.432] | RPY [0.002 0.002 0.693] | Grip 1 (1.00) | Phase 5->5 | Ground 0.5cm | Target A | PredXYZ [0.111 0.067 0.823] | TrueXYZ [0.107 0.063 0.821] | EEF [-0.112 -0.011  0.989] | ObjZ 0.821 | Up 1.00 | Hold 0/0 | Age 0 (1) | Resets 0 | Shield 0
Ep 72 | Step 20/200 | XYZ [ 0.215  0.099 -0.094] | RPY [-0.004 -0.005 -0.002] | Grip 1 (1.00) | Phase 5->5 | Ground 0.5cm | Target A | PredXYZ [0.105 0.068 0.822] | TrueXYZ [0.107 0.063 0.822] | EEF [-0.004  0.02   0.932] | ObjZ 0.822 | Up 1.00 | Hold 0/0 | Age 3 (4) | Resets 0 | Shield 0
Ep 72 | Step 40/200 | XYZ [ 0.035  0.024 -0.366] | RPY [-0.001 -0.004 -0.001] | Grip 1 (1.00) | Phase 6->6 | Ground 0.4cm | Target A | PredXYZ [0.11  0.065 0.822] | TrueXYZ [0.107 0.063 0.822] | EEF [0.023 0.032 0.871] | ObjZ 0.822 | Up 1.00 | Hold 0/0 | Age 0 (1) | Resets 0 | Shield 0
Ep 72 | Step 60/200 | XYZ [ 0.01   0.007 -0.074] | RPY [ 0.    -0.001 -0.001] | Grip 1 (1.00) | Phase 6->6 | Ground 0.2cm | Target A | PredXYZ [0.109 0.063 0.822] | TrueXYZ [0.107 0.063 0.822] | EEF [0.027 0.034 0.826] | ObjZ 0.822 | Up 1.00 | Hold 0/0 | Age 0 (1) | Resets 0 | Shield 0
Ep 72 | Step 80/200 | XYZ [0.421 0.126 0.   ] | RPY [0.002 0.    0.   ] | Grip 1 (1.00) | Phase 7->7 | Ground 0.8cm | Target A | PredXYZ [0.17  0.08  0.822] | TrueXYZ [0.168 0.079 0.822] | EEF [0.138 0.07  0.817] | ObjZ 0.822 | Up 1.00 | Hold 0/0 | Age 0 (1) | Resets 0 | Shield 7
Ep 72 | Step 85/200 | XYZ [0.355 0.104 0.002] | RPY [ 0.001 -0.002 -0.   ] | Grip 1 (1.00) | Phase 7->7 | Ground 1.3cm | Target A | PredXYZ [0.196 0.092 0.822] | TrueXYZ [0.19  0.085 0.822] | EEF [0.16  0.076 0.817] | ObjZ 0.822 | Up 1.00 | Hold 5/5 | Age 0 (1) | Resets 0 | Shield 11
Episode 72: Clean Success | failure=success | termination=success
Episode 73/120: Pick up the red cube | ensemble=temporal
Ep 73 | Step 1/200 | XYZ [ 0.068 -0.214 -0.314] | RPY [-0.002  0.003 -0.9  ] | Grip -1 (0.00) | Phase 0->0 | Ground 1.2cm | Target A | PredXYZ [-0.117 -0.04   0.823] | TrueXYZ [-0.105 -0.038  0.821] | EEF [-0.128 -0.009  0.991] | ObjZ 0.821 | Up 1.00 | Hold 0/0 | Age 0 (1) | Resets 0 | Shield 0
Ep 73 | Step 20/200 | XYZ [ 0.06   0.005 -0.818] | RPY [ 0.008 -0.007 -0.022] | Grip -1 (0.00) | Phase 1->1 | Ground 0.8cm | Target A | PredXYZ [-0.103 -0.046  0.822] | TrueXYZ [-0.105 -0.038  0.822] | EEF [-0.118 -0.025  0.935] | ObjZ 0.822 | Up 1.00 | Hold 0/0 | Age 0 (1) | Resets 0 | Shield 0
Ep 73 | Step 40/200 | XYZ [ 0.042 -0.04  -0.158] | RPY [0.001 0.01  0.001] | Grip -1 (0.00) | Phase 1->1 | Ground 1.1cm | Target A | PredXYZ [-0.103 -0.035  0.832] | TrueXYZ [-0.105 -0.038  0.822] | EEF [-0.109 -0.027  0.835] | ObjZ 0.822 | Up 1.00 | Hold 0/0 | Age 0 (1) | Resets 2 | Shield 0
Ep 73 | Step 60/200 | XYZ [ 0.007 -0.005  0.736] | RPY [0.001 0.009 0.001] | Grip 1 (1.00) | Phase 3->3 | Ground 0.3cm | Target A | PredXYZ [-0.103 -0.04   0.826] | TrueXYZ [-0.106 -0.038  0.833] | EEF [-0.108 -0.035  0.829] | ObjZ 0.833 | Up 1.00 | Hold 0/0 | Age 0 (1) | Resets 3 | Shield 0
Ep 73 | Step 65/200 | XYZ [ 0.008 -0.005  0.595] | RPY [-0.002  0.027 -0.001] | Grip 1 (1.00) | Phase 3->3 | Ground 1.0cm | Target A | PredXYZ [-0.119 -0.037  0.856] | TrueXYZ [-0.113 -0.04   0.869] | EEF [-0.115 -0.037  0.865] | ObjZ 0.869 | Up 1.00 | Hold 5/0 | Age 0 (1) | Resets 6 | Shield 0
Ep 73 | Step 71/200 | XYZ [ 0.01  -0.007  0.44 ] | RPY [-0.003  0.015 -0.002] | Grip 1 (1.00) | Phase 3->3 | Ground 0.3cm | Target A | PredXYZ [-0.118 -0.045  0.896] | TrueXYZ [-0.117 -0.044  0.904] | EEF [-0.119 -0.041  0.9  ] | ObjZ 0.904 | Up 1.00 | Hold 11/5 | Age 0 (1) | Resets 9 | Shield 0
Episode 73: Clean Success | failure=success | termination=success
Scene rejected for ('push', 'A'): Deterministic push path is blocked by a distractor
Scene rejected for ('push', 'A'): Deterministic push path is blocked by a distractor
Scene rejected for ('push', 'A'): Deterministic push path is blocked by a distractor
Episode 74/120: Push the red cube away from the robot | ensemble=temporal
Ep 74 | Step 1/200 | XYZ [-0.117 -0.15  -0.541] | RPY [0.001 0.002 0.9  ] | Grip 1 (1.00) | Phase 5->5 | Ground 0.4cm | Target A | PredXYZ [-0.078  0.018  0.823] | TrueXYZ [-0.075  0.016  0.821] | EEF [-0.106 -0.007  1.005] | ObjZ 0.821 | Up 1.00 | Hold 0/0 | Age 0 (1) | Resets 0 | Shield 0
Ep 74 | Step 20/200 | XYZ [ 0.027 -0.129 -0.097] | RPY [-0.025  0.009  0.231] | Grip 1 (1.00) | Phase 5->5 | Ground 0.5cm | Target A | PredXYZ [-0.079  0.017  0.821] | TrueXYZ [-0.075  0.016  0.822] | EEF [-0.134 -0.03   0.933] | ObjZ 0.822 | Up 1.00 | Hold 0/0 | Age 3 (4) | Resets 0 | Shield 0
Ep 74 | Step 40/200 | XYZ [ 0.145  0.088 -0.216] | RPY [-0.008  0.024 -0.012] | Grip 1 (1.00) | Phase 6->6 | Ground 0.8cm | Target A | PredXYZ [-0.081  0.011  0.821] | TrueXYZ [-0.075  0.016  0.822] | EEF [-0.14  -0.056  0.846] | ObjZ 0.822 | Up 1.00 | Hold 0/0 | Age 0 (1) | Resets 0 | Shield 0
Ep 74 | Step 60/200 | XYZ [ 0.362  0.651 -0.021] | RPY [-0.018  0.017 -0.017] | Grip 1 (1.00) | Phase 7->7 | Ground 1.2cm | Target A | PredXYZ [-0.084  0.007  0.821] | TrueXYZ [-0.075  0.016  0.822] | EEF [-0.115 -0.022  0.819] | ObjZ 0.822 | Up 1.00 | Hold 0/0 | Age 0 (1) | Resets 0 | Shield 0
Ep 74 | Step 78/200 | XYZ [-0.009 -0.023  0.031] | RPY [0.013 0.004 0.011] | Grip 1 (1.00) | Phase 8->8 | Ground 0.4cm | Target A | PredXYZ [-0.031  0.075  0.822] | TrueXYZ [-0.026  0.075  0.822] | EEF [-0.064  0.062  0.823] | ObjZ 0.822 | Up 1.00 | Hold 5/5 | Age 3 (4) | Resets 3 | Shield 2
Episode 74: Clean Success | failure=success | termination=success
Episode 75/120: Pick up the green cylinder | ensemble=temporal
Ep 75 | Step 1/200 | XYZ [ 0.9    0.556 -0.419] | RPY [ 0.     0.001 -0.001] | Grip -1 (0.00) | Phase 0->0 | Ground 0.7cm | Target C | PredXYZ [0.062 0.091 0.824] | TrueXYZ [0.062 0.084 0.822] | EEF [-9.100e-02  1.000e-03  1.006e+00] | ObjZ 0.822 | Up 1.00 | Hold 0/0 | Age 0 (1) | Resets 0 | Shield 0
Ep 75 | Step 20/200 | XYZ [ 0.244  0.108 -0.07 ] | RPY [ 0.006 -0.006  0.006] | Grip -1 (0.00) | Phase 0->0 | Ground 0.8cm | Target C | PredXYZ [0.061 0.093 0.822] | TrueXYZ [0.062 0.084 0.822] | EEF [0.027 0.073 0.954] | ObjZ 0.822 | Up 1.00 | Hold 0/0 | Age 3 (4) | Resets 0 | Shield 0
Ep 75 | Step 40/200 | XYZ [ 0.04   0.006 -0.459] | RPY [-0.001 -0.003 -0.002] | Grip -1 (0.00) | Phase 1->1 | Ground 0.5cm | Target C | PredXYZ [0.063 0.089 0.822] | TrueXYZ [0.062 0.084 0.822] | EEF [0.058 0.083 0.884] | ObjZ 0.822 | Up 1.00 | Hold 0/0 | Age 0 (1) | Resets 0 | Shield 0
Ep 75 | Step 60/200 | XYZ [ 0.009 -0.002 -0.098] | RPY [ 0.001 -0.001  0.001] | Grip -1 (0.00) | Phase 1->1 | Ground 0.6cm | Target C | PredXYZ [0.056 0.088 0.822] | TrueXYZ [0.062 0.084 0.822] | EEF [0.061 0.085 0.827] | ObjZ 0.822 | Up 1.00 | Hold 0/0 | Age 0 (1) | Resets 0 | Shield 0
Ep 75 | Step 79/200 | XYZ [ 0.004 -0.001  0.574] | RPY [0.001 0.004 0.001] | Grip 1 (1.00) | Phase 3->3 | Ground 0.2cm | Target C | PredXYZ [0.061 0.086 0.863] | TrueXYZ [0.06  0.086 0.872] | EEF [0.06  0.086 0.869] | ObjZ 0.872 | Up 1.00 | Hold 5/0 | Age 0 (1) | Resets 1 | Shield 0
Ep 75 | Step 80/200 | XYZ [ 0.004 -0.001  0.542] | RPY [0.001 0.005 0.001] | Grip 1 (1.00) | Phase 3->3 | Ground 0.4cm | Target C | PredXYZ [0.063 0.088 0.873] | TrueXYZ [0.059 0.086 0.878] | EEF [0.06  0.086 0.876] | ObjZ 0.878 | Up 1.00 | Hold 6/0 | Age 0 (1) | Resets 1 | Shield 0
Ep 75 | Step 85/200 | XYZ [ 0.004 -0.001  0.423] | RPY [0.001 0.006 0.002] | Grip 1 (1.00) | Phase 3->3 | Ground 0.8cm | Target C | PredXYZ [0.065 0.089 0.904] | TrueXYZ [0.058 0.087 0.906] | EEF [0.058 0.087 0.903] | ObjZ 0.906 | Up 1.00 | Hold 11/5 | Age 0 (1) | Resets 1 | Shield 0
Episode 75: Clean Success | failure=success | termination=success
Scene rejected for ('push', 'B'): Deterministic push path leaves the safe workspace
Scene rejected for ('push', 'B'): Deterministic push path is blocked by a distractor
Scene rejected for ('push', 'B'): Deterministic push path is blocked by a distractor
Scene rejected for ('push', 'B'): Deterministic push path is blocked by a distractor
Episode 76/120: Push the blue ball away from the robot | ensemble=temporal
Ep 76 | Step 1/200 | XYZ [-0.019 -0.023 -0.554] | RPY [ 0.004 -0.002  0.9  ] | Grip 1 (1.00) | Phase 5->5 | Ground 0.9cm | Target B | PredXYZ [-0.108  0.05   0.828] | TrueXYZ [-0.102  0.057  0.826] | EEF [-0.1   -0.02   1.012] | ObjZ 0.826 | Up 1.00 | Hold 0/0 | Age 0 (1) | Resets 0 | Shield 0
Ep 76 | Step 20/200 | XYZ [ 0.047 -0.135 -0.113] | RPY [-0.041 -0.008  0.724] | Grip 1 (1.00) | Phase 5->5 | Ground 0.3cm | Target B | PredXYZ [-0.104  0.055  0.826] | TrueXYZ [-0.102  0.057  0.826] | EEF [-0.109 -0.02   0.938] | ObjZ 0.826 | Up 1.00 | Hold 0/0 | Age 3 (4) | Resets 0 | Shield 0
Ep 76 | Step 40/200 | XYZ [ 0.069  0.026 -0.474] | RPY [-0.006 -0.012  0.   ] | Grip 1 (1.00) | Phase 6->6 | Ground 0.7cm | Target B | PredXYZ [-0.107  0.052  0.827] | TrueXYZ [-0.102  0.057  0.826] | EEF [-0.106 -0.04   0.894] | ObjZ 0.826 | Up 1.00 | Hold 0/0 | Age 0 (1) | Resets 0 | Shield 0
Ep 76 | Step 60/200 | XYZ [ 0.046  0.016 -0.09 ] | RPY [-0.001  0.003 -0.001] | Grip 1 (1.00) | Phase 6->6 | Ground 0.3cm | Target B | PredXYZ [-0.102  0.054  0.826] | TrueXYZ [-0.102  0.057  0.826] | EEF [-0.098 -0.035  0.834] | ObjZ 0.826 | Up 1.00 | Hold 0/0 | Age 0 (1) | Resets 0 | Shield 0
Ep 76 | Step 80/200 | XYZ [-0.049  0.749 -0.082] | RPY [0.003 0.002 0.001] | Grip 1 (1.00) | Phase 7->7 | Ground 0.3cm | Target B | PredXYZ [-0.103  0.082  0.826] | TrueXYZ [-0.105  0.083  0.825] | EEF [-0.067  0.065  0.834] | ObjZ 0.825 | Up 1.00 | Hold 0/0 | Age 0 (1) | Resets 1 | Shield 0
Ep 76 | Step 100/200 | XYZ [-0.003  0.001  0.21 ] | RPY [0.004 0.013 0.007] | Grip 1 (1.00) | Phase 9->9 | Ground 0.7cm | Target B | PredXYZ [-0.109  0.098  0.826] | TrueXYZ [-0.105  0.092  0.826] | EEF [-0.079  0.123  0.896] | ObjZ 0.826 | Up 1.00 | Hold 0/0 | Age 0 (1) | Resets 4 | Shield 0
Ep 76 | Step 120/200 | XYZ [-0.053 -0.286  0.062] | RPY [-0.     0.007  0.004] | Grip 1 (1.00) | Phase 9->9 | Ground 0.4cm | Target B | PredXYZ [-0.107  0.089  0.826] | TrueXYZ [-0.105  0.092  0.826] | EEF [-0.097  0.054  0.92 ] | ObjZ 0.826 | Up 1.00 | Hold 0/0 | Age 0 (1) | Resets 4 | Shield 0
Ep 76 | Step 140/200 | XYZ [-0.033  0.006 -0.362] | RPY [-0.007 -0.012 -0.003] | Grip 1 (1.00) | Phase 6->6 | Ground 0.6cm | Target B | PredXYZ [-0.11   0.091  0.826] | TrueXYZ [-0.105  0.092  0.826] | EEF [-0.104  0.011  0.877] | ObjZ 0.826 | Up 1.00 | Hold 0/0 | Age 0 (1) | Resets 4 | Shield 0
Ep 76 | Step 160/200 | XYZ [ 0.163  0.9   -0.051] | RPY [-0.001  0.002 -0.003] | Grip 1 (1.00) | Phase 7->7 | Ground 0.3cm | Target B | PredXYZ [-0.104  0.09   0.826] | TrueXYZ [-0.105  0.092  0.826] | EEF [-0.11   0.018  0.832] | ObjZ 0.826 | Up 1.00 | Hold 0/0 | Age 0 (1) | Resets 4 | Shield 0
Ep 76 | Step 180/200 | XYZ [ 0.001 -0.02   0.35 ] | RPY [0.021 0.004 0.016] | Grip 1 (1.00) | Phase 9->9 | Ground 0.9cm | Target B | PredXYZ [-0.091  0.116  0.826] | TrueXYZ [-0.097  0.122  0.826] | EEF [-0.057  0.132  0.851] | ObjZ 0.826 | Up 1.00 | Hold 0/0 | Age 0 (1) | Resets 8 | Shield 0
Ep 76 | Step 200/200 | XYZ [-0.177 -0.625  0.097] | RPY [ 0.004 -0.001 -0.   ] | Grip 1 (1.00) | Phase 9->9 | Ground 0.3cm | Target B | PredXYZ [-0.1    0.121  0.826] | TrueXYZ [-0.097  0.122  0.826] | EEF [-0.071  0.134  0.91 ] | ObjZ 0.826 | Up 1.00 | Hold 0/0 | Age 0 (1) | Resets 8 | Shield 0
Episode 76: Fail | failure=insufficient_push_distance | termination=horizon
Episode 77/120: Pick up the red cube | ensemble=temporal
Ep 77 | Step 1/200 | XYZ [ 0.39   0.025 -0.412] | RPY [-0.    -0.003  0.465] | Grip -1 (0.00) | Phase 0->0 | Ground 0.3cm | Target A | PredXYZ [-0.049  0.013  0.823] | TrueXYZ [-0.047  0.016  0.821] | EEF [-0.101  0.011  1.006] | ObjZ 0.821 | Up 1.00 | Hold 0/0 | Age 0 (1) | Resets 0 | Shield 0
Ep 77 | Step 20/200 | XYZ [ 0.096  0.04  -0.081] | RPY [-0.004  0.004 -0.004] | Grip -1 (0.00) | Phase 0->0 | Ground 0.5cm | Target A | PredXYZ [-0.05   0.02   0.822] | TrueXYZ [-0.047  0.016  0.822] | EEF [-0.057  0.009  0.952] | ObjZ 0.822 | Up 1.00 | Hold 0/0 | Age 3 (4) | Resets 0 | Shield 0
Ep 77 | Step 40/200 | XYZ [ 0.022  0.011 -0.213] | RPY [-0.001  0.009 -0.002] | Grip -1 (0.00) | Phase 1->1 | Ground 0.4cm | Target A | PredXYZ [-0.051  0.018  0.822] | TrueXYZ [-0.047  0.016  0.822] | EEF [-0.05   0.013  0.846] | ObjZ 0.822 | Up 1.00 | Hold 0/0 | Age 0 (1) | Resets 0 | Shield 0
Ep 77 | Step 60/200 | XYZ [ 0.009  0.003 -0.036] | RPY [ 0.    -0.001  0.   ] | Grip 1 (1.00) | Phase 2->2 | Ground 0.7cm | Target A | PredXYZ [-0.041  0.014  0.822] | TrueXYZ [-0.047  0.016  0.822] | EEF [-0.048  0.014  0.82 ] | ObjZ 0.822 | Up 1.00 | Hold 0/0 | Age 0 (1) | Resets 0 | Shield 0
Ep 77 | Step 70/200 | XYZ [0.006 0.001 0.581] | RPY [0.002 0.021 0.001] | Grip 1 (1.00) | Phase 3->3 | Ground 0.8cm | Target A | PredXYZ [-0.047  0.02   0.867] | TrueXYZ [-0.054  0.017  0.87 ] | EEF [-0.054  0.016  0.868] | ObjZ 0.870 | Up 1.00 | Hold 5/0 | Age 0 (1) | Resets 2 | Shield 0
Ep 77 | Step 76/200 | XYZ [0.007 0.002 0.423] | RPY [0.001 0.007 0.001] | Grip 1 (1.00) | Phase 3->3 | Ground 0.4cm | Target A | PredXYZ [-0.051  0.016  0.901] | TrueXYZ [-0.055  0.018  0.905] | EEF [-0.056  0.017  0.904] | ObjZ 0.905 | Up 1.00 | Hold 11/5 | Age 0 (1) | Resets 5 | Shield 0
Episode 77: Clean Success | failure=success | termination=success
Scene rejected for ('push', 'B'): Target is too close to the robot reference ray
Scene rejected for ('push', 'B'): Deterministic push path is blocked by a distractor
Episode 78/120: Push the blue ball away from the robot | ensemble=temporal
Ep 78 | Step 1/200 | XYZ [ 0.215 -0.238 -0.458] | RPY [-0.001  0.002 -0.9  ] | Grip 1 (1.00) | Phase 5->5 | Ground 0.7cm | Target B | PredXYZ [-0.027 -0.111  0.828] | TrueXYZ [-0.02  -0.109  0.826] | EEF [-0.111 -0.014  0.999] | ObjZ 0.826 | Up 1.00 | Hold 0/0 | Age 0 (1) | Resets 0 | Shield 0
Ep 78 | Step 20/200 | XYZ [ 0.08  -0.057 -0.106] | RPY [ 0.012 -0.002 -0.04 ] | Grip 1 (1.00) | Phase 5->5 | Ground 0.3cm | Target B | PredXYZ [-0.021 -0.111  0.826] | TrueXYZ [-0.02  -0.109  0.826] | EEF [-0.086 -0.036  0.94 ] | ObjZ 0.826 | Up 1.00 | Hold 0/0 | Age 3 (4) | Resets 0 | Shield 0
Ep 78 | Step 40/200 | XYZ [ 0.013 -0.04  -0.28 ] | RPY [0.002 0.002 0.002] | Grip 1 (1.00) | Phase 6->6 | Ground 0.6cm | Target B | PredXYZ [-0.015 -0.11   0.826] | TrueXYZ [-0.02  -0.109  0.826] | EEF [-0.074 -0.042  0.864] | ObjZ 0.826 | Up 1.00 | Hold 0/0 | Age 0 (1) | Resets 0 | Shield 0
Ep 78 | Step 60/200 | XYZ [ 0.806 -0.9   -0.041] | RPY [0.019 0.025 0.007] | Grip 1 (1.00) | Phase 7->7 | Ground 0.5cm | Target B | PredXYZ [-0.024 -0.112  0.826] | TrueXYZ [-0.02  -0.109  0.826] | EEF [-0.056 -0.064  0.828] | ObjZ 0.826 | Up 1.00 | Hold 0/0 | Age 0 (1) | Resets 0 | Shield 0
Ep 78 | Step 73/200 | XYZ [-0.064  0.083  0.024] | RPY [-0.023 -0.031 -0.006] | Grip 1 (1.00) | Phase 8->8 | Ground 0.1cm | Target B | PredXYZ [ 0.03  -0.168  0.826] | TrueXYZ [ 0.031 -0.168  0.826] | EEF [ 0.01  -0.139  0.831] | ObjZ 0.826 | Up 1.00 | Hold 5/5 | Age 3 (4) | Resets 4 | Shield 0
Episode 78: Clean Success | failure=success | termination=success
Episode 79/120: Pick up the red cube | ensemble=temporal
Ep 79 | Step 1/200 | XYZ [ 0.841 -0.27  -0.42 ] | RPY [ 0.005  0.001 -0.9  ] | Grip -1 (0.00) | Phase 0->0 | Ground 0.3cm | Target A | PredXYZ [ 0.039 -0.023  0.824] | TrueXYZ [ 0.037 -0.022  0.821] | EEF [-0.099  0.007  1.007] | ObjZ 0.821 | Up 1.00 | Hold 0/0 | Age 0 (1) | Resets 0 | Shield 0
Ep 79 | Step 20/200 | XYZ [ 0.227 -0.082 -0.079] | RPY [ 0.013 -0.004 -0.003] | Grip -1 (0.00) | Phase 0->0 | Ground 0.2cm | Target A | PredXYZ [ 0.035 -0.02   0.822] | TrueXYZ [ 0.037 -0.022  0.822] | EEF [ 0.004 -0.011  0.953] | ObjZ 0.822 | Up 1.00 | Hold 0/0 | Age 3 (4) | Resets 0 | Shield 0
Ep 79 | Step 40/200 | XYZ [ 0.029 -0.013 -0.427] | RPY [ 0.001 -0.004  0.001] | Grip -1 (0.00) | Phase 1->1 | Ground 0.4cm | Target A | PredXYZ [ 0.037 -0.017  0.821] | TrueXYZ [ 0.037 -0.022  0.822] | EEF [ 0.031 -0.02   0.876] | ObjZ 0.822 | Up 1.00 | Hold 0/0 | Age 0 (1) | Resets 0 | Shield 0
Ep 79 | Step 60/200 | XYZ [ 0.013 -0.009 -0.079] | RPY [ 0. -0.  0.] | Grip -1 (0.00) | Phase 1->1 | Ground 0.4cm | Target A | PredXYZ [ 0.033 -0.021  0.821] | TrueXYZ [ 0.037 -0.022  0.822] | EEF [ 0.035 -0.021  0.823] | ObjZ 0.822 | Up 1.00 | Hold 0/0 | Age 0 (1) | Resets 0 | Shield 0
Ep 79 | Step 78/200 | XYZ [ 0.004 -0.003  0.579] | RPY [-0.002  0.008 -0.   ] | Grip 1 (1.00) | Phase 3->3 | Ground 0.5cm | Target A | PredXYZ [ 0.038 -0.025  0.865] | TrueXYZ [ 0.034 -0.022  0.872] | EEF [ 0.033 -0.022  0.868] | ObjZ 0.872 | Up 1.00 | Hold 5/0 | Age 0 (1) | Resets 3 | Shield 0
Ep 79 | Step 80/200 | XYZ [ 0.004 -0.004  0.521] | RPY [-0.001  0.008 -0.   ] | Grip 1 (1.00) | Phase 3->3 | Ground 0.4cm | Target A | PredXYZ [ 0.037 -0.024  0.878] | TrueXYZ [ 0.033 -0.023  0.885] | EEF [ 0.032 -0.022  0.881] | ObjZ 0.885 | Up 1.00 | Hold 7/1 | Age 0 (1) | Resets 4 | Shield 0
Ep 79 | Step 84/200 | XYZ [ 0.004 -0.004  0.427] | RPY [-0.001  0.007 -0.001] | Grip 1 (1.00) | Phase 3->3 | Ground 1.5cm | Target A | PredXYZ [ 0.019 -0.025  0.894] | TrueXYZ [ 0.032 -0.023  0.907] | EEF [ 0.031 -0.023  0.903] | ObjZ 0.907 | Up 1.00 | Hold 11/5 | Age 0 (1) | Resets 6 | Shield 0
Episode 79: Clean Success | failure=success | termination=success
Scene rejected for ('push', 'B'): Deterministic push path is blocked by a distractor
Scene rejected for ('push', 'B'): Deterministic push path leaves the safe workspace
Scene rejected for ('push', 'B'): Deterministic push path is blocked by a distractor
Scene rejected for ('push', 'B'): Deterministic push path is blocked by a distractor
Scene rejected for ('push', 'B'): Deterministic push path leaves the safe workspace
Scene rejected for ('push', 'B'): Deterministic push path is blocked by a distractor
Scene rejected for ('push', 'B'): Deterministic push path is blocked by a distractor
Scene rejected for ('push', 'B'): Deterministic push path is blocked by a distractor
Scene rejected for ('push', 'B'): Target is too close to the robot reference ray
Scene rejected for ('push', 'B'): Deterministic push path leaves the safe workspace
Scene rejected for ('push', 'B'): Deterministic push path is blocked by a distractor
Scene rejected for ('push', 'B'): Deterministic push path is blocked by a distractor
Scene rejected for ('push', 'B'): Deterministic push path is blocked by a distractor
Scene rejected for ('push', 'B'): Deterministic push path is blocked by a distractor
Scene rejected for ('push', 'B'): Deterministic push path is blocked by a distractor
Scene rejected for ('push', 'B'): Deterministic push path is blocked by a distractor
Scene rejected for ('push', 'B'): Deterministic push path is blocked by a distractor
Scene rejected for ('push', 'B'): Deterministic push path is blocked by a distractor
Scene rejected for ('push', 'B'): Deterministic push path is blocked by a distractor
Episode 80/120: Push the blue ball away from the robot | ensemble=temporal
Ep 80 | Step 1/200 | XYZ [-0.002  0.033 -0.467] | RPY [ 0.003 -0.     0.9  ] | Grip 1 (1.00) | Phase 5->5 | Ground 0.2cm | Target B | PredXYZ [-0.101  0.083  0.828] | TrueXYZ [-0.1    0.081  0.826] | EEF [-0.113 -0.006  0.998] | ObjZ 0.826 | Up 1.00 | Hold 0/0 | Age 0 (1) | Resets 0 | Shield 0
Ep 80 | Step 20/200 | XYZ [ 0.042 -0.078 -0.089] | RPY [-0.024 -0.006  0.51 ] | Grip 1 (1.00) | Phase 5->5 | Ground 0.3cm | Target B | PredXYZ [-0.098  0.084  0.826] | TrueXYZ [-0.1    0.081  0.826] | EEF [-0.119  0.002  0.937] | ObjZ 0.826 | Up 1.00 | Hold 0/0 | Age 3 (4) | Resets 0 | Shield 0
Ep 80 | Step 40/200 | XYZ [ 0.051  0.055 -0.173] | RPY [-0.003  0.009 -0.004] | Grip 1 (1.00) | Phase 6->6 | Ground 0.8cm | Target B | PredXYZ [-0.1    0.089  0.827] | TrueXYZ [-0.1    0.081  0.826] | EEF [-0.116 -0.013  0.847] | ObjZ 0.826 | Up 1.00 | Hold 0/0 | Age 0 (1) | Resets 0 | Shield 0
Ep 80 | Step 60/200 | XYZ [ 0.143  0.9   -0.037] | RPY [-0.032  0.001 -0.032] | Grip 1 (1.00) | Phase 7->7 | Ground 0.7cm | Target B | PredXYZ [-0.094  0.085  0.826] | TrueXYZ [-0.1    0.081  0.826] | EEF [-0.094  0.041  0.828] | ObjZ 0.826 | Up 1.00 | Hold 0/0 | Age 0 (1) | Resets 0 | Shield 0
Ep 80 | Step 75/200 | XYZ [-0.021 -0.061 -0.018] | RPY [0.004 0.001 0.004] | Grip 1 (1.00) | Phase 8->8 | Ground 0.6cm | Target B | PredXYZ [-0.087  0.158  0.825] | TrueXYZ [-0.088  0.153  0.826] | EEF [-0.05   0.143  0.842] | ObjZ 0.826 | Up 1.00 | Hold 5/5 | Age 3 (4) | Resets 3 | Shield 0
Episode 80: Clean Success | failure=success | termination=success
Episode 81/120: Pick up the green cylinder | ensemble=temporal
Ep 81 | Step 1/200 | XYZ [ 0.222  0.834 -0.421] | RPY [ 0.    -0.001 -0.005] | Grip -1 (0.00) | Phase 0->0 | Ground 0.7cm | Target C | PredXYZ [-0.077  0.123  0.824] | TrueXYZ [-0.071  0.12   0.822] | EEF [-0.109 -0.009  1.009] | ObjZ 0.822 | Up 1.00 | Hold 0/0 | Age 0 (1) | Resets 0 | Shield 0
Ep 81 | Step 20/200 | XYZ [ 0.075  0.181 -0.089] | RPY [0.004 0.009 0.006] | Grip -1 (0.00) | Phase 0->0 | Ground 0.9cm | Target C | PredXYZ [-0.079  0.122  0.822] | TrueXYZ [-0.071  0.12   0.822] | EEF [-0.088  0.096  0.953] | ObjZ 0.822 | Up 1.00 | Hold 0/0 | Age 3 (4) | Resets 0 | Shield 0
Ep 81 | Step 40/200 | XYZ [ 0.022  0.025 -0.349] | RPY [ 0.001  0.    -0.002] | Grip -1 (0.00) | Phase 1->1 | Ground 0.6cm | Target C | PredXYZ [-0.077  0.119  0.822] | TrueXYZ [-0.071  0.12   0.822] | EEF [-0.076  0.116  0.865] | ObjZ 0.822 | Up 1.00 | Hold 0/0 | Age 0 (1) | Resets 0 | Shield 0
Ep 81 | Step 60/200 | XYZ [ 0.042 -0.025 -0.052] | RPY [0.003 0.005 0.004] | Grip -1 (0.01) | Phase 1->1 | Ground 0.6cm | Target C | PredXYZ [-0.076  0.123  0.822] | TrueXYZ [-0.071  0.12   0.822] | EEF [-0.078  0.123  0.819] | ObjZ 0.822 | Up 1.00 | Hold 0/0 | Age 0 (1) | Resets 0 | Shield 0
Ep 81 | Step 75/200 | XYZ [ 0.016 -0.003  0.581] | RPY [-0.007  0.02  -0.002] | Grip 1 (1.00) | Phase 3->3 | Ground 1.1cm | Target C | PredXYZ [-0.084  0.123  0.859] | TrueXYZ [-0.075  0.118  0.87 ] | EEF [-0.081  0.119  0.864] | ObjZ 0.870 | Up 1.00 | Hold 5/0 | Age 0 (1) | Resets 4 | Shield 0
Ep 81 | Step 80/200 | XYZ [ 0.016 -0.003  0.453] | RPY [-0.004  0.009 -0.002] | Grip 1 (1.00) | Phase 3->3 | Ground 1.2cm | Target C | PredXYZ [-0.068  0.122  0.902] | TrueXYZ [-0.076  0.117  0.9  ] | EEF [-0.082  0.118  0.894] | ObjZ 0.900 | Up 1.00 | Hold 10/4 | Age 0 (1) | Resets 7 | Shield 0
Ep 81 | Step 81/200 | XYZ [ 0.017 -0.004  0.433] | RPY [-0.003  0.007 -0.002] | Grip 1 (1.00) | Phase 3->3 | Ground 0.9cm | Target C | PredXYZ [-0.072  0.126  0.899] | TrueXYZ [-0.076  0.117  0.905] | EEF [-0.082  0.117  0.899] | ObjZ 0.905 | Up 1.00 | Hold 11/5 | Age 0 (1) | Resets 7 | Shield 0
Episode 81: Clean Success | failure=success | termination=success
Episode 82/120: Pick up the blue ball | ensemble=temporal
Ep 82 | Step 1/200 | XYZ [ 0.75  -0.609 -0.358] | RPY [-0.    -0.002  0.   ] | Grip -1 (0.00) | Phase 0->0 | Ground 0.5cm | Target B | PredXYZ [-0.001 -0.115  0.827] | TrueXYZ [ 0.004 -0.113  0.826] | EEF [-0.112 -0.019  1.001] | ObjZ 0.826 | Up 1.00 | Hold 0/0 | Age 0 (1) | Resets 0 | Shield 0
Ep 82 | Step 20/200 | XYZ [ 0.182 -0.145 -0.073] | RPY [-0.005  0.    -0.006] | Grip -1 (0.00) | Phase 0->0 | Ground 0.4cm | Target B | PredXYZ [ 0.    -0.114  0.826] | TrueXYZ [ 0.004 -0.113  0.826] | EEF [-0.027 -0.099  0.955] | ObjZ 0.826 | Up 1.00 | Hold 0/0 | Age 3 (4) | Resets 0 | Shield 0
Ep 82 | Step 40/200 | XYZ [ 0.03  -0.019 -0.431] | RPY [ 0.001 -0.005  0.001] | Grip -1 (0.00) | Phase 1->1 | Ground 0.9cm | Target B | PredXYZ [-0.006 -0.114  0.826] | TrueXYZ [ 0.004 -0.113  0.826] | EEF [-0.001 -0.114  0.88 ] | ObjZ 0.826 | Up 1.00 | Hold 0/0 | Age 0 (1) | Resets 0 | Shield 0
Ep 82 | Step 60/200 | XYZ [ 0.014  0.017 -0.08 ] | RPY [-0.002  0.001 -0.002] | Grip -1 (0.00) | Phase 1->1 | Ground 0.3cm | Target B | PredXYZ [ 0.007 -0.113  0.826] | TrueXYZ [ 0.004 -0.113  0.826] | EEF [ 0.    -0.117  0.827] | ObjZ 0.826 | Up 1.00 | Hold 0/0 | Age 0 (1) | Resets 0 | Shield 0
Ep 82 | Step 77/200 | XYZ [0.005 0.001 0.566] | RPY [-0.     0.011 -0.001] | Grip 1 (1.00) | Phase 3->3 | Ground 0.6cm | Target B | PredXYZ [ 0.006 -0.112  0.87 ] | TrueXYZ [ 0.001 -0.113  0.873] | EEF [-0.    -0.115  0.87 ] | ObjZ 0.873 | Up 1.00 | Hold 5/0 | Age 0 (1) | Resets 3 | Shield 0
Ep 82 | Step 80/200 | XYZ [0.005 0.001 0.486] | RPY [-0.     0.009 -0.001] | Grip 1 (1.00) | Phase 3->3 | Ground 2.4cm | Target B | PredXYZ [-0.022 -0.118  0.877] | TrueXYZ [ 0.    -0.114  0.891] | EEF [-0.001 -0.115  0.889] | ObjZ 0.891 | Up 1.00 | Hold 8/2 | Age 0 (1) | Resets 5 | Shield 0
Ep 82 | Step 83/200 | XYZ [0.006 0.002 0.415] | RPY [-0.001  0.006 -0.002] | Grip 1 (1.00) | Phase 3->3 | Ground 2.8cm | Target B | PredXYZ [-0.025 -0.121  0.894] | TrueXYZ [-0.    -0.114  0.907] | EEF [-0.002 -0.115  0.904] | ObjZ 0.907 | Up 1.00 | Hold 11/5 | Age 0 (1) | Resets 5 | Shield 0
Episode 82: Clean Success | failure=success | termination=success
Scene rejected for ('push', 'A'): Target is too close to the robot reference ray
Scene rejected for ('push', 'A'): Deterministic push path is blocked by a distractor
Scene rejected for ('push', 'A'): Deterministic push path is blocked by a distractor
Scene rejected for ('push', 'A'): Deterministic push path is blocked by a distractor
Scene rejected for ('push', 'A'): Deterministic push path is blocked by a distractor
Scene rejected for ('push', 'A'): Deterministic push path is blocked by a distractor
Scene rejected for ('push', 'A'): Deterministic push path is blocked by a distractor
Scene rejected for ('push', 'A'): Deterministic push path is blocked by a distractor
Scene rejected for ('push', 'A'): Deterministic push path is blocked by a distractor
Episode 83/120: Push the red cube away from the robot | ensemble=temporal
Ep 83 | Step 1/200 | XYZ [ 0.035 -0.049 -0.545] | RPY [-0.001  0.002 -0.9  ] | Grip 1 (1.00) | Phase 5->5 | Ground 0.5cm | Target A | PredXYZ [-0.045 -0.088  0.823] | TrueXYZ [-0.044 -0.093  0.821] | EEF [-0.093 -0.016  1.006] | ObjZ 0.821 | Up 1.00 | Hold 0/0 | Age 0 (1) | Resets 0 | Shield 0
Ep 83 | Step 20/200 | XYZ [ 0.087  0.008 -0.085] | RPY [ 0.035  0.01  -0.142] | Grip 1 (1.00) | Phase 5->5 | Ground 0.3cm | Target A | PredXYZ [-0.047 -0.095  0.822] | TrueXYZ [-0.044 -0.093  0.822] | EEF [-0.101 -0.018  0.933] | ObjZ 0.822 | Up 1.00 | Hold 0/0 | Age 3 (4) | Resets 0 | Shield 0
Ep 83 | Step 40/200 | XYZ [ 0.053 -0.048 -0.497] | RPY [ 0.009 -0.012  0.004] | Grip 1 (1.00) | Phase 6->6 | Ground 0.3cm | Target A | PredXYZ [-0.047 -0.092  0.822] | TrueXYZ [-0.044 -0.093  0.822] | EEF [-0.088 -0.009  0.891] | ObjZ 0.822 | Up 1.00 | Hold 0/0 | Age 0 (1) | Resets 0 | Shield 0
Ep 83 | Step 60/200 | XYZ [ 0.023 -0.01  -0.092] | RPY [-0.     0.004  0.001] | Grip 1 (1.00) | Phase 6->6 | Ground 0.4cm | Target A | PredXYZ [-0.047 -0.09   0.822] | TrueXYZ [-0.044 -0.093  0.822] | EEF [-0.084 -0.019  0.829] | ObjZ 0.822 | Up 1.00 | Hold 0/0 | Age 0 (1) | Resets 0 | Shield 0
Ep 83 | Step 80/200 | XYZ [ 0.202 -0.474 -0.019] | RPY [ 0.005 -0.002  0.005] | Grip 1 (1.00) | Phase 7->7 | Ground 0.2cm | Target A | PredXYZ [-0.022 -0.129  0.822] | TrueXYZ [-0.018 -0.132  0.822] | EEF [-0.037 -0.101  0.821] | ObjZ 0.822 | Up 1.00 | Hold 0/0 | Age 0 (1) | Resets 1 | Shield 0
Ep 83 | Step 88/200 | XYZ [ 0.178 -0.343 -0.01 ] | RPY [-0.008  0.003 -0.005] | Grip 1 (1.00) | Phase 7->7 | Ground 0.3cm | Target A | PredXYZ [-0.003 -0.155  0.822] | TrueXYZ [ 0.001 -0.161  0.822] | EEF [-0.022 -0.139  0.82 ] | ObjZ 0.822 | Up 1.00 | Hold 5/5 | Age 0 (1) | Resets 1 | Shield 0
Episode 83: Clean Success | failure=success | termination=success
Episode 84/120: Pick up the blue ball | ensemble=temporal
Ep 84 | Step 1/200 | XYZ [ 0.9   -0.264 -0.408] | RPY [-0.    -0.003  0.001] | Grip -1 (0.00) | Phase 0->0 | Ground 0.3cm | Target B | PredXYZ [ 0.078 -0.046  0.828] | TrueXYZ [ 0.075 -0.048  0.826] | EEF [-0.098 -0.008  1.009] | ObjZ 0.826 | Up 1.00 | Hold 0/0 | Age 0 (1) | Resets 0 | Shield 0
Ep 84 | Step 20/200 | XYZ [ 0.282 -0.058 -0.08 ] | RPY [-0.003 -0.008 -0.001] | Grip -1 (0.00) | Phase 0->0 | Ground 0.1cm | Target B | PredXYZ [ 0.076 -0.046  0.826] | TrueXYZ [ 0.075 -0.048  0.826] | EEF [ 0.034 -0.041  0.958] | ObjZ 0.826 | Up 1.00 | Hold 0/0 | Age 3 (4) | Resets 0 | Shield 0
Ep 84 | Step 40/200 | XYZ [ 0.041 -0.02  -0.503] | RPY [ 0.001 -0.004  0.002] | Grip -1 (0.00) | Phase 1->1 | Ground 0.2cm | Target B | PredXYZ [ 0.076 -0.05   0.826] | TrueXYZ [ 0.075 -0.048  0.826] | EEF [ 0.07  -0.046  0.892] | ObjZ 0.826 | Up 1.00 | Hold 0/0 | Age 0 (1) | Resets 0 | Shield 0
Ep 84 | Step 60/200 | XYZ [ 0.007 -0.004 -0.103] | RPY [-0.    -0.001 -0.   ] | Grip -1 (0.00) | Phase 1->1 | Ground 0.2cm | Target B | PredXYZ [ 0.074 -0.046  0.826] | TrueXYZ [ 0.075 -0.048  0.826] | EEF [ 0.074 -0.048  0.831] | ObjZ 0.826 | Up 1.00 | Hold 0/0 | Age 0 (1) | Resets 0 | Shield 0
Ep 84 | Step 80/200 | XYZ [ 0.002 -0.001  0.571] | RPY [-0.001  0.003 -0.   ] | Grip 1 (1.00) | Phase 3->3 | Ground 0.4cm | Target B | PredXYZ [ 0.072 -0.051  0.868] | TrueXYZ [ 0.075 -0.048  0.874] | EEF [ 0.074 -0.049  0.871] | ObjZ 0.874 | Up 1.00 | Hold 5/0 | Age 0 (1) | Resets 2 | Shield 0
Ep 84 | Step 85/200 | XYZ [ 0.003 -0.001  0.44 ] | RPY [-0.     0.006 -0.001] | Grip 1 (1.00) | Phase 3->3 | Ground 0.5cm | Target B | PredXYZ [ 0.075 -0.053  0.899] | TrueXYZ [ 0.073 -0.049  0.903] | EEF [ 0.072 -0.049  0.901] | ObjZ 0.903 | Up 1.00 | Hold 10/5 | Age 0 (1) | Resets 4 | Shield 0
Episode 84: Clean Success | failure=success | termination=success
Scene rejected for ('push', 'B'): Deterministic push path is blocked by a distractor
Scene rejected for ('push', 'B'): Target is too close to the robot reference ray
Scene rejected for ('push', 'B'): Deterministic push path is blocked by a distractor
Scene rejected for ('push', 'B'): Deterministic push path is blocked by a distractor
Scene rejected for ('push', 'B'): Deterministic push path is blocked by a distractor
Scene rejected for ('push', 'B'): Deterministic push path is blocked by a distractor
Scene rejected for ('push', 'B'): Deterministic push path is blocked by a distractor
Scene rejected for ('push', 'B'): Deterministic push path is blocked by a distractor
Scene rejected for ('push', 'B'): Deterministic push path is blocked by a distractor
Scene rejected for ('push', 'B'): Deterministic push path is blocked by a distractor
Scene rejected for ('push', 'B'): Target is too close to the robot reference ray
Scene rejected for ('push', 'B'): Deterministic push path is blocked by a distractor
Scene rejected for ('push', 'B'): Deterministic push path is blocked by a distractor
Scene rejected for ('push', 'B'): Deterministic push path is blocked by a distractor
Scene rejected for ('push', 'B'): Deterministic push path is blocked by a distractor
Scene rejected for ('push', 'B'): Deterministic push path is blocked by a distractor
Scene rejected for ('push', 'B'): Deterministic push path leaves the safe workspace
Scene rejected for ('push', 'B'): Deterministic push path is blocked by a distractor
Scene rejected for ('push', 'B'): Deterministic push path is blocked by a distractor
Episode 85/120: Push the blue ball away from the robot | ensemble=temporal
Ep 85 | Step 1/200 | XYZ [ 0.031 -0.236 -0.424] | RPY [-0.001  0.003 -0.9  ] | Grip 1 (1.00) | Phase 5->5 | Ground 1.5cm | Target B | PredXYZ [-0.111 -0.113  0.827] | TrueXYZ [-0.107 -0.099  0.826] | EEF [-0.116  0.009  0.993] | ObjZ 0.826 | Up 1.00 | Hold 0/0 | Age 0 (1) | Resets 0 | Shield 0
Ep 85 | Step 20/200 | XYZ [ 0.047  0.037 -0.113] | RPY [ 0.02  -0.007 -0.558] | Grip 1 (1.00) | Phase 5->5 | Ground 1.4cm | Target B | PredXYZ [-0.095 -0.107  0.826] | TrueXYZ [-0.107 -0.099  0.826] | EEF [-0.12  -0.024  0.937] | ObjZ 0.826 | Up 1.00 | Hold 0/0 | Age 3 (4) | Resets 0 | Shield 0
Ep 85 | Step 40/200 | XYZ [ 0.032 -0.057 -0.173] | RPY [0.    0.006 0.   ] | Grip 1 (1.00) | Phase 6->6 | Ground 1.8cm | Target B | PredXYZ [-0.091 -0.107  0.826] | TrueXYZ [-0.107 -0.099  0.826] | EEF [-0.105 -0.012  0.846] | ObjZ 0.826 | Up 1.00 | Hold 0/0 | Age 0 (1) | Resets 0 | Shield 0
Ep 85 | Step 60/200 | XYZ [ 0.057 -0.883 -0.009] | RPY [0.016 0.001 0.018] | Grip 1 (1.00) | Phase 7->7 | Ground 1.4cm | Target B | PredXYZ [-0.108 -0.121  0.826] | TrueXYZ [-0.107 -0.109  0.825] | EEF [-0.074 -0.086  0.836] | ObjZ 0.825 | Up 1.00 | Hold 0/0 | Age 0 (1) | Resets 1 | Shield 0
Ep 85 | Step 80/200 | XYZ [-0.002  0.001  0.189] | RPY [-0.004  0.009 -0.007] | Grip 1 (1.00) | Phase 9->9 | Ground 1.2cm | Target B | PredXYZ [-0.106 -0.129  0.826] | TrueXYZ [-0.107 -0.117  0.826] | EEF [-0.081 -0.146  0.906] | ObjZ 0.826 | Up 1.00 | Hold 0/0 | Age 0 (1) | Resets 3 | Shield 0
Ep 85 | Step 100/200 | XYZ [-0.069  0.22   0.046] | RPY [0.001 0.005 0.001] | Grip 1 (1.00) | Phase 9->9 | Ground 1.1cm | Target B | PredXYZ [-0.112 -0.128  0.826] | TrueXYZ [-0.107 -0.117  0.826] | EEF [-0.104 -0.091  0.925] | ObjZ 0.826 | Up 1.00 | Hold 0/0 | Age 0 (1) | Resets 3 | Shield 0
Ep 85 | Step 120/200 | XYZ [-0.065  0.02  -0.579] | RPY [ 0.009 -0.02   0.004] | Grip 1 (1.00) | Phase 6->6 | Ground 1.1cm | Target B | PredXYZ [-0.108 -0.129  0.826] | TrueXYZ [-0.107 -0.117  0.826] | EEF [-0.115 -0.059  0.912] | ObjZ 0.826 | Up 1.00 | Hold 0/0 | Age 0 (1) | Resets 3 | Shield 0
Ep 85 | Step 140/200 | XYZ [-0.039 -0.001 -0.118] | RPY [-0.001  0.007 -0.001] | Grip 1 (1.00) | Phase 6->6 | Ground 1.2cm | Target B | PredXYZ [-0.104 -0.129  0.826] | TrueXYZ [-0.107 -0.117  0.826] | EEF [-0.131 -0.058  0.838] | ObjZ 0.826 | Up 1.00 | Hold 0/0 | Age 0 (1) | Resets 3 | Shield 0
Ep 85 | Step 160/200 | XYZ [-0.03   0.087  0.003] | RPY [-0.022 -0.014 -0.005] | Grip 1 (1.00) | Phase 8->8 | Ground 1.7cm | Target B | PredXYZ [-0.095 -0.19   0.826] | TrueXYZ [-0.096 -0.174  0.826] | EEF [-0.09  -0.138  0.832] | ObjZ 0.826 | Up 1.00 | Hold 5/5 | Age 1 (2) | Resets 7 | Shield 0
Episode 85: Clean Success | failure=success | termination=success
Episode 86/120: Pick up the red cube | ensemble=temporal
Ep 86 | Step 1/200 | XYZ [ 0.9   -0.314 -0.508] | RPY [ 0.    -0.001 -0.466] | Grip -1 (0.00) | Phase 0->0 | Ground 0.2cm | Target A | PredXYZ [ 0.128 -0.057  0.824] | TrueXYZ [ 0.129 -0.059  0.821] | EEF [-0.097 -0.009  1.018] | ObjZ 0.821 | Up 1.00 | Hold 0/0 | Age 0 (1) | Resets 0 | Shield 0
Ep 86 | Step 20/200 | XYZ [ 0.434 -0.089 -0.086] | RPY [ 0.002 -0.005  0.001] | Grip -1 (0.00) | Phase 0->0 | Ground 0.1cm | Target A | PredXYZ [ 0.127 -0.059  0.822] | TrueXYZ [ 0.129 -0.059  0.822] | EEF [ 0.065 -0.038  0.954] | ObjZ 0.822 | Up 1.00 | Hold 0/0 | Age 3 (4) | Resets 0 | Shield 0
Ep 86 | Step 40/200 | XYZ [ 0.073 -0.03  -0.76 ] | RPY [ 0.002 -0.006  0.   ] | Grip -1 (0.00) | Phase 1->1 | Ground 0.2cm | Target A | PredXYZ [ 0.131 -0.058  0.822] | TrueXYZ [ 0.129 -0.059  0.822] | EEF [ 0.12  -0.05   0.926] | ObjZ 0.822 | Up 1.00 | Hold 0/0 | Age 0 (1) | Resets 0 | Shield 0
Ep 86 | Step 60/200 | XYZ [ 0.012 -0.015 -0.142] | RPY [ 0.001 -0.003  0.001] | Grip -1 (0.00) | Phase 1->1 | Ground 1.4cm | Target A | PredXYZ [ 0.141 -0.052  0.822] | TrueXYZ [ 0.129 -0.059  0.822] | EEF [ 0.128 -0.054  0.835] | ObjZ 0.822 | Up 1.00 | Hold 0/0 | Age 0 (1) | Resets 0 | Shield 0
Ep 86 | Step 80/200 | XYZ [-0.007  0.     0.275] | RPY [ 0.001 -0.     0.   ] | Grip 1 (1.00) | Phase 2->2 | Ground 2.2cm | Target A | PredXYZ [ 0.149 -0.05   0.827] | TrueXYZ [ 0.129 -0.058  0.823] | EEF [ 0.13  -0.057  0.821] | ObjZ 0.823 | Up 1.00 | Hold 0/0 | Age 0 (1) | Resets 0 | Shield 0
Ep 86 | Step 87/200 | XYZ [ 0.002 -0.001  0.56 ] | RPY [-0.001 -0.007  0.   ] | Grip 1 (1.00) | Phase 3->3 | Ground 0.2cm | Target A | PredXYZ [ 0.13  -0.059  0.868] | TrueXYZ [ 0.131 -0.058  0.876] | EEF [ 0.131 -0.057  0.874] | ObjZ 0.876 | Up 1.00 | Hold 5/0 | Age 0 (1) | Resets 3 | Shield 0
Ep 86 | Step 92/200 | XYZ [ 0.002 -0.002  0.426] | RPY [-0.001  0.005  0.   ] | Grip 1 (1.00) | Phase 3->3 | Ground 1.1cm | Target A | PredXYZ [ 0.134 -0.06   0.909] | TrueXYZ [ 0.129 -0.058  0.904] | EEF [ 0.13  -0.057  0.902] | ObjZ 0.904 | Up 1.00 | Hold 10/5 | Age 0 (1) | Resets 4 | Shield 0
Episode 86: Clean Success | failure=success | termination=success
Episode 87/120: Pick up the blue ball | ensemble=temporal
Ep 87 | Step 1/200 | XYZ [-0.085  0.856 -0.449] | RPY [ 0.    -0.001 -0.004] | Grip -1 (0.00) | Phase 0->0 | Ground 0.5cm | Target B | PredXYZ [-0.109  0.125  0.827] | TrueXYZ [-0.105  0.126  0.826] | EEF [-0.096 -0.009  1.018] | ObjZ 0.826 | Up 1.00 | Hold 0/0 | Age 0 (1) | Resets 0 | Shield 0
Ep 87 | Step 20/200 | XYZ [-0.005  0.231 -0.116] | RPY [0.002 0.007 0.003] | Grip -1 (0.00) | Phase 0->0 | Ground 1.0cm | Target B | PredXYZ [-0.114  0.131  0.826] | TrueXYZ [-0.105  0.126  0.826] | EEF [-0.106  0.093  0.961] | ObjZ 0.826 | Up 1.00 | Hold 0/0 | Age 3 (4) | Resets 0 | Shield 0
Ep 87 | Step 40/200 | XYZ [ 0.027  0.015 -0.347] | RPY [0.006 0.008 0.004] | Grip -1 (0.00) | Phase 1->1 | Ground 0.9cm | Target B | PredXYZ [-0.113  0.129  0.825] | TrueXYZ [-0.105  0.126  0.826] | EEF [-0.112  0.12   0.868] | ObjZ 0.826 | Up 1.00 | Hold 0/0 | Age 0 (1) | Resets 0 | Shield 0
Ep 87 | Step 60/200 | XYZ [ 0.078 -0.06  -0.042] | RPY [0.004 0.007 0.006] | Grip -1 (0.00) | Phase 1->1 | Ground 0.3cm | Target B | PredXYZ [-0.107  0.128  0.826] | TrueXYZ [-0.105  0.126  0.826] | EEF [-0.12   0.131  0.823] | ObjZ 0.826 | Up 1.00 | Hold 0/0 | Age 0 (1) | Resets 0 | Shield 0
Ep 87 | Step 80/200 | XYZ [ 0.022 -0.003  0.608] | RPY [-0.011  0.033 -0.003] | Grip 1 (1.00) | Phase 3->3 | Ground 2.4cm | Target B | PredXYZ [-0.13   0.126  0.847] | TrueXYZ [-0.111  0.12   0.865] | EEF [-0.119  0.119  0.858] | ObjZ 0.865 | Up 1.00 | Hold 4/0 | Age 0 (1) | Resets 3 | Shield 0
Ep 87 | Step 81/200 | XYZ [ 0.022 -0.003  0.578] | RPY [-0.012  0.031 -0.004] | Grip 1 (1.00) | Phase 3->3 | Ground 1.7cm | Target B | PredXYZ [-0.125  0.127  0.859] | TrueXYZ [-0.112  0.119  0.872] | EEF [-0.12   0.119  0.865] | ObjZ 0.872 | Up 1.00 | Hold 5/0 | Age 0 (1) | Resets 4 | Shield 0
Ep 87 | Step 87/200 | XYZ [ 0.021 -0.003  0.431] | RPY [-0.011  0.014 -0.006] | Grip 1 (1.00) | Phase 3->3 | Ground 1.8cm | Target B | PredXYZ [-0.13   0.118  0.896] | TrueXYZ [-0.113  0.113  0.906] | EEF [-0.122  0.113  0.899] | ObjZ 0.906 | Up 1.00 | Hold 11/5 | Age 0 (1) | Resets 9 | Shield 0
Episode 87: Clean Success | failure=success | termination=success
Episode 88/120: Pick up the blue ball | ensemble=temporal
Ep 88 | Step 1/200 | XYZ [ 0.853 -0.759 -0.383] | RPY [ 0.     0.001 -0.   ] | Grip -1 (0.00) | Phase 0->0 | Ground 0.3cm | Target B | PredXYZ [ 0.043 -0.13   0.828] | TrueXYZ [ 0.042 -0.128  0.826] | EEF [-0.094 -0.014  1.005] | ObjZ 0.826 | Up 1.00 | Hold 0/0 | Age 0 (1) | Resets 0 | Shield 0
Ep 88 | Step 20/200 | XYZ [ 0.234 -0.16  -0.074] | RPY [-0.007 -0.004 -0.006] | Grip -1 (0.00) | Phase 0->0 | Ground 0.4cm | Target B | PredXYZ [ 0.04  -0.131  0.826] | TrueXYZ [ 0.042 -0.128  0.826] | EEF [ 0.014 -0.113  0.956] | ObjZ 0.826 | Up 1.00 | Hold 0/0 | Age 3 (4) | Resets 0 | Shield 0
Ep 88 | Step 40/200 | XYZ [ 0.013 -0.019 -0.464] | RPY [ 0.001 -0.006  0.002] | Grip -1 (0.00) | Phase 1->1 | Ground 0.4cm | Target B | PredXYZ [ 0.038 -0.126  0.826] | TrueXYZ [ 0.042 -0.128  0.826] | EEF [ 0.043 -0.128  0.886] | ObjZ 0.826 | Up 1.00 | Hold 0/0 | Age 0 (1) | Resets 0 | Shield 0
Ep 88 | Step 60/200 | XYZ [ 0.     0.008 -0.087] | RPY [-0.001 -0.    -0.002] | Grip -1 (0.00) | Phase 1->1 | Ground 0.6cm | Target B | PredXYZ [ 0.039 -0.133  0.826] | TrueXYZ [ 0.042 -0.128  0.826] | EEF [ 0.041 -0.131  0.829] | ObjZ 0.826 | Up 1.00 | Hold 0/0 | Age 0 (1) | Resets 0 | Shield 0
Ep 88 | Step 78/200 | XYZ [ 0.003 -0.     0.566] | RPY [-0.001  0.006 -0.001] | Grip 1 (1.00) | Phase 3->3 | Ground 0.6cm | Target B | PredXYZ [ 0.035 -0.13   0.865] | TrueXYZ [ 0.04  -0.129  0.874] | EEF [ 0.04  -0.13   0.872] | ObjZ 0.874 | Up 1.00 | Hold 5/0 | Age 0 (1) | Resets 3 | Shield 0
Ep 88 | Step 80/200 | XYZ [0.003 0.    0.512] | RPY [-0.001  0.007 -0.001] | Grip 1 (1.00) | Phase 3->3 | Ground 0.6cm | Target B | PredXYZ [ 0.037 -0.128  0.876] | TrueXYZ [ 0.04  -0.129  0.886] | EEF [ 0.039 -0.13   0.884] | ObjZ 0.886 | Up 1.00 | Hold 7/2 | Age 0 (1) | Resets 3 | Shield 0
Ep 88 | Step 83/200 | XYZ [0.003 0.001 0.438] | RPY [-0.     0.007 -0.002] | Grip 1 (1.00) | Phase 3->3 | Ground 0.6cm | Target B | PredXYZ [ 0.04  -0.123  0.9  ] | TrueXYZ [ 0.039 -0.129  0.903] | EEF [ 0.038 -0.13   0.901] | ObjZ 0.903 | Up 1.00 | Hold 10/5 | Age 0 (1) | Resets 5 | Shield 0
Episode 88: Clean Success | failure=success | termination=success
Scene rejected for ('push', 'C'): Deterministic push path is blocked by a distractor
Scene rejected for ('push', 'C'): Deterministic push path is blocked by a distractor
Scene rejected for ('push', 'C'): Deterministic push path is blocked by a distractor
Scene rejected for ('push', 'C'): Deterministic push path is blocked by a distractor
Scene rejected for ('push', 'C'): Deterministic push path is blocked by a distractor
Scene rejected for ('push', 'C'): Deterministic push path is blocked by a distractor
Scene rejected for ('push', 'C'): Deterministic push path is blocked by a distractor
Episode 89/120: Push the green cylinder away from the robot | ensemble=temporal
Ep 89 | Step 1/200 | XYZ [ 0.9   -0.391 -0.467] | RPY [ 0.     0.002 -0.711] | Grip 1 (1.00) | Phase 5->5 | Ground 0.5cm | Target C | PredXYZ [ 0.135 -0.084  0.824] | TrueXYZ [ 0.13  -0.083  0.822] | EEF [-0.123  0.001  0.997] | ObjZ 0.822 | Up 1.00 | Hold 0/0 | Age 0 (1) | Resets 0 | Shield 0
Ep 89 | Step 20/200 | XYZ [ 0.29  -0.121 -0.101] | RPY [ 0.004 -0.007 -0.001] | Grip 1 (1.00) | Phase 5->5 | Ground 0.6cm | Target C | PredXYZ [ 0.131 -0.089  0.822] | TrueXYZ [ 0.13  -0.083  0.822] | EEF [ 0.013 -0.042  0.933] | ObjZ 0.822 | Up 1.00 | Hold 0/0 | Age 3 (4) | Resets 0 | Shield 0
Ep 89 | Step 40/200 | XYZ [ 0.047 -0.013 -0.464] | RPY [ 0.001 -0.005  0.001] | Grip 1 (1.00) | Phase 6->6 | Ground 0.4cm | Target C | PredXYZ [ 0.131 -0.086  0.822] | TrueXYZ [ 0.13  -0.083  0.822] | EEF [ 0.049 -0.055  0.879] | ObjZ 0.822 | Up 1.00 | Hold 0/0 | Age 0 (1) | Resets 0 | Shield 0
Ep 89 | Step 60/200 | XYZ [ 0.007  0.002 -0.088] | RPY [ 0.    -0.002 -0.   ] | Grip 1 (1.00) | Phase 6->6 | Ground 0.4cm | Target C | PredXYZ [ 0.131 -0.087  0.822] | TrueXYZ [ 0.13  -0.083  0.822] | EEF [ 0.055 -0.055  0.824] | ObjZ 0.822 | Up 1.00 | Hold 0/0 | Age 0 (1) | Resets 0 | Shield 0
Ep 89 | Step 80/200 | XYZ [ 0.454 -0.161  0.   ] | RPY [0.004 0.015 0.002] | Grip 1 (1.00) | Phase 7->7 | Ground 0.8cm | Target C | PredXYZ [ 0.189 -0.095  0.824] | TrueXYZ [ 0.189 -0.092  0.825] | EEF [ 0.147 -0.096  0.817] | ObjZ 0.825 | Up 1.00 | Hold 0/0 | Age 0 (1) | Resets 2 | Shield 12
Ep 89 | Step 86/200 | XYZ [-0.028  0.006  0.002] | RPY [-0.003  0.001 -0.   ] | Grip 1 (1.00) | Phase 8->8 | Ground 0.4cm | Target C | PredXYZ [ 0.211 -0.105  0.825] | TrueXYZ [ 0.212 -0.109  0.823] | EEF [ 0.173 -0.106  0.816] | ObjZ 0.823 | Up 1.00 | Hold 5/5 | Age 3 (4) | Resets 4 | Shield 17
Episode 89: Clean Success | failure=success | termination=success
Episode 90/120: Push the blue ball away from the robot | ensemble=temporal
Ep 90 | Step 1/200 | XYZ [ 0.616  0.469 -0.518] | RPY [-0.001 -0.     0.9  ] | Grip 1 (1.00) | Phase 5->5 | Ground 0.6cm | Target B | PredXYZ [0.064 0.127 0.828] | TrueXYZ [0.065 0.121 0.826] | EEF [-0.097  0.012  1.006] | ObjZ 0.826 | Up 1.00 | Hold 0/0 | Age 0 (1) | Resets 0 | Shield 0
Ep 90 | Step 20/200 | XYZ [ 0.164  0.13  -0.105] | RPY [-0.012 -0.004  0.001] | Grip 1 (1.00) | Phase 5->5 | Ground 0.7cm | Target B | PredXYZ [0.067 0.127 0.826] | TrueXYZ [0.065 0.121 0.826] | EEF [-0.023  0.058  0.939] | ObjZ 0.826 | Up 1.00 | Hold 0/0 | Age 3 (4) | Resets 0 | Shield 0
Ep 90 | Step 40/200 | XYZ [ 0.012  0.006 -0.348] | RPY [-0.001 -0.004 -0.001] | Grip 1 (1.00) | Phase 6->6 | Ground 0.6cm | Target B | PredXYZ [0.066 0.127 0.826] | TrueXYZ [0.065 0.121 0.826] | EEF [-0.003  0.072  0.874] | ObjZ 0.826 | Up 1.00 | Hold 0/0 | Age 0 (1) | Resets 0 | Shield 0
Ep 90 | Step 60/200 | XYZ [ 0.006  0.015 -0.062] | RPY [-0.    -0.    -0.001] | Grip 1 (1.00) | Phase 6->6 | Ground 1.0cm | Target B | PredXYZ [0.068 0.131 0.826] | TrueXYZ [0.065 0.121 0.826] | EEF [-0.002  0.074  0.832] | ObjZ 0.826 | Up 1.00 | Hold 0/0 | Age 0 (1) | Resets 0 | Shield 0
Ep 90 | Step 75/200 | XYZ [-0.101 -0.079 -0.006] | RPY [ 0.022 -0.041  0.005] | Grip 1 (1.00) | Phase 8->8 | Ground 1.8cm | Target B | PredXYZ [0.137 0.186 0.826] | TrueXYZ [0.13  0.172 0.826] | EEF [0.1   0.153 0.827] | ObjZ 0.826 | Up 1.00 | Hold 5/5 | Age 1 (2) | Resets 6 | Shield 1
Episode 90: Clean Success | failure=success | termination=success
Scene rejected for ('push', 'C'): Deterministic push path is blocked by a distractor
Scene rejected for ('push', 'C'): Deterministic push path is blocked by a distractor
Scene rejected for ('push', 'C'): Deterministic push path is blocked by a distractor
Scene rejected for ('push', 'C'): Deterministic push path is blocked by a distractor
Scene rejected for ('push', 'C'): Deterministic push path is blocked by a distractor
Scene rejected for ('push', 'C'): Deterministic push path is blocked by a distractor
Scene rejected for ('push', 'C'): Deterministic push path is blocked by a distractor
Scene rejected for ('push', 'C'): Deterministic push path is blocked by a distractor
Scene rejected for ('push', 'C'): Deterministic push path is blocked by a distractor
Scene rejected for ('push', 'C'): Deterministic push path is blocked by a distractor
Scene rejected for ('push', 'C'): Deterministic push path is blocked by a distractor
Scene rejected for ('push', 'C'): Deterministic push path is blocked by a distractor
Scene rejected for ('push', 'C'): Deterministic push path is blocked by a distractor
Scene rejected for ('push', 'C'): Deterministic push path is blocked by a distractor
Episode 91/120: Push the green cylinder away from the robot | ensemble=temporal
Ep 91 | Step 1/200 | XYZ [ 0.05   0.31  -0.523] | RPY [ 0.002 -0.003  0.9  ] | Grip 1 (1.00) | Phase 5->5 | Ground 1.2cm | Target C | PredXYZ [-0.093  0.116  0.823] | TrueXYZ [-0.081  0.114  0.822] | EEF [-0.105 -0.014  1.005] | ObjZ 0.822 | Up 1.00 | Hold 0/0 | Age 0 (1) | Resets 0 | Shield 0
Ep 91 | Step 20/200 | XYZ [ 0.059 -0.028 -0.102] | RPY [-0.031 -0.009  0.507] | Grip 1 (1.00) | Phase 5->5 | Ground 0.7cm | Target C | PredXYZ [-0.086  0.118  0.822] | TrueXYZ [-0.081  0.114  0.822] | EEF [-0.105  0.029  0.936] | ObjZ 0.822 | Up 1.00 | Hold 0/0 | Age 3 (4) | Resets 0 | Shield 0
Ep 91 | Step 40/200 | XYZ [ 0.048  0.048 -0.188] | RPY [-0.002  0.009 -0.003] | Grip 1 (1.00) | Phase 6->6 | Ground 0.7cm | Target C | PredXYZ [-0.087  0.117  0.822] | TrueXYZ [-0.081  0.114  0.822] | EEF [-0.098  0.015  0.836] | ObjZ 0.822 | Up 1.00 | Hold 0/0 | Age 0 (1) | Resets 0 | Shield 0
Ep 91 | Step 60/200 | XYZ [0.063 0.673 0.   ] | RPY [-0.025 -0.003 -0.023] | Grip 1 (1.00) | Phase 7->7 | Ground 0.9cm | Target C | PredXYZ [-0.088  0.119  0.822] | TrueXYZ [-0.081  0.114  0.822] | EEF [-0.084  0.062  0.819] | ObjZ 0.822 | Up 1.00 | Hold 0/0 | Age 0 (1) | Resets 0 | Shield 8
Ep 91 | Step 78/200 | XYZ [ 0.004 -0.062  0.031] | RPY [0.017 0.005 0.011] | Grip 1 (1.00) | Phase 8->8 | Ground 1.6cm | Target C | PredXYZ [-0.084  0.191  0.823] | TrueXYZ [-0.07   0.185  0.822] | EEF [-0.08   0.148  0.818] | ObjZ 0.822 | Up 1.00 | Hold 5/5 | Age 3 (4) | Resets 3 | Shield 15
Episode 91: Clean Success | failure=success | termination=success
Scene rejected for ('pick', 'C'): Pick target lacks bilateral gripper clearance
Episode 92/120: Pick up the green cylinder | ensemble=temporal
Ep 92 | Step 1/200 | XYZ [ 0.9   -0.374 -0.436] | RPY [ 0.    -0.     0.003] | Grip -1 (0.00) | Phase 0->0 | Ground 0.4cm | Target C | PredXYZ [ 0.092 -0.072  0.824] | TrueXYZ [ 0.091 -0.069  0.822] | EEF [-0.093 -0.014  1.009] | ObjZ 0.822 | Up 1.00 | Hold 0/0 | Age 0 (1) | Resets 0 | Shield 0
Ep 92 | Step 20/200 | XYZ [ 0.316 -0.076 -0.082] | RPY [-0.004 -0.008 -0.002] | Grip -1 (0.00) | Phase 0->0 | Ground 0.3cm | Target C | PredXYZ [ 0.091 -0.071  0.822] | TrueXYZ [ 0.091 -0.069  0.822] | EEF [ 0.048 -0.06   0.955] | ObjZ 0.822 | Up 1.00 | Hold 0/0 | Age 3 (4) | Resets 0 | Shield 0
Ep 92 | Step 40/200 | XYZ [ 0.041 -0.015 -0.55 ] | RPY [ 0.001 -0.005  0.001] | Grip -1 (0.00) | Phase 1->1 | Ground 0.5cm | Target C | PredXYZ [ 0.096 -0.068  0.822] | TrueXYZ [ 0.091 -0.069  0.822] | EEF [ 0.088 -0.068  0.895] | ObjZ 0.822 | Up 1.00 | Hold 0/0 | Age 0 (1) | Resets 0 | Shield 0
Ep 92 | Step 60/200 | XYZ [ 0.003 -0.    -0.111] | RPY [-0.    -0.002 -0.001] | Grip -1 (0.00) | Phase 1->1 | Ground 1.1cm | Target C | PredXYZ [ 0.098 -0.077  0.822] | TrueXYZ [ 0.091 -0.069  0.822] | EEF [ 0.092 -0.07   0.828] | ObjZ 0.822 | Up 1.00 | Hold 0/0 | Age 0 (1) | Resets 0 | Shield 0
Ep 92 | Step 79/200 | XYZ [ 0.001 -0.001  0.574] | RPY [-0.002 -0.001 -0.   ] | Grip 1 (1.00) | Phase 3->3 | Ground 1.0cm | Target C | PredXYZ [ 0.101 -0.073  0.864] | TrueXYZ [ 0.091 -0.07   0.872] | EEF [ 0.091 -0.071  0.87 ] | ObjZ 0.872 | Up 1.00 | Hold 5/0 | Age 0 (1) | Resets 2 | Shield 0
Ep 92 | Step 80/200 | XYZ [ 0.001 -0.001  0.534] | RPY [-0.002  0.001 -0.001] | Grip 1 (1.00) | Phase 3->3 | Ground 1.5cm | Target C | PredXYZ [ 0.103 -0.076  0.88 ] | TrueXYZ [ 0.091 -0.07   0.879] | EEF [ 0.091 -0.071  0.877] | ObjZ 0.879 | Up 1.00 | Hold 6/0 | Age 0 (1) | Resets 3 | Shield 0
Ep 92 | Step 85/200 | XYZ [-0.001 -0.     0.415] | RPY [-0.001  0.006 -0.001] | Grip 1 (1.00) | Phase 3->3 | Ground 1.4cm | Target C | PredXYZ [ 0.097 -0.079  0.909] | TrueXYZ [ 0.089 -0.071  0.906] | EEF [ 0.089 -0.071  0.904] | ObjZ 0.906 | Up 1.00 | Hold 11/5 | Age 0 (1) | Resets 4 | Shield 0
Episode 92: Clean Success | failure=success | termination=success
Scene rejected for ('push', 'A'): Deterministic push path is blocked by a distractor
Episode 93/120: Push the red cube away from the robot | ensemble=temporal
Ep 93 | Step 1/200 | XYZ [-0.017  0.175 -0.475] | RPY [ 0.001 -0.001 -0.9  ] | Grip 1 (1.00) | Phase 5->5 | Ground 0.4cm | Target A | PredXYZ [-0.125  0.128  0.823] | TrueXYZ [-0.124  0.125  0.821] | EEF [-0.117  0.002  0.998] | ObjZ 0.821 | Up 1.00 | Hold 0/0 | Age 0 (1) | Resets 0 | Shield 0
Ep 93 | Step 20/200 | XYZ [ 0.035  0.164 -0.097] | RPY [ 0.024 -0.004 -0.73 ] | Grip 1 (1.00) | Phase 5->5 | Ground 0.5cm | Target A | PredXYZ [-0.119  0.124  0.821] | TrueXYZ [-0.124  0.125  0.822] | EEF [-0.129  0.024  0.932] | ObjZ 0.822 | Up 1.00 | Hold 0/0 | Age 3 (4) | Resets 0 | Shield 0
Ep 93 | Step 40/200 | XYZ [ 0.065 -0.03  -0.198] | RPY [0.002 0.01  0.003] | Grip 1 (1.00) | Phase 6->6 | Ground 0.5cm | Target A | PredXYZ [-0.119  0.126  0.821] | TrueXYZ [-0.124  0.125  0.822] | EEF [-0.124  0.054  0.843] | ObjZ 0.822 | Up 1.00 | Hold 0/0 | Age 0 (1) | Resets 0 | Shield 0
Ep 93 | Step 60/200 | XYZ [-0.051  0.715 -0.019] | RPY [-0.027  0.003 -0.021] | Grip 1 (1.00) | Phase 7->7 | Ground 0.1cm | Target A | PredXYZ [-0.123  0.124  0.822] | TrueXYZ [-0.124  0.125  0.822] | EEF [-0.124  0.081  0.819] | ObjZ 0.822 | Up 1.00 | Hold 0/0 | Age 0 (1) | Resets 0 | Shield 0
Ep 93 | Step 80/200 | XYZ [-0.002  0.407 -0.022] | RPY [0.003 0.002 0.001] | Grip 1 (1.00) | Phase 7->7 | Ground 1.4cm | Target A | PredXYZ [-0.113  0.209  0.822] | TrueXYZ [-0.124  0.205  0.825] | EEF [-0.122  0.174  0.823] | ObjZ 0.825 | Up 0.99 | Hold 4/4 | Age 0 (1) | Resets 4 | Shield 6
Ep 93 | Step 81/200 | XYZ [ 0.005  0.407 -0.022] | RPY [0.003 0.002 0.   ] | Grip 1 (1.00) | Phase 7->7 | Ground 2.5cm | Target A | PredXYZ [-0.099  0.206  0.823] | TrueXYZ [-0.123  0.208  0.825] | EEF [-0.121  0.177  0.823] | ObjZ 0.825 | Up 0.99 | Hold 5/5 | Age 0 (1) | Resets 5 | Shield 6
Episode 93: Clean Success | failure=success | termination=success
Episode 94/120: Pick up the blue ball | ensemble=temporal
Ep 94 | Step 1/200 | XYZ [ 0.485 -0.313 -0.412] | RPY [ 0.    -0.001  0.003] | Grip -1 (0.00) | Phase 0->0 | Ground 0.6cm | Target B | PredXYZ [-0.026 -0.088  0.827] | TrueXYZ [-0.021 -0.083  0.826] | EEF [-0.099 -0.037  1.01 ] | ObjZ 0.826 | Up 1.00 | Hold 0/0 | Age 0 (1) | Resets 0 | Shield 0
Ep 94 | Step 20/200 | XYZ [ 0.115 -0.107 -0.088] | RPY [-0.001  0.    -0.   ] | Grip -1 (0.00) | Phase 0->0 | Ground 0.4cm | Target B | PredXYZ [-0.024 -0.087  0.825] | TrueXYZ [-0.021 -0.083  0.826] | EEF [-0.045 -0.082  0.959] | ObjZ 0.826 | Up 1.00 | Hold 0/0 | Age 3 (4) | Resets 0 | Shield 0
Ep 94 | Step 40/200 | XYZ [ 0.018 -0.004 -0.346] | RPY [0.001 0.001 0.001] | Grip -1 (0.00) | Phase 1->1 | Ground 0.5cm | Target B | PredXYZ [-0.024 -0.088  0.826] | TrueXYZ [-0.021 -0.083  0.826] | EEF [-0.029 -0.091  0.867] | ObjZ 0.826 | Up 1.00 | Hold 0/0 | Age 0 (1) | Resets 0 | Shield 0
Ep 94 | Step 60/200 | XYZ [ 0.027  0.023 -0.053] | RPY [-0.002  0.001 -0.002] | Grip -1 (0.00) | Phase 1->1 | Ground 0.6cm | Target B | PredXYZ [-0.02  -0.09   0.825] | TrueXYZ [-0.021 -0.083  0.826] | EEF [-0.028 -0.093  0.825] | ObjZ 0.826 | Up 1.00 | Hold 0/0 | Age 0 (1) | Resets 0 | Shield 0
Ep 94 | Step 80/200 | XYZ [0.008 0.001 0.572] | RPY [ 0.002  0.016 -0.   ] | Grip 1 (1.00) | Phase 3->3 | Ground 1.1cm | Target B | PredXYZ [-0.03  -0.091  0.864] | TrueXYZ [-0.024 -0.083  0.874] | EEF [-0.027 -0.085  0.87 ] | ObjZ 0.874 | Up 1.00 | Hold 5/0 | Age 0 (1) | Resets 1 | Shield 0
Ep 94 | Step 85/200 | XYZ [0.006 0.001 0.44 ] | RPY [ 0.     0.007 -0.001] | Grip 1 (1.00) | Phase 3->3 | Ground 1.8cm | Target B | PredXYZ [-0.01  -0.082  0.908] | TrueXYZ [-0.025 -0.083  0.903] | EEF [-0.028 -0.085  0.9  ] | ObjZ 0.903 | Up 1.00 | Hold 10/5 | Age 0 (1) | Resets 4 | Shield 0
Episode 94: Clean Success | failure=success | termination=success
Episode 95/120: Pick up the blue ball | ensemble=temporal
Ep 95 | Step 1/200 | XYZ [-0.099  0.536 -0.36 ] | RPY [ 0.002 -0.002 -0.003] | Grip -1 (0.00) | Phase 0->0 | Ground 0.8cm | Target B | PredXYZ [-0.139  0.091  0.827] | TrueXYZ [-0.132  0.086  0.826] | EEF [-0.118  0.003  1.001] | ObjZ 0.826 | Up 1.00 | Hold 0/0 | Age 0 (1) | Resets 0 | Shield 0
Ep 95 | Step 20/200 | XYZ [-0.025  0.144 -0.088] | RPY [0.001 0.004 0.004] | Grip -1 (0.00) | Phase 0->0 | Ground 1.6cm | Target B | PredXYZ [-0.147  0.092  0.826] | TrueXYZ [-0.132  0.086  0.826] | EEF [-0.131  0.072  0.956] | ObjZ 0.826 | Up 1.00 | Hold 0/0 | Age 3 (4) | Resets 0 | Shield 0
Ep 95 | Step 40/200 | XYZ [-0.005  0.019 -0.281] | RPY [0.003 0.008 0.002] | Grip -1 (0.00) | Phase 1->1 | Ground 0.7cm | Target B | PredXYZ [-0.14   0.088  0.826] | TrueXYZ [-0.132  0.086  0.826] | EEF [-0.134  0.085  0.857] | ObjZ 0.826 | Up 1.00 | Hold 0/0 | Age 0 (1) | Resets 0 | Shield 0
Ep 95 | Step 60/200 | XYZ [ 0.038 -0.041 -0.042] | RPY [0.003 0.006 0.005] | Grip -1 (0.02) | Phase 1->1 | Ground 0.9cm | Target B | PredXYZ [-0.129  0.095  0.825] | TrueXYZ [-0.132  0.086  0.826] | EEF [-0.14   0.092  0.82 ] | ObjZ 0.826 | Up 1.00 | Hold 0/0 | Age 0 (1) | Resets 0 | Shield 0
Ep 95 | Step 76/200 | XYZ [ 0.014 -0.006  0.576] | RPY [-0.007  0.029 -0.001] | Grip 1 (1.00) | Phase 3->3 | Ground 1.0cm | Target B | PredXYZ [-0.131  0.089  0.869] | TrueXYZ [-0.139  0.081  0.872] | EEF [-0.144  0.086  0.866] | ObjZ 0.872 | Up 1.00 | Hold 5/0 | Age 0 (1) | Resets 2 | Shield 0
Ep 95 | Step 80/200 | XYZ [ 0.016 -0.006  0.472] | RPY [-0.006  0.017 -0.002] | Grip 1 (1.00) | Phase 3->3 | Ground 0.8cm | Target B | PredXYZ [-0.141  0.084  0.897] | TrueXYZ [-0.14   0.079  0.896] | EEF [-0.145  0.084  0.89 ] | ObjZ 0.896 | Up 1.00 | Hold 9/3 | Age 0 (1) | Resets 5 | Shield 0
Ep 95 | Step 82/200 | XYZ [ 0.016 -0.005  0.424] | RPY [-0.005  0.011 -0.002] | Grip 1 (1.00) | Phase 3->3 | Ground 1.1cm | Target B | PredXYZ [-0.142  0.086  0.909] | TrueXYZ [-0.14   0.078  0.907] | EEF [-0.145  0.083  0.901] | ObjZ 0.907 | Up 1.00 | Hold 11/5 | Age 0 (1) | Resets 6 | Shield 0
Episode 95: Clean Success | failure=success | termination=success
Scene rejected for ('push', 'B'): Deterministic push path leaves the safe workspace
Scene rejected for ('push', 'B'): Deterministic push path is blocked by a distractor
Scene rejected for ('push', 'B'): Deterministic push path is blocked by a distractor
Scene rejected for ('push', 'B'): Deterministic push path leaves the safe workspace
Scene rejected for ('push', 'B'): Deterministic push path is blocked by a distractor
Scene rejected for ('push', 'B'): Deterministic push path is blocked by a distractor
Scene rejected for ('push', 'B'): Deterministic push path leaves the safe workspace
Scene rejected for ('push', 'B'): Deterministic push path is blocked by a distractor
Episode 96/120: Push the blue ball away from the robot | ensemble=temporal
Ep 96 | Step 1/200 | XYZ [ 0.735  0.295 -0.606] | RPY [-0.    -0.     0.837] | Grip 1 (1.00) | Phase 5->5 | Ground 0.7cm | Target B | PredXYZ [0.093 0.085 0.828] | TrueXYZ [0.096 0.079 0.826] | EEF [-0.097  0.01   1.02 ] | ObjZ 0.826 | Up 1.00 | Hold 0/0 | Age 0 (1) | Resets 0 | Shield 0
Ep 96 | Step 20/200 | XYZ [ 0.202  0.122 -0.12 ] | RPY [-0.011  0.002 -0.006] | Grip 1 (1.00) | Phase 5->5 | Ground 0.7cm | Target B | PredXYZ [0.096 0.086 0.826] | TrueXYZ [0.096 0.079 0.826] | EEF [-0.01   0.034  0.941] | ObjZ 0.826 | Up 1.00 | Hold 0/0 | Age 3 (4) | Resets 0 | Shield 0
Ep 96 | Step 40/200 | XYZ [ 0.031  0.012 -0.369] | RPY [-0.001 -0.005 -0.001] | Grip 1 (1.00) | Phase 6->6 | Ground 0.5cm | Target B | PredXYZ [0.093 0.083 0.826] | TrueXYZ [0.096 0.079 0.826] | EEF [0.016 0.049 0.878] | ObjZ 0.826 | Up 1.00 | Hold 0/0 | Age 0 (1) | Resets 0 | Shield 0
Ep 96 | Step 60/200 | XYZ [ 0.006  0.007 -0.071] | RPY [-0.    -0.    -0.001] | Grip 1 (1.00) | Phase 6->6 | Ground 0.4cm | Target B | PredXYZ [0.093 0.082 0.826] | TrueXYZ [0.096 0.079 0.826] | EEF [0.018 0.051 0.833] | ObjZ 0.826 | Up 1.00 | Hold 0/0 | Age 0 (1) | Resets 0 | Shield 0
Ep 96 | Step 77/200 | XYZ [-0.111 -0.052 -0.016] | RPY [ 0.016 -0.036  0.005] | Grip 1 (1.00) | Phase 8->8 | Ground 1.0cm | Target B | PredXYZ [0.18  0.126 0.826] | TrueXYZ [0.181 0.117 0.826] | EEF [0.146 0.109 0.825] | ObjZ 0.826 | Up 1.00 | Hold 5/5 | Age 2 (3) | Resets 6 | Shield 1
Episode 96: Clean Success | failure=success | termination=success
Scene rejected for ('push', 'A'): Deterministic push path is blocked by a distractor
Scene rejected for ('push', 'A'): Deterministic push path is blocked by a distractor
Episode 97/120: Push the red cube away from the robot | ensemble=temporal
Ep 97 | Step 1/200 | XYZ [ 0.241 -0.19  -0.565] | RPY [ 0.001  0.001 -0.9  ] | Grip 1 (1.00) | Phase 5->5 | Ground 0.4cm | Target A | PredXYZ [ 0.008 -0.08   0.824] | TrueXYZ [ 0.01  -0.083  0.821] | EEF [-0.098 -0.008  1.011] | ObjZ 0.821 | Up 1.00 | Hold 0/0 | Age 0 (1) | Resets 0 | Shield 0
Ep 97 | Step 20/200 | XYZ [ 0.106 -0.084 -0.103] | RPY [0.019 0.011 0.004] | Grip 1 (1.00) | Phase 5->5 | Ground 0.2cm | Target A | PredXYZ [ 0.008 -0.085  0.822] | TrueXYZ [ 0.01  -0.083  0.822] | EEF [-0.074 -0.02   0.936] | ObjZ 0.822 | Up 1.00 | Hold 0/0 | Age 3 (4) | Resets 0 | Shield 0
Ep 97 | Step 40/200 | XYZ [ 0.013 -0.052 -0.336] | RPY [ 0.002 -0.003  0.002] | Grip 1 (1.00) | Phase 6->6 | Ground 0.4cm | Target A | PredXYZ [ 0.014 -0.084  0.822] | TrueXYZ [ 0.01  -0.083  0.822] | EEF [-0.061 -0.029  0.866] | ObjZ 0.822 | Up 1.00 | Hold 0/0 | Age 0 (1) | Resets 0 | Shield 0
Ep 97 | Step 60/200 | XYZ [ 0.674 -0.467 -0.036] | RPY [-0.001 -0.002  0.   ] | Grip 1 (1.00) | Phase 7->7 | Ground 0.7cm | Target A | PredXYZ [ 0.016 -0.086  0.822] | TrueXYZ [ 0.01  -0.083  0.822] | EEF [-0.058 -0.038  0.823] | ObjZ 0.822 | Up 1.00 | Hold 0/0 | Age 0 (1) | Resets 0 | Shield 0
Ep 97 | Step 80/200 | XYZ [ 0.302 -0.249 -0.007] | RPY [-0.005 -0.004 -0.002] | Grip 1 (1.00) | Phase 7->7 | Ground 0.7cm | Target A | PredXYZ [ 0.067 -0.127  0.822] | TrueXYZ [ 0.064 -0.133  0.822] | EEF [ 0.044 -0.108  0.819] | ObjZ 0.822 | Up 1.00 | Hold 2/2 | Age 0 (1) | Resets 0 | Shield 11
Ep 97 | Step 83/200 | XYZ [-0.033  0.025  0.001] | RPY [-0.007 -0.009 -0.001] | Grip 1 (1.00) | Phase 8->8 | Ground 0.8cm | Target A | PredXYZ [ 0.073 -0.13   0.822] | TrueXYZ [ 0.071 -0.138  0.822] | EEF [ 0.05  -0.113  0.82 ] | ObjZ 0.822 | Up 1.00 | Hold 5/5 | Age 3 (4) | Resets 0 | Shield 11
Episode 97: Clean Success | failure=success | termination=success
Scene rejected for ('pick', 'B'): Pick target lacks bilateral gripper clearance
Episode 98/120: Pick up the blue ball | ensemble=temporal
Ep 98 | Step 1/200 | XYZ [ 0.9    0.681 -0.409] | RPY [ 0.001 -0.001 -0.001] | Grip -1 (0.00) | Phase 0->0 | Ground 0.8cm | Target B | PredXYZ [0.082 0.109 0.828] | TrueXYZ [0.076 0.103 0.826] | EEF [-0.099  0.002  1.009] | ObjZ 0.826 | Up 1.00 | Hold 0/0 | Age 0 (1) | Resets 0 | Shield 0
Ep 98 | Step 20/200 | XYZ [ 0.294  0.127 -0.072] | RPY [ 0.008 -0.003  0.007] | Grip -1 (0.00) | Phase 0->0 | Ground 0.6cm | Target B | PredXYZ [0.076 0.109 0.826] | TrueXYZ [0.076 0.103 0.826] | EEF [0.031 0.088 0.957] | ObjZ 0.826 | Up 1.00 | Hold 0/0 | Age 3 (4) | Resets 0 | Shield 0
Ep 98 | Step 40/200 | XYZ [ 0.05   0.016 -0.543] | RPY [-0.001 -0.007 -0.002] | Grip -1 (0.00) | Phase 1->1 | Ground 0.8cm | Target B | PredXYZ [0.076 0.111 0.826] | TrueXYZ [0.076 0.103 0.826] | EEF [0.069 0.102 0.898] | ObjZ 0.826 | Up 1.00 | Hold 0/0 | Age 0 (1) | Resets 0 | Shield 0
Ep 98 | Step 60/200 | XYZ [ 0.01  -0.003 -0.104] | RPY [ 0.001 -0.     0.001] | Grip -1 (0.00) | Phase 1->1 | Ground 1.0cm | Target B | PredXYZ [0.079 0.113 0.826] | TrueXYZ [0.076 0.103 0.826] | EEF [0.074 0.104 0.833] | ObjZ 0.826 | Up 1.00 | Hold 0/0 | Age 0 (1) | Resets 0 | Shield 0
Ep 98 | Step 80/200 | XYZ [ 0.005 -0.001  0.591] | RPY [0.002 0.002 0.002] | Grip 1 (1.00) | Phase 3->3 | Ground 1.1cm | Target B | PredXYZ [0.087 0.105 0.864] | TrueXYZ [0.076 0.105 0.868] | EEF [0.075 0.105 0.866] | ObjZ 0.868 | Up 1.00 | Hold 4/0 | Age 0 (1) | Resets 2 | Shield 0
Ep 98 | Step 81/200 | XYZ [ 0.005 -0.001  0.557] | RPY [0.002 0.003 0.001] | Grip 1 (1.00) | Phase 3->3 | Ground 0.5cm | Target B | PredXYZ [0.079 0.108 0.87 ] | TrueXYZ [0.076 0.105 0.875] | EEF [0.075 0.105 0.873] | ObjZ 0.875 | Up 1.00 | Hold 5/0 | Age 0 (1) | Resets 3 | Shield 0
Ep 98 | Step 86/200 | XYZ [ 0.006 -0.     0.429] | RPY [0.001 0.006 0.002] | Grip 1 (1.00) | Phase 3->3 | Ground 1.0cm | Target B | PredXYZ [0.08  0.108 0.906] | TrueXYZ [0.074 0.105 0.903] | EEF [0.073 0.106 0.901] | ObjZ 0.903 | Up 1.00 | Hold 10/5 | Age 0 (1) | Resets 4 | Shield 0
Episode 98: Clean Success | failure=success | termination=success
Scene rejected for ('push', 'B'): Deterministic push path is blocked by a distractor
Scene rejected for ('push', 'B'): Deterministic push path leaves the safe workspace
Scene rejected for ('push', 'B'): Deterministic push path is blocked by a distractor
Scene rejected for ('push', 'B'): Deterministic push path is blocked by a distractor
Episode 99/120: Push the blue ball away from the robot | ensemble=temporal
Ep 99 | Step 1/200 | XYZ [ 0.046 -0.235 -0.595] | RPY [-0.001  0.004 -0.9  ] | Grip 1 (1.00) | Phase 5->5 | Ground 1.1cm | Target B | PredXYZ [-0.073 -0.122  0.828] | TrueXYZ [-0.065 -0.115  0.826] | EEF [-0.084 -0.012  1.019] | ObjZ 0.826 | Up 1.00 | Hold 0/0 | Age 0 (1) | Resets 0 | Shield 0
Ep 99 | Step 20/200 | XYZ [ 0.093  0.03  -0.094] | RPY [ 0.049 -0.008 -0.49 ] | Grip 1 (1.00) | Phase 5->5 | Ground 0.6cm | Target B | PredXYZ [-0.066 -0.12   0.826] | TrueXYZ [-0.065 -0.115  0.826] | EEF [-0.09  -0.039  0.938] | ObjZ 0.826 | Up 1.00 | Hold 0/0 | Age 3 (4) | Resets 0 | Shield 0
Ep 99 | Step 40/200 | XYZ [ 0.031 -0.026 -0.472] | RPY [ 0.005 -0.013  0.   ] | Grip 1 (1.00) | Phase 6->6 | Ground 0.7cm | Target B | PredXYZ [-0.069 -0.12   0.826] | TrueXYZ [-0.065 -0.115  0.826] | EEF [-0.077 -0.03   0.893] | ObjZ 0.826 | Up 1.00 | Hold 0/0 | Age 0 (1) | Resets 0 | Shield 0
Ep 99 | Step 60/200 | XYZ [ 0.016 -0.    -0.086] | RPY [ 0.     0.002 -0.   ] | Grip 1 (1.00) | Phase 6->6 | Ground 0.9cm | Target B | PredXYZ [-0.074 -0.117  0.826] | TrueXYZ [-0.065 -0.115  0.826] | EEF [-0.075 -0.033  0.834] | ObjZ 0.826 | Up 1.00 | Hold 0/0 | Age 0 (1) | Resets 0 | Shield 0
Ep 99 | Step 80/200 | XYZ [-0.013  0.101  0.005] | RPY [-0.012 -0.008 -0.005] | Grip 1 (1.00) | Phase 8->8 | Ground 1.9cm | Target B | PredXYZ [-0.073 -0.19   0.826] | TrueXYZ [-0.055 -0.186  0.826] | EEF [-0.059 -0.151  0.826] | ObjZ 0.826 | Up 1.00 | Hold 3/3 | Age 2 (3) | Resets 3 | Shield 0
Ep 99 | Step 82/200 | XYZ [-0.01   0.106  0.001] | RPY [-0.02  -0.007 -0.01 ] | Grip 1 (1.00) | Phase 8->8 | Ground 1.7cm | Target B | PredXYZ [-0.068 -0.197  0.826] | TrueXYZ [-0.055 -0.19   0.826] | EEF [-0.061 -0.155  0.826] | ObjZ 0.826 | Up 1.00 | Hold 5/5 | Age 3 (4) | Resets 3 | Shield 0
Episode 99: Clean Success | failure=success | termination=success
Episode 100/120: Pick up the red cube | ensemble=temporal
Ep 100 | Step 1/200 | XYZ [ 0.312 -0.104 -0.444] | RPY [-0.    -0.003 -0.449] | Grip -1 (0.00) | Phase 0->0 | Ground 0.7cm | Target A | PredXYZ [-0.054 -0.009  0.823] | TrueXYZ [-0.061 -0.011  0.821] | EEF [-9.600e-02  1.000e-03  1.011e+00] | ObjZ 0.821 | Up 1.00 | Hold 0/0 | Age 0 (1) | Resets 0 | Shield 0
Ep 100 | Step 20/200 | XYZ [ 0.064 -0.028 -0.093] | RPY [0.004 0.005 0.006] | Grip -1 (0.00) | Phase 0->0 | Ground 0.1cm | Target A | PredXYZ [-0.062 -0.01   0.821] | TrueXYZ [-0.061 -0.011  0.822] | EEF [-0.066  0.001  0.954] | ObjZ 0.822 | Up 1.00 | Hold 0/0 | Age 3 (4) | Resets 0 | Shield 0
Ep 100 | Step 40/200 | XYZ [ 0.019 -0.028 -0.227] | RPY [0.001 0.012 0.002] | Grip -1 (0.00) | Phase 1->1 | Ground 0.4cm | Target A | PredXYZ [-0.065 -0.009  0.821] | TrueXYZ [-0.061 -0.011  0.822] | EEF [-0.064 -0.005  0.847] | ObjZ 0.822 | Up 1.00 | Hold 0/0 | Age 0 (1) | Resets 0 | Shield 0
Ep 100 | Step 60/200 | XYZ [ 0.012 -0.003 -0.039] | RPY [ 0. -0.  0.] | Grip 1 (1.00) | Phase 2->2 | Ground 0.4cm | Target A | PredXYZ [-0.062 -0.006  0.822] | TrueXYZ [-0.061 -0.011  0.822] | EEF [-0.062 -0.007  0.819] | ObjZ 0.822 | Up 1.00 | Hold 0/0 | Age 0 (1) | Resets 0 | Shield 0
Ep 100 | Step 71/200 | XYZ [ 0.008 -0.003  0.557] | RPY [-0.001  0.023 -0.001] | Grip 1 (1.00) | Phase 3->3 | Ground 0.2cm | Target A | PredXYZ [-0.069 -0.012  0.868] | TrueXYZ [-0.068 -0.011  0.874] | EEF [-0.07  -0.01   0.871] | ObjZ 0.874 | Up 1.00 | Hold 5/0 | Age 0 (1) | Resets 2 | Shield 0
Ep 100 | Step 76/200 | XYZ [ 0.009 -0.003  0.43 ] | RPY [-0.002  0.009 -0.001] | Grip 1 (1.00) | Phase 3->3 | Ground 0.5cm | Target A | PredXYZ [-0.072 -0.017  0.898] | TrueXYZ [-0.07  -0.013  0.903] | EEF [-0.072 -0.011  0.9  ] | ObjZ 0.903 | Up 1.00 | Hold 10/5 | Age 0 (1) | Resets 4 | Shield 0
Episode 100: Clean Success | failure=success | termination=success
Scene rejected for ('push', 'C'): Target is too close to the robot reference ray
Scene rejected for ('push', 'C'): Deterministic push path is blocked by a distractor
Episode 101/120: Push the green cylinder away from the robot | ensemble=temporal
Ep 101 | Step 1/200 | XYZ [-0.043 -0.266 -0.585] | RPY [0.003 0.    0.9  ] | Grip 1 (1.00) | Phase 5->5 | Ground 0.7cm | Target C | PredXYZ [-0.121 -0.119  0.823] | TrueXYZ [-0.121 -0.112  0.822] | EEF [-0.104  0.011  1.014] | ObjZ 0.822 | Up 1.00 | Hold 0/0 | Age 0 (1) | Resets 0 | Shield 0
Ep 101 | Step 20/200 | XYZ [ 0.094 -0.182 -0.093] | RPY [-0.042  0.008  0.51 ] | Grip 1 (1.00) | Phase 5->5 | Ground 0.4cm | Target C | PredXYZ [-0.119 -0.114  0.822] | TrueXYZ [-0.121 -0.112  0.822] | EEF [-0.127 -0.021  0.931] | ObjZ 0.822 | Up 1.00 | Hold 0/0 | Age 3 (4) | Resets 0 | Shield 0
Ep 101 | Step 40/200 | XYZ [0.123 0.005 0.021] | RPY [ 0.003  0.006 -0.001] | Grip 1 (1.00) | Phase 5->5 | Ground 0.3cm | Target C | PredXYZ [-0.124 -0.114  0.822] | TrueXYZ [-0.121 -0.112  0.822] | EEF [-0.121 -0.048  0.919] | ObjZ 0.822 | Up 1.00 | Hold 0/0 | Age 3 (4) | Resets 0 | Shield 0
Ep 101 | Step 60/200 | XYZ [ 0.044  0.    -0.454] | RPY [-0.006 -0.014 -0.   ] | Grip 1 (1.00) | Phase 6->6 | Ground 0.8cm | Target C | PredXYZ [-0.122 -0.119  0.822] | TrueXYZ [-0.121 -0.112  0.822] | EEF [-0.092 -0.049  0.878] | ObjZ 0.822 | Up 1.00 | Hold 0/0 | Age 0 (1) | Resets 0 | Shield 0
Ep 101 | Step 80/200 | XYZ [ 0.026  0.008 -0.086] | RPY [-0.001  0.001 -0.002] | Grip 1 (1.00) | Phase 6->6 | Ground 0.1cm | Target C | PredXYZ [-0.122 -0.113  0.822] | TrueXYZ [-0.121 -0.112  0.822] | EEF [-0.088 -0.047  0.824] | ObjZ 0.822 | Up 1.00 | Hold 0/0 | Age 0 (1) | Resets 0 | Shield 0
Ep 101 | Step 100/200 | XYZ [-0.048 -0.48   0.   ] | RPY [0.004 0.007 0.001] | Grip 1 (1.00) | Phase 7->7 | Ground 0.8cm | Target C | PredXYZ [-0.126 -0.161  0.824] | TrueXYZ [-0.129 -0.174  0.823] | EEF [-0.101 -0.134  0.819] | ObjZ 0.823 | Up 1.00 | Hold 0/0 | Age 0 (1) | Resets 3 | Shield 13
Ep 101 | Step 105/200 | XYZ [-0.028 -0.323 -0.016] | RPY [-0.004  0.004 -0.004] | Grip 1 (1.00) | Phase 7->7 | Ground 1.0cm | Target C | PredXYZ [-0.134 -0.185  0.824] | TrueXYZ [-0.132 -0.199  0.823] | EEF [-0.104 -0.159  0.819] | ObjZ 0.823 | Up 1.00 | Hold 5/5 | Age 0 (1) | Resets 3 | Shield 16
Episode 101: Clean Success | failure=success | termination=success
Scene rejected for ('push', 'C'): Deterministic push path is blocked by a distractor
Scene rejected for ('push', 'C'): Deterministic push path is blocked by a distractor
Scene rejected for ('push', 'C'): Deterministic push path is blocked by a distractor
Scene rejected for ('push', 'C'): Deterministic push path is blocked by a distractor
Scene rejected for ('push', 'C'): Deterministic push path is blocked by a distractor
Scene rejected for ('push', 'C'): Deterministic push path is blocked by a distractor
Scene rejected for ('push', 'C'): Target is too close to the robot reference ray
Scene rejected for ('push', 'C'): Deterministic push path is blocked by a distractor
Scene rejected for ('push', 'C'): Deterministic push path is blocked by a distractor
Scene rejected for ('push', 'C'): Deterministic push path is blocked by a distractor
Scene rejected for ('push', 'C'): Deterministic push path is blocked by a distractor
Scene rejected for ('push', 'C'): Deterministic push path is blocked by a distractor
Scene rejected for ('push', 'C'): Deterministic push path is blocked by a distractor
Scene rejected for ('push', 'C'): Deterministic push path is blocked by a distractor
Scene rejected for ('push', 'C'): Deterministic push path is blocked by a distractor
Scene rejected for ('push', 'C'): Target is too close to the robot reference ray
Scene rejected for ('push', 'C'): Deterministic push path is blocked by a distractor
Scene rejected for ('push', 'C'): Deterministic push path is blocked by a distractor
Episode 102/120: Push the green cylinder away from the robot | ensemble=temporal
Ep 102 | Step 1/200 | XYZ [ 0.023 -0.228 -0.607] | RPY [ 0.001  0.005 -0.9  ] | Grip 1 (1.00) | Phase 5->5 | Ground 1.0cm | Target C | PredXYZ [-0.106 -0.136  0.823] | TrueXYZ [-0.098 -0.131  0.822] | EEF [-0.099 -0.02   1.018] | ObjZ 0.822 | Up 1.00 | Hold 0/0 | Age 0 (1) | Resets 0 | Shield 0
Ep 102 | Step 20/200 | XYZ [ 0.059  0.041 -0.108] | RPY [ 0.04  -0.016 -0.658] | Grip 1 (1.00) | Phase 5->5 | Ground 0.5cm | Target C | PredXYZ [-0.097 -0.135  0.822] | TrueXYZ [-0.098 -0.131  0.822] | EEF [-0.107 -0.052  0.937] | ObjZ 0.822 | Up 1.00 | Hold 0/0 | Age 3 (4) | Resets 0 | Shield 0
Ep 102 | Step 40/200 | XYZ [ 0.018 -0.056 -0.234] | RPY [0.003 0.008 0.001] | Grip 1 (1.00) | Phase 6->6 | Ground 0.7cm | Target C | PredXYZ [-0.093 -0.136  0.822] | TrueXYZ [-0.098 -0.131  0.822] | EEF [-0.107 -0.04   0.845] | ObjZ 0.822 | Up 1.00 | Hold 0/0 | Age 0 (1) | Resets 0 | Shield 0
Ep 102 | Step 60/200 | XYZ [ 0.029 -0.712  0.   ] | RPY [0.023 0.002 0.021] | Grip 1 (1.00) | Phase 7->7 | Ground 0.3cm | Target C | PredXYZ [-0.1   -0.133  0.822] | TrueXYZ [-0.098 -0.131  0.822] | EEF [-0.102 -0.074  0.818] | ObjZ 0.822 | Up 1.00 | Hold 0/0 | Age 0 (1) | Resets 0 | Shield 5
Ep 102 | Step 78/200 | XYZ [0.012 0.08  0.006] | RPY [-0.016  0.003 -0.011] | Grip 1 (1.00) | Phase 8->8 | Ground 2.1cm | Target C | PredXYZ [-0.118 -0.206  0.823] | TrueXYZ [-0.098 -0.205  0.822] | EEF [-0.1   -0.167  0.818] | ObjZ 0.822 | Up 1.00 | Hold 5/5 | Age 3 (4) | Resets 3 | Shield 11
Episode 102: Clean Success | failure=success | termination=success
Scene rejected for ('push', 'B'): Deterministic push path is blocked by a distractor
Scene rejected for ('push', 'B'): Deterministic push path is blocked by a distractor
Scene rejected for ('push', 'B'): Target is too close to the robot reference ray
Scene rejected for ('push', 'B'): Deterministic push path leaves the safe workspace
Episode 103/120: Push the blue ball away from the robot | ensemble=temporal
Ep 103 | Step 1/200 | XYZ [-0.03  -0.102 -0.548] | RPY [ 0.003 -0.002  0.9  ] | Grip 1 (1.00) | Phase 5->5 | Ground 1.2cm | Target B | PredXYZ [-0.132  0.065  0.828] | TrueXYZ [-0.124  0.056  0.826] | EEF [-0.108 -0.004  1.013] | ObjZ 0.826 | Up 1.00 | Hold 0/0 | Age 0 (1) | Resets 0 | Shield 0
Ep 103 | Step 20/200 | XYZ [ 0.022 -0.142 -0.126] | RPY [-0.031 -0.011  0.811] | Grip 1 (1.00) | Phase 5->5 | Ground 1.5cm | Target B | PredXYZ [-0.132  0.069  0.826] | TrueXYZ [-0.124  0.056  0.826] | EEF [-0.119 -0.008  0.94 ] | ObjZ 0.826 | Up 1.00 | Hold 0/0 | Age 3 (4) | Resets 0 | Shield 0
Ep 103 | Step 40/200 | XYZ [ 0.01   0.037 -0.217] | RPY [-0.004  0.009 -0.004] | Grip 1 (1.00) | Phase 6->6 | Ground 1.7cm | Target B | PredXYZ [-0.131  0.072  0.826] | TrueXYZ [-0.124  0.056  0.826] | EEF [-0.127 -0.029  0.853] | ObjZ 0.826 | Up 1.00 | Hold 0/0 | Age 0 (1) | Resets 0 | Shield 0
Ep 103 | Step 60/200 | XYZ [ 0.027  0.9   -0.042] | RPY [-0.03  -0.011 -0.028] | Grip 1 (1.00) | Phase 7->7 | Ground 1.6cm | Target B | PredXYZ [-0.123  0.072  0.826] | TrueXYZ [-0.124  0.06   0.824] | EEF [-0.113  0.027  0.832] | ObjZ 0.824 | Up 1.00 | Hold 0/0 | Age 0 (1) | Resets 0 | Shield 0
Ep 103 | Step 80/200 | XYZ [-0.007  0.003  0.263] | RPY [0.01  0.018 0.009] | Grip 1 (1.00) | Phase 9->9 | Ground 1.6cm | Target B | PredXYZ [-0.116  0.106  0.826] | TrueXYZ [-0.115  0.09   0.826] | EEF [-0.087  0.115  0.887] | ObjZ 0.826 | Up 1.00 | Hold 0/0 | Age 0 (1) | Resets 7 | Shield 0
Ep 103 | Step 100/200 | XYZ [-0.08  -0.458  0.064] | RPY [0.013 0.006 0.013] | Grip 1 (1.00) | Phase 9->9 | Ground 1.3cm | Target B | PredXYZ [-0.12   0.102  0.826] | TrueXYZ [-0.115  0.09   0.826] | EEF [-0.102  0.078  0.917] | ObjZ 0.826 | Up 1.00 | Hold 0/0 | Age 0 (1) | Resets 7 | Shield 0
Ep 103 | Step 120/200 | XYZ [-0.042 -0.062 -0.539] | RPY [-0.011 -0.023 -0.001] | Grip 1 (1.00) | Phase 6->6 | Ground 1.4cm | Target B | PredXYZ [-0.122  0.102  0.826] | TrueXYZ [-0.115  0.09   0.826] | EEF [-0.113  0.013  0.906] | ObjZ 0.826 | Up 1.00 | Hold 0/0 | Age 0 (1) | Resets 7 | Shield 0
Ep 103 | Step 140/200 | XYZ [ 0.01   0.008 -0.1  ] | RPY [0.    0.006 0.001] | Grip 1 (1.00) | Phase 6->6 | Ground 1.0cm | Target B | PredXYZ [-0.116  0.1    0.826] | TrueXYZ [-0.115  0.09   0.826] | EEF [-0.121  0.011  0.837] | ObjZ 0.826 | Up 1.00 | Hold 0/0 | Age 0 (1) | Resets 7 | Shield 0
Ep 103 | Step 160/200 | XYZ [ 0.014  0.746 -0.059] | RPY [-0.016 -0.004 -0.019] | Grip 1 (1.00) | Phase 7->7 | Ground 2.7cm | Target B | PredXYZ [-0.127  0.136  0.824] | TrueXYZ [-0.108  0.12   0.826] | EEF [-0.069  0.115  0.846] | ObjZ 0.826 | Up 1.00 | Hold 0/0 | Age 0 (1) | Resets 10 | Shield 0
Ep 103 | Step 180/200 | XYZ [-0.005  0.002  0.184] | RPY [0.002 0.012 0.006] | Grip 1 (1.00) | Phase 9->9 | Ground 5.0cm | Target B | PredXYZ [-0.111  0.172  0.826] | TrueXYZ [-0.107  0.122  0.826] | EEF [-0.086  0.15   0.899] | ObjZ 0.826 | Up 1.00 | Hold 0/0 | Age 0 (1) | Resets 12 | Shield 0
Ep 103 | Step 200/200 | XYZ [-0.059 -0.313  0.076] | RPY [-0.001  0.013  0.003] | Grip 1 (1.00) | Phase 9->9 | Ground 1.1cm | Target B | PredXYZ [-0.113  0.131  0.826] | TrueXYZ [-0.107  0.122  0.826] | EEF [-0.107  0.08   0.921] | ObjZ 0.826 | Up 1.00 | Hold 0/0 | Age 0 (1) | Resets 15 | Shield 0
Episode 103: Fail | failure=wrong_object_contact | termination=horizon
Episode 104/120: Pick up the red cube | ensemble=temporal
Ep 104 | Step 1/200 | XYZ [ 0.011  0.433 -0.416] | RPY [-0.001 -0.003 -0.9  ] | Grip -1 (0.00) | Phase 0->0 | Ground 0.8cm | Target A | PredXYZ [-0.104  0.071  0.823] | TrueXYZ [-0.098  0.067  0.821] | EEF [-0.108 -0.009  1.006] | ObjZ 0.821 | Up 1.00 | Hold 0/0 | Age 0 (1) | Resets 0 | Shield 0
Ep 104 | Step 20/200 | XYZ [ 0.07   0.095 -0.067] | RPY [0.009 0.027 0.005] | Grip -1 (0.00) | Phase 0->0 | Ground 0.7cm | Target A | PredXYZ [-0.097  0.073  0.821] | TrueXYZ [-0.098  0.067  0.822] | EEF [-0.11   0.053  0.948] | ObjZ 0.822 | Up 1.00 | Hold 0/0 | Age 3 (4) | Resets 0 | Shield 0
Ep 104 | Step 40/200 | XYZ [ 0.039  0.007 -0.246] | RPY [0.006 0.02  0.004] | Grip -1 (0.00) | Phase 1->1 | Ground 0.1cm | Target A | PredXYZ [-0.098  0.067  0.821] | TrueXYZ [-0.098  0.067  0.822] | EEF [-0.111  0.066  0.846] | ObjZ 0.822 | Up 1.00 | Hold 0/0 | Age 0 (1) | Resets 0 | Shield 0
Ep 104 | Step 60/200 | XYZ [ 0.058 -0.013 -0.034] | RPY [0.    0.004 0.001] | Grip 1 (0.97) | Phase 2->2 | Ground 0.5cm | Target A | PredXYZ [-0.095  0.062  0.821] | TrueXYZ [-0.098  0.067  0.822] | EEF [-0.107  0.072  0.814] | ObjZ 0.822 | Up 1.00 | Hold 0/0 | Age 0 (1) | Resets 0 | Shield 0
Ep 104 | Step 74/200 | XYZ [ 0.023 -0.007  0.595] | RPY [-0.011  0.031 -0.004] | Grip 1 (1.00) | Phase 3->3 | Ground 2.7cm | Target A | PredXYZ [-0.127  0.059  0.849] | TrueXYZ [-0.105  0.061  0.869] | EEF [-0.114  0.066  0.86 ] | ObjZ 0.869 | Up 1.00 | Hold 5/0 | Age 0 (1) | Resets 5 | Shield 0
Ep 104 | Step 80/200 | XYZ [ 0.022 -0.006  0.432] | RPY [-0.009  0.014 -0.007] | Grip 1 (1.00) | Phase 3->3 | Ground 1.4cm | Target A | PredXYZ [-0.102  0.065  0.908] | TrueXYZ [-0.107  0.055  0.904] | EEF [-0.116  0.061  0.895] | ObjZ 0.904 | Up 1.00 | Hold 11/5 | Age 0 (1) | Resets 10 | Shield 0
Episode 104: Clean Success | failure=success | termination=success
Episode 105/120: Pick up the blue ball | ensemble=temporal
Ep 105 | Step 1/200 | XYZ [ 0.618 -0.127 -0.418] | RPY [0. 0. 0.] | Grip -1 (0.00) | Phase 0->0 | Ground 0.6cm | Target B | PredXYZ [-0.009 -0.023  0.828] | TrueXYZ [-0.006 -0.029  0.826] | EEF [-0.103 -0.006  1.013] | ObjZ 0.826 | Up 1.00 | Hold 0/0 | Age 0 (1) | Resets 0 | Shield 0
Ep 105 | Step 20/200 | XYZ [ 0.146 -0.043 -0.083] | RPY [ 0.    -0.003  0.001] | Grip -1 (0.00) | Phase 0->0 | Ground 0.6cm | Target B | PredXYZ [-0.011 -0.026  0.826] | TrueXYZ [-0.006 -0.029  0.826] | EEF [-0.031 -0.023  0.961] | ObjZ 0.826 | Up 1.00 | Hold 0/0 | Age 3 (4) | Resets 0 | Shield 0
Ep 105 | Step 40/200 | XYZ [ 0.038 -0.018 -0.336] | RPY [0.001 0.003 0.001] | Grip -1 (0.00) | Phase 1->1 | Ground 0.6cm | Target B | PredXYZ [-0.011 -0.033  0.826] | TrueXYZ [-0.006 -0.029  0.826] | EEF [-0.013 -0.027  0.869] | ObjZ 0.826 | Up 1.00 | Hold 0/0 | Age 0 (1) | Resets 0 | Shield 0
Ep 105 | Step 60/200 | XYZ [ 0.014  0.002 -0.06 ] | RPY [-0.    -0.001 -0.   ] | Grip -1 (0.06) | Phase 1->1 | Ground 0.3cm | Target B | PredXYZ [-0.01  -0.029  0.826] | TrueXYZ [-0.006 -0.029  0.826] | EEF [-0.009 -0.03   0.828] | ObjZ 0.826 | Up 1.00 | Hold 0/0 | Age 0 (1) | Resets 0 | Shield 0
Ep 105 | Step 75/200 | XYZ [ 0.008 -0.002  0.562] | RPY [-0.     0.014  0.   ] | Grip 1 (1.00) | Phase 3->3 | Ground 1.4cm | Target B | PredXYZ [ 0.002 -0.035  0.872] | TrueXYZ [-0.009 -0.029  0.872] | EEF [-0.011 -0.03   0.872] | ObjZ 0.872 | Up 1.00 | Hold 5/0 | Age 0 (1) | Resets 1 | Shield 0
Ep 105 | Step 80/200 | XYZ [ 0.009 -0.002  0.432] | RPY [-0.     0.007 -0.   ] | Grip 1 (1.00) | Phase 3->3 | Ground 1.4cm | Target B | PredXYZ [-0.002 -0.04   0.898] | TrueXYZ [-0.01  -0.029  0.901] | EEF [-0.012 -0.03   0.901] | ObjZ 0.901 | Up 1.00 | Hold 10/4 | Age 0 (1) | Resets 1 | Shield 0
Ep 105 | Step 81/200 | XYZ [ 0.009 -0.002  0.408] | RPY [-0.     0.006 -0.   ] | Grip 1 (1.00) | Phase 3->3 | Ground 1.7cm | Target B | PredXYZ [ 0.002 -0.035  0.91 ] | TrueXYZ [-0.01  -0.029  0.906] | EEF [-0.012 -0.03   0.906] | ObjZ 0.906 | Up 1.00 | Hold 11/5 | Age 0 (1) | Resets 2 | Shield 0
Episode 105: Clean Success | failure=success | termination=success
Episode 106/120: Pick up the red cube | ensemble=temporal
Ep 106 | Step 1/200 | XYZ [ 0.9   -0.814 -0.556] | RPY [-0.     0.    -0.514] | Grip -1 (0.00) | Phase 0->0 | Ground 0.7cm | Target A | PredXYZ [ 0.113 -0.114  0.824] | TrueXYZ [ 0.109 -0.119  0.821] | EEF [-0.071 -0.003  1.03 ] | ObjZ 0.821 | Up 1.00 | Hold 0/0 | Age 0 (1) | Resets 0 | Shield 0
Ep 106 | Step 20/200 | XYZ [ 0.357 -0.189 -0.092] | RPY [ 0.025 -0.007 -0.029] | Grip -1 (0.00) | Phase 0->0 | Ground 0.6cm | Target A | PredXYZ [ 0.113 -0.115  0.822] | TrueXYZ [ 0.109 -0.119  0.822] | EEF [ 0.073 -0.075  0.956] | ObjZ 0.822 | Up 1.00 | Hold 0/0 | Age 3 (4) | Resets 0 | Shield 0
Ep 106 | Step 40/200 | XYZ [ 0.063 -0.061 -0.225] | RPY [-0.    -0.003 -0.   ] | Grip -1 (0.00) | Phase 1->1 | Ground 0.7cm | Target A | PredXYZ [ 0.116 -0.118  0.822] | TrueXYZ [ 0.109 -0.119  0.822] | EEF [ 0.12  -0.103  0.944] | ObjZ 0.822 | Up 1.00 | Hold 0/0 | Age 0 (1) | Resets 0 | Shield 0
Ep 106 | Step 60/200 | XYZ [-0.018 -0.043 -0.188] | RPY [ 0.001 -0.     0.002] | Grip -1 (0.00) | Phase 1->1 | Ground 4.8cm | Target A | PredXYZ [ 0.136 -0.121  0.862] | TrueXYZ [ 0.109 -0.119  0.822] | EEF [ 0.12  -0.121  0.837] | ObjZ 0.822 | Up 1.00 | Hold 0/0 | Age 0 (1) | Resets 3 | Shield 0
Ep 106 | Step 80/200 | XYZ [-0.001 -0.003  0.753] | RPY [-0.    -0.005  0.002] | Grip 1 (1.00) | Phase 3->3 | Ground 1.8cm | Target A | PredXYZ [ 0.114 -0.136  0.824] | TrueXYZ [ 0.11  -0.119  0.829] | EEF [ 0.117 -0.125  0.826] | ObjZ 0.829 | Up 1.00 | Hold 0/0 | Age 0 (1) | Resets 4 | Shield 0
Ep 106 | Step 86/200 | XYZ [-0.002 -0.001  0.548] | RPY [-0.002 -0.003  0.001] | Grip 1 (1.00) | Phase 3->3 | Ground 1.2cm | Target A | PredXYZ [ 0.111 -0.131  0.87 ] | TrueXYZ [ 0.11  -0.119  0.875] | EEF [ 0.117 -0.125  0.873] | ObjZ 0.875 | Up 1.00 | Hold 5/0 | Age 0 (1) | Resets 7 | Shield 0
Ep 106 | Step 91/200 | XYZ [-0.002 -0.002  0.421] | RPY [-0.001  0.006 -0.   ] | Grip 1 (1.00) | Phase 3->3 | Ground 1.5cm | Target A | PredXYZ [ 0.098 -0.129  0.893] | TrueXYZ [ 0.108 -0.12   0.903] | EEF [ 0.115 -0.125  0.901] | ObjZ 0.903 | Up 1.00 | Hold 10/5 | Age 0 (1) | Resets 8 | Shield 0
Episode 106: Clean Success | failure=success | termination=success
Scene rejected for ('push', 'B'): Deterministic push path is blocked by a distractor
Scene rejected for ('push', 'B'): Deterministic push path is blocked by a distractor
Scene rejected for ('push', 'B'): Deterministic push path is blocked by a distractor
Episode 107/120: Push the blue ball away from the robot | ensemble=temporal
Ep 107 | Step 1/200 | XYZ [ 0.812  0.479 -0.635] | RPY [ 0.    -0.002  0.9  ] | Grip 1 (1.00) | Phase 5->5 | Ground 0.4cm | Target B | PredXYZ [0.107 0.108 0.828] | TrueXYZ [0.103 0.107 0.826] | EEF [-0.088 -0.004  1.027] | ObjZ 0.826 | Up 1.00 | Hold 0/0 | Age 0 (1) | Resets 0 | Shield 0
Ep 107 | Step 20/200 | XYZ [ 0.2    0.163 -0.133] | RPY [-0.016  0.002 -0.001] | Grip 1 (1.00) | Phase 5->5 | Ground 0.8cm | Target B | PredXYZ [0.109 0.112 0.826] | TrueXYZ [0.103 0.107 0.826] | EEF [0.01  0.044 0.943] | ObjZ 0.826 | Up 1.00 | Hold 0/0 | Age 3 (4) | Resets 0 | Shield 0
Ep 107 | Step 40/200 | XYZ [-0.     0.025 -0.407] | RPY [-0.    -0.007  0.   ] | Grip 1 (1.00) | Phase 6->6 | Ground 0.7cm | Target B | PredXYZ [0.11  0.108 0.826] | TrueXYZ [0.103 0.107 0.826] | EEF [0.034 0.065 0.883] | ObjZ 0.826 | Up 1.00 | Hold 0/0 | Age 0 (1) | Resets 0 | Shield 0
Ep 107 | Step 60/200 | XYZ [ 0.005  0.015 -0.078] | RPY [-0.001 -0.    -0.002] | Grip 1 (1.00) | Phase 6->6 | Ground 0.5cm | Target B | PredXYZ [0.106 0.111 0.826] | TrueXYZ [0.103 0.107 0.826] | EEF [0.032 0.069 0.833] | ObjZ 0.826 | Up 1.00 | Hold 0/0 | Age 0 (1) | Resets 0 | Shield 0
Ep 107 | Step 78/200 | XYZ [-0.104 -0.059 -0.015] | RPY [ 0.018 -0.036  0.006] | Grip 1 (1.00) | Phase 8->8 | Ground 0.8cm | Target B | PredXYZ [0.186 0.16  0.826] | TrueXYZ [0.186 0.153 0.826] | EEF [0.151 0.144 0.824] | ObjZ 0.826 | Up 1.00 | Hold 5/5 | Age 3 (4) | Resets 5 | Shield 1
Episode 107: Clean Success | failure=success | termination=success
Scene rejected for ('push', 'A'): Deterministic push path is blocked by a distractor
Scene rejected for ('push', 'A'): Deterministic push path is blocked by a distractor
Scene rejected for ('push', 'A'): Deterministic push path is blocked by a distractor
Episode 108/120: Push the red cube away from the robot | ensemble=temporal
Ep 108 | Step 1/200 | XYZ [ 0.522  0.304 -0.534] | RPY [-0.003  0.001  0.9  ] | Grip 1 (1.00) | Phase 5->5 | Ground 0.4cm | Target A | PredXYZ [0.071 0.097 0.823] | TrueXYZ [0.07  0.093 0.821] | EEF [-0.079  0.011  1.006] | ObjZ 0.821 | Up 1.00 | Hold 0/0 | Age 0 (1) | Resets 0 | Shield 0
Ep 108 | Step 20/200 | XYZ [ 0.132  0.106 -0.106] | RPY [-0.011  0.001 -0.006] | Grip 1 (1.00) | Phase 5->5 | Ground 0.6cm | Target A | PredXYZ [0.067 0.098 0.822] | TrueXYZ [0.07  0.093 0.822] | EEF [-0.019  0.039  0.938] | ObjZ 0.822 | Up 1.00 | Hold 0/0 | Age 3 (4) | Resets 0 | Shield 0
Ep 108 | Step 40/200 | XYZ [ 0.005  0.008 -0.313] | RPY [-0.001 -0.    -0.002] | Grip 1 (1.00) | Phase 6->6 | Ground 0.7cm | Target A | PredXYZ [0.075 0.098 0.821] | TrueXYZ [0.07  0.093 0.822] | EEF [-0.004  0.05   0.863] | ObjZ 0.822 | Up 1.00 | Hold 0/0 | Age 0 (1) | Resets 0 | Shield 0
Ep 108 | Step 60/200 | XYZ [ 0.683  0.386 -0.03 ] | RPY [-0.004  0.011 -0.002] | Grip 1 (1.00) | Phase 7->7 | Ground 0.9cm | Target A | PredXYZ [0.075 0.101 0.822] | TrueXYZ [0.07  0.093 0.822] | EEF [0.005 0.056 0.824] | ObjZ 0.822 | Up 1.00 | Hold 0/0 | Age 0 (1) | Resets 0 | Shield 0
Ep 108 | Step 80/200 | XYZ [ 0.355  0.208 -0.004] | RPY [ 0.003 -0.004  0.002] | Grip 1 (1.00) | Phase 7->7 | Ground 0.5cm | Target A | PredXYZ [0.14  0.133 0.822] | TrueXYZ [0.14  0.134 0.822] | EEF [0.114 0.115 0.819] | ObjZ 0.822 | Up 1.00 | Hold 4/4 | Age 0 (1) | Resets 0 | Shield 10
Ep 108 | Step 81/200 | XYZ [ 0.343  0.204 -0.004] | RPY [ 0.003 -0.004  0.002] | Grip 1 (1.00) | Phase 7->7 | Ground 0.4cm | Target A | PredXYZ [0.144 0.136 0.822] | TrueXYZ [0.144 0.136 0.822] | EEF [0.118 0.118 0.819] | ObjZ 0.822 | Up 1.00 | Hold 5/5 | Age 0 (1) | Resets 0 | Shield 10
Episode 108: Clean Success | failure=success | termination=success
Scene rejected for ('push', 'C'): Deterministic push path is blocked by a distractor
Scene rejected for ('push', 'C'): Deterministic push path is blocked by a distractor
Scene rejected for ('push', 'C'): Deterministic push path is blocked by a distractor
Scene rejected for ('push', 'C'): Deterministic push path is blocked by a distractor
Scene rejected for ('push', 'C'): Target is too close to the robot reference ray
Scene rejected for ('push', 'C'): Deterministic push path is blocked by a distractor
Scene rejected for ('push', 'C'): Deterministic push path is blocked by a distractor
Scene rejected for ('push', 'C'): Deterministic push path is blocked by a distractor
Scene rejected for ('push', 'C'): Deterministic push path is blocked by a distractor
Scene rejected for ('push', 'C'): Deterministic push path is blocked by a distractor
Scene rejected for ('push', 'C'): Deterministic push path is blocked by a distractor
Scene rejected for ('push', 'C'): Target is too close to the robot reference ray
Scene rejected for ('push', 'C'): Deterministic push path is blocked by a distractor
Scene rejected for ('push', 'C'): Deterministic push path is blocked by a distractor
Scene rejected for ('push', 'C'): Target is too close to the robot reference ray
Scene rejected for ('push', 'C'): Deterministic push path is blocked by a distractor
Scene rejected for ('push', 'C'): Deterministic push path is blocked by a distractor
Scene rejected for ('push', 'C'): Deterministic push path is blocked by a distractor
Scene rejected for ('push', 'C'): Deterministic push path is blocked by a distractor
Scene rejected for ('push', 'C'): Deterministic push path is blocked by a distractor
Scene rejected for ('push', 'C'): Deterministic push path is blocked by a distractor
Scene rejected for ('push', 'C'): Deterministic push path is blocked by a distractor
Scene rejected for ('push', 'C'): Deterministic push path is blocked by a distractor
Scene rejected for ('push', 'C'): Deterministic push path is blocked by a distractor
Scene rejected for ('push', 'C'): Deterministic push path is blocked by a distractor
Scene rejected for ('push', 'C'): Deterministic push path is blocked by a distractor
Scene rejected for ('push', 'C'): Deterministic push path is blocked by a distractor
Episode 109/120: Push the green cylinder away from the robot | ensemble=temporal
Ep 109 | Step 1/200 | XYZ [-0.044 -0.23  -0.509] | RPY [ 0.004 -0.001  0.9  ] | Grip 1 (1.00) | Phase 5->5 | Ground 1.0cm | Target C | PredXYZ [-0.106  0.043  0.823] | TrueXYZ [-0.097  0.047  0.822] | EEF [-1.000e-01  1.000e-03  1.002e+00] | ObjZ 0.822 | Up 1.00 | Hold 0/0 | Age 0 (1) | Resets 0 | Shield 0
Ep 109 | Step 20/200 | XYZ [ 0.052 -0.139 -0.092] | RPY [-0.035 -0.004  0.59 ] | Grip 1 (1.00) | Phase 5->5 | Ground 1.0cm | Target C | PredXYZ [-0.105  0.04   0.821] | TrueXYZ [-0.097  0.047  0.822] | EEF [-0.116 -0.018  0.931] | ObjZ 0.822 | Up 1.00 | Hold 0/0 | Age 3 (4) | Resets 0 | Shield 0
Ep 109 | Step 40/200 | XYZ [ 0.074  0.028 -0.22 ] | RPY [-0.003  0.012 -0.004] | Grip 1 (1.00) | Phase 6->6 | Ground 0.4cm | Target C | PredXYZ [-0.095  0.049  0.822] | TrueXYZ [-0.097  0.047  0.822] | EEF [-0.113 -0.043  0.842] | ObjZ 0.822 | Up 1.00 | Hold 0/0 | Age 0 (1) | Resets 0 | Shield 0
Ep 109 | Step 60/200 | XYZ [0.042 0.725 0.   ] | RPY [-0.023 -0.    -0.021] | Grip 1 (1.00) | Phase 7->7 | Ground 0.1cm | Target C | PredXYZ [-0.098  0.047  0.822] | TrueXYZ [-0.097  0.047  0.822] | EEF [-0.101 -0.011  0.819] | ObjZ 0.822 | Up 1.00 | Hold 0/0 | Age 0 (1) | Resets 0 | Shield 4
Ep 109 | Step 78/200 | XYZ [0.035 0.374 0.   ] | RPY [0.003 0.    0.002] | Grip 1 (1.00) | Phase 7->7 | Ground 1.0cm | Target C | PredXYZ [-0.094  0.137  0.822] | TrueXYZ [-0.086  0.137  0.823] | EEF [-0.095  0.1    0.818] | ObjZ 0.823 | Up 1.00 | Hold 5/5 | Age 0 (1) | Resets 1 | Shield 11
Episode 109: Clean Success | failure=success | termination=success
Episode 110/120: Pick up the blue ball | ensemble=temporal
Ep 110 | Step 1/200 | XYZ [-0.027  0.69  -0.481] | RPY [ 0.001 -0.002 -0.002] | Grip -1 (0.00) | Phase 0->0 | Ground 1.0cm | Target B | PredXYZ [-0.104  0.122  0.828] | TrueXYZ [-0.095  0.117  0.826] | EEF [-0.101  0.011  1.022] | ObjZ 0.826 | Up 1.00 | Hold 0/0 | Age 0 (1) | Resets 0 | Shield 0
Ep 110 | Step 20/200 | XYZ [ 0.019  0.172 -0.108] | RPY [0.002 0.007 0.004] | Grip -1 (0.00) | Phase 0->0 | Ground 0.7cm | Target B | PredXYZ [-0.102  0.119  0.826] | TrueXYZ [-0.095  0.117  0.826] | EEF [-0.103  0.095  0.962] | ObjZ 0.826 | Up 1.00 | Hold 0/0 | Age 3 (4) | Resets 0 | Shield 0
Ep 110 | Step 40/200 | XYZ [ 0.041  0.003 -0.307] | RPY [0.006 0.017 0.007] | Grip -1 (0.00) | Phase 1->1 | Ground 0.3cm | Target B | PredXYZ [-0.098  0.116  0.826] | TrueXYZ [-0.095  0.117  0.826] | EEF [-0.106  0.117  0.861] | ObjZ 0.826 | Up 1.00 | Hold 0/0 | Age 0 (1) | Resets 0 | Shield 0
Ep 110 | Step 60/200 | XYZ [ 0.051 -0.035 -0.048] | RPY [0.001 0.005 0.004] | Grip -1 (0.00) | Phase 1->1 | Ground 0.8cm | Target B | PredXYZ [-0.103  0.118  0.826] | TrueXYZ [-0.095  0.117  0.826] | EEF [-0.107  0.122  0.822] | ObjZ 0.826 | Up 1.00 | Hold 0/0 | Age 0 (1) | Resets 0 | Shield 0
Ep 110 | Step 79/200 | XYZ [ 0.018 -0.003  0.572] | RPY [-0.009  0.028 -0.002] | Grip 1 (1.00) | Phase 3->3 | Ground 0.5cm | Target B | PredXYZ [-0.104  0.116  0.864] | TrueXYZ [-0.101  0.111  0.872] | EEF [-0.11   0.113  0.865] | ObjZ 0.872 | Up 1.00 | Hold 5/0 | Age 0 (1) | Resets 3 | Shield 0
Ep 110 | Step 80/200 | XYZ [ 0.019 -0.003  0.548] | RPY [-0.009  0.025 -0.003] | Grip 1 (1.00) | Phase 3->3 | Ground 1.5cm | Target B | PredXYZ [-0.112  0.114  0.862] | TrueXYZ [-0.102  0.111  0.879] | EEF [-0.11   0.113  0.872] | ObjZ 0.879 | Up 1.00 | Hold 6/0 | Age 0 (1) | Resets 3 | Shield 0
Ep 110 | Step 85/200 | XYZ [ 0.019 -0.004  0.428] | RPY [-0.007  0.01  -0.004] | Grip 1 (1.00) | Phase 3->3 | Ground 1.2cm | Target B | PredXYZ [-0.114  0.108  0.899] | TrueXYZ [-0.102  0.107  0.907] | EEF [-0.111  0.109  0.9  ] | ObjZ 0.907 | Up 1.00 | Hold 11/5 | Age 0 (1) | Resets 7 | Shield 0
Episode 110: Clean Success | failure=success | termination=success
Episode 111/120: Pick up the red cube | ensemble=temporal
Ep 111 | Step 1/200 | XYZ [ 0.9    0.624 -0.523] | RPY [-0.001  0.    -0.543] | Grip -1 (0.00) | Phase 0->0 | Ground 0.4cm | Target A | PredXYZ [0.089 0.102 0.824] | TrueXYZ [0.085 0.103 0.821] | EEF [-0.081  0.006  1.019] | ObjZ 0.821 | Up 1.00 | Hold 0/0 | Age 0 (1) | Resets 0 | Shield 0
Ep 111 | Step 20/200 | XYZ [ 0.315  0.086 -0.07 ] | RPY [0.014 0.003 0.012] | Grip -1 (0.00) | Phase 0->0 | Ground 0.4cm | Target A | PredXYZ [0.084 0.099 0.822] | TrueXYZ [0.085 0.103 0.822] | EEF [0.045 0.097 0.95 ] | ObjZ 0.822 | Up 1.00 | Hold 0/0 | Age 3 (4) | Resets 0 | Shield 0
Ep 111 | Step 40/200 | XYZ [ 0.036 -0.003 -0.493] | RPY [-0.    -0.007 -0.002] | Grip -1 (0.00) | Phase 1->1 | Ground 0.5cm | Target A | PredXYZ [0.09  0.105 0.822] | TrueXYZ [0.085 0.103 0.822] | EEF [0.084 0.105 0.887] | ObjZ 0.822 | Up 1.00 | Hold 0/0 | Age 0 (1) | Resets 0 | Shield 0
Ep 111 | Step 60/200 | XYZ [ 0.006 -0.009 -0.092] | RPY [ 0.001 -0.     0.001] | Grip -1 (0.00) | Phase 1->1 | Ground 0.8cm | Target A | PredXYZ [0.09  0.109 0.822] | TrueXYZ [0.085 0.103 0.822] | EEF [0.086 0.105 0.827] | ObjZ 0.822 | Up 1.00 | Hold 0/0 | Age 0 (1) | Resets 0 | Shield 0
Ep 111 | Step 79/200 | XYZ [ 0.004 -0.001  0.551] | RPY [0.001 0.002 0.002] | Grip 1 (1.00) | Phase 3->3 | Ground 1.5cm | Target A | PredXYZ [0.095 0.1   0.877] | TrueXYZ [0.084 0.104 0.874] | EEF [0.085 0.105 0.873] | ObjZ 0.874 | Up 1.00 | Hold 5/0 | Age 0 (1) | Resets 2 | Shield 0
Ep 111 | Step 80/200 | XYZ [ 0.004 -0.001  0.523] | RPY [0.001 0.004 0.002] | Grip 1 (1.00) | Phase 3->3 | Ground 1.1cm | Target A | PredXYZ [0.09  0.104 0.883] | TrueXYZ [0.084 0.104 0.88 ] | EEF [0.085 0.105 0.879] | ObjZ 0.880 | Up 1.00 | Hold 6/1 | Age 0 (1) | Resets 2 | Shield 0
Ep 111 | Step 84/200 | XYZ [ 0.004 -0.002  0.429] | RPY [0.    0.006 0.002] | Grip 1 (1.00) | Phase 3->3 | Ground 0.2cm | Target A | PredXYZ [0.082 0.105 0.899] | TrueXYZ [0.082 0.104 0.902] | EEF [0.084 0.105 0.901] | ObjZ 0.902 | Up 1.00 | Hold 10/5 | Age 0 (1) | Resets 2 | Shield 0
Episode 111: Clean Success | failure=success | termination=success
Episode 112/120: Pick up the red cube | ensemble=temporal
Ep 112 | Step 1/200 | XYZ [ 0.9   -0.297 -0.406] | RPY [ 0.005 -0.002 -0.9  ] | Grip -1 (0.00) | Phase 0->0 | Ground 0.3cm | Target A | PredXYZ [ 0.108 -0.026  0.824] | TrueXYZ [ 0.105 -0.025  0.821] | EEF [-0.104  0.006  1.006] | ObjZ 0.821 | Up 1.00 | Hold 0/0 | Age 0 (1) | Resets 0 | Shield 0
Ep 112 | Step 20/200 | XYZ [ 0.378 -0.087 -0.073] | RPY [ 0.016 -0.009 -0.004] | Grip -1 (0.00) | Phase 0->0 | Ground 0.1cm | Target A | PredXYZ [ 0.105 -0.025  0.822] | TrueXYZ [ 0.105 -0.025  0.822] | EEF [ 0.047 -0.015  0.952] | ObjZ 0.822 | Up 1.00 | Hold 0/0 | Age 3 (4) | Resets 0 | Shield 0
Ep 112 | Step 40/200 | XYZ [ 0.052 -0.009 -0.638] | RPY [ 0.001 -0.006 -0.001] | Grip -1 (0.00) | Phase 1->1 | Ground 0.4cm | Target A | PredXYZ [ 0.104 -0.029  0.822] | TrueXYZ [ 0.105 -0.025  0.822] | EEF [ 0.095 -0.025  0.907] | ObjZ 0.822 | Up 1.00 | Hold 0/0 | Age 0 (1) | Resets 0 | Shield 0
Ep 112 | Step 60/200 | XYZ [ 0.019 -0.003 -0.13 ] | RPY [ 0.    -0.002 -0.   ] | Grip -1 (0.00) | Phase 1->1 | Ground 0.5cm | Target A | PredXYZ [ 0.107 -0.021  0.826] | TrueXYZ [ 0.105 -0.025  0.822] | EEF [ 0.101 -0.025  0.829] | ObjZ 0.822 | Up 1.00 | Hold 0/0 | Age 0 (1) | Resets 0 | Shield 0
Ep 112 | Step 80/200 | XYZ [ 0.002 -0.003  0.692] | RPY [ 0.    -0.009  0.002] | Grip 1 (1.00) | Phase 3->3 | Ground 1.6cm | Target A | PredXYZ [ 0.116 -0.021  0.847] | TrueXYZ [ 0.106 -0.025  0.844] | EEF [ 0.105 -0.024  0.839] | ObjZ 0.844 | Up 1.00 | Hold 1/0 | Age 0 (1) | Resets 1 | Shield 0
Ep 112 | Step 84/200 | XYZ [ 0.002 -0.002  0.565] | RPY [-0.001 -0.003  0.001] | Grip 1 (1.00) | Phase 3->3 | Ground 0.9cm | Target A | PredXYZ [ 0.111 -0.024  0.875] | TrueXYZ [ 0.106 -0.025  0.874] | EEF [ 0.105 -0.024  0.869] | ObjZ 0.874 | Up 1.00 | Hold 5/0 | Age 0 (1) | Resets 2 | Shield 0
Ep 112 | Step 89/200 | XYZ [ 0.003 -0.003  0.44 ] | RPY [-0.001  0.005  0.001] | Grip 1 (1.00) | Phase 3->3 | Ground 1.1cm | Target A | PredXYZ [ 0.097 -0.02   0.892] | TrueXYZ [ 0.104 -0.025  0.903] | EEF [ 0.103 -0.024  0.898] | ObjZ 0.903 | Up 1.00 | Hold 10/5 | Age 0 (1) | Resets 2 | Shield 0
Episode 112: Clean Success | failure=success | termination=success
Episode 113/120: Pick up the green cylinder | ensemble=temporal
Ep 113 | Step 1/200 | XYZ [ 0.9    0.491 -0.483] | RPY [-0.001 -0.    -0.002] | Grip -1 (0.00) | Phase 0->0 | Ground 0.4cm | Target C | PredXYZ [0.117 0.084 0.824] | TrueXYZ [0.113 0.085 0.822] | EEF [-9.800e-02  1.000e-03  1.021e+00] | ObjZ 0.822 | Up 1.00 | Hold 0/0 | Age 0 (1) | Resets 0 | Shield 0
Ep 113 | Step 20/200 | XYZ [ 0.382  0.1   -0.085] | RPY [ 0.007 -0.004  0.006] | Grip -1 (0.00) | Phase 0->0 | Ground 0.2cm | Target C | PredXYZ [0.112 0.083 0.822] | TrueXYZ [0.113 0.085 0.822] | EEF [0.057 0.069 0.956] | ObjZ 0.822 | Up 1.00 | Hold 0/0 | Age 3 (4) | Resets 0 | Shield 0
Ep 113 | Step 40/200 | XYZ [ 0.067  0.018 -0.648] | RPY [-0.001 -0.005 -0.001] | Grip -1 (0.00) | Phase 1->1 | Ground 0.1cm | Target C | PredXYZ [0.113 0.083 0.822] | TrueXYZ [0.113 0.085 0.822] | EEF [0.105 0.081 0.91 ] | ObjZ 0.822 | Up 1.00 | Hold 0/0 | Age 0 (1) | Resets 0 | Shield 0
Ep 113 | Step 60/200 | XYZ [ 0.01   0.001 -0.125] | RPY [ 0.001 -0.002  0.   ] | Grip -1 (0.00) | Phase 1->1 | Ground 0.6cm | Target C | PredXYZ [0.114 0.091 0.822] | TrueXYZ [0.113 0.085 0.822] | EEF [0.112 0.084 0.833] | ObjZ 0.822 | Up 1.00 | Hold 0/0 | Age 0 (1) | Resets 0 | Shield 0
Ep 113 | Step 80/200 | XYZ [0.001 0.    0.634] | RPY [ 0.003 -0.006  0.001] | Grip 1 (1.00) | Phase 3->3 | Ground 0.4cm | Target C | PredXYZ [0.113 0.089 0.852] | TrueXYZ [0.113 0.085 0.858] | EEF [0.114 0.086 0.857] | ObjZ 0.858 | Up 1.00 | Hold 3/0 | Age 0 (1) | Resets 2 | Shield 0
Ep 113 | Step 82/200 | XYZ [ 0.002 -0.     0.569] | RPY [ 0.002 -0.004  0.001] | Grip 1 (1.00) | Phase 3->3 | Ground 0.6cm | Target C | PredXYZ [0.113 0.091 0.864] | TrueXYZ [0.113 0.086 0.873] | EEF [0.114 0.086 0.871] | ObjZ 0.873 | Up 1.00 | Hold 5/0 | Age 0 (1) | Resets 2 | Shield 0
Ep 113 | Step 88/200 | XYZ [ 0.001 -0.     0.412] | RPY [0.001 0.006 0.002] | Grip 1 (1.00) | Phase 3->3 | Ground 0.6cm | Target C | PredXYZ [0.114 0.089 0.905] | TrueXYZ [0.11  0.086 0.906] | EEF [0.111 0.086 0.905] | ObjZ 0.906 | Up 1.00 | Hold 11/5 | Age 0 (1) | Resets 2 | Shield 0
Episode 113: Clean Success | failure=success | termination=success
Episode 114/120: Pick up the green cylinder | ensemble=temporal
Ep 114 | Step 1/200 | XYZ [ 0.868 -0.582 -0.38 ] | RPY [0.001 0.001 0.002] | Grip -1 (0.00) | Phase 0->0 | Ground 0.3cm | Target C | PredXYZ [ 0.022 -0.103  0.824] | TrueXYZ [ 0.023 -0.1    0.822] | EEF [-0.115 -0.015  1.002] | ObjZ 0.822 | Up 1.00 | Hold 0/0 | Age 0 (1) | Resets 0 | Shield 0
Ep 114 | Step 20/200 | XYZ [ 0.222 -0.129 -0.079] | RPY [-0.005 -0.006 -0.004] | Grip -1 (0.00) | Phase 0->0 | Ground 0.9cm | Target C | PredXYZ [ 0.014 -0.103  0.822] | TrueXYZ [ 0.023 -0.1    0.822] | EEF [-0.009 -0.09   0.956] | ObjZ 0.822 | Up 1.00 | Hold 0/0 | Age 3 (4) | Resets 0 | Shield 0
Ep 114 | Step 40/200 | XYZ [ 0.027 -0.007 -0.468] | RPY [ 0.001 -0.006  0.001] | Grip -1 (0.00) | Phase 1->1 | Ground 0.7cm | Target C | PredXYZ [ 0.02  -0.106  0.822] | TrueXYZ [ 0.023 -0.1    0.822] | EEF [ 0.02  -0.102  0.884] | ObjZ 0.822 | Up 1.00 | Hold 0/0 | Age 0 (1) | Resets 0 | Shield 0
Ep 114 | Step 60/200 | XYZ [ 0.004  0.005 -0.09 ] | RPY [-0.001 -0.    -0.001] | Grip -1 (0.00) | Phase 1->1 | Ground 0.9cm | Target C | PredXYZ [ 0.024 -0.109  0.822] | TrueXYZ [ 0.023 -0.1    0.822] | EEF [ 0.021 -0.104  0.827] | ObjZ 0.822 | Up 1.00 | Hold 0/0 | Age 0 (1) | Resets 0 | Shield 0
Ep 114 | Step 78/200 | XYZ [0.004 0.001 0.569] | RPY [-0.001  0.006 -0.001] | Grip 1 (1.00) | Phase 3->3 | Ground 0.7cm | Target C | PredXYZ [ 0.018 -0.109  0.859] | TrueXYZ [ 0.019 -0.105  0.871] | EEF [ 0.019 -0.105  0.869] | ObjZ 0.871 | Up 1.00 | Hold 5/0 | Age 0 (1) | Resets 1 | Shield 0
Ep 114 | Step 80/200 | XYZ [0.004 0.    0.509] | RPY [-0.001  0.007 -0.001] | Grip 1 (1.00) | Phase 3->3 | Ground 1.0cm | Target C | PredXYZ [ 0.029 -0.106  0.879] | TrueXYZ [ 0.019 -0.105  0.883] | EEF [ 0.018 -0.105  0.881] | ObjZ 0.883 | Up 1.00 | Hold 7/1 | Age 0 (1) | Resets 2 | Shield 0
Ep 114 | Step 84/200 | XYZ [0.005 0.001 0.419] | RPY [-0.001  0.006 -0.002] | Grip 1 (1.00) | Phase 3->3 | Ground 1.2cm | Target C | PredXYZ [ 0.028 -0.103  0.905] | TrueXYZ [ 0.017 -0.105  0.905] | EEF [ 0.016 -0.105  0.903] | ObjZ 0.905 | Up 1.00 | Hold 11/5 | Age 0 (1) | Resets 3 | Shield 0
Episode 114: Clean Success | failure=success | termination=success
Episode 115/120: Push the blue ball away from the robot | ensemble=temporal
Ep 115 | Step 1/200 | XYZ [ 0.9   -0.385 -0.521] | RPY [ 0.001  0.    -0.809] | Grip 1 (1.00) | Phase 5->5 | Ground 1.1cm | Target B | PredXYZ [ 0.125 -0.087  0.828] | TrueXYZ [ 0.126 -0.076  0.826] | EEF [-0.098 -0.002  1.006] | ObjZ 0.826 | Up 1.00 | Hold 0/0 | Age 0 (1) | Resets 0 | Shield 0
Ep 115 | Step 20/200 | XYZ [ 0.224 -0.113 -0.104] | RPY [ 0.006 -0.006  0.003] | Grip 1 (1.00) | Phase 5->5 | Ground 0.5cm | Target B | PredXYZ [ 0.126 -0.082  0.826] | TrueXYZ [ 0.126 -0.076  0.826] | EEF [ 0.016 -0.037  0.94 ] | ObjZ 0.826 | Up 1.00 | Hold 0/0 | Age 3 (4) | Resets 0 | Shield 0
Ep 115 | Step 40/200 | XYZ [ 0.033 -0.015 -0.371] | RPY [ 0.    -0.004  0.001] | Grip 1 (1.00) | Phase 6->6 | Ground 0.4cm | Target B | PredXYZ [ 0.128 -0.08   0.826] | TrueXYZ [ 0.126 -0.076  0.826] | EEF [ 0.044 -0.05   0.879] | ObjZ 0.826 | Up 1.00 | Hold 0/0 | Age 0 (1) | Resets 0 | Shield 0
Ep 115 | Step 60/200 | XYZ [ 0.007  0.001 -0.074] | RPY [-0.    -0.001 -0.   ] | Grip 1 (1.00) | Phase 6->6 | Ground 0.5cm | Target B | PredXYZ [ 0.125 -0.081  0.826] | TrueXYZ [ 0.126 -0.076  0.826] | EEF [ 0.047 -0.05   0.833] | ObjZ 0.826 | Up 1.00 | Hold 0/0 | Age 0 (1) | Resets 0 | Shield 0
Ep 115 | Step 78/200 | XYZ [-0.129  0.042 -0.024] | RPY [-0.014 -0.049 -0.001] | Grip 1 (1.00) | Phase 8->8 | Ground 1.1cm | Target B | PredXYZ [ 0.211 -0.112  0.825] | TrueXYZ [ 0.205 -0.107  0.826] | EEF [ 0.17  -0.101  0.827] | ObjZ 0.826 | Up 1.00 | Hold 5/5 | Age 3 (4) | Resets 4 | Shield 1
Episode 115: Clean Success | failure=success | termination=success
Scene rejected for ('push', 'C'): Deterministic push path is blocked by a distractor
Scene rejected for ('push', 'C'): Deterministic push path is blocked by a distractor
Scene rejected for ('push', 'C'): Deterministic push path is blocked by a distractor
Scene rejected for ('push', 'C'): Deterministic push path is blocked by a distractor
Scene rejected for ('push', 'C'): Deterministic push path is blocked by a distractor
Scene rejected for ('push', 'C'): Deterministic push path is blocked by a distractor
Episode 116/120: Push the green cylinder away from the robot | ensemble=temporal
Ep 116 | Step 1/200 | XYZ [-0.063 -0.201 -0.582] | RPY [0.004 0.001 0.9  ] | Grip 1 (1.00) | Phase 5->5 | Ground 1.4cm | Target C | PredXYZ [-0.094  0.044  0.823] | TrueXYZ [-0.08   0.045  0.822] | EEF [-0.106 -0.     1.011] | ObjZ 0.822 | Up 1.00 | Hold 0/0 | Age 0 (1) | Resets 0 | Shield 0
Ep 116 | Step 20/200 | XYZ [ 0.066 -0.116 -0.097] | RPY [-0.029  0.015  0.249] | Grip 1 (1.00) | Phase 5->5 | Ground 0.6cm | Target C | PredXYZ [-0.082  0.051  0.821] | TrueXYZ [-0.08   0.045  0.822] | EEF [-0.127 -0.023  0.934] | ObjZ 0.822 | Up 1.00 | Hold 0/0 | Age 3 (4) | Resets 0 | Shield 0
Ep 116 | Step 40/200 | XYZ [0.109 0.018 0.008] | RPY [0.003 0.01  0.001] | Grip 1 (1.00) | Phase 5->5 | Ground 0.8cm | Target C | PredXYZ [-0.079  0.054  0.822] | TrueXYZ [-0.08   0.045  0.822] | EEF [-0.128 -0.042  0.918] | ObjZ 0.822 | Up 1.00 | Hold 0/0 | Age 3 (4) | Resets 0 | Shield 0
Ep 116 | Step 60/200 | XYZ [ 0.034  0.015 -0.447] | RPY [-0.006 -0.016 -0.001] | Grip 1 (1.00) | Phase 6->6 | Ground 0.6cm | Target C | PredXYZ [-0.077  0.051  0.822] | TrueXYZ [-0.08   0.045  0.822] | EEF [-0.103 -0.041  0.874] | ObjZ 0.822 | Up 1.00 | Hold 0/0 | Age 0 (1) | Resets 0 | Shield 0
Ep 116 | Step 80/200 | XYZ [ 0.03   0.014 -0.083] | RPY [ 0.     0.002 -0.001] | Grip 1 (1.00) | Phase 6->6 | Ground 1.0cm | Target C | PredXYZ [-0.073  0.054  0.822] | TrueXYZ [-0.08   0.045  0.822] | EEF [-0.096 -0.035  0.822] | ObjZ 0.822 | Up 1.00 | Hold 0/0 | Age 0 (1) | Resets 0 | Shield 0
Ep 116 | Step 100/200 | XYZ [0.105 0.418 0.   ] | RPY [ 0.001 -0.005 -0.001] | Grip 1 (1.00) | Phase 7->7 | Ground 0.7cm | Target C | PredXYZ [-0.064  0.099  0.822] | TrueXYZ [-0.061  0.097  0.823] | EEF [-0.07   0.059  0.819] | ObjZ 0.823 | Up 1.00 | Hold 0/0 | Age 0 (1) | Resets 0 | Shield 15
Ep 116 | Step 107/200 | XYZ [-0.001 -0.057  0.015] | RPY [ 0.017 -0.001  0.01 ] | Grip 1 (1.00) | Phase 8->8 | Ground 1.0cm | Target C | PredXYZ [-0.059  0.127  0.822] | TrueXYZ [-0.055  0.119  0.822] | EEF [-0.069  0.083  0.818] | ObjZ 0.822 | Up 1.00 | Hold 5/5 | Age 3 (4) | Resets 0 | Shield 18
Episode 116: Clean Success | failure=success | termination=success
Scene rejected for ('push', 'B'): Deterministic push path is blocked by a distractor
Scene rejected for ('push', 'B'): Deterministic push path is blocked by a distractor
Scene rejected for ('push', 'B'): Deterministic push path is blocked by a distractor
Episode 117/120: Push the blue ball away from the robot | ensemble=temporal
Ep 117 | Step 1/200 | XYZ [ 0.315 -0.242 -0.44 ] | RPY [-0.002 -0.001 -0.9  ] | Grip 1 (1.00) | Phase 5->5 | Ground 0.4cm | Target B | PredXYZ [ 0.005 -0.085  0.828] | TrueXYZ [ 0.007 -0.081  0.826] | EEF [-0.107 -0.004  0.995] | ObjZ 0.826 | Up 1.00 | Hold 0/0 | Age 0 (1) | Resets 0 | Shield 0
Ep 117 | Step 20/200 | XYZ [ 0.094 -0.067 -0.098] | RPY [ 0.009 -0.001 -0.001] | Grip 1 (1.00) | Phase 5->5 | Ground 0.2cm | Target B | PredXYZ [ 0.009 -0.081  0.826] | TrueXYZ [ 0.007 -0.081  0.826] | EEF [-0.068 -0.023  0.94 ] | ObjZ 0.826 | Up 1.00 | Hold 0/0 | Age 3 (4) | Resets 0 | Shield 0
Ep 117 | Step 40/200 | XYZ [ 0.001 -0.032 -0.266] | RPY [0.002 0.003 0.002] | Grip 1 (1.00) | Phase 6->6 | Ground 0.7cm | Target B | PredXYZ [ 0.01  -0.088  0.826] | TrueXYZ [ 0.007 -0.081  0.826] | EEF [-0.058 -0.033  0.86 ] | ObjZ 0.826 | Up 1.00 | Hold 0/0 | Age 0 (1) | Resets 0 | Shield 0
Ep 117 | Step 60/200 | XYZ [ 0.9   -0.774 -0.024] | RPY [0.025 0.044 0.014] | Grip 1 (1.00) | Phase 7->7 | Ground 0.3cm | Target B | PredXYZ [ 0.005 -0.083  0.826] | TrueXYZ [ 0.007 -0.081  0.826] | EEF [-0.031 -0.057  0.825] | ObjZ 0.826 | Up 1.00 | Hold 0/0 | Age 0 (1) | Resets 0 | Shield 0
Ep 117 | Step 71/200 | XYZ [-0.095  0.077  0.009] | RPY [-0.022 -0.04  -0.006] | Grip 1 (1.00) | Phase 8->8 | Ground 0.5cm | Target B | PredXYZ [ 0.071 -0.133  0.826] | TrueXYZ [ 0.074 -0.129  0.826] | EEF [ 0.043 -0.114  0.828] | ObjZ 0.826 | Up 1.00 | Hold 5/5 | Age 3 (4) | Resets 5 | Shield 0
Episode 117: Clean Success | failure=success | termination=success
Episode 118/120: Pick up the blue ball | ensemble=temporal
Ep 118 | Step 1/200 | XYZ [ 0.012 -0.526 -0.34 ] | RPY [0.003 0.    0.002] | Grip -1 (0.00) | Phase 0->0 | Ground 0.9cm | Target B | PredXYZ [-0.115 -0.07   0.827] | TrueXYZ [-0.106 -0.067  0.826] | EEF [-0.116  0.017  0.996] | ObjZ 0.826 | Up 1.00 | Hold 0/0 | Age 0 (1) | Resets 0 | Shield 0
Ep 118 | Step 20/200 | XYZ [ 0.008 -0.127 -0.078] | RPY [-0.     0.004 -0.001] | Grip -1 (0.00) | Phase 0->0 | Ground 1.1cm | Target B | PredXYZ [-0.116 -0.072  0.826] | TrueXYZ [-0.106 -0.067  0.826] | EEF [-0.116 -0.053  0.954] | ObjZ 0.826 | Up 1.00 | Hold 0/0 | Age 3 (4) | Resets 0 | Shield 0
Ep 118 | Step 40/200 | XYZ [ 0.038 -0.017 -0.228] | RPY [-0.002  0.015 -0.003] | Grip -1 (0.00) | Phase 1->1 | Ground 0.8cm | Target B | PredXYZ [-0.113 -0.072  0.825] | TrueXYZ [-0.106 -0.067  0.826] | EEF [-0.114 -0.067  0.85 ] | ObjZ 0.826 | Up 1.00 | Hold 0/0 | Age 0 (1) | Resets 0 | Shield 0
Ep 118 | Step 60/200 | XYZ [ 0.024  0.013 -0.036] | RPY [-0.002  0.001 -0.002] | Grip 1 (1.00) | Phase 2->2 | Ground 0.8cm | Target B | PredXYZ [-0.103 -0.074  0.825] | TrueXYZ [-0.106 -0.067  0.826] | EEF [-0.113 -0.071  0.822] | ObjZ 0.826 | Up 1.00 | Hold 0/0 | Age 0 (1) | Resets 0 | Shield 0
Ep 118 | Step 71/200 | XYZ [0.015 0.003 0.576] | RPY [0.005 0.024 0.001] | Grip 1 (1.00) | Phase 3->3 | Ground 0.4cm | Target B | PredXYZ [-0.113 -0.066  0.862] | TrueXYZ [-0.111 -0.065  0.872] | EEF [-0.117 -0.066  0.868] | ObjZ 0.872 | Up 1.00 | Hold 5/0 | Age 0 (1) | Resets 2 | Shield 0
Ep 118 | Step 77/200 | XYZ [0.015 0.002 0.425] | RPY [0.003 0.008 0.001] | Grip 1 (1.00) | Phase 3->3 | Ground 0.6cm | Target B | PredXYZ [-0.114 -0.06   0.907] | TrueXYZ [-0.112 -0.063  0.907] | EEF [-0.118 -0.065  0.904] | ObjZ 0.907 | Up 1.00 | Hold 11/5 | Age 0 (1) | Resets 5 | Shield 0
Episode 118: Clean Success | failure=success | termination=success
Episode 119/120: Push the red cube away from the robot | ensemble=temporal
Ep 119 | Step 1/200 | XYZ [-0.012  0.035 -0.556] | RPY [ 0.001 -0.001 -0.9  ] | Grip 1 (1.00) | Phase 5->5 | Ground 1.1cm | Target A | PredXYZ [-0.123  0.076  0.823] | TrueXYZ [-0.112  0.078  0.821] | EEF [-0.103 -0.025  1.009] | ObjZ 0.821 | Up 1.00 | Hold 0/0 | Age 0 (1) | Resets 0 | Shield 0
Ep 119 | Step 20/200 | XYZ [ 0.062  0.101 -0.099] | RPY [ 0.038 -0.011 -0.682] | Grip 1 (1.00) | Phase 5->5 | Ground 0.9cm | Target A | PredXYZ [-0.113  0.087  0.821] | TrueXYZ [-0.112  0.078  0.822] | EEF [-0.116 -0.022  0.933] | ObjZ 0.822 | Up 1.00 | Hold 0/0 | Age 3 (4) | Resets 0 | Shield 0
Ep 119 | Step 40/200 | XYZ [ 0.049 -0.037 -0.224] | RPY [0.002 0.008 0.002] | Grip 1 (1.00) | Phase 6->6 | Ground 0.5cm | Target A | PredXYZ [-0.115  0.082  0.821] | TrueXYZ [-0.112  0.078  0.822] | EEF [-0.111 -0.005  0.848] | ObjZ 0.822 | Up 1.00 | Hold 0/0 | Age 0 (1) | Resets 0 | Shield 0
Ep 119 | Step 60/200 | XYZ [-0.072  0.749 -0.027] | RPY [-0.025  0.001 -0.021] | Grip 1 (1.00) | Phase 7->7 | Ground 0.8cm | Target A | PredXYZ [-0.117  0.084  0.821] | TrueXYZ [-0.112  0.078  0.822] | EEF [-0.114  0.016  0.82 ] | ObjZ 0.822 | Up 1.00 | Hold 0/0 | Age 0 (1) | Resets 0 | Shield 0
Ep 119 | Step 80/200 | XYZ [-0.028  0.388 -0.029] | RPY [0.004 0.003 0.003] | Grip 1 (1.00) | Phase 7->7 | Ground 1.5cm | Target A | PredXYZ [-0.123  0.137  0.822] | TrueXYZ [-0.109  0.136  0.826] | EEF [-0.119  0.105  0.826] | ObjZ 0.826 | Up 0.98 | Hold 0/0 | Age 0 (1) | Resets 0 | Shield 4
Ep 119 | Step 87/200 | XYZ [ 0.006 -0.018  0.002] | RPY [0.007 0.001 0.004] | Grip 1 (1.00) | Phase 8->8 | Ground 2.4cm | Target A | PredXYZ [-0.13   0.163  0.822] | TrueXYZ [-0.11   0.152  0.826] | EEF [-0.12   0.121  0.826] | ObjZ 0.826 | Up 0.98 | Hold 5/5 | Age 3 (4) | Resets 1 | Shield 4
Episode 119: Clean Success | failure=success | termination=success
Scene rejected for ('push', 'C'): Deterministic push path is blocked by a distractor
Scene rejected for ('push', 'C'): Deterministic push path is blocked by a distractor
Scene rejected for ('push', 'C'): Deterministic push path is blocked by a distractor
Episode 120/120: Push the green cylinder away from the robot | ensemble=temporal
Ep 120 | Step 1/200 | XYZ [ 0.9    0.419 -0.533] | RPY [-0.002  0.003  0.864] | Grip 1 (1.00) | Phase 5->5 | Ground 0.2cm | Target C | PredXYZ [0.128 0.12  0.824] | TrueXYZ [0.126 0.121 0.822] | EEF [-0.103  0.028  1.006] | ObjZ 0.822 | Up 1.00 | Hold 0/0 | Age 0 (1) | Resets 0 | Shield 0
Ep 120 | Step 20/200 | XYZ [ 0.247  0.117 -0.108] | RPY [-0.005 -0.007 -0.002] | Grip 1 (1.00) | Phase 5->5 | Ground 0.1cm | Target C | PredXYZ [0.126 0.12  0.822] | TrueXYZ [0.126 0.121 0.822] | EEF [0.02  0.074 0.937] | ObjZ 0.822 | Up 1.00 | Hold 0/0 | Age 3 (4) | Resets 0 | Shield 0
Ep 120 | Step 40/200 | XYZ [ 0.032  0.013 -0.455] | RPY [-0.001 -0.006 -0.001] | Grip 1 (1.00) | Phase 6->6 | Ground 0.3cm | Target C | PredXYZ [0.124 0.123 0.822] | TrueXYZ [0.126 0.121 0.822] | EEF [0.05  0.087 0.875] | ObjZ 0.822 | Up 1.00 | Hold 0/0 | Age 0 (1) | Resets 0 | Shield 0
Ep 120 | Step 60/200 | XYZ [ 0.005  0.001 -0.081] | RPY [ 0.    -0.002  0.   ] | Grip 1 (1.00) | Phase 6->6 | Ground 0.5cm | Target C | PredXYZ [0.122 0.123 0.822] | TrueXYZ [0.126 0.121 0.822] | EEF [0.053 0.087 0.822] | ObjZ 0.822 | Up 1.00 | Hold 0/0 | Age 0 (1) | Resets 0 | Shield 0
Ep 120 | Step 80/200 | XYZ [0.393 0.201 0.   ] | RPY [ 0.     0.008 -0.   ] | Grip 1 (1.00) | Phase 7->7 | Ground 0.7cm | Target C | PredXYZ [0.18  0.143 0.824] | TrueXYZ [0.186 0.137 0.825] | EEF [0.141 0.144 0.816] | ObjZ 0.825 | Up 1.00 | Hold 0/0 | Age 0 (1) | Resets 2 | Shield 13
Ep 120 | Step 85/200 | XYZ [-0.053 -0.024  0.   ] | RPY [ 0.01  -0.019  0.004] | Grip 1 (1.00) | Phase 8->8 | Ground 0.5cm | Target C | PredXYZ [0.199 0.149 0.825] | TrueXYZ [0.202 0.144 0.824] | EEF [0.157 0.153 0.818] | ObjZ 0.824 | Up 1.00 | Hold 5/5 | Age 1 (2) | Resets 4 | Shield 17
Episode 120: Clean Success | failure=success | termination=success
{
  "episodes": 120,
  "visual_perturbation": "clean",
  "perturbation": "clean",
  "ensemble_mode": "temporal",
  "temporal_profile": "robust",
  "execution_mode": "raw",
  "uses_privileged_execution_assistance": false,
  "uses_privileged_perturbation_oracle": false,
  "score_scope": "policy_with_workspace_safety_only",
  "buckets": {
    "pick_A": {
      "episodes": 20,
      "task_success_rate": 1.0,
      "clean_success_rate": 1.0,
      "wrong_contact_rate": 0.0,
      "mean_steps": 87.3,
      "mean_grounding_error_cm": 0.6965794772033509,
      "mean_target_class_accuracy": 1.0,
      "mean_action_clip_rate": 0.04882694341463195,
      "mean_safety_intervention_rate": 0.0,
      "mean_latest_only_rate": 0.6194281493397683,
      "strict_target_contact_rate": 1.0,
      "collateral_contact_rate": 0.0,
      "mean_oldest_prediction_age": 1.0722572498418872,
      "mean_grounding_shift_resets": 4.85,
      "minimum_target_uprightness": 0.999718022041634,
      "failure_counts": {
        "success": 20
      }
    },
    "pick_B": {
      "episodes": 20,
      "task_success_rate": 1.0,
      "clean_success_rate": 1.0,
      "wrong_contact_rate": 0.0,
      "mean_steps": 82.6,
      "mean_grounding_error_cm": 0.8451977565997375,
      "mean_target_class_accuracy": 1.0,
      "mean_action_clip_rate": 0.011377868977048183,
      "mean_safety_intervention_rate": 0.0,
      "mean_latest_only_rate": 0.6621186987146835,
      "strict_target_contact_rate": 1.0,
      "collateral_contact_rate": 0.0,
      "mean_oldest_prediction_age": 0.9408048329724027,
      "mean_grounding_shift_resets": 4.75,
      "minimum_target_uprightness": 1.0,
      "failure_counts": {
        "success": 20
      }
    },
    "pick_C": {
      "episodes": 20,
      "task_success_rate": 1.0,
      "clean_success_rate": 1.0,
      "wrong_contact_rate": 0.0,
      "mean_steps": 82.8,
      "mean_grounding_error_cm": 0.7387406936742492,
      "mean_target_class_accuracy": 1.0,
      "mean_action_clip_rate": 0.030556134922955013,
      "mean_safety_intervention_rate": 0.0,
      "mean_latest_only_rate": 0.6413009473959151,
      "strict_target_contact_rate": 1.0,
      "collateral_contact_rate": 0.0,
      "mean_oldest_prediction_age": 1.003425106236927,
      "mean_grounding_shift_resets": 4.85,
      "minimum_target_uprightness": 0.999792125340548,
      "failure_counts": {
        "success": 20
      }
    },
    "push_A": {
      "episodes": 20,
      "task_success_rate": 1.0,
      "clean_success_rate": 1.0,
      "wrong_contact_rate": 0.0,
      "mean_steps": 85.05,
      "mean_grounding_error_cm": 0.6446165704490509,
      "mean_target_class_accuracy": 1.0,
      "mean_action_clip_rate": 0.09431088886946346,
      "mean_safety_intervention_rate": 0.04635532171715606,
      "mean_latest_only_rate": 0.6348713260171891,
      "strict_target_contact_rate": 1.0,
      "collateral_contact_rate": 0.0,
      "mean_oldest_prediction_age": 1.0197903436505655,
      "mean_grounding_shift_resets": 1.9,
      "minimum_target_uprightness": 0.9758597290492617,
      "failure_counts": {
        "success": 20
      }
    },
    "push_B": {
      "episodes": 20,
      "task_success_rate": 0.85,
      "clean_success_rate": 0.85,
      "wrong_contact_rate": 0.05,
      "mean_steps": 106.95,
      "mean_grounding_error_cm": 0.7278033224233135,
      "mean_target_class_accuracy": 1.0,
      "mean_action_clip_rate": 0.17705370808699014,
      "mean_safety_intervention_rate": 0.0058207064975885755,
      "mean_latest_only_rate": 0.6360668775138327,
      "strict_target_contact_rate": 1.0,
      "collateral_contact_rate": 0.0,
      "mean_oldest_prediction_age": 0.9783538229624511,
      "mean_grounding_shift_resets": 5.4,
      "minimum_target_uprightness": 1.0,
      "failure_counts": {
        "success": 17,
        "recovery_limit": 1,
        "insufficient_push_distance": 1,
        "wrong_object_contact": 1
      }
    },
    "push_C": {
      "episodes": 20,
      "task_success_rate": 0.95,
      "clean_success_rate": 0.95,
      "wrong_contact_rate": 0.0,
      "mean_steps": 89.85,
      "mean_grounding_error_cm": 0.7659437231036262,
      "mean_target_class_accuracy": 1.0,
      "mean_action_clip_rate": 0.11863220355901911,
      "mean_safety_intervention_rate": 0.1864216417676458,
      "mean_latest_only_rate": 0.6276343220828047,
      "strict_target_contact_rate": 1.0,
      "collateral_contact_rate": 0.0,
      "mean_oldest_prediction_age": 1.0321289595049796,
      "mean_grounding_shift_resets": 2.3,
      "minimum_target_uprightness": 0.7693527257069945,
      "failure_counts": {
        "success": 19,
        "lateral_push_error": 1
      }
    }
  },
  "overall": {
    "task_success_rate": 0.9666666666666667,
    "clean_success_rate": 0.9666666666666667,
    "wrong_contact_rate": 0.008333333333333333,
    "mean_steps": 89.09166666666667,
    "mean_action_clip_rate": 0.08012629130501797,
    "mean_target_class_accuracy": 1.0,
    "mean_safety_intervention_rate": 0.0397662783303984,
    "mean_latest_only_rate": 0.6369033868440322,
    "strict_target_contact_rate": 1.0,
    "collateral_contact_rate": 0.0,
    "mean_oldest_prediction_age": 1.0077933858615356,
    "mean_grounding_shift_resets": 4.008333333333334,
    "failure_counts": {
      "success": 116,
      "lateral_push_error": 1,
      "recovery_limit": 1,
      "insufficient_push_distance": 1,
      "wrong_object_contact": 1
    },
    "passed_80_percent_task_gate": true,
    "passed_80_percent_clean_gate": true,
    "passed_80_percent_gate": true
  }
}
Results: results/v3_tests/clean_comparison/v3_20260714.csv and results/v3_tests/clean_comparison/v3_20260714.json
