[robosuite WARNING] No private macro file found! (macros.py:57)
[robosuite WARNING] It is recommended to use a private macro file (macros.py:58)
[robosuite WARNING] To setup, run: python /opt/anaconda3/envs/mujoco310/lib/python3.10/site-packages/robosuite/scripts/setup_macros.py (macros.py:59)
[robosuite WARNING] Could not import robosuite_models. Some robots may not be available. If you want to use these robots, please install robosuite_models from source (https://github.com/ARISE-Initiative/robosuite_models) or through pip install. (__init__.py:30)
[robosuite WARNING] Could not load the mink-based whole-body IK. Make sure you install related import properly, otherwise you will not be able to use the default IK controller setting for GR1 robot. (__init__.py:40)
Using device: mps
Execution mode: raw | privileged execution assistance: False
[robosuite INFO] Loading controller configuration from: /opt/anaconda3/envs/mujoco310/lib/python3.10/site-packages/robosuite/controllers/config/robots/default_panda.json (composite_controller_factory.py:121)
Scene rejected for ('push', 'A'): Deterministic push path is blocked by a distractor
Scene rejected for ('push', 'A'): Deterministic push path is blocked by a distractor
Scene rejected for ('push', 'A'): Deterministic push path is blocked by a distractor
Scene rejected for ('push', 'A'): Deterministic push path is blocked by a distractor
Scene rejected for ('push', 'A'): Deterministic push path is blocked by a distractor
Scene rejected for ('push', 'A'): Deterministic push path is blocked by a distractor
Episode 1/120: Push the red cube away from the robot | ensemble=temporal
Ep 1 | Step 1/200 | XYZ [ 0.526 -0.331 -0.607] | RPY [ 0.002 -0.002 -0.9  ] | Grip 1 (1.00) | Phase 5->5 | Ground 0.5cm | Target A | PredXYZ [ 0.063 -0.108  0.824] | TrueXYZ [ 0.058 -0.109  0.821] | EEF [-0.093 -0.019  1.018] | ObjZ 0.821 | Up 1.00 | Hold 0/0 | Age 0 (1) | Resets 0 | Shield 0
Ep 1 | Step 20/200 | XYZ [ 0.13  -0.104 -0.12 ] | RPY [0.013 0.001 0.003] | Grip 1 (1.00) | Phase 5->5 | Ground 0.2cm | Target A | PredXYZ [ 0.059 -0.11   0.821] | TrueXYZ [ 0.058 -0.109  0.822] | EEF [-0.031 -0.048  0.941] | ObjZ 0.822 | Up 1.00 | Hold 0/0 | Age 3 (4) | Resets 0 | Shield 0
Ep 1 | Step 40/200 | XYZ [ 0.009 -0.033 -0.37 ] | RPY [ 0.001 -0.005  0.002] | Grip 1 (1.00) | Phase 6->6 | Ground 0.7cm | Target A | PredXYZ [ 0.063 -0.104  0.821] | TrueXYZ [ 0.058 -0.109  0.822] | EEF [-0.014 -0.061  0.871] | ObjZ 0.822 | Up 1.00 | Hold 0/0 | Age 0 (1) | Resets 0 | Shield 0
Ep 1 | Step 60/200 | XYZ [ 0.011 -0.007 -0.069] | RPY [0.002 0.001 0.   ] | Grip 1 (1.00) | Phase 6->6 | Ground 0.3cm | Target A | PredXYZ [ 0.061 -0.11   0.822] | TrueXYZ [ 0.058 -0.109  0.822] | EEF [-0.014 -0.064  0.824] | ObjZ 0.822 | Up 1.00 | Hold 0/0 | Age 0 (1) | Resets 0 | Shield 0
Ep 1 | Step 80/200 | XYZ [ 0.345 -0.237  0.   ] | RPY [-0.003 -0.004 -0.   ] | Grip 1 (1.00) | Phase 7->7 | Ground 0.1cm | Target A | PredXYZ [ 0.106 -0.139  0.822] | TrueXYZ [ 0.11  -0.142  0.822] | EEF [ 0.085 -0.124  0.817] | ObjZ 0.822 | Up 1.00 | Hold 0/0 | Age 0 (1) | Resets 0 | Shield 15
Ep 1 | Step 85/200 | XYZ [-0.039  0.027  0.   ] | RPY [-0.008 -0.015 -0.001] | Grip 1 (1.00) | Phase 8->8 | Ground 0.7cm | Target A | PredXYZ [ 0.13  -0.149  0.822] | TrueXYZ [ 0.125 -0.151  0.822] | EEF [ 0.1   -0.133  0.819] | ObjZ 0.822 | Up 1.00 | Hold 5/5 | Age 3 (4) | Resets 0 | Shield 18
Episode 1: Clean Success | failure=success | termination=success
Episode 2/120: Pick up the red cube | ensemble=temporal
Ep 2 | Step 1/200 | XYZ [ 0.143 -0.637 -0.396] | RPY [ 0.003  0.    -0.027] | Grip -1 (0.00) | Phase 0->0 | Ground 0.3cm | Target A | PredXYZ [-0.084 -0.09   0.823] | TrueXYZ [-0.082 -0.089  0.821] | EEF [-0.097  0.009  1.004] | ObjZ 0.821 | Up 1.00 | Hold 0/0 | Age 0 (1) | Resets 0 | Shield 0
Ep 2 | Step 20/200 | XYZ [ 0.035 -0.144 -0.085] | RPY [-0.002  0.006 -0.001] | Grip -1 (0.00) | Phase 0->0 | Ground 0.1cm | Target A | PredXYZ [-0.082 -0.089  0.822] | TrueXYZ [-0.082 -0.089  0.822] | EEF [-0.084 -0.067  0.952] | ObjZ 0.822 | Up 1.00 | Hold 0/0 | Age 3 (4) | Resets 0 | Shield 0
Ep 2 | Step 40/200 | XYZ [ 0.002 -0.032 -0.266] | RPY [-0.001  0.011 -0.001] | Grip -1 (0.00) | Phase 1->1 | Ground 0.8cm | Target A | PredXYZ [-0.078 -0.097  0.821] | TrueXYZ [-0.082 -0.089  0.822] | EEF [-0.083 -0.087  0.85 ] | ObjZ 0.822 | Up 1.00 | Hold 0/0 | Age 0 (1) | Resets 0 | Shield 0
Ep 2 | Step 60/200 | XYZ [ 0.026  0.016 -0.045] | RPY [-0.002  0.002 -0.002] | Grip 1 (1.00) | Phase 2->2 | Ground 0.4cm | Target A | PredXYZ [-0.085 -0.092  0.821] | TrueXYZ [-0.082 -0.089  0.822] | EEF [-0.085 -0.095  0.818] | ObjZ 0.822 | Up 1.00 | Hold 0/0 | Age 0 (1) | Resets 0 | Shield 0
Ep 2 | Step 73/200 | XYZ [0.012 0.002 0.586] | RPY [0.007 0.025 0.002] | Grip 1 (1.00) | Phase 3->3 | Ground 1.6cm | Target A | PredXYZ [-0.073 -0.09   0.867] | TrueXYZ [-0.088 -0.086  0.869] | EEF [-0.091 -0.088  0.864] | ObjZ 0.869 | Up 1.00 | Hold 5/0 | Age 0 (1) | Resets 3 | Shield 0
Ep 2 | Step 79/200 | XYZ [0.013 0.003 0.433] | RPY [0.004 0.009 0.002] | Grip 1 (1.00) | Phase 3->3 | Ground 2.1cm | Target A | PredXYZ [-0.079 -0.099  0.91 ] | TrueXYZ [-0.089 -0.084  0.905] | EEF [-0.092 -0.085  0.9  ] | ObjZ 0.905 | Up 1.00 | Hold 11/5 | Age 0 (1) | Resets 4 | Shield 0
Episode 2: Clean Success | failure=success | termination=success
Episode 3/120: Pick up the green cylinder | ensemble=temporal
Ep 3 | Step 1/200 | XYZ [ 0.486 -0.616 -0.577] | RPY [0.001 0.001 0.002] | Grip -1 (0.00) | Phase 0->0 | Ground 0.8cm | Target C | PredXYZ [ 0.001 -0.107  0.823] | TrueXYZ [ 0.009 -0.105  0.822] | EEF [-0.067 -0.013  1.035] | ObjZ 0.822 | Up 1.00 | Hold 0/0 | Age 0 (1) | Resets 0 | Shield 0
Ep 3 | Step 20/200 | XYZ [ 0.135 -0.153 -0.122] | RPY [-0.005  0.008 -0.007] | Grip -1 (0.00) | Phase 0->0 | Ground 0.6cm | Target C | PredXYZ [ 0.003 -0.104  0.822] | TrueXYZ [ 0.009 -0.105  0.822] | EEF [-0.009 -0.089  0.959] | ObjZ 0.822 | Up 1.00 | Hold 0/0 | Age 3 (4) | Resets 0 | Shield 0
Ep 3 | Step 40/200 | XYZ [ 0.021 -0.008 -0.362] | RPY [ 0.001 -0.001  0.001] | Grip -1 (0.00) | Phase 1->1 | Ground 0.3cm | Target C | PredXYZ [ 0.006 -0.104  0.822] | TrueXYZ [ 0.008 -0.105  0.822] | EEF [ 0.007 -0.107  0.869] | ObjZ 0.822 | Up 1.00 | Hold 0/0 | Age 0 (1) | Resets 0 | Shield 0
Ep 3 | Step 60/200 | XYZ [ 0.02   0.018 -0.065] | RPY [-0.002  0.002 -0.004] | Grip -1 (0.00) | Phase 1->1 | Ground 0.5cm | Target C | PredXYZ [ 0.007 -0.1    0.821] | TrueXYZ [ 0.009 -0.105  0.822] | EEF [ 0.006 -0.111  0.821] | ObjZ 0.822 | Up 1.00 | Hold 0/0 | Age 0 (1) | Resets 0 | Shield 0
Ep 3 | Step 75/200 | XYZ [0.012 0.    0.586] | RPY [0.004 0.018 0.001] | Grip 1 (1.00) | Phase 3->3 | Ground 0.6cm | Target C | PredXYZ [ 0.003 -0.108  0.868] | TrueXYZ [ 0.005 -0.109  0.87 ] | EEF [ 0.002 -0.109  0.865] | ObjZ 0.870 | Up 1.00 | Hold 5/0 | Age 0 (1) | Resets 3 | Shield 0
Ep 3 | Step 80/200 | XYZ [0.014 0.    0.454] | RPY [0.003 0.008 0.   ] | Grip 1 (1.00) | Phase 3->3 | Ground 1.2cm | Target C | PredXYZ [-0.005 -0.103  0.901] | TrueXYZ [ 0.004 -0.108  0.9  ] | EEF [ 0.001 -0.108  0.896] | ObjZ 0.900 | Up 1.00 | Hold 10/4 | Age 0 (1) | Resets 4 | Shield 0
Ep 3 | Step 81/200 | XYZ [ 0.014 -0.     0.431] | RPY [0.002 0.006 0.   ] | Grip 1 (1.00) | Phase 3->3 | Ground 0.9cm | Target C | PredXYZ [-0.    -0.104  0.907] | TrueXYZ [ 0.004 -0.108  0.905] | EEF [ 0.001 -0.108  0.901] | ObjZ 0.905 | Up 1.00 | Hold 11/5 | Age 0 (1) | Resets 4 | Shield 0
Episode 3: Clean Success | failure=success | termination=success
Scene rejected for ('push', 'A'): Deterministic push path is blocked by a distractor
Scene rejected for ('push', 'A'): Deterministic push path is blocked by a distractor
Scene rejected for ('push', 'A'): Deterministic push path is blocked by a distractor
Episode 4/120: Push the red cube away from the robot | ensemble=temporal
Ep 4 | Step 1/200 | XYZ [ 0.072  0.175 -0.583] | RPY [ 0.004 -0.004  0.9  ] | Grip 1 (1.00) | Phase 5->5 | Ground 0.9cm | Target A | PredXYZ [-0.109 -0.076  0.824] | TrueXYZ [-0.11  -0.067  0.821] | EEF [-0.091 -0.022  1.011] | ObjZ 0.821 | Up 1.00 | Hold 0/0 | Age 0 (1) | Resets 0 | Shield 0
Ep 4 | Step 20/200 | XYZ [ 0.055 -0.067 -0.121] | RPY [-0.042 -0.017  0.696] | Grip 1 (1.00) | Phase 5->5 | Ground 0.4cm | Target A | PredXYZ [-0.114 -0.067  0.821] | TrueXYZ [-0.11  -0.067  0.822] | EEF [-0.089  0.008  0.933] | ObjZ 0.822 | Up 1.00 | Hold 0/0 | Age 3 (4) | Resets 0 | Shield 0
Ep 4 | Step 40/200 | XYZ [ 0.041  0.027 -0.228] | RPY [-0.001  0.004 -0.002] | Grip 1 (1.00) | Phase 6->6 | Ground 1.3cm | Target A | PredXYZ [-0.117 -0.078  0.822] | TrueXYZ [-0.11  -0.067  0.822] | EEF [-0.084 -0.006  0.848] | ObjZ 0.822 | Up 1.00 | Hold 0/0 | Age 0 (1) | Resets 0 | Shield 0
Ep 4 | Step 60/200 | XYZ [-0.097 -0.722 -0.027] | RPY [ 0.024 -0.001  0.021] | Grip 1 (1.00) | Phase 7->7 | Ground 0.3cm | Target A | PredXYZ [-0.107 -0.067  0.822] | TrueXYZ [-0.11  -0.067  0.822] | EEF [-0.085 -0.027  0.821] | ObjZ 0.822 | Up 1.00 | Hold 0/0 | Age 0 (1) | Resets 0 | Shield 0
Ep 4 | Step 80/200 | XYZ [-0.022 -0.324 -0.025] | RPY [-0.008  0.003 -0.009] | Grip 1 (1.00) | Phase 7->7 | Ground 0.8cm | Target A | PredXYZ [-0.11  -0.142  0.823] | TrueXYZ [-0.112 -0.137  0.826] | EEF [-0.084 -0.113  0.829] | ObjZ 0.826 | Up 0.97 | Hold 0/0 | Age 0 (1) | Resets 0 | Shield 0
Ep 4 | Step 85/200 | XYZ [-0.006  0.04   0.004] | RPY [-0.009  0.001 -0.008] | Grip 1 (1.00) | Phase 8->8 | Ground 1.1cm | Target A | PredXYZ [-0.108 -0.153  0.823] | TrueXYZ [-0.113 -0.144  0.827] | EEF [-0.084 -0.119  0.83 ] | ObjZ 0.827 | Up 0.97 | Hold 5/5 | Age 3 (4) | Resets 0 | Shield 0
Episode 4: Clean Success | failure=success | termination=success
Episode 5/120: Pick up the red cube | ensemble=temporal
Ep 5 | Step 1/200 | XYZ [ 0.001  0.433 -0.426] | RPY [-0.002 -0.003 -0.087] | Grip -1 (0.00) | Phase 0->0 | Ground 0.2cm | Target A | PredXYZ [-0.109  0.067  0.823] | TrueXYZ [-0.107  0.066  0.821] | EEF [-0.106 -0.004  1.008] | ObjZ 0.821 | Up 1.00 | Hold 0/0 | Age 0 (1) | Resets 0 | Shield 0
Ep 5 | Step 20/200 | XYZ [ 0.01   0.109 -0.089] | RPY [0.002 0.008 0.003] | Grip -1 (0.00) | Phase 0->0 | Ground 0.7cm | Target A | PredXYZ [-0.113  0.07   0.822] | TrueXYZ [-0.107  0.066  0.822] | EEF [-0.109  0.054  0.955] | ObjZ 0.822 | Up 1.00 | Hold 0/0 | Age 3 (4) | Resets 0 | Shield 0
Ep 5 | Step 40/200 | XYZ [ 0.027 -0.001 -0.248] | RPY [0.005 0.018 0.007] | Grip -1 (0.00) | Phase 1->1 | Ground 0.8cm | Target A | PredXYZ [-0.114  0.071  0.821] | TrueXYZ [-0.107  0.066  0.822] | EEF [-0.113  0.07   0.848] | ObjZ 0.822 | Up 1.00 | Hold 0/0 | Age 0 (1) | Resets 0 | Shield 0
Ep 5 | Step 60/200 | XYZ [ 0.027 -0.012 -0.044] | RPY [0.001 0.002 0.002] | Grip 1 (1.00) | Phase 2->2 | Ground 0.5cm | Target A | PredXYZ [-0.111  0.07   0.822] | TrueXYZ [-0.107  0.066  0.822] | EEF [-0.112  0.072  0.818] | ObjZ 0.822 | Up 1.00 | Hold 0/0 | Age 0 (1) | Resets 0 | Shield 0
Ep 5 | Step 73/200 | XYZ [ 0.014 -0.003  0.566] | RPY [-0.007  0.03  -0.002] | Grip 1 (1.00) | Phase 3->3 | Ground 2.0cm | Target A | PredXYZ [-0.134  0.07   0.862] | TrueXYZ [-0.116  0.064  0.872] | EEF [-0.121  0.065  0.867] | ObjZ 0.872 | Up 1.00 | Hold 5/0 | Age 0 (1) | Resets 4 | Shield 0
Ep 5 | Step 79/200 | XYZ [ 0.015 -0.002  0.411] | RPY [-0.006  0.009 -0.003] | Grip 1 (1.00) | Phase 3->3 | Ground 3.0cm | Target A | PredXYZ [-0.144  0.075  0.902] | TrueXYZ [-0.117  0.06   0.906] | EEF [-0.122  0.061  0.902] | ObjZ 0.906 | Up 1.00 | Hold 11/5 | Age 0 (1) | Resets 8 | Shield 0
Episode 5: Clean Success | failure=success | termination=success
Episode 6/120: Pick up the blue ball | ensemble=temporal
Ep 6 | Step 1/200 | XYZ [ 0.9   -0.47  -0.423] | RPY [ 0.    -0.001  0.001] | Grip -1 (0.00) | Phase 0->0 | Ground 0.5cm | Target B | PredXYZ [ 0.075 -0.068  0.828] | TrueXYZ [ 0.07  -0.067  0.826] | EEF [-0.103  0.004  1.012] | ObjZ 0.826 | Up 1.00 | Hold 0/0 | Age 0 (1) | Resets 0 | Shield 0
Ep 6 | Step 20/200 | XYZ [ 0.285 -0.096 -0.078] | RPY [-0.005 -0.006 -0.003] | Grip -1 (0.00) | Phase 0->0 | Ground 0.1cm | Target B | PredXYZ [ 0.071 -0.067  0.826] | TrueXYZ [ 0.07  -0.067  0.826] | EEF [ 0.029 -0.055  0.957] | ObjZ 0.826 | Up 1.00 | Hold 0/0 | Age 3 (4) | Resets 0 | Shield 0
Ep 6 | Step 40/200 | XYZ [ 0.038 -0.024 -0.504] | RPY [ 0.001 -0.004  0.002] | Grip -1 (0.00) | Phase 1->1 | Ground 0.2cm | Target B | PredXYZ [ 0.071 -0.066  0.826] | TrueXYZ [ 0.07  -0.067  0.826] | EEF [ 0.064 -0.064  0.892] | ObjZ 0.826 | Up 1.00 | Hold 0/0 | Age 0 (1) | Resets 0 | Shield 0
Ep 6 | Step 60/200 | XYZ [ 0.006 -0.003 -0.099] | RPY [-0.    -0.001 -0.   ] | Grip -1 (0.00) | Phase 1->1 | Ground 0.1cm | Target B | PredXYZ [ 0.069 -0.069  0.826] | TrueXYZ [ 0.07  -0.067  0.826] | EEF [ 0.067 -0.068  0.831] | ObjZ 0.826 | Up 1.00 | Hold 0/0 | Age 0 (1) | Resets 0 | Shield 0
Ep 6 | Step 79/200 | XYZ [ 0.004 -0.001  0.561] | RPY [-0.001  0.004 -0.   ] | Grip 1 (1.00) | Phase 3->3 | Ground 0.7cm | Target B | PredXYZ [ 0.067 -0.075  0.866] | TrueXYZ [ 0.069 -0.069  0.874] | EEF [ 0.068 -0.069  0.872] | ObjZ 0.874 | Up 1.00 | Hold 5/0 | Age 0 (1) | Resets 2 | Shield 0
Ep 6 | Step 80/200 | XYZ [ 0.004 -0.001  0.529] | RPY [-0.001  0.004 -0.001] | Grip 1 (1.00) | Phase 3->3 | Ground 0.8cm | Target B | PredXYZ [ 0.075 -0.074  0.877] | TrueXYZ [ 0.069 -0.069  0.88 ] | EEF [ 0.067 -0.069  0.879] | ObjZ 0.880 | Up 1.00 | Hold 6/1 | Age 0 (1) | Resets 3 | Shield 0
Ep 6 | Step 84/200 | XYZ [ 0.004 -0.     0.434] | RPY [-0.     0.006 -0.001] | Grip 1 (1.00) | Phase 3->3 | Ground 0.7cm | Target B | PredXYZ [ 0.068 -0.076  0.898] | TrueXYZ [ 0.068 -0.069  0.903] | EEF [ 0.066 -0.069  0.901] | ObjZ 0.903 | Up 1.00 | Hold 10/5 | Age 0 (1) | Resets 3 | Shield 0
Episode 6: Clean Success | failure=success | termination=success
Episode 7/120: Pick up the red cube | ensemble=temporal
Ep 7 | Step 1/200 | XYZ [ 0.089  0.693 -0.427] | RPY [ 0.001  0.001 -0.9  ] | Grip -1 (0.00) | Phase 0->0 | Ground 0.1cm | Target A | PredXYZ [-0.095  0.125  0.824] | TrueXYZ [-0.095  0.126  0.821] | EEF [-1.08e-01  1.00e-03  1.01e+00] | ObjZ 0.821 | Up 1.00 | Hold 0/0 | Age 0 (1) | Resets 0 | Shield 0
Ep 7 | Step 20/200 | XYZ [ 0.14   0.275 -0.037] | RPY [ 0.012  0.044 -0.038] | Grip -1 (0.00) | Phase 0->0 | Ground 0.7cm | Target A | PredXYZ [-0.095  0.133  0.822] | TrueXYZ [-0.095  0.126  0.822] | EEF [-0.126  0.099  0.942] | ObjZ 0.822 | Up 1.00 | Hold 0/0 | Age 3 (4) | Resets 0 | Shield 0
Ep 7 | Step 40/200 | XYZ [ 0.223 -0.011  0.086] | RPY [-0.004  0.037  0.   ] | Grip -1 (0.00) | Phase 0->0 | Ground 0.6cm | Target A | PredXYZ [-0.094  0.132  0.822] | TrueXYZ [-0.095  0.126  0.822] | EEF [-0.134  0.129  0.925] | ObjZ 0.822 | Up 1.00 | Hold 0/0 | Age 3 (4) | Resets 0 | Shield 0
Ep 7 | Step 60/200 | XYZ [ 0.009 -0.003 -0.607] | RPY [ 0.008 -0.028 -0.003] | Grip -1 (0.00) | Phase 1->1 | Ground 0.2cm | Target A | PredXYZ [-0.093  0.128  0.822] | TrueXYZ [-0.095  0.126  0.822] | EEF [-0.097  0.122  0.904] | ObjZ 0.822 | Up 1.00 | Hold 0/0 | Age 0 (1) | Resets 0 | Shield 0
Ep 7 | Step 80/200 | XYZ [ 0.028  0.006 -0.101] | RPY [0.001 0.01  0.001] | Grip -1 (0.00) | Phase 1->1 | Ground 0.4cm | Target A | PredXYZ [-0.092  0.129  0.821] | TrueXYZ [-0.095  0.126  0.822] | EEF [-0.102  0.121  0.832] | ObjZ 0.822 | Up 1.00 | Hold 0/0 | Age 0 (1) | Resets 0 | Shield 0
Ep 7 | Step 100/200 | XYZ [ 0.013 -0.008  0.698] | RPY [-0.008  0.017 -0.001] | Grip 1 (1.00) | Phase 3->3 | Ground 2.2cm | Target A | PredXYZ [-0.08   0.12   0.846] | TrueXYZ [-0.098  0.122  0.841] | EEF [-0.099  0.121  0.841] | ObjZ 0.841 | Up 1.00 | Hold 1/0 | Age 0 (1) | Resets 4 | Shield 0
Ep 7 | Step 104/200 | XYZ [ 0.013 -0.01   0.575] | RPY [-0.012  0.024 -0.003] | Grip 1 (1.00) | Phase 3->3 | Ground 1.3cm | Target A | PredXYZ [-0.09   0.118  0.868] | TrueXYZ [-0.102  0.117  0.868] | EEF [-0.103  0.117  0.869] | ObjZ 0.868 | Up 1.00 | Hold 5/0 | Age 0 (1) | Resets 6 | Shield 0
Ep 7 | Step 110/200 | XYZ [ 0.013 -0.01   0.421] | RPY [-0.009  0.011 -0.005] | Grip 1 (1.00) | Phase 3->3 | Ground 2.9cm | Target A | PredXYZ [-0.079  0.108  0.912] | TrueXYZ [-0.104  0.112  0.902] | EEF [-0.105  0.111  0.903] | ObjZ 0.902 | Up 1.00 | Hold 11/5 | Age 0 (1) | Resets 10 | Shield 0
Episode 7: Clean Success | failure=success | termination=success
Episode 8/120: Pick up the red cube | ensemble=temporal
Ep 8 | Step 1/200 | XYZ [-0.126 -0.142 -0.435] | RPY [-0.001  0.007 -0.742] | Grip -1 (0.00) | Phase 0->0 | Ground 0.7cm | Target A | PredXYZ [-0.114 -0.03   0.824] | TrueXYZ [-0.111 -0.023  0.821] | EEF [-0.103 -0.016  1.016] | ObjZ 0.821 | Up 1.00 | Hold 0/0 | Age 0 (1) | Resets 0 | Shield 0
Ep 8 | Step 20/200 | XYZ [ 0.033  0.025 -0.096] | RPY [0.015 0.027 0.003] | Grip -1 (0.00) | Phase 0->0 | Ground 0.8cm | Target A | PredXYZ [-0.119 -0.026  0.822] | TrueXYZ [-0.111 -0.023  0.822] | EEF [-0.125 -0.019  0.951] | ObjZ 0.822 | Up 1.00 | Hold 0/0 | Age 3 (4) | Resets 0 | Shield 0
Ep 8 | Step 40/200 | XYZ [ 0.102 -0.068 -0.182] | RPY [0.007 0.022 0.005] | Grip -1 (0.00) | Phase 1->1 | Ground 1.2cm | Target A | PredXYZ [-0.118 -0.014  0.823] | TrueXYZ [-0.111 -0.023  0.822] | EEF [-0.124 -0.001  0.838] | ObjZ 0.822 | Up 1.00 | Hold 0/0 | Age 0 (1) | Resets 0 | Shield 0
Ep 8 | Step 60/200 | XYZ [ 0.031 -0.014 -0.042] | RPY [-0.001  0.003  0.001] | Grip 1 (1.00) | Phase 2->2 | Ground 0.5cm | Target A | PredXYZ [-0.108 -0.019  0.823] | TrueXYZ [-0.111 -0.023  0.822] | EEF [-0.114 -0.016  0.815] | ObjZ 0.822 | Up 1.00 | Hold 0/0 | Age 0 (1) | Resets 0 | Shield 0
Ep 8 | Step 74/200 | XYZ [ 0.014 -0.007  0.582] | RPY [-0.005  0.033 -0.003] | Grip 1 (1.00) | Phase 3->3 | Ground 1.7cm | Target A | PredXYZ [-0.13  -0.026  0.854] | TrueXYZ [-0.123 -0.028  0.875] | EEF [-0.126 -0.022  0.867] | ObjZ 0.875 | Up 1.00 | Hold 5/0 | Age 0 (1) | Resets 4 | Shield 0
Ep 8 | Step 79/200 | XYZ [ 0.015 -0.01   0.46 ] | RPY [-0.007  0.024 -0.005] | Grip 1 (1.00) | Phase 3->3 | Ground 2.4cm | Target A | PredXYZ [-0.146 -0.024  0.889] | TrueXYZ [-0.127 -0.033  0.904] | EEF [-0.131 -0.027  0.895] | ObjZ 0.904 | Up 1.00 | Hold 10/5 | Age 0 (1) | Resets 7 | Shield 0
Episode 8: Clean Success | failure=success | termination=success
Scene rejected for ('pick', 'B'): Pick target lacks bilateral gripper clearance
Scene rejected for ('pick', 'B'): Pick target lacks bilateral gripper clearance
Episode 9/120: Pick up the blue ball | ensemble=temporal
Ep 9 | Step 1/200 | XYZ [ 0.608 -0.327 -0.342] | RPY [ 0.     0.001 -0.   ] | Grip -1 (0.00) | Phase 0->0 | Ground 1.0cm | Target B | PredXYZ [-0.02  -0.064  0.827] | TrueXYZ [-0.012 -0.059  0.826] | EEF [-0.112 -0.012  1.   ] | ObjZ 0.826 | Up 1.00 | Hold 0/0 | Age 0 (1) | Resets 0 | Shield 0
Ep 9 | Step 20/200 | XYZ [ 0.158 -0.083 -0.068] | RPY [-0.002 -0.001 -0.002] | Grip -1 (0.00) | Phase 0->0 | Ground 1.3cm | Target B | PredXYZ [-0.023 -0.065  0.826] | TrueXYZ [-0.012 -0.059  0.826] | EEF [-0.039 -0.052  0.957] | ObjZ 0.826 | Up 1.00 | Hold 0/0 | Age 3 (4) | Resets 0 | Shield 0
Ep 9 | Step 40/200 | XYZ [ 0.032 -0.009 -0.364] | RPY [0.001 0.001 0.001] | Grip -1 (0.00) | Phase 1->1 | Ground 1.4cm | Target B | PredXYZ [-0.019 -0.07   0.826] | TrueXYZ [-0.012 -0.059  0.826] | EEF [-0.018 -0.059  0.87 ] | ObjZ 0.826 | Up 1.00 | Hold 0/0 | Age 0 (1) | Resets 0 | Shield 0
Ep 9 | Step 60/200 | XYZ [ 0.018  0.013 -0.062] | RPY [-0.001  0.    -0.002] | Grip -1 (0.01) | Phase 1->1 | Ground 1.1cm | Target B | PredXYZ [-0.016 -0.068  0.825] | TrueXYZ [-0.012 -0.059  0.826] | EEF [-0.015 -0.061  0.826] | ObjZ 0.826 | Up 1.00 | Hold 0/0 | Age 0 (1) | Resets 0 | Shield 0
Ep 9 | Step 75/200 | XYZ [ 0.007 -0.001  0.562] | RPY [ 0.     0.013 -0.   ] | Grip 1 (1.00) | Phase 3->3 | Ground 1.4cm | Target B | PredXYZ [-0.01  -0.073  0.868] | TrueXYZ [-0.015 -0.06   0.872] | EEF [-0.017 -0.06   0.87 ] | ObjZ 0.872 | Up 1.00 | Hold 5/0 | Age 0 (1) | Resets 2 | Shield 0
Ep 9 | Step 80/200 | XYZ [ 0.008 -0.     0.433] | RPY [-0.     0.007 -0.001] | Grip 1 (1.00) | Phase 3->3 | Ground 1.5cm | Target B | PredXYZ [-0.003 -0.066  0.903] | TrueXYZ [-0.016 -0.06   0.901] | EEF [-0.018 -0.061  0.899] | ObjZ 0.901 | Up 1.00 | Hold 10/4 | Age 0 (1) | Resets 4 | Shield 0
Ep 9 | Step 81/200 | XYZ [0.008 0.    0.413] | RPY [-0.001  0.006 -0.001] | Grip 1 (1.00) | Phase 3->3 | Ground 1.3cm | Target B | PredXYZ [-0.005 -0.066  0.905] | TrueXYZ [-0.016 -0.06   0.906] | EEF [-0.018 -0.061  0.904] | ObjZ 0.906 | Up 1.00 | Hold 11/5 | Age 0 (1) | Resets 4 | Shield 0
Episode 9: Clean Success | failure=success | termination=success
Episode 10/120: Push the red cube away from the robot | ensemble=temporal
Ep 10 | Step 1/200 | XYZ [ 0.323 -0.41  -0.551] | RPY [ 0.001  0.002 -0.9  ] | Grip 1 (1.00) | Phase 5->5 | Ground 1.2cm | Target A | PredXYZ [-0.004 -0.118  0.824] | TrueXYZ [ 0.005 -0.11   0.821] | EEF [-0.107  0.012  1.01 ] | ObjZ 0.821 | Up 1.00 | Hold 0/0 | Age 0 (1) | Resets 0 | Shield 0
Ep 10 | Step 20/200 | XYZ [ 0.108 -0.104 -0.124] | RPY [ 0.017  0.002 -0.036] | Grip 1 (1.00) | Phase 5->5 | Ground 0.7cm | Target A | PredXYZ [ 0.001 -0.116  0.822] | TrueXYZ [ 0.005 -0.11   0.822] | EEF [-0.068 -0.026  0.939] | ObjZ 0.822 | Up 1.00 | Hold 0/0 | Age 3 (4) | Resets 0 | Shield 0
Ep 10 | Step 40/200 | XYZ [ 0.003 -0.075 -0.406] | RPY [ 0.003 -0.011  0.004] | Grip 1 (1.00) | Phase 6->6 | Ground 0.5cm | Target A | PredXYZ [ 0.005 -0.115  0.822] | TrueXYZ [ 0.005 -0.11   0.822] | EEF [-0.052 -0.041  0.878] | ObjZ 0.822 | Up 1.00 | Hold 0/0 | Age 0 (1) | Resets 0 | Shield 0
Ep 10 | Step 60/200 | XYZ [ 0.015 -0.009 -0.076] | RPY [-0.     0.002 -0.001] | Grip 1 (1.00) | Phase 6->6 | Ground 0.9cm | Target A | PredXYZ [ 0.003 -0.118  0.822] | TrueXYZ [ 0.005 -0.11   0.822] | EEF [-0.054 -0.051  0.826] | ObjZ 0.822 | Up 1.00 | Hold 0/0 | Age 0 (1) | Resets 0 | Shield 0
Ep 10 | Step 80/200 | XYZ [ 0.282 -0.317 -0.01 ] | RPY [-0.005 -0.003 -0.003] | Grip 1 (1.00) | Phase 7->7 | Ground 0.8cm | Target A | PredXYZ [ 0.036 -0.146  0.822] | TrueXYZ [ 0.041 -0.158  0.822] | EEF [ 0.026 -0.129  0.82 ] | ObjZ 0.822 | Up 1.00 | Hold 0/0 | Age 0 (1) | Resets 0 | Shield 3
Ep 10 | Step 85/200 | XYZ [ 0.234 -0.277 -0.009] | RPY [-0.006 -0.002 -0.004] | Grip 1 (1.00) | Phase 7->7 | Ground 0.6cm | Target A | PredXYZ [ 0.057 -0.165  0.822] | TrueXYZ [ 0.056 -0.173  0.822] | EEF [ 0.041 -0.144  0.819] | ObjZ 0.822 | Up 1.00 | Hold 5/5 | Age 0 (1) | Resets 0 | Shield 3
Episode 10: Clean Success | failure=success | termination=success
Episode 11/120: Pick up the green cylinder | ensemble=temporal
Ep 11 | Step 1/200 | XYZ [ 0.9   -0.165 -0.499] | RPY [-0.     0.     0.001] | Grip -1 (0.00) | Phase 0->0 | Ground 0.2cm | Target C | PredXYZ [ 0.088 -0.019  0.824] | TrueXYZ [ 0.089 -0.017  0.822] | EEF [-0.09   0.003  1.021] | ObjZ 0.822 | Up 1.00 | Hold 0/0 | Age 0 (1) | Resets 0 | Shield 0
Ep 11 | Step 20/200 | XYZ [ 0.308 -0.038 -0.096] | RPY [-0.002 -0.007 -0.   ] | Grip -1 (0.00) | Phase 0->0 | Ground 0.5cm | Target C | PredXYZ [ 0.093 -0.02   0.822] | TrueXYZ [ 0.088 -0.017  0.822] | EEF [ 0.05  -0.016  0.957] | ObjZ 0.822 | Up 1.00 | Hold 0/0 | Age 3 (4) | Resets 0 | Shield 0
Ep 11 | Step 40/200 | XYZ [ 0.037  0.004 -0.503] | RPY [ 0.001 -0.003  0.   ] | Grip -1 (0.00) | Phase 1->1 | Ground 0.5cm | Target C | PredXYZ [ 0.093 -0.017  0.822] | TrueXYZ [ 0.089 -0.017  0.822] | EEF [ 0.087 -0.019  0.89 ] | ObjZ 0.822 | Up 1.00 | Hold 0/0 | Age 0 (1) | Resets 0 | Shield 0
Ep 11 | Step 60/200 | XYZ [-0.001  0.003 -0.104] | RPY [-0.    -0.001 -0.001] | Grip -1 (0.00) | Phase 1->1 | Ground 0.3cm | Target C | PredXYZ [ 0.091 -0.018  0.822] | TrueXYZ [ 0.088 -0.017  0.822] | EEF [ 0.089 -0.018  0.828] | ObjZ 0.822 | Up 1.00 | Hold 0/0 | Age 0 (1) | Resets 0 | Shield 0
Ep 11 | Step 79/200 | XYZ [ 0.002 -0.001  0.569] | RPY [-0.001  0.002  0.   ] | Grip 1 (1.00) | Phase 3->3 | Ground 0.6cm | Target C | PredXYZ [ 0.092 -0.017  0.868] | TrueXYZ [ 0.087 -0.019  0.872] | EEF [ 0.088 -0.019  0.87 ] | ObjZ 0.872 | Up 1.00 | Hold 5/0 | Age 0 (1) | Resets 2 | Shield 0
Ep 11 | Step 80/200 | XYZ [ 0.002 -0.001  0.537] | RPY [-0.     0.003  0.   ] | Grip 1 (1.00) | Phase 3->3 | Ground 1.4cm | Target C | PredXYZ [ 0.098 -0.013  0.879] | TrueXYZ [ 0.086 -0.019  0.878] | EEF [ 0.087 -0.019  0.876] | ObjZ 0.878 | Up 1.00 | Hold 6/0 | Age 0 (1) | Resets 3 | Shield 0
Ep 11 | Step 85/200 | XYZ [ 0.002 -0.001  0.416] | RPY [-0.     0.005 -0.   ] | Grip 1 (1.00) | Phase 3->3 | Ground 1.8cm | Target C | PredXYZ [ 0.1   -0.016  0.91 ] | TrueXYZ [ 0.085 -0.019  0.905] | EEF [ 0.086 -0.019  0.904] | ObjZ 0.905 | Up 1.00 | Hold 11/5 | Age 0 (1) | Resets 4 | Shield 0
Episode 11: Clean Success | failure=success | termination=success
Episode 12/120: Pick up the blue ball | ensemble=temporal
Ep 12 | Step 1/200 | XYZ [ 0.9   -0.603 -0.343] | RPY [-0.001 -0.002  0.001] | Grip -1 (0.00) | Phase 0->0 | Ground 0.6cm | Target B | PredXYZ [ 0.089 -0.096  0.828] | TrueXYZ [ 0.092 -0.091  0.826] | EEF [-0.117 -0.002  0.999] | ObjZ 0.826 | Up 1.00 | Hold 0/0 | Age 0 (1) | Resets 0 | Shield 0
Ep 12 | Step 20/200 | XYZ [ 0.368 -0.124 -0.059] | RPY [-0.006 -0.008 -0.004] | Grip -1 (0.00) | Phase 0->0 | Ground 0.8cm | Target B | PredXYZ [ 0.088 -0.098  0.826] | TrueXYZ [ 0.092 -0.091  0.826] | EEF [ 0.034 -0.08   0.953] | ObjZ 0.826 | Up 1.00 | Hold 0/0 | Age 3 (4) | Resets 0 | Shield 0
Ep 12 | Step 40/200 | XYZ [ 0.068 -0.017 -0.627] | RPY [ 0.001 -0.005  0.001] | Grip -1 (0.00) | Phase 1->1 | Ground 0.6cm | Target B | PredXYZ [ 0.093 -0.097  0.826] | TrueXYZ [ 0.092 -0.091  0.826] | EEF [ 0.081 -0.093  0.91 ] | ObjZ 0.826 | Up 1.00 | Hold 0/0 | Age 0 (1) | Resets 0 | Shield 0
Ep 12 | Step 60/200 | XYZ [ 0.014  0.004 -0.124] | RPY [-0.    -0.003  0.001] | Grip -1 (0.00) | Phase 1->1 | Ground 0.6cm | Target B | PredXYZ [ 0.093 -0.097  0.826] | TrueXYZ [ 0.092 -0.091  0.826] | EEF [ 0.089 -0.095  0.834] | ObjZ 0.826 | Up 1.00 | Hold 0/0 | Age 0 (1) | Resets 0 | Shield 0
Ep 12 | Step 80/200 | XYZ [0.002 0.    0.639] | RPY [-0.002 -0.006  0.001] | Grip 1 (1.00) | Phase 3->3 | Ground 1.5cm | Target B | PredXYZ [ 0.106 -0.096  0.854] | TrueXYZ [ 0.094 -0.092  0.853] | EEF [ 0.093 -0.094  0.851] | ObjZ 0.853 | Up 1.00 | Hold 2/0 | Age 0 (1) | Resets 2 | Shield 0
Ep 12 | Step 83/200 | XYZ [ 0.002 -0.     0.548] | RPY [-0.002 -0.004 -0.   ] | Grip 1 (1.00) | Phase 3->3 | Ground 0.6cm | Target B | PredXYZ [ 0.097 -0.095  0.872] | TrueXYZ [ 0.094 -0.093  0.874] | EEF [ 0.093 -0.094  0.873] | ObjZ 0.874 | Up 1.00 | Hold 5/0 | Age 0 (1) | Resets 2 | Shield 0
Ep 12 | Step 88/200 | XYZ [0.002 0.001 0.429] | RPY [-0.001  0.004 -0.001] | Grip 1 (1.00) | Phase 3->3 | Ground 1.0cm | Target B | PredXYZ [ 0.098 -0.1    0.902] | TrueXYZ [ 0.092 -0.093  0.903] | EEF [ 0.091 -0.094  0.901] | ObjZ 0.903 | Up 1.00 | Hold 10/5 | Age 0 (1) | Resets 5 | Shield 0
Episode 12: Clean Success | failure=success | termination=success
Scene rejected for ('pick', 'B'): Pick target lacks bilateral gripper clearance
Episode 13/120: Pick up the blue ball | ensemble=temporal
Ep 13 | Step 1/200 | XYZ [ 0.869 -0.567 -0.388] | RPY [-0.     0.001 -0.   ] | Grip -1 (0.00) | Phase 0->0 | Ground 0.2cm | Target B | PredXYZ [ 0.042 -0.073  0.828] | TrueXYZ [ 0.043 -0.072  0.826] | EEF [-0.096  0.013  1.006] | ObjZ 0.826 | Up 1.00 | Hold 0/0 | Age 0 (1) | Resets 0 | Shield 0
Ep 13 | Step 20/200 | XYZ [ 0.232 -0.114 -0.075] | RPY [-0.005 -0.004 -0.003] | Grip -1 (0.00) | Phase 0->0 | Ground 0.2cm | Target B | PredXYZ [ 0.045 -0.073  0.826] | TrueXYZ [ 0.043 -0.072  0.826] | EEF [ 0.012 -0.057  0.956] | ObjZ 0.826 | Up 1.00 | Hold 0/0 | Age 3 (4) | Resets 0 | Shield 0
Ep 13 | Step 40/200 | XYZ [ 0.022 -0.026 -0.439] | RPY [ 0.001 -0.004  0.002] | Grip -1 (0.00) | Phase 1->1 | Ground 0.5cm | Target B | PredXYZ [ 0.04  -0.076  0.826] | TrueXYZ [ 0.043 -0.072  0.826] | EEF [ 0.041 -0.068  0.882] | ObjZ 0.826 | Up 1.00 | Hold 0/0 | Age 0 (1) | Resets 0 | Shield 0
Ep 13 | Step 60/200 | XYZ [ 0.004 -0.002 -0.082] | RPY [-0.001 -0.001 -0.001] | Grip -1 (0.00) | Phase 1->1 | Ground 0.2cm | Target B | PredXYZ [ 0.045 -0.072  0.826] | TrueXYZ [ 0.043 -0.072  0.826] | EEF [ 0.042 -0.072  0.829] | ObjZ 0.826 | Up 1.00 | Hold 0/0 | Age 0 (1) | Resets 0 | Shield 0
Ep 13 | Step 77/200 | XYZ [ 0.003 -0.001  0.562] | RPY [-0.001  0.006 -0.001] | Grip 1 (1.00) | Phase 3->3 | Ground 0.5cm | Target B | PredXYZ [ 0.044 -0.077  0.869] | TrueXYZ [ 0.042 -0.073  0.873] | EEF [ 0.041 -0.073  0.872] | ObjZ 0.873 | Up 1.00 | Hold 5/0 | Age 0 (1) | Resets 2 | Shield 0
Ep 13 | Step 80/200 | XYZ [ 0.003 -0.     0.482] | RPY [-0.     0.006 -0.001] | Grip 1 (1.00) | Phase 3->3 | Ground 0.9cm | Target B | PredXYZ [ 0.042 -0.082  0.887] | TrueXYZ [ 0.041 -0.073  0.892] | EEF [ 0.04  -0.073  0.89 ] | ObjZ 0.892 | Up 1.00 | Hold 8/2 | Age 0 (1) | Resets 4 | Shield 0
Ep 13 | Step 83/200 | XYZ [0.004 0.001 0.41 ] | RPY [-0.     0.006 -0.001] | Grip 1 (1.00) | Phase 3->3 | Ground 1.1cm | Target B | PredXYZ [ 0.045 -0.081  0.908] | TrueXYZ [ 0.04  -0.073  0.907] | EEF [ 0.039 -0.074  0.906] | ObjZ 0.907 | Up 1.00 | Hold 11/5 | Age 0 (1) | Resets 5 | Shield 0
Episode 13: Clean Success | failure=success | termination=success
Episode 14/120: Pick up the green cylinder | ensemble=temporal
Ep 14 | Step 1/200 | XYZ [ 0.9    0.008 -0.468] | RPY [-0.001  0.001 -0.   ] | Grip -1 (0.00) | Phase 0->0 | Ground 0.6cm | Target C | PredXYZ [0.131 0.027 0.823] | TrueXYZ [0.129 0.033 0.822] | EEF [-0.087  0.018  1.015] | ObjZ 0.822 | Up 1.00 | Hold 0/0 | Age 0 (1) | Resets 0 | Shield 0
Ep 14 | Step 20/200 | XYZ [ 0.398  0.027 -0.079] | RPY [ 0.    -0.006  0.002] | Grip -1 (0.00) | Phase 0->0 | Ground 0.6cm | Target C | PredXYZ [0.134 0.031 0.822] | TrueXYZ [0.129 0.033 0.822] | EEF [0.071 0.025 0.954] | ObjZ 0.822 | Up 1.00 | Hold 0/0 | Age 3 (4) | Resets 0 | Shield 0
Ep 14 | Step 40/200 | XYZ [ 0.063  0.012 -0.626] | RPY [-0.001 -0.004 -0.001] | Grip -1 (0.00) | Phase 1->1 | Ground 0.6cm | Target C | PredXYZ [0.134 0.032 0.822] | TrueXYZ [0.129 0.033 0.822] | EEF [0.121 0.028 0.909] | ObjZ 0.822 | Up 1.00 | Hold 0/0 | Age 0 (1) | Resets 0 | Shield 0
Ep 14 | Step 60/200 | XYZ [ 0.007  0.012 -0.121] | RPY [-0.001 -0.003 -0.001] | Grip -1 (0.00) | Phase 1->1 | Ground 0.6cm | Target C | PredXYZ [0.132 0.028 0.822] | TrueXYZ [0.129 0.033 0.822] | EEF [0.129 0.029 0.833] | ObjZ 0.822 | Up 1.00 | Hold 0/0 | Age 0 (1) | Resets 0 | Shield 0
Ep 14 | Step 80/200 | XYZ [-0.001  0.     0.626] | RPY [ 0.001 -0.009  0.001] | Grip 1 (1.00) | Phase 3->3 | Ground 1.6cm | Target C | PredXYZ [0.137 0.028 0.864] | TrueXYZ [0.129 0.03  0.858] | EEF [0.131 0.03  0.858] | ObjZ 0.858 | Up 1.00 | Hold 3/0 | Age 0 (1) | Resets 3 | Shield 0
Ep 14 | Step 82/200 | XYZ [0.    0.    0.557] | RPY [ 0.001 -0.006  0.001] | Grip 1 (1.00) | Phase 3->3 | Ground 0.6cm | Target C | PredXYZ [0.129 0.029 0.872] | TrueXYZ [0.129 0.03  0.873] | EEF [0.13  0.03  0.872] | ObjZ 0.873 | Up 1.00 | Hold 5/0 | Age 0 (1) | Resets 3 | Shield 0
Ep 14 | Step 88/200 | XYZ [0.    0.001 0.403] | RPY [0.    0.005 0.001] | Grip 1 (1.00) | Phase 3->3 | Ground 2.1cm | Target C | PredXYZ [0.142 0.027 0.916] | TrueXYZ [0.127 0.03  0.905] | EEF [0.128 0.03  0.905] | ObjZ 0.905 | Up 1.00 | Hold 11/5 | Age 0 (1) | Resets 6 | Shield 0
Episode 14: Clean Success | failure=success | termination=success
Scene rejected for ('push', 'C'): Deterministic push path is blocked by a distractor
Scene rejected for ('push', 'C'): Deterministic push path is blocked by a distractor
Scene rejected for ('push', 'C'): Deterministic push path is blocked by a distractor
Scene rejected for ('push', 'C'): Deterministic push path is blocked by a distractor
Scene rejected for ('push', 'C'): Deterministic push path is blocked by a distractor
Scene rejected for ('push', 'C'): Deterministic push path is blocked by a distractor
Scene rejected for ('push', 'C'): Target is too close to the robot reference ray
Episode 15/120: Push the green cylinder away from the robot | ensemble=temporal
Ep 15 | Step 1/200 | XYZ [ 0.137  0.208 -0.419] | RPY [ 0.  -0.   0.9] | Grip 1 (1.00) | Phase 5->5 | Ground 1.1cm | Target C | PredXYZ [-0.05   0.116  0.823] | TrueXYZ [-0.054  0.106  0.822] | EEF [-0.114  0.016  0.988] | ObjZ 0.822 | Up 1.00 | Hold 0/0 | Age 0 (1) | Resets 0 | Shield 0
Ep 15 | Step 20/200 | XYZ [ 0.053  0.023 -0.08 ] | RPY [-0.015 -0.004  0.121] | Grip 1 (1.00) | Phase 5->5 | Ground 1.5cm | Target C | PredXYZ [-0.047  0.119  0.822] | TrueXYZ [-0.054  0.106  0.822] | EEF [-0.102  0.039  0.934] | ObjZ 0.822 | Up 1.00 | Hold 0/0 | Age 3 (4) | Resets 0 | Shield 0
Ep 15 | Step 40/200 | XYZ [ 0.01   0.021 -0.166] | RPY [-0.001  0.007 -0.001] | Grip 1 (1.00) | Phase 6->6 | Ground 0.9cm | Target C | PredXYZ [-0.055  0.115  0.822] | TrueXYZ [-0.054  0.106  0.822] | EEF [-0.097  0.033  0.835] | ObjZ 0.822 | Up 1.00 | Hold 0/0 | Age 0 (1) | Resets 0 | Shield 0
Ep 15 | Step 60/200 | XYZ [0.29  0.544 0.   ] | RPY [-0.015  0.003 -0.012] | Grip 1 (1.00) | Phase 7->7 | Ground 1.1cm | Target C | PredXYZ [-0.053  0.123  0.822] | TrueXYZ [-0.046  0.118  0.823] | EEF [-0.063  0.084  0.818] | ObjZ 0.823 | Up 1.00 | Hold 0/0 | Age 0 (1) | Resets 0 | Shield 6
Ep 15 | Step 72/200 | XYZ [0.164 0.317 0.   ] | RPY [ 0.006 -0.001  0.004] | Grip 1 (1.00) | Phase 7->7 | Ground 0.6cm | Target C | PredXYZ [-0.017  0.182  0.823] | TrueXYZ [-0.012  0.181  0.823] | EEF [-0.031  0.148  0.818] | ObjZ 0.823 | Up 1.00 | Hold 5/5 | Age 0 (1) | Resets 2 | Shield 18
Episode 15: Clean Success | failure=success | termination=success
Scene rejected for ('push', 'B'): Deterministic push path is blocked by a distractor
Scene rejected for ('push', 'B'): Deterministic push path is blocked by a distractor
Scene rejected for ('push', 'B'): Deterministic push path is blocked by a distractor
Episode 16/120: Push the blue ball away from the robot | ensemble=temporal
Ep 16 | Step 1/200 | XYZ [ 0.9   -0.519 -0.519] | RPY [ 0.002  0.    -0.9  ] | Grip 1 (1.00) | Phase 5->5 | Ground 0.7cm | Target B | PredXYZ [ 0.121 -0.105  0.828] | TrueXYZ [ 0.117 -0.099  0.826] | EEF [-0.094  0.007  1.007] | ObjZ 0.826 | Up 1.00 | Hold 0/0 | Age 0 (1) | Resets 0 | Shield 0
Ep 16 | Step 20/200 | XYZ [ 0.223 -0.137 -0.103] | RPY [ 0.007 -0.006  0.002] | Grip 1 (1.00) | Phase 5->5 | Ground 1.3cm | Target B | PredXYZ [ 0.13  -0.101  0.826] | TrueXYZ [ 0.117 -0.099  0.826] | EEF [ 0.021 -0.045  0.94 ] | ObjZ 0.826 | Up 1.00 | Hold 0/0 | Age 3 (4) | Resets 0 | Shield 0
Ep 16 | Step 40/200 | XYZ [ 0.012 -0.032 -0.375] | RPY [ 0.001 -0.005  0.001] | Grip 1 (1.00) | Phase 6->6 | Ground 0.7cm | Target B | PredXYZ [ 0.122 -0.104  0.826] | TrueXYZ [ 0.117 -0.099  0.826] | EEF [ 0.048 -0.061  0.879] | ObjZ 0.826 | Up 1.00 | Hold 0/0 | Age 0 (1) | Resets 0 | Shield 0
Ep 16 | Step 60/200 | XYZ [ 0.001 -0.003 -0.075] | RPY [-0.    -0.001  0.   ] | Grip 1 (1.00) | Phase 6->6 | Ground 0.7cm | Target B | PredXYZ [ 0.123 -0.104  0.826] | TrueXYZ [ 0.117 -0.099  0.826] | EEF [ 0.049 -0.064  0.834] | ObjZ 0.826 | Up 1.00 | Hold 0/0 | Age 0 (1) | Resets 0 | Shield 0
Ep 16 | Step 78/200 | XYZ [-0.124  0.057 -0.029] | RPY [-0.018 -0.043 -0.003] | Grip 1 (1.00) | Phase 8->8 | Ground 0.9cm | Target B | PredXYZ [ 0.205 -0.14   0.826] | TrueXYZ [ 0.199 -0.14   0.826] | EEF [ 0.164 -0.131  0.825] | ObjZ 0.826 | Up 1.00 | Hold 5/5 | Age 2 (3) | Resets 5 | Shield 1
Episode 16: Clean Success | failure=success | termination=success
Episode 17/120: Pick up the green cylinder | ensemble=temporal
Ep 17 | Step 1/200 | XYZ [ 0.9    0.334 -0.357] | RPY [-0.     0.001 -0.   ] | Grip -1 (0.00) | Phase 0->0 | Ground 1.0cm | Target C | PredXYZ [0.084 0.075 0.824] | TrueXYZ [0.084 0.065 0.822] | EEF [-0.121  0.021  0.997] | ObjZ 0.822 | Up 1.00 | Hold 0/0 | Age 0 (1) | Resets 0 | Shield 0
Ep 17 | Step 20/200 | XYZ [ 0.353  0.066 -0.063] | RPY [ 0.003 -0.01   0.003] | Grip -1 (0.00) | Phase 0->0 | Ground 0.9cm | Target C | PredXYZ [0.082 0.075 0.822] | TrueXYZ [0.084 0.066 0.822] | EEF [0.031 0.063 0.952] | ObjZ 0.822 | Up 1.00 | Hold 0/0 | Age 3 (4) | Resets 0 | Shield 0
Ep 17 | Step 40/200 | XYZ [ 0.051  0.    -0.582] | RPY [-0.001 -0.004 -0.001] | Grip -1 (0.00) | Phase 1->1 | Ground 0.9cm | Target C | PredXYZ [0.085 0.074 0.822] | TrueXYZ [0.084 0.066 0.822] | EEF [0.074 0.07  0.9  ] | ObjZ 0.822 | Up 1.00 | Hold 0/0 | Age 0 (1) | Resets 0 | Shield 0
Ep 17 | Step 60/200 | XYZ [ 0.008 -0.009 -0.115] | RPY [ 0.001 -0.002  0.   ] | Grip -1 (0.00) | Phase 1->1 | Ground 0.5cm | Target C | PredXYZ [0.088 0.07  0.822] | TrueXYZ [0.084 0.066 0.822] | EEF [0.081 0.069 0.83 ] | ObjZ 0.822 | Up 1.00 | Hold 0/0 | Age 0 (1) | Resets 0 | Shield 0
Ep 17 | Step 80/200 | XYZ [0.003 0.    0.603] | RPY [ 0.002 -0.005  0.001] | Grip 1 (1.00) | Phase 3->3 | Ground 0.8cm | Target C | PredXYZ [0.092 0.073 0.861] | TrueXYZ [0.085 0.07  0.866] | EEF [0.083 0.07  0.863] | ObjZ 0.866 | Up 1.00 | Hold 4/0 | Age 0 (1) | Resets 3 | Shield 0
Ep 17 | Step 81/200 | XYZ [0.003 0.    0.57 ] | RPY [ 0.002 -0.003  0.001] | Grip 1 (1.00) | Phase 3->3 | Ground 0.6cm | Target C | PredXYZ [0.084 0.075 0.863] | TrueXYZ [0.085 0.07  0.872] | EEF [0.083 0.07  0.87 ] | ObjZ 0.872 | Up 1.00 | Hold 5/0 | Age 0 (1) | Resets 3 | Shield 0
Ep 17 | Step 87/200 | XYZ [0.004 0.001 0.419] | RPY [0.001 0.006 0.001] | Grip 1 (1.00) | Phase 3->3 | Ground 0.6cm | Target C | PredXYZ [0.084 0.075 0.905] | TrueXYZ [0.083 0.07  0.906] | EEF [0.081 0.07  0.904] | ObjZ 0.906 | Up 1.00 | Hold 11/5 | Age 0 (1) | Resets 5 | Shield 0
Episode 17: Clean Success | failure=success | termination=success
Scene rejected for ('push', 'C'): Target is too close to the robot reference ray
Scene rejected for ('push', 'C'): Deterministic push path is blocked by a distractor
Scene rejected for ('push', 'C'): Deterministic push path is blocked by a distractor
Scene rejected for ('push', 'C'): Deterministic push path is blocked by a distractor
Scene rejected for ('push', 'C'): Deterministic push path is blocked by a distractor
Episode 18/120: Push the green cylinder away from the robot | ensemble=temporal
Ep 18 | Step 1/200 | XYZ [ 0.039  0.339 -0.506] | RPY [ 0.001 -0.002  0.9  ] | Grip 1 (1.00) | Phase 5->5 | Ground 0.6cm | Target C | PredXYZ [-0.109  0.128  0.823] | TrueXYZ [-0.105  0.132  0.822] | EEF [-0.124 -0.     1.002] | ObjZ 0.822 | Up 1.00 | Hold 0/0 | Age 0 (1) | Resets 0 | Shield 0
Ep 18 | Step 20/200 | XYZ [ 0.054 -0.006 -0.097] | RPY [-0.024 -0.008  0.592] | Grip 1 (1.00) | Phase 5->5 | Ground 0.2cm | Target C | PredXYZ [-0.105  0.133  0.822] | TrueXYZ [-0.105  0.132  0.822] | EEF [-0.127  0.048  0.935] | ObjZ 0.822 | Up 1.00 | Hold 0/0 | Age 3 (4) | Resets 0 | Shield 0
Ep 18 | Step 40/200 | XYZ [ 0.028  0.069 -0.195] | RPY [-0.002  0.007 -0.005] | Grip 1 (1.00) | Phase 6->6 | Ground 0.6cm | Target C | PredXYZ [-0.099  0.129  0.822] | TrueXYZ [-0.105  0.132  0.822] | EEF [-0.112  0.035  0.838] | ObjZ 0.822 | Up 1.00 | Hold 0/0 | Age 0 (1) | Resets 0 | Shield 0
Ep 18 | Step 60/200 | XYZ [0.027 0.668 0.   ] | RPY [-0.024 -0.005 -0.022] | Grip 1 (1.00) | Phase 7->7 | Ground 0.2cm | Target C | PredXYZ [-0.107  0.131  0.822] | TrueXYZ [-0.105  0.132  0.822] | EEF [-0.104  0.085  0.819] | ObjZ 0.822 | Up 1.00 | Hold 0/0 | Age 0 (1) | Resets 0 | Shield 8
Ep 18 | Step 76/200 | XYZ [ 0.008 -0.066  0.012] | RPY [0.01  0.003 0.008] | Grip 1 (1.00) | Phase 8->8 | Ground 2.3cm | Target C | PredXYZ [-0.12   0.196  0.822] | TrueXYZ [-0.105  0.214  0.823] | EEF [-0.101  0.176  0.818] | ObjZ 0.823 | Up 1.00 | Hold 5/5 | Age 3 (4) | Resets 1 | Shield 12
Episode 18: Clean Success | failure=success | termination=success
Episode 19/120: Pick up the red cube | ensemble=temporal
Ep 19 | Step 1/200 | XYZ [ 0.9   -0.352 -0.331] | RPY [ 0.002 -0.002 -0.9  ] | Grip -1 (0.00) | Phase 0->0 | Ground 0.8cm | Target A | PredXYZ [ 0.124 -0.047  0.824] | TrueXYZ [ 0.12  -0.04   0.821] | EEF [-0.122  0.006  0.997] | ObjZ 0.821 | Up 1.00 | Hold 0/0 | Age 0 (1) | Resets 0 | Shield 0
Ep 19 | Step 20/200 | XYZ [ 0.468 -0.088 -0.057] | RPY [ 0.008 -0.009 -0.005] | Grip -1 (0.00) | Phase 0->0 | Ground 0.6cm | Target A | PredXYZ [ 0.121 -0.046  0.822] | TrueXYZ [ 0.12  -0.04   0.822] | EEF [ 0.043 -0.028  0.952] | ObjZ 0.822 | Up 1.00 | Hold 0/0 | Age 3 (4) | Resets 0 | Shield 0
Ep 19 | Step 40/200 | XYZ [ 0.085 -0.011 -0.839] | RPY [ 0.    -0.007  0.001] | Grip -1 (0.00) | Phase 1->1 | Ground 0.5cm | Target A | PredXYZ [ 0.119 -0.045  0.822] | TrueXYZ [ 0.12  -0.04   0.822] | EEF [ 0.106 -0.042  0.941] | ObjZ 0.822 | Up 1.00 | Hold 0/0 | Age 0 (1) | Resets 0 | Shield 0
Ep 19 | Step 60/200 | XYZ [ 0.021 -0.    -0.173] | RPY [ 0.    -0.002 -0.001] | Grip -1 (0.00) | Phase 1->1 | Ground 0.4cm | Target A | PredXYZ [ 0.12  -0.044  0.822] | TrueXYZ [ 0.12  -0.04   0.822] | EEF [ 0.115 -0.041  0.837] | ObjZ 0.822 | Up 1.00 | Hold 0/0 | Age 0 (1) | Resets 0 | Shield 0
Ep 19 | Step 80/200 | XYZ [-0.002 -0.     0.144] | RPY [ 0.    -0.001 -0.001] | Grip 1 (1.00) | Phase 2->2 | Ground 1.1cm | Target A | PredXYZ [ 0.128 -0.048  0.822] | TrueXYZ [ 0.12  -0.041  0.822] | EEF [ 0.119 -0.04   0.82 ] | ObjZ 0.822 | Up 1.00 | Hold 0/0 | Age 0 (1) | Resets 0 | Shield 0
Ep 19 | Step 87/200 | XYZ [ 0.002 -0.001  0.566] | RPY [-0.002 -0.011  0.001] | Grip 1 (1.00) | Phase 3->3 | Ground 0.5cm | Target A | PredXYZ [ 0.123 -0.045  0.867] | TrueXYZ [ 0.123 -0.041  0.875] | EEF [ 0.121 -0.04   0.872] | ObjZ 0.875 | Up 1.00 | Hold 5/0 | Age 0 (1) | Resets 2 | Shield 0
Ep 19 | Step 92/200 | XYZ [ 0.003 -0.002  0.434] | RPY [-0.001  0.003  0.   ] | Grip 1 (1.00) | Phase 3->3 | Ground 0.6cm | Target A | PredXYZ [ 0.123 -0.046  0.895] | TrueXYZ [ 0.121 -0.041  0.904] | EEF [ 0.12  -0.041  0.901] | ObjZ 0.904 | Up 1.00 | Hold 10/5 | Age 0 (1) | Resets 3 | Shield 0
Episode 19: Clean Success | failure=success | termination=success
Scene rejected for ('push', 'C'): Target is too close to the robot reference ray
Scene rejected for ('push', 'C'): Target is too close to the robot reference ray
Scene rejected for ('push', 'C'): Deterministic push path is blocked by a distractor
Episode 20/120: Push the green cylinder away from the robot | ensemble=temporal
Ep 20 | Step 1/200 | XYZ [ 0.333  0.293 -0.552] | RPY [-0.    -0.001  0.9  ] | Grip 1 (1.00) | Phase 5->5 | Ground 0.4cm | Target C | PredXYZ [0.005 0.122 0.824] | TrueXYZ [0.006 0.117 0.822] | EEF [-0.107  0.025  1.01 ] | ObjZ 0.822 | Up 1.00 | Hold 0/0 | Age 0 (1) | Resets 0 | Shield 0
Ep 20 | Step 20/200 | XYZ [ 0.102  0.082 -0.119] | RPY [-0.013 -0.001  0.011] | Grip 1 (1.00) | Phase 5->5 | Ground 0.6cm | Target C | PredXYZ [0.006 0.123 0.822] | TrueXYZ [0.006 0.117 0.822] | EEF [-0.069  0.052  0.941] | ObjZ 0.822 | Up 1.00 | Hold 0/0 | Age 3 (4) | Resets 0 | Shield 0
Ep 20 | Step 40/200 | XYZ [-0.007  0.021 -0.36 ] | RPY [-0.002 -0.006 -0.003] | Grip 1 (1.00) | Phase 6->6 | Ground 0.6cm | Target C | PredXYZ [0.003 0.123 0.822] | TrueXYZ [0.006 0.117 0.822] | EEF [-0.056  0.06   0.864] | ObjZ 0.822 | Up 1.00 | Hold 0/0 | Age 0 (1) | Resets 0 | Shield 0
Ep 20 | Step 60/200 | XYZ [ 0.582  0.521 -0.041] | RPY [ 0.001 -0.002 -0.001] | Grip 1 (1.00) | Phase 7->7 | Ground 0.8cm | Target C | PredXYZ [0.003 0.125 0.822] | TrueXYZ [0.006 0.117 0.822] | EEF [-0.056  0.065  0.82 ] | ObjZ 0.822 | Up 1.00 | Hold 0/0 | Age 0 (1) | Resets 0 | Shield 0
Ep 20 | Step 80/200 | XYZ [0.304 0.285 0.   ] | RPY [ 0.003 -0.003  0.001] | Grip 1 (1.00) | Phase 7->7 | Ground 1.2cm | Target C | PredXYZ [0.069 0.184 0.823] | TrueXYZ [0.067 0.177 0.823] | EEF [0.04  0.151 0.815] | ObjZ 0.823 | Up 1.00 | Hold 4/4 | Age 0 (1) | Resets 3 | Shield 18
Ep 20 | Step 81/200 | XYZ [0.295 0.27  0.   ] | RPY [ 0.004 -0.003  0.001] | Grip 1 (1.00) | Phase 7->7 | Ground 1.5cm | Target C | PredXYZ [0.065 0.192 0.823] | TrueXYZ [0.071 0.181 0.823] | EEF [0.043 0.154 0.815] | ObjZ 0.823 | Up 1.00 | Hold 5/5 | Age 0 (1) | Resets 3 | Shield 19
Episode 20: Clean Success | failure=success | termination=success
Episode 21/120: Pick up the green cylinder | ensemble=temporal
Ep 21 | Step 1/200 | XYZ [-0.075  0.64  -0.452] | RPY [ 0.    -0.002 -0.003] | Grip -1 (0.00) | Phase 0->0 | Ground 0.4cm | Target C | PredXYZ [-0.109  0.116  0.824] | TrueXYZ [-0.106  0.119  0.822] | EEF [-0.095  0.015  1.013] | ObjZ 0.822 | Up 1.00 | Hold 0/0 | Age 0 (1) | Resets 0 | Shield 0
Ep 21 | Step 20/200 | XYZ [ 0.009  0.176 -0.101] | RPY [0.001 0.008 0.003] | Grip -1 (0.00) | Phase 0->0 | Ground 0.6cm | Target C | PredXYZ [-0.101  0.121  0.822] | TrueXYZ [-0.107  0.119  0.822] | EEF [-0.106  0.097  0.955] | ObjZ 0.822 | Up 1.00 | Hold 0/0 | Age 3 (4) | Resets 0 | Shield 0
Ep 21 | Step 40/200 | XYZ [ 0.018  0.014 -0.307] | RPY [0.004 0.011 0.004] | Grip -1 (0.00) | Phase 1->1 | Ground 0.3cm | Target C | PredXYZ [-0.104  0.122  0.822] | TrueXYZ [-0.107  0.119  0.822] | EEF [-0.11   0.119  0.858] | ObjZ 0.822 | Up 1.00 | Hold 0/0 | Age 0 (1) | Resets 1 | Shield 0
Ep 21 | Step 60/200 | XYZ [ 0.037 -0.032 -0.045] | RPY [0.002 0.005 0.004] | Grip -1 (0.11) | Phase 1->1 | Ground 0.7cm | Target C | PredXYZ [-0.113  0.122  0.822] | TrueXYZ [-0.107  0.119  0.822] | EEF [-0.112  0.125  0.818] | ObjZ 0.822 | Up 1.00 | Hold 0/0 | Age 0 (1) | Resets 1 | Shield 0
Ep 21 | Step 74/200 | XYZ [ 0.018 -0.002  0.587] | RPY [-0.01   0.028 -0.003] | Grip 1 (1.00) | Phase 3->3 | Ground 0.8cm | Target C | PredXYZ [-0.119  0.117  0.859] | TrueXYZ [-0.113  0.118  0.869] | EEF [-0.118  0.118  0.864] | ObjZ 0.869 | Up 1.00 | Hold 5/0 | Age 0 (1) | Resets 3 | Shield 0
Ep 21 | Step 80/200 | XYZ [ 0.015 -0.003  0.436] | RPY [-0.008  0.011 -0.004] | Grip 1 (1.00) | Phase 3->3 | Ground 1.0cm | Target C | PredXYZ [-0.123  0.118  0.904] | TrueXYZ [-0.115  0.113  0.905] | EEF [-0.119  0.113  0.899] | ObjZ 0.905 | Up 1.00 | Hold 11/5 | Age 0 (1) | Resets 6 | Shield 0
Episode 21: Clean Success | failure=success | termination=success
Scene rejected for ('push', 'A'): Deterministic push path is blocked by a distractor
Scene rejected for ('push', 'A'): Deterministic push path is blocked by a distractor
Scene rejected for ('push', 'A'): Deterministic push path is blocked by a distractor
Episode 22/120: Push the red cube away from the robot | ensemble=temporal
Ep 22 | Step 1/200 | XYZ [ 0.821  0.478 -0.409] | RPY [-0.001  0.004  0.888] | Grip 1 (1.00) | Phase 5->5 | Ground 0.3cm | Target A | PredXYZ [0.089 0.126 0.823] | TrueXYZ [0.087 0.125 0.821] | EEF [-0.122  0.018  0.985] | ObjZ 0.821 | Up 1.00 | Hold 0/0 | Age 0 (1) | Resets 0 | Shield 0
Ep 22 | Step 20/200 | XYZ [ 0.214  0.103 -0.084] | RPY [-0.003 -0.01  -0.002] | Grip 1 (1.00) | Phase 5->5 | Ground 0.2cm | Target A | PredXYZ [0.087 0.123 0.822] | TrueXYZ [0.087 0.125 0.822] | EEF [-0.012  0.075  0.932] | ObjZ 0.822 | Up 1.00 | Hold 0/0 | Age 3 (4) | Resets 0 | Shield 0
Ep 22 | Step 40/200 | XYZ [ 0.022  0.01  -0.35 ] | RPY [-0.001 -0.004 -0.002] | Grip 1 (1.00) | Phase 6->6 | Ground 0.7cm | Target A | PredXYZ [0.093 0.127 0.821] | TrueXYZ [0.087 0.125 0.822] | EEF [0.015 0.084 0.868] | ObjZ 0.822 | Up 1.00 | Hold 0/0 | Age 0 (1) | Resets 0 | Shield 0
Ep 22 | Step 60/200 | XYZ [ 0.013 -0.002 -0.056] | RPY [ 0.001 -0.001 -0.001] | Grip 1 (1.00) | Phase 6->6 | Ground 0.2cm | Target A | PredXYZ [0.087 0.126 0.821] | TrueXYZ [0.087 0.125 0.822] | EEF [0.017 0.083 0.826] | ObjZ 0.822 | Up 1.00 | Hold 0/0 | Age 0 (1) | Resets 0 | Shield 0
Ep 22 | Step 80/200 | XYZ [ 0.367  0.196 -0.   ] | RPY [ 0.002 -0.002  0.   ] | Grip 1 (1.00) | Phase 7->7 | Ground 0.9cm | Target A | PredXYZ [0.154 0.153 0.822] | TrueXYZ [0.15  0.153 0.822] | EEF [0.122 0.139 0.819] | ObjZ 0.822 | Up 1.00 | Hold 1/1 | Age 0 (1) | Resets 2 | Shield 5
Ep 22 | Step 84/200 | XYZ [0.318 0.172 0.001] | RPY [ 0.001 -0.001 -0.001] | Grip 1 (1.00) | Phase 7->7 | Ground 0.9cm | Target A | PredXYZ [0.171 0.158 0.822] | TrueXYZ [0.166 0.16  0.822] | EEF [0.138 0.147 0.82 ] | ObjZ 0.822 | Up 1.00 | Hold 5/5 | Age 0 (1) | Resets 2 | Shield 5
Episode 22: Clean Success | failure=success | termination=success
Scene rejected for ('push', 'B'): Deterministic push path is blocked by a distractor
Scene rejected for ('push', 'B'): Deterministic push path is blocked by a distractor
Scene rejected for ('push', 'B'): Deterministic push path is blocked by a distractor
Scene rejected for ('push', 'B'): Deterministic push path is blocked by a distractor
Scene rejected for ('push', 'B'): Deterministic push path is blocked by a distractor
Scene rejected for ('push', 'B'): Deterministic push path is blocked by a distractor
Scene rejected for ('push', 'B'): Deterministic push path is blocked by a distractor
Scene rejected for ('push', 'B'): Deterministic push path is blocked by a distractor
Episode 23/120: Push the blue ball away from the robot | ensemble=temporal
Ep 23 | Step 1/200 | XYZ [ 0.295  0.377 -0.528] | RPY [ 0.001 -0.001  0.9  ] | Grip 1 (1.00) | Phase 5->5 | Ground 0.8cm | Target B | PredXYZ [-0.01   0.124  0.828] | TrueXYZ [-0.014  0.117  0.826] | EEF [-0.107  0.007  1.009] | ObjZ 0.826 | Up 1.00 | Hold 0/0 | Age 0 (1) | Resets 0 | Shield 0
Ep 23 | Step 20/200 | XYZ [ 0.087  0.09  -0.107] | RPY [-0.019  0.001  0.058] | Grip 1 (1.00) | Phase 5->5 | Ground 0.6cm | Target B | PredXYZ [-0.012  0.123  0.826] | TrueXYZ [-0.014  0.117  0.826] | EEF [-0.074  0.043  0.942] | ObjZ 0.826 | Up 1.00 | Hold 0/0 | Age 3 (4) | Resets 0 | Shield 0
Ep 23 | Step 40/200 | XYZ [-0.014  0.028 -0.304] | RPY [-0.002 -0.    -0.003] | Grip 1 (1.00) | Phase 6->6 | Ground 0.7cm | Target B | PredXYZ [-0.01   0.122  0.826] | TrueXYZ [-0.014  0.117  0.826] | EEF [-0.066  0.051  0.868] | ObjZ 0.826 | Up 1.00 | Hold 0/0 | Age 0 (1) | Resets 0 | Shield 0
Ep 23 | Step 60/200 | XYZ [ 0.813  0.9   -0.036] | RPY [-0.019  0.028 -0.013] | Grip 1 (1.00) | Phase 7->7 | Ground 1.2cm | Target B | PredXYZ [-0.007  0.126  0.826] | TrueXYZ [-0.014  0.117  0.826] | EEF [-0.05   0.071  0.829] | ObjZ 0.826 | Up 1.00 | Hold 0/0 | Age 0 (1) | Resets 0 | Shield 0
Ep 23 | Step 72/200 | XYZ [-0.072 -0.111  0.007] | RPY [ 0.024 -0.033  0.006] | Grip 1 (1.00) | Phase 8->8 | Ground 1.1cm | Target B | PredXYZ [0.037 0.189 0.826] | TrueXYZ [0.04  0.179 0.826] | EEF [0.019 0.15  0.83 ] | ObjZ 0.826 | Up 1.00 | Hold 5/5 | Age 2 (3) | Resets 5 | Shield 0
Episode 23: Clean Success | failure=success | termination=success
Scene rejected for ('push', 'A'): Deterministic push path is blocked by a distractor
Scene rejected for ('push', 'A'): Deterministic push path is blocked by a distractor
Scene rejected for ('push', 'A'): Deterministic push path is blocked by a distractor
Scene rejected for ('push', 'A'): Deterministic push path is blocked by a distractor
Scene rejected for ('push', 'A'): Deterministic push path is blocked by a distractor
Scene rejected for ('push', 'A'): Deterministic push path is blocked by a distractor
Episode 24/120: Push the red cube away from the robot | ensemble=temporal
Ep 24 | Step 1/200 | XYZ [ 0.177 -0.328 -0.598] | RPY [ 0.001  0.003 -0.9  ] | Grip 1 (1.00) | Phase 5->5 | Ground 0.5cm | Target A | PredXYZ [-0.024 -0.128  0.824] | TrueXYZ [-0.028 -0.126  0.821] | EEF [-0.096 -0.004  1.018] | ObjZ 0.821 | Up 1.00 | Hold 0/0 | Age 0 (1) | Resets 0 | Shield 0
Ep 24 | Step 20/200 | XYZ [ 0.088 -0.058 -0.116] | RPY [ 0.03   0.004 -0.115] | Grip 1 (1.00) | Phase 5->5 | Ground 0.2cm | Target A | PredXYZ [-0.028 -0.128  0.822] | TrueXYZ [-0.028 -0.126  0.822] | EEF [-0.082 -0.037  0.939] | ObjZ 0.822 | Up 1.00 | Hold 0/0 | Age 3 (4) | Resets 0 | Shield 0
Ep 24 | Step 40/200 | XYZ [ 0.013 -0.085 -0.501] | RPY [ 0.007 -0.015  0.005] | Grip 1 (1.00) | Phase 6->6 | Ground 0.5cm | Target A | PredXYZ [-0.023 -0.125  0.822] | TrueXYZ [-0.028 -0.126  0.822] | EEF [-0.071 -0.042  0.89 ] | ObjZ 0.822 | Up 1.00 | Hold 0/0 | Age 0 (1) | Resets 0 | Shield 0
Ep 24 | Step 60/200 | XYZ [ 0.014 -0.011 -0.093] | RPY [-0.     0.004  0.   ] | Grip 1 (1.00) | Phase 6->6 | Ground 0.6cm | Target A | PredXYZ [-0.023 -0.122  0.822] | TrueXYZ [-0.028 -0.126  0.822] | EEF [-0.074 -0.055  0.828] | ObjZ 0.822 | Up 1.00 | Hold 0/0 | Age 0 (1) | Resets 0 | Shield 0
Ep 24 | Step 80/200 | XYZ [ 0.211 -0.367 -0.015] | RPY [-0.006 -0.003 -0.002] | Grip 1 (1.00) | Phase 7->7 | Ground 0.2cm | Target A | PredXYZ [-0.006 -0.165  0.822] | TrueXYZ [-0.006 -0.171  0.822] | EEF [-0.017 -0.134  0.82 ] | ObjZ 0.822 | Up 1.00 | Hold 0/0 | Age 0 (1) | Resets 1 | Shield 0
Ep 24 | Step 88/200 | XYZ [-0.021  0.043  0.025] | RPY [-0.014 -0.005 -0.006] | Grip 1 (1.00) | Phase 8->8 | Ground 0.4cm | Target A | PredXYZ [-0.001 -0.192  0.821] | TrueXYZ [-0.001 -0.188  0.822] | EEF [-0.009 -0.151  0.821] | ObjZ 0.822 | Up 1.00 | Hold 5/5 | Age 3 (4) | Resets 1 | Shield 0
Episode 24: Clean Success | failure=success | termination=success
Episode 25/120: Pick up the blue ball | ensemble=temporal
Ep 25 | Step 1/200 | XYZ [ 0.9    0.566 -0.292] | RPY [-0.    -0.003 -0.003] | Grip -1 (0.00) | Phase 0->0 | Ground 0.9cm | Target B | PredXYZ [0.125 0.107 0.828] | TrueXYZ [0.12  0.1   0.826] | EEF [-0.117  0.01   0.99 ] | ObjZ 0.826 | Up 1.00 | Hold 0/0 | Age 0 (1) | Resets 0 | Shield 0
Ep 25 | Step 20/200 | XYZ [ 0.46   0.131 -0.043] | RPY [ 0.006 -0.006  0.006] | Grip -1 (0.00) | Phase 0->0 | Ground 1.1cm | Target B | PredXYZ [0.117 0.11  0.826] | TrueXYZ [0.12  0.1   0.826] | EEF [0.048 0.09  0.95 ] | ObjZ 0.826 | Up 1.00 | Hold 0/0 | Age 3 (4) | Resets 0 | Shield 0
Ep 25 | Step 40/200 | XYZ [ 0.092  0.009 -0.702] | RPY [-0.002 -0.003 -0.001] | Grip -1 (0.00) | Phase 1->1 | Ground 0.2cm | Target B | PredXYZ [0.119 0.101 0.826] | TrueXYZ [0.12  0.1   0.826] | EEF [0.108 0.105 0.922] | ObjZ 0.826 | Up 1.00 | Hold 0/0 | Age 0 (1) | Resets 0 | Shield 0
Ep 25 | Step 60/200 | XYZ [ 0.011 -0.014 -0.141] | RPY [ 0.001 -0.003  0.   ] | Grip -1 (0.00) | Phase 1->1 | Ground 0.2cm | Target B | PredXYZ [0.12  0.102 0.826] | TrueXYZ [0.12  0.1   0.826] | EEF [0.118 0.103 0.838] | ObjZ 0.826 | Up 1.00 | Hold 0/0 | Age 0 (1) | Resets 0 | Shield 0
Ep 25 | Step 80/200 | XYZ [ 0.002 -0.001  0.67 ] | RPY [ 0.005 -0.014  0.001] | Grip 1 (1.00) | Phase 3->3 | Ground 0.9cm | Target B | PredXYZ [0.125 0.108 0.837] | TrueXYZ [0.122 0.101 0.846] | EEF [0.122 0.102 0.846] | ObjZ 0.846 | Up 1.00 | Hold 1/0 | Age 0 (1) | Resets 0 | Shield 0
Ep 25 | Step 84/200 | XYZ [ 0.002 -0.001  0.549] | RPY [ 0.004 -0.011  0.001] | Grip 1 (1.00) | Phase 3->3 | Ground 1.1cm | Target B | PredXYZ [0.132 0.098 0.876] | TrueXYZ [0.124 0.102 0.877] | EEF [0.123 0.103 0.876] | ObjZ 0.877 | Up 1.00 | Hold 5/0 | Age 0 (1) | Resets 3 | Shield 0
Ep 25 | Step 89/200 | XYZ [ 0.004 -0.     0.421] | RPY [0.002 0.003 0.002] | Grip 1 (1.00) | Phase 3->3 | Ground 0.4cm | Target B | PredXYZ [0.126 0.104 0.901] | TrueXYZ [0.122 0.102 0.905] | EEF [0.122 0.103 0.904] | ObjZ 0.905 | Up 1.00 | Hold 10/5 | Age 0 (1) | Resets 3 | Shield 0
Episode 25: Clean Success | failure=success | termination=success
Episode 26/120: Pick up the blue ball | ensemble=temporal
Ep 26 | Step 1/200 | XYZ [ 0.82   0.286 -0.411] | RPY [ 0.     0.001 -0.002] | Grip -1 (0.00) | Phase 0->0 | Ground 0.4cm | Target B | PredXYZ [0.036 0.064 0.828] | TrueXYZ [0.039 0.062 0.826] | EEF [-0.092  0.017  1.01 ] | ObjZ 0.826 | Up 1.00 | Hold 0/0 | Age 0 (1) | Resets 0 | Shield 0
Ep 26 | Step 20/200 | XYZ [ 0.197  0.082 -0.078] | RPY [ 0.003 -0.002  0.003] | Grip -1 (0.00) | Phase 0->0 | Ground 0.6cm | Target B | PredXYZ [0.034 0.063 0.826] | TrueXYZ [0.039 0.062 0.826] | EEF [0.007 0.057 0.957] | ObjZ 0.826 | Up 1.00 | Hold 0/0 | Age 3 (4) | Resets 0 | Shield 0
Ep 26 | Step 40/200 | XYZ [ 0.042 -0.005 -0.393] | RPY [ 0. -0. -0.] | Grip -1 (0.00) | Phase 1->1 | Ground 0.5cm | Target B | PredXYZ [0.043 0.06  0.826] | TrueXYZ [0.039 0.062 0.826] | EEF [0.032 0.064 0.875] | ObjZ 0.826 | Up 1.00 | Hold 0/0 | Age 0 (1) | Resets 0 | Shield 0
Ep 26 | Step 60/200 | XYZ [ 0.012 -0.007 -0.076] | RPY [ 0.001 -0.     0.001] | Grip -1 (0.00) | Phase 1->1 | Ground 0.6cm | Target B | PredXYZ [0.045 0.063 0.826] | TrueXYZ [0.039 0.062 0.826] | EEF [0.036 0.064 0.827] | ObjZ 0.826 | Up 1.00 | Hold 0/0 | Age 0 (1) | Resets 0 | Shield 0
Ep 26 | Step 77/200 | XYZ [ 0.006 -0.002  0.561] | RPY [0.001 0.01  0.001] | Grip 1 (1.00) | Phase 3->3 | Ground 1.6cm | Target B | PredXYZ [0.048 0.054 0.875] | TrueXYZ [0.037 0.063 0.874] | EEF [0.035 0.064 0.871] | ObjZ 0.874 | Up 1.00 | Hold 5/0 | Age 0 (1) | Resets 3 | Shield 0
Ep 26 | Step 80/200 | XYZ [ 0.006 -0.001  0.483] | RPY [0.001 0.008 0.001] | Grip 1 (1.00) | Phase 3->3 | Ground 0.3cm | Target B | PredXYZ [0.037 0.06  0.888] | TrueXYZ [0.036 0.063 0.892] | EEF [0.034 0.064 0.89 ] | ObjZ 0.892 | Up 1.00 | Hold 8/3 | Age 0 (1) | Resets 3 | Shield 0
Ep 26 | Step 82/200 | XYZ [ 0.007 -0.001  0.436] | RPY [0.001 0.006 0.001] | Grip 1 (1.00) | Phase 3->3 | Ground 1.1cm | Target B | PredXYZ [0.043 0.059 0.904] | TrueXYZ [0.035 0.063 0.903] | EEF [0.033 0.064 0.9  ] | ObjZ 0.903 | Up 1.00 | Hold 10/5 | Age 0 (1) | Resets 4 | Shield 0
Episode 26: Clean Success | failure=success | termination=success
Scene rejected for ('push', 'C'): Deterministic push path is blocked by a distractor
Scene rejected for ('push', 'C'): Deterministic push path is blocked by a distractor
Scene rejected for ('push', 'C'): Deterministic push path is blocked by a distractor
Scene rejected for ('push', 'C'): Deterministic push path is blocked by a distractor
Scene rejected for ('push', 'C'): Target is too close to the robot reference ray
Scene rejected for ('push', 'C'): Target is too close to the robot reference ray
Episode 27/120: Push the green cylinder away from the robot | ensemble=temporal
Ep 27 | Step 1/200 | XYZ [-0.044  0.211 -0.609] | RPY [-0.    -0.001 -0.9  ] | Grip 1 (1.00) | Phase 5->5 | Ground 0.5cm | Target C | PredXYZ [-0.123  0.115  0.824] | TrueXYZ [-0.118  0.114  0.822] | EEF [-0.097 -0.017  1.018] | ObjZ 0.822 | Up 1.00 | Hold 0/0 | Age 0 (1) | Resets 0 | Shield 0
Ep 27 | Step 20/200 | XYZ [ 0.051  0.132 -0.114] | RPY [ 0.036 -0.005 -0.508] | Grip 1 (1.00) | Phase 5->5 | Ground 0.6cm | Target C | PredXYZ [-0.123  0.117  0.822] | TrueXYZ [-0.118  0.114  0.822] | EEF [-0.115  0.005  0.936] | ObjZ 0.822 | Up 1.00 | Hold 0/0 | Age 3 (4) | Resets 0 | Shield 0
Ep 27 | Step 40/200 | XYZ [ 0.066 -0.019 -0.54 ] | RPY [ 0.007 -0.011  0.002] | Grip 1 (1.00) | Phase 6->6 | Ground 0.4cm | Target C | PredXYZ [-0.121  0.116  0.822] | TrueXYZ [-0.118  0.114  0.822] | EEF [-0.112  0.026  0.89 ] | ObjZ 0.822 | Up 1.00 | Hold 0/0 | Age 0 (1) | Resets 0 | Shield 0
Ep 27 | Step 60/200 | XYZ [ 0.028 -0.007 -0.093] | RPY [0.    0.004 0.   ] | Grip 1 (1.00) | Phase 6->6 | Ground 0.7cm | Target C | PredXYZ [-0.123  0.118  0.822] | TrueXYZ [-0.118  0.114  0.822] | EEF [-0.108  0.023  0.824] | ObjZ 0.822 | Up 1.00 | Hold 0/0 | Age 0 (1) | Resets 0 | Shield 0
Ep 27 | Step 80/200 | XYZ [-0.042  0.545  0.   ] | RPY [-0.009  0.017 -0.007] | Grip 1 (1.00) | Phase 7->7 | Ground 1.3cm | Target C | PredXYZ [-0.135  0.136  0.823] | TrueXYZ [-0.124  0.148  0.823] | EEF [-0.124  0.104  0.817] | ObjZ 0.823 | Up 1.00 | Hold 0/0 | Age 0 (1) | Resets 0 | Shield 15
Ep 27 | Step 90/200 | XYZ [-0.024  0.123  0.   ] | RPY [0.004 0.003 0.004] | Grip 1 (1.00) | Phase 8->8 | Ground 1.0cm | Target C | PredXYZ [-0.14   0.195  0.823] | TrueXYZ [-0.131  0.201  0.823] | EEF [-0.13   0.158  0.819] | ObjZ 0.823 | Up 1.00 | Hold 5/5 | Age 3 (4) | Resets 1 | Shield 25
Episode 27: Clean Success | failure=success | termination=success
Episode 28/120: Push the blue ball away from the robot | ensemble=temporal
Ep 28 | Step 1/200 | XYZ [ 0.701  0.501 -0.501] | RPY [-0.001  0.004  0.9  ] | Grip 1 (1.00) | Phase 5->5 | Ground 0.7cm | Target B | PredXYZ [0.075 0.108 0.828] | TrueXYZ [0.069 0.103 0.826] | EEF [-0.103 -0.008  1.005] | ObjZ 0.826 | Up 1.00 | Hold 0/0 | Age 0 (1) | Resets 0 | Shield 0
Ep 28 | Step 20/200 | XYZ [ 0.173  0.136 -0.109] | RPY [-0.009 -0.003  0.001] | Grip 1 (1.00) | Phase 5->5 | Ground 0.5cm | Target B | PredXYZ [0.07  0.107 0.826] | TrueXYZ [0.069 0.103 0.826] | EEF [-0.019  0.042  0.941] | ObjZ 0.826 | Up 1.00 | Hold 0/0 | Age 3 (4) | Resets 0 | Shield 0
Ep 28 | Step 40/200 | XYZ [ 0.004  0.015 -0.352] | RPY [-0.001 -0.004 -0.001] | Grip 1 (1.00) | Phase 6->6 | Ground 0.5cm | Target B | PredXYZ [0.074 0.105 0.826] | TrueXYZ [0.069 0.103 0.826] | EEF [0.001 0.058 0.874] | ObjZ 0.826 | Up 1.00 | Hold 0/0 | Age 0 (1) | Resets 0 | Shield 0
Ep 28 | Step 60/200 | XYZ [ 0.003  0.    -0.067] | RPY [ 0.001 -0.    -0.   ] | Grip 1 (1.00) | Phase 6->6 | Ground 0.2cm | Target B | PredXYZ [0.071 0.103 0.826] | TrueXYZ [0.069 0.103 0.826] | EEF [0.001 0.06  0.831] | ObjZ 0.826 | Up 1.00 | Hold 0/0 | Age 0 (1) | Resets 0 | Shield 0
Ep 28 | Step 75/200 | XYZ [-0.096 -0.074 -0.013] | RPY [ 0.019 -0.03   0.006] | Grip 1 (1.00) | Phase 8->8 | Ground 0.7cm | Target B | PredXYZ [0.144 0.159 0.826] | TrueXYZ [0.143 0.154 0.826] | EEF [0.111 0.138 0.825] | ObjZ 0.826 | Up 1.00 | Hold 5/5 | Age 1 (2) | Resets 6 | Shield 1
Episode 28: Clean Success | failure=success | termination=success
Episode 29/120: Pick up the green cylinder | ensemble=temporal
Ep 29 | Step 1/200 | XYZ [ 0.9   -0.549 -0.375] | RPY [-0.001 -0.001  0.003] | Grip -1 (0.00) | Phase 0->0 | Ground 0.7cm | Target C | PredXYZ [ 0.083 -0.091  0.824] | TrueXYZ [ 0.086 -0.084  0.822] | EEF [-0.108 -0.004  1.   ] | ObjZ 0.822 | Up 1.00 | Hold 0/0 | Age 0 (1) | Resets 0 | Shield 0
Ep 29 | Step 20/200 | XYZ [ 0.334 -0.112 -0.068] | RPY [-0.006 -0.009 -0.004] | Grip -1 (0.00) | Phase 0->0 | Ground 0.4cm | Target C | PredXYZ [ 0.083 -0.087  0.822] | TrueXYZ [ 0.086 -0.084  0.822] | EEF [ 0.036 -0.075  0.953] | ObjZ 0.822 | Up 1.00 | Hold 0/0 | Age 3 (4) | Resets 0 | Shield 0
Ep 29 | Step 40/200 | XYZ [ 0.045 -0.005 -0.588] | RPY [ 0.001 -0.006  0.001] | Grip -1 (0.00) | Phase 1->1 | Ground 0.5cm | Target C | PredXYZ [ 0.081 -0.086  0.822] | TrueXYZ [ 0.086 -0.084  0.822] | EEF [ 0.079 -0.087  0.901] | ObjZ 0.822 | Up 1.00 | Hold 0/0 | Age 0 (1) | Resets 0 | Shield 0
Ep 29 | Step 60/200 | XYZ [ 0.004  0.006 -0.114] | RPY [-0.    -0.002  0.   ] | Grip -1 (0.00) | Phase 1->1 | Ground 0.3cm | Target C | PredXYZ [ 0.088 -0.086  0.822] | TrueXYZ [ 0.086 -0.084  0.822] | EEF [ 0.084 -0.088  0.831] | ObjZ 0.822 | Up 1.00 | Hold 0/0 | Age 0 (1) | Resets 0 | Shield 0
Ep 29 | Step 80/200 | XYZ [ 0.002 -0.     0.557] | RPY [-0.002 -0.003 -0.001] | Grip 1 (1.00) | Phase 3->3 | Ground 0.2cm | Target C | PredXYZ [ 0.087 -0.088  0.867] | TrueXYZ [ 0.086 -0.088  0.872] | EEF [ 0.085 -0.089  0.871] | ObjZ 0.872 | Up 1.00 | Hold 5/0 | Age 0 (1) | Resets 1 | Shield 0
Ep 29 | Step 86/200 | XYZ [ 0.003 -0.     0.41 ] | RPY [-0.001  0.006 -0.001] | Grip 1 (1.00) | Phase 3->3 | Ground 0.9cm | Target C | PredXYZ [ 0.091 -0.089  0.906] | TrueXYZ [ 0.083 -0.089  0.905] | EEF [ 0.083 -0.089  0.904] | ObjZ 0.905 | Up 1.00 | Hold 11/5 | Age 0 (1) | Resets 2 | Shield 0
Episode 29: Clean Success | failure=success | termination=success
Scene rejected for ('push', 'A'): Deterministic push path is blocked by a distractor
Scene rejected for ('push', 'A'): Target is too close to the robot reference ray
Episode 30/120: Push the red cube away from the robot | ensemble=temporal
Ep 30 | Step 1/200 | XYZ [ 0.079  0.171 -0.609] | RPY [ 0.002 -0.004  0.9  ] | Grip 1 (1.00) | Phase 5->5 | Ground 0.7cm | Target A | PredXYZ [-0.12  -0.068  0.823] | TrueXYZ [-0.119 -0.061  0.821] | EEF [-0.078 -0.003  1.015] | ObjZ 0.821 | Up 1.00 | Hold 0/0 | Age 0 (1) | Resets 0 | Shield 0
Ep 30 | Step 20/200 | XYZ [ 0.081 -0.038 -0.107] | RPY [-0.043 -0.004  0.386] | Grip 1 (1.00) | Phase 5->5 | Ground 0.4cm | Target A | PredXYZ [-0.121 -0.064  0.822] | TrueXYZ [-0.119 -0.061  0.822] | EEF [-0.082  0.017  0.933] | ObjZ 0.822 | Up 1.00 | Hold 0/0 | Age 3 (4) | Resets 0 | Shield 0
Ep 30 | Step 40/200 | XYZ [ 0.022  0.018 -0.434] | RPY [-0.003 -0.015 -0.   ] | Grip 1 (1.00) | Phase 6->6 | Ground 2.3cm | Target A | PredXYZ [-0.105 -0.079  0.821] | TrueXYZ [-0.119 -0.061  0.822] | EEF [-0.072  0.006  0.88 ] | ObjZ 0.822 | Up 1.00 | Hold 0/0 | Age 0 (1) | Resets 0 | Shield 0
Ep 30 | Step 60/200 | XYZ [ 0.031  0.008 -0.075] | RPY [-0.     0.001 -0.001] | Grip 1 (1.00) | Phase 6->6 | Ground 2.3cm | Target A | PredXYZ [-0.101 -0.075  0.821] | TrueXYZ [-0.119 -0.061  0.822] | EEF [-0.068  0.009  0.828] | ObjZ 0.822 | Up 1.00 | Hold 0/0 | Age 0 (1) | Resets 0 | Shield 0
Ep 30 | Step 80/200 | XYZ [-0.095 -0.519 -0.005] | RPY [0.001 0.001 0.003] | Grip 1 (1.00) | Phase 7->7 | Ground 1.4cm | Target A | PredXYZ [-0.123 -0.107  0.822] | TrueXYZ [-0.126 -0.099  0.828] | EEF [-0.089 -0.083  0.836] | ObjZ 0.828 | Up 0.95 | Hold 0/0 | Age 0 (1) | Resets 3 | Shield 0
Ep 30 | Step 100/200 | XYZ [0.009 0.022 0.175] | RPY [-0.001  0.002  0.001] | Grip 1 (1.00) | Phase 9->9 | Ground 0.4cm | Target A | PredXYZ [-0.123 -0.104  0.821] | TrueXYZ [-0.121 -0.101  0.822] | EEF [-0.096 -0.11   0.904] | ObjZ 0.822 | Up 1.00 | Hold 0/0 | Age 0 (1) | Resets 4 | Shield 0
Ep 30 | Step 120/200 | XYZ [0.027 0.148 0.027] | RPY [0.003 0.005 0.008] | Grip 1 (1.00) | Phase 9->9 | Ground 0.5cm | Target A | PredXYZ [-0.124 -0.097  0.821] | TrueXYZ [-0.121 -0.101  0.822] | EEF [-0.098 -0.059  0.919] | ObjZ 0.822 | Up 1.00 | Hold 0/0 | Age 0 (1) | Resets 4 | Shield 0
Ep 30 | Step 140/200 | XYZ [ 0.021  0.002 -0.256] | RPY [-0.    -0.002  0.   ] | Grip 1 (1.00) | Phase 6->6 | Ground 1.1cm | Target A | PredXYZ [-0.132 -0.097  0.821] | TrueXYZ [-0.121 -0.101  0.822] | EEF [-0.087 -0.046  0.854] | ObjZ 0.822 | Up 1.00 | Hold 0/0 | Age 0 (1) | Resets 4 | Shield 0
Ep 30 | Step 160/200 | XYZ [-0.208 -0.72  -0.03 ] | RPY [ 0.014 -0.002  0.013] | Grip 1 (1.00) | Phase 7->7 | Ground 0.8cm | Target A | PredXYZ [-0.118 -0.095  0.822] | TrueXYZ [-0.121 -0.101  0.822] | EEF [-0.092 -0.061  0.822] | ObjZ 0.822 | Up 1.00 | Hold 0/0 | Age 0 (1) | Resets 4 | Shield 0
Ep 30 | Step 179/200 | XYZ [-0.092 -0.402 -0.035] | RPY [-0.004  0.002 -0.006] | Grip 1 (1.00) | Phase 7->7 | Ground 1.6cm | Target A | PredXYZ [-0.136 -0.164  0.823] | TrueXYZ [-0.137 -0.153  0.828] | EEF [-0.109 -0.128  0.832] | ObjZ 0.828 | Up 0.94 | Hold 5/5 | Age 0 (1) | Resets 4 | Shield 0
Episode 30: Clean Success | failure=success | termination=success
Scene rejected for ('push', 'C'): Deterministic push path is blocked by a distractor
Scene rejected for ('push', 'C'): Deterministic push path is blocked by a distractor
Scene rejected for ('push', 'C'): Deterministic push path is blocked by a distractor
Scene rejected for ('push', 'C'): Deterministic push path is blocked by a distractor
Scene rejected for ('push', 'C'): Deterministic push path is blocked by a distractor
Episode 31/120: Push the green cylinder away from the robot | ensemble=temporal
Ep 31 | Step 1/200 | XYZ [ 0.08  -0.277 -0.552] | RPY [-0.001  0.002 -0.9  ] | Grip 1 (1.00) | Phase 5->5 | Ground 0.6cm | Target C | PredXYZ [-0.073 -0.133  0.823] | TrueXYZ [-0.068 -0.129  0.822] | EEF [-0.1   -0.01   1.009] | ObjZ 0.822 | Up 1.00 | Hold 0/0 | Age 0 (1) | Resets 0 | Shield 0
Ep 31 | Step 20/200 | XYZ [ 0.067  0.012 -0.099] | RPY [ 0.035 -0.009 -0.371] | Grip 1 (1.00) | Phase 5->5 | Ground 0.7cm | Target C | PredXYZ [-0.067 -0.135  0.822] | TrueXYZ [-0.068 -0.129  0.822] | EEF [-0.1   -0.044  0.936] | ObjZ 0.822 | Up 1.00 | Hold 0/0 | Age 3 (4) | Resets 0 | Shield 0
Ep 31 | Step 40/200 | XYZ [ 0.036 -0.057 -0.525] | RPY [ 0.008 -0.011  0.005] | Grip 1 (1.00) | Phase 6->6 | Ground 0.7cm | Target C | PredXYZ [-0.063 -0.133  0.822] | TrueXYZ [-0.068 -0.129  0.822] | EEF [-0.086 -0.038  0.887] | ObjZ 0.822 | Up 1.00 | Hold 0/0 | Age 0 (1) | Resets 0 | Shield 0
Ep 31 | Step 60/200 | XYZ [ 0.016 -0.013 -0.094] | RPY [-0.     0.004 -0.   ] | Grip 1 (1.00) | Phase 6->6 | Ground 0.4cm | Target C | PredXYZ [-0.068 -0.132  0.822] | TrueXYZ [-0.068 -0.129  0.822] | EEF [-0.086 -0.049  0.823] | ObjZ 0.822 | Up 1.00 | Hold 0/0 | Age 0 (1) | Resets 0 | Shield 0
Ep 31 | Step 80/200 | XYZ [ 0.082 -0.414  0.   ] | RPY [-0.003 -0.003 -0.001] | Grip 1 (1.00) | Phase 7->7 | Ground 1.3cm | Target C | PredXYZ [-0.067 -0.182  0.822] | TrueXYZ [-0.056 -0.18   0.823] | EEF [-0.06  -0.142  0.819] | ObjZ 0.823 | Up 1.00 | Hold 0/0 | Age 0 (1) | Resets 3 | Shield 13
Ep 31 | Step 87/200 | XYZ [-0.004  0.067  0.007] | RPY [-0.015 -0.002 -0.009] | Grip 1 (1.00) | Phase 8->8 | Ground 1.3cm | Target C | PredXYZ [-0.06  -0.208  0.823] | TrueXYZ [-0.054 -0.197  0.822] | EEF [-0.061 -0.159  0.818] | ObjZ 0.822 | Up 1.00 | Hold 5/5 | Age 3 (4) | Resets 5 | Shield 15
Episode 31: Clean Success | failure=success | termination=success
Scene rejected for ('push', 'A'): Deterministic push path is blocked by a distractor
Scene rejected for ('push', 'A'): Deterministic push path is blocked by a distractor
Scene rejected for ('push', 'A'): Deterministic push path is blocked by a distractor
Scene rejected for ('push', 'A'): Deterministic push path is blocked by a distractor
Scene rejected for ('push', 'A'): Deterministic push path is blocked by a distractor
Scene rejected for ('push', 'A'): Deterministic push path is blocked by a distractor
Scene rejected for ('push', 'A'): Deterministic push path is blocked by a distractor
Scene rejected for ('push', 'A'): Deterministic push path is blocked by a distractor
Episode 32/120: Push the red cube away from the robot | ensemble=temporal
Ep 32 | Step 1/200 | XYZ [ 0.055 -0.026 -0.523] | RPY [-0.001 -0.    -0.89 ] | Grip 1 (1.00) | Phase 5->5 | Ground 0.6cm | Target A | PredXYZ [-0.02  -0.063  0.823] | TrueXYZ [-0.024 -0.058  0.821] | EEF [-0.102 -0.019  1.007] | ObjZ 0.821 | Up 1.00 | Hold 0/0 | Age 0 (1) | Resets 0 | Shield 0
Ep 32 | Step 20/200 | XYZ [ 0.056 -0.03  -0.101] | RPY [0.014 0.016 0.008] | Grip 1 (1.00) | Phase 5->5 | Ground 0.6cm | Target A | PredXYZ [-0.018 -0.06   0.822] | TrueXYZ [-0.024 -0.058  0.822] | EEF [-0.103 -0.009  0.935] | ObjZ 0.822 | Up 1.00 | Hold 0/0 | Age 3 (4) | Resets 0 | Shield 0
Ep 32 | Step 40/200 | XYZ [ 0.032 -0.051 -0.203] | RPY [0.003 0.013 0.004] | Grip 1 (1.00) | Phase 6->6 | Ground 0.4cm | Target A | PredXYZ [-0.02  -0.061  0.821] | TrueXYZ [-0.024 -0.058  0.822] | EEF [-0.102 -0.008  0.845] | ObjZ 0.822 | Up 1.00 | Hold 0/0 | Age 0 (1) | Resets 0 | Shield 0
Ep 32 | Step 60/200 | XYZ [ 0.577 -0.371 -0.009] | RPY [0.014 0.028 0.01 ] | Grip 1 (1.00) | Phase 7->7 | Ground 0.6cm | Target A | PredXYZ [-0.021 -0.064  0.822] | TrueXYZ [-0.024 -0.058  0.822] | EEF [-0.059 -0.036  0.819] | ObjZ 0.822 | Up 1.00 | Hold 0/0 | Age 0 (1) | Resets 0 | Shield 0
Ep 32 | Step 77/200 | XYZ [-0.029  0.014  0.003] | RPY [-0.004 -0.005  0.   ] | Grip 1 (1.00) | Phase 8->8 | Ground 1.1cm | Target A | PredXYZ [ 0.048 -0.109  0.822] | TrueXYZ [ 0.04  -0.105  0.822] | EEF [ 0.016 -0.085  0.82 ] | ObjZ 0.822 | Up 1.00 | Hold 5/5 | Age 3 (4) | Resets 0 | Shield 2
Episode 32: Clean Success | failure=success | termination=success
Scene rejected for ('pick', 'A'): Pick target lacks bilateral gripper clearance
Scene rejected for ('pick', 'A'): Pick target lacks bilateral gripper clearance
Scene rejected for ('pick', 'A'): Pick target lacks bilateral gripper clearance
Scene rejected for ('pick', 'A'): Pick target lacks bilateral gripper clearance
Episode 33/120: Pick up the red cube | ensemble=temporal
Ep 33 | Step 1/200 | XYZ [-0.101 -0.422 -0.436] | RPY [0.001 0.004 0.697] | Grip -1 (0.00) | Phase 0->0 | Ground 1.2cm | Target A | PredXYZ [-0.137 -0.092  0.824] | TrueXYZ [-0.128 -0.084  0.821] | EEF [-0.115 -0.017  1.005] | ObjZ 0.821 | Up 1.00 | Hold 0/0 | Age 0 (1) | Resets 0 | Shield 0
Ep 33 | Step 20/200 | XYZ [ 0.015 -0.094 -0.07 ] | RPY [-0.002  0.017 -0.006] | Grip -1 (0.00) | Phase 0->0 | Ground 0.2cm | Target A | PredXYZ [-0.13  -0.084  0.822] | TrueXYZ [-0.128 -0.084  0.822] | EEF [-0.136 -0.083  0.948] | ObjZ 0.822 | Up 1.00 | Hold 0/0 | Age 3 (4) | Resets 0 | Shield 0
Ep 33 | Step 40/200 | XYZ [ 0.113  0.077 -0.167] | RPY [-0.01   0.036 -0.019] | Grip -1 (0.00) | Phase 1->1 | Ground 1.2cm | Target A | PredXYZ [-0.127 -0.096  0.822] | TrueXYZ [-0.128 -0.084  0.822] | EEF [-0.143 -0.099  0.838] | ObjZ 0.822 | Up 1.00 | Hold 0/0 | Age 0 (1) | Resets 0 | Shield 0
Ep 33 | Step 60/200 | XYZ [ 0.026  0.014 -0.037] | RPY [ 0.001  0.001 -0.001] | Grip 1 (1.00) | Phase 2->2 | Ground 0.8cm | Target A | PredXYZ [-0.131 -0.091  0.823] | TrueXYZ [-0.128 -0.084  0.822] | EEF [-0.131 -0.088  0.817] | ObjZ 0.822 | Up 1.00 | Hold 0/0 | Age 0 (1) | Resets 3 | Shield 0
Ep 33 | Step 73/200 | XYZ [0.013 0.003 0.588] | RPY [0.01  0.031 0.003] | Grip 1 (1.00) | Phase 3->3 | Ground 2.0cm | Target A | PredXYZ [-0.117 -0.084  0.87 ] | TrueXYZ [-0.137 -0.078  0.87 ] | EEF [-0.14  -0.08   0.864] | ObjZ 0.870 | Up 1.00 | Hold 5/0 | Age 0 (1) | Resets 6 | Shield 0
Ep 33 | Step 79/200 | XYZ [0.015 0.004 0.448] | RPY [0.008 0.016 0.005] | Grip 1 (1.00) | Phase 3->3 | Ground 1.8cm | Target A | PredXYZ [-0.126 -0.062  0.904] | TrueXYZ [-0.14  -0.073  0.905] | EEF [-0.143 -0.074  0.899] | ObjZ 0.905 | Up 1.00 | Hold 11/5 | Age 0 (1) | Resets 9 | Shield 0
Episode 33: Clean Success | failure=success | termination=success
Scene rejected for ('push', 'C'): Target is too close to the robot reference ray
Scene rejected for ('push', 'C'): Deterministic push path is blocked by a distractor
Scene rejected for ('push', 'C'): Deterministic push path is blocked by a distractor
Scene rejected for ('push', 'C'): Deterministic push path is blocked by a distractor
Scene rejected for ('push', 'C'): Deterministic push path is blocked by a distractor
Episode 34/120: Push the green cylinder away from the robot | ensemble=temporal
Ep 34 | Step 1/200 | XYZ [ 0.005  0.113 -0.522] | RPY [ 0.004 -0.005  0.9  ] | Grip 1 (1.00) | Phase 5->5 | Ground 1.0cm | Target C | PredXYZ [-0.109  0.105  0.823] | TrueXYZ [-0.099  0.103  0.822] | EEF [-0.118  0.002  1.005] | ObjZ 0.822 | Up 1.00 | Hold 0/0 | Age 0 (1) | Resets 0 | Shield 0
Ep 34 | Step 20/200 | XYZ [ 0.016 -0.038 -0.133] | RPY [-0.021 -0.012  0.605] | Grip 1 (1.00) | Phase 5->5 | Ground 0.8cm | Target C | PredXYZ [-0.103  0.111  0.822] | TrueXYZ [-0.099  0.103  0.822] | EEF [-0.118  0.02   0.939] | ObjZ 0.822 | Up 1.00 | Hold 0/0 | Age 3 (4) | Resets 0 | Shield 0
Ep 34 | Step 40/200 | XYZ [ 0.004  0.038 -0.209] | RPY [-0.004  0.009 -0.005] | Grip 1 (1.00) | Phase 6->6 | Ground 1.0cm | Target C | PredXYZ [-0.103  0.113  0.822] | TrueXYZ [-0.099  0.103  0.822] | EEF [-0.124  0.008  0.839] | ObjZ 0.822 | Up 1.00 | Hold 0/0 | Age 0 (1) | Resets 0 | Shield 0
Ep 34 | Step 60/200 | XYZ [0.039 0.702 0.   ] | RPY [-0.027 -0.004 -0.025] | Grip 1 (1.00) | Phase 7->7 | Ground 0.9cm | Target C | PredXYZ [-0.104  0.111  0.822] | TrueXYZ [-0.099  0.103  0.822] | EEF [-0.118  0.046  0.819] | ObjZ 0.822 | Up 1.00 | Hold 0/0 | Age 0 (1) | Resets 0 | Shield 7
Ep 34 | Step 78/200 | XYZ [ 0.007 -0.057  0.006] | RPY [0.017 0.004 0.012] | Grip 1 (1.00) | Phase 8->8 | Ground 0.8cm | Target C | PredXYZ [-0.1    0.171  0.822] | TrueXYZ [-0.093  0.176  0.822] | EEF [-0.113  0.141  0.818] | ObjZ 0.822 | Up 1.00 | Hold 5/5 | Age 3 (4) | Resets 0 | Shield 10
Episode 34: Clean Success | failure=success | termination=success
Scene rejected for ('pick', 'B'): Pick target lacks bilateral gripper clearance
Episode 35/120: Pick up the blue ball | ensemble=temporal
Ep 35 | Step 1/200 | XYZ [ 0.9   -0.487 -0.457] | RPY [ 0.    -0.002  0.001] | Grip -1 (0.00) | Phase 0->0 | Ground 0.7cm | Target B | PredXYZ [ 0.141 -0.096  0.828] | TrueXYZ [ 0.133 -0.096  0.826] | EEF [-0.092 -0.013  1.017] | ObjZ 0.826 | Up 1.00 | Hold 0/0 | Age 0 (1) | Resets 0 | Shield 0
Ep 35 | Step 20/200 | XYZ [ 0.452 -0.102 -0.071] | RPY [-0.006 -0.004 -0.002] | Grip -1 (0.00) | Phase 0->0 | Ground 0.8cm | Target B | PredXYZ [ 0.139 -0.091  0.826] | TrueXYZ [ 0.133 -0.096  0.826] | EEF [ 0.07  -0.078  0.955] | ObjZ 0.826 | Up 1.00 | Hold 0/0 | Age 3 (4) | Resets 0 | Shield 0
Ep 35 | Step 40/200 | XYZ [ 0.066 -0.021 -0.735] | RPY [ 0.001 -0.006  0.001] | Grip -1 (0.00) | Phase 1->1 | Ground 1.2cm | Target B | PredXYZ [ 0.141 -0.087  0.826] | TrueXYZ [ 0.133 -0.096  0.826] | EEF [ 0.127 -0.09   0.927] | ObjZ 0.826 | Up 1.00 | Hold 0/0 | Age 0 (1) | Resets 0 | Shield 0
Ep 35 | Step 60/200 | XYZ [-0.001 -0.011 -0.14 ] | RPY [-0.    -0.003  0.001] | Grip -1 (0.00) | Phase 1->1 | Ground 1.3cm | Target B | PredXYZ [ 0.142 -0.087  0.826] | TrueXYZ [ 0.133 -0.096  0.826] | EEF [ 0.134 -0.094  0.839] | ObjZ 0.826 | Up 1.00 | Hold 0/0 | Age 0 (1) | Resets 0 | Shield 0
Ep 35 | Step 80/200 | XYZ [-0.    -0.002  0.712] | RPY [-0.002 -0.006  0.001] | Grip 1 (1.00) | Phase 3->3 | Ground 1.2cm | Target B | PredXYZ [ 0.145 -0.095  0.831] | TrueXYZ [ 0.134 -0.096  0.837] | EEF [ 0.135 -0.096  0.836] | ObjZ 0.837 | Up 1.00 | Hold 0/0 | Age 0 (1) | Resets 0 | Shield 0
Ep 35 | Step 85/200 | XYZ [ 0.    -0.001  0.551] | RPY [-0.002 -0.007  0.   ] | Grip 1 (1.00) | Phase 3->3 | Ground 0.7cm | Target B | PredXYZ [ 0.137 -0.092  0.875] | TrueXYZ [ 0.135 -0.096  0.876] | EEF [ 0.136 -0.096  0.875] | ObjZ 0.876 | Up 1.00 | Hold 5/0 | Age 0 (1) | Resets 3 | Shield 0
Ep 35 | Step 90/200 | XYZ [ 0.001 -0.001  0.425] | RPY [-0.001  0.004 -0.001] | Grip 1 (1.00) | Phase 3->3 | Ground 0.4cm | Target B | PredXYZ [ 0.133 -0.1    0.901] | TrueXYZ [ 0.134 -0.097  0.904] | EEF [ 0.135 -0.096  0.903] | ObjZ 0.904 | Up 1.00 | Hold 10/5 | Age 0 (1) | Resets 4 | Shield 0
Episode 35: Clean Success | failure=success | termination=success
Episode 36/120: Pick up the blue ball | ensemble=temporal
Ep 36 | Step 1/200 | XYZ [-0.096  0.427 -0.359] | RPY [ 0.001 -0.003 -0.006] | Grip -1 (0.00) | Phase 0->0 | Ground 1.4cm | Target B | PredXYZ [-0.131  0.082  0.827] | TrueXYZ [-0.118  0.079  0.826] | EEF [-0.113  0.011  0.999] | ObjZ 0.826 | Up 1.00 | Hold 0/0 | Age 0 (1) | Resets 0 | Shield 0
Ep 36 | Step 20/200 | XYZ [-0.02   0.114 -0.085] | RPY [0.001 0.003 0.002] | Grip -1 (0.00) | Phase 0->0 | Ground 1.7cm | Target B | PredXYZ [-0.134  0.077  0.825] | TrueXYZ [-0.118  0.079  0.826] | EEF [-0.125  0.064  0.956] | ObjZ 0.826 | Up 1.00 | Hold 0/0 | Age 3 (4) | Resets 0 | Shield 0
Ep 36 | Step 40/200 | XYZ [ 0.029  0.015 -0.227] | RPY [0.003 0.018 0.005] | Grip -1 (0.00) | Phase 1->1 | Ground 1.5cm | Target B | PredXYZ [-0.131  0.071  0.826] | TrueXYZ [-0.118  0.079  0.826] | EEF [-0.129  0.078  0.851] | ObjZ 0.826 | Up 1.00 | Hold 0/0 | Age 0 (1) | Resets 0 | Shield 0
Ep 36 | Step 60/200 | XYZ [ 0.04  -0.027 -0.044] | RPY [0.002 0.003 0.003] | Grip -1 (0.33) | Phase 1->1 | Ground 0.4cm | Target B | PredXYZ [-0.121  0.076  0.826] | TrueXYZ [-0.118  0.079  0.826] | EEF [-0.126  0.083  0.821] | ObjZ 0.826 | Up 1.00 | Hold 0/0 | Age 0 (1) | Resets 0 | Shield 0
Ep 36 | Step 75/200 | XYZ [ 0.016 -0.004  0.574] | RPY [-0.006  0.029 -0.001] | Grip 1 (1.00) | Phase 3->3 | Ground 0.6cm | Target B | PredXYZ [-0.129  0.076  0.861] | TrueXYZ [-0.125  0.075  0.872] | EEF [-0.132  0.077  0.866] | ObjZ 0.872 | Up 1.00 | Hold 5/0 | Age 0 (1) | Resets 2 | Shield 0
Ep 36 | Step 80/200 | XYZ [ 0.017 -0.004  0.45 ] | RPY [-0.005  0.013 -0.002] | Grip 1 (1.00) | Phase 3->3 | Ground 0.6cm | Target B | PredXYZ [-0.125  0.073  0.902] | TrueXYZ [-0.126  0.072  0.902] | EEF [-0.133  0.075  0.896] | ObjZ 0.902 | Up 1.00 | Hold 10/4 | Age 0 (1) | Resets 5 | Shield 0
Ep 36 | Step 81/200 | XYZ [ 0.018 -0.003  0.427] | RPY [-0.004  0.01  -0.002] | Grip 1 (1.00) | Phase 3->3 | Ground 1.3cm | Target B | PredXYZ [-0.121  0.073  0.914] | TrueXYZ [-0.126  0.072  0.907] | EEF [-0.133  0.074  0.901] | ObjZ 0.907 | Up 1.00 | Hold 11/5 | Age 0 (1) | Resets 6 | Shield 0
Episode 36: Clean Success | failure=success | termination=success
Episode 37/120: Pick up the blue ball | ensemble=temporal
Ep 37 | Step 1/200 | XYZ [ 0.466 -0.787 -0.363] | RPY [0.001 0.002 0.   ] | Grip -1 (0.00) | Phase 0->0 | Ground 0.9cm | Target B | PredXYZ [-0.028 -0.115  0.827] | TrueXYZ [-0.025 -0.107  0.826] | EEF [-0.096  0.022  1.002] | ObjZ 0.826 | Up 1.00 | Hold 0/0 | Age 0 (1) | Resets 0 | Shield 0
Ep 37 | Step 20/200 | XYZ [ 0.14  -0.184 -0.069] | RPY [-0.005  0.004 -0.006] | Grip -1 (0.00) | Phase 0->0 | Ground 0.6cm | Target B | PredXYZ [-0.026 -0.113  0.826] | TrueXYZ [-0.025 -0.107  0.826] | EEF [-0.039 -0.08   0.955] | ObjZ 0.826 | Up 1.00 | Hold 0/0 | Age 3 (4) | Resets 0 | Shield 0
Ep 37 | Step 40/200 | XYZ [-0.003 -0.05  -0.395] | RPY [ 0.001 -0.005  0.002] | Grip -1 (0.00) | Phase 1->1 | Ground 0.5cm | Target B | PredXYZ [-0.029 -0.11   0.826] | TrueXYZ [-0.025 -0.107  0.826] | EEF [-0.021 -0.1    0.876] | ObjZ 0.826 | Up 1.00 | Hold 0/0 | Age 0 (1) | Resets 0 | Shield 0
Ep 37 | Step 60/200 | XYZ [ 0.007  0.008 -0.066] | RPY [-0.002  0.001 -0.003] | Grip -1 (0.00) | Phase 1->1 | Ground 0.3cm | Target B | PredXYZ [-0.024 -0.11   0.826] | TrueXYZ [-0.025 -0.107  0.826] | EEF [-0.027 -0.109  0.827] | ObjZ 0.826 | Up 1.00 | Hold 0/0 | Age 0 (1) | Resets 0 | Shield 0
Ep 37 | Step 76/200 | XYZ [0.007 0.002 0.569] | RPY [ 0.002  0.014 -0.   ] | Grip 1 (1.00) | Phase 3->3 | Ground 0.8cm | Target B | PredXYZ [-0.024 -0.112  0.87 ] | TrueXYZ [-0.029 -0.107  0.872] | EEF [-0.03  -0.108  0.87 ] | ObjZ 0.872 | Up 1.00 | Hold 5/0 | Age 0 (1) | Resets 3 | Shield 0
Ep 37 | Step 80/200 | XYZ [0.008 0.002 0.462] | RPY [ 0.001  0.009 -0.001] | Grip 1 (1.00) | Phase 3->3 | Ground 0.9cm | Target B | PredXYZ [-0.027 -0.103  0.898] | TrueXYZ [-0.03  -0.108  0.896] | EEF [-0.032 -0.109  0.894] | ObjZ 0.896 | Up 1.00 | Hold 9/3 | Age 0 (1) | Resets 6 | Shield 0
Ep 37 | Step 82/200 | XYZ [0.008 0.002 0.416] | RPY [ 0.001  0.006 -0.001] | Grip 1 (1.00) | Phase 3->3 | Ground 0.7cm | Target B | PredXYZ [-0.028 -0.108  0.908] | TrueXYZ [-0.031 -0.108  0.907] | EEF [-0.032 -0.109  0.905] | ObjZ 0.907 | Up 1.00 | Hold 11/5 | Age 0 (1) | Resets 8 | Shield 0
Episode 37: Clean Success | failure=success | termination=success
Scene rejected for ('push', 'C'): Deterministic push path is blocked by a distractor
Scene rejected for ('push', 'C'): Target is too close to the robot reference ray
Scene rejected for ('push', 'C'): Deterministic push path is blocked by a distractor
Scene rejected for ('push', 'C'): Deterministic push path is blocked by a distractor
Scene rejected for ('push', 'C'): Deterministic push path is blocked by a distractor
Scene rejected for ('push', 'C'): Target is too close to the robot reference ray
Scene rejected for ('push', 'C'): Deterministic push path is blocked by a distractor
Scene rejected for ('push', 'C'): Deterministic push path is blocked by a distractor
Episode 38/120: Push the green cylinder away from the robot | ensemble=temporal
Ep 38 | Step 1/200 | XYZ [ 0.065 -0.231 -0.585] | RPY [-0.001  0.002 -0.9  ] | Grip 1 (1.00) | Phase 5->5 | Ground 1.0cm | Target C | PredXYZ [-0.072 -0.119  0.824] | TrueXYZ [-0.072 -0.109  0.822] | EEF [-0.102 -0.006  1.015] | ObjZ 0.822 | Up 1.00 | Hold 0/0 | Age 0 (1) | Resets 0 | Shield 0
Ep 38 | Step 20/200 | XYZ [ 0.055  0.029 -0.119] | RPY [ 0.032 -0.01  -0.38 ] | Grip 1 (1.00) | Phase 5->5 | Ground 0.9cm | Target C | PredXYZ [-0.069 -0.118  0.822] | TrueXYZ [-0.072 -0.109  0.822] | EEF [-0.1   -0.033  0.94 ] | ObjZ 0.822 | Up 1.00 | Hold 0/0 | Age 3 (4) | Resets 0 | Shield 0
Ep 38 | Step 40/200 | XYZ [ 0.018 -0.04  -0.474] | RPY [ 0.007 -0.014  0.004] | Grip 1 (1.00) | Phase 6->6 | Ground 0.7cm | Target C | PredXYZ [-0.069 -0.115  0.822] | TrueXYZ [-0.072 -0.109  0.822] | EEF [-0.092 -0.027  0.88 ] | ObjZ 0.822 | Up 1.00 | Hold 0/0 | Age 0 (1) | Resets 0 | Shield 0
Ep 38 | Step 60/200 | XYZ [ 0.016 -0.003 -0.078] | RPY [-0.001  0.004 -0.001] | Grip 1 (1.00) | Phase 6->6 | Ground 0.8cm | Target C | PredXYZ [-0.071 -0.117  0.822] | TrueXYZ [-0.072 -0.109  0.822] | EEF [-0.093 -0.033  0.823] | ObjZ 0.822 | Up 1.00 | Hold 0/0 | Age 0 (1) | Resets 0 | Shield 0
Ep 38 | Step 80/200 | XYZ [ 0.078 -0.394  0.   ] | RPY [-0.004 -0.001 -0.002] | Grip 1 (1.00) | Phase 7->7 | Ground 0.8cm | Target C | PredXYZ [-0.055 -0.175  0.822] | TrueXYZ [-0.058 -0.174  0.823] | EEF [-0.066 -0.136  0.819] | ObjZ 0.823 | Up 1.00 | Hold 1/1 | Age 0 (1) | Resets 1 | Shield 10
Ep 38 | Step 84/200 | XYZ [-0.     0.064  0.002] | RPY [-0.015 -0.001 -0.009] | Grip 1 (1.00) | Phase 8->8 | Ground 1.2cm | Target C | PredXYZ [-0.044 -0.186  0.823] | TrueXYZ [-0.056 -0.184  0.822] | EEF [-0.067 -0.147  0.818] | ObjZ 0.822 | Up 1.00 | Hold 5/5 | Age 2 (3) | Resets 3 | Shield 11
Episode 38: Clean Success | failure=success | termination=success
Episode 39/120: Push the blue ball away from the robot | ensemble=temporal
Ep 39 | Step 1/200 | XYZ [ 0.29  -0.271 -0.475] | RPY [-0.001  0.    -0.9  ] | Grip 1 (1.00) | Phase 5->5 | Ground 0.5cm | Target B | PredXYZ [-0.003 -0.104  0.828] | TrueXYZ [-0.001 -0.099  0.826] | EEF [-0.103 -0.009  1.001] | ObjZ 0.826 | Up 1.00 | Hold 0/0 | Age 0 (1) | Resets 0 | Shield 0
Ep 39 | Step 20/200 | XYZ [ 0.091 -0.073 -0.102] | RPY [ 0.013 -0.    -0.009] | Grip 1 (1.00) | Phase 5->5 | Ground 0.2cm | Target B | PredXYZ [ 0.001 -0.098  0.826] | TrueXYZ [-0.001 -0.099  0.826] | EEF [-0.069 -0.032  0.941] | ObjZ 0.826 | Up 1.00 | Hold 0/0 | Age 3 (4) | Resets 0 | Shield 0
Ep 39 | Step 40/200 | XYZ [-0.005 -0.038 -0.288] | RPY [0.002 0.001 0.002] | Grip 1 (1.00) | Phase 6->6 | Ground 0.5cm | Target B | PredXYZ [ 0.003 -0.102  0.826] | TrueXYZ [-0.001 -0.099  0.826] | EEF [-0.059 -0.042  0.864] | ObjZ 0.826 | Up 1.00 | Hold 0/0 | Age 0 (1) | Resets 0 | Shield 0
Ep 39 | Step 60/200 | XYZ [ 0.89  -0.863 -0.035] | RPY [0.02  0.031 0.008] | Grip 1 (1.00) | Phase 7->7 | Ground 0.4cm | Target B | PredXYZ [-0.003 -0.102  0.826] | TrueXYZ [-0.001 -0.099  0.826] | EEF [-0.041 -0.062  0.827] | ObjZ 0.826 | Up 1.00 | Hold 0/0 | Age 0 (1) | Resets 0 | Shield 0
Ep 39 | Step 72/200 | XYZ [-0.084  0.087  0.002] | RPY [-0.024 -0.037 -0.006] | Grip 1 (1.00) | Phase 8->8 | Ground 0.5cm | Target B | PredXYZ [ 0.058 -0.152  0.826] | TrueXYZ [ 0.065 -0.154  0.826] | EEF [ 0.036 -0.134  0.828] | ObjZ 0.826 | Up 1.00 | Hold 5/5 | Age 3 (4) | Resets 4 | Shield 0
Episode 39: Clean Success | failure=success | termination=success
Episode 40/120: Pick up the red cube | ensemble=temporal
Ep 40 | Step 1/200 | XYZ [-0.071 -0.498 -0.527] | RPY [ 0.002 -0.001  0.313] | Grip -1 (0.00) | Phase 0->0 | Ground 0.6cm | Target A | PredXYZ [-0.099 -0.075  0.823] | TrueXYZ [-0.094 -0.078  0.821] | EEF [-8.300e-02 -1.000e-03  1.021e+00] | ObjZ 0.821 | Up 1.00 | Hold 0/0 | Age 0 (1) | Resets 0 | Shield 0
Ep 40 | Step 20/200 | XYZ [ 0.009 -0.11  -0.094] | RPY [-0.003  0.016 -0.008] | Grip -1 (0.00) | Phase 0->0 | Ground 0.7cm | Target A | PredXYZ [-0.099 -0.074  0.821] | TrueXYZ [-0.094 -0.078  0.822] | EEF [-0.096 -0.064  0.955] | ObjZ 0.822 | Up 1.00 | Hold 0/0 | Age 3 (4) | Resets 0 | Shield 0
Ep 40 | Step 40/200 | XYZ [ 0.096  0.057 -0.23 ] | RPY [-0.012  0.034 -0.018] | Grip -1 (0.00) | Phase 1->1 | Ground 0.4cm | Target A | PredXYZ [-0.098 -0.079  0.82 ] | TrueXYZ [-0.094 -0.078  0.822] | EEF [-0.107 -0.09   0.845] | ObjZ 0.822 | Up 1.00 | Hold 0/0 | Age 0 (1) | Resets 0 | Shield 0
Ep 40 | Step 60/200 | XYZ [ 0.026  0.028 -0.045] | RPY [-0.001  0.003 -0.002] | Grip 1 (0.99) | Phase 2->2 | Ground 0.1cm | Target A | PredXYZ [-0.094 -0.079  0.821] | TrueXYZ [-0.094 -0.078  0.822] | EEF [-0.097 -0.085  0.817] | ObjZ 0.822 | Up 1.00 | Hold 0/0 | Age 0 (1) | Resets 0 | Shield 0
Ep 40 | Step 75/200 | XYZ [0.01  0.002 0.596] | RPY [0.009 0.032 0.003] | Grip 1 (1.00) | Phase 3->3 | Ground 0.6cm | Target A | PredXYZ [-0.099 -0.079  0.863] | TrueXYZ [-0.103 -0.073  0.869] | EEF [-0.105 -0.075  0.863] | ObjZ 0.869 | Up 1.00 | Hold 5/0 | Age 0 (1) | Resets 2 | Shield 0
Ep 40 | Step 80/200 | XYZ [0.01  0.004 0.466] | RPY [0.009 0.019 0.005] | Grip 1 (1.00) | Phase 3->3 | Ground 1.4cm | Target A | PredXYZ [-0.101 -0.077  0.904] | TrueXYZ [-0.106 -0.068  0.899] | EEF [-0.108 -0.071  0.893] | ObjZ 0.899 | Up 1.00 | Hold 10/4 | Age 0 (1) | Resets 5 | Shield 0
Ep 40 | Step 81/200 | XYZ [0.009 0.004 0.443] | RPY [0.009 0.016 0.006] | Grip 1 (1.00) | Phase 3->3 | Ground 1.1cm | Target A | PredXYZ [-0.103 -0.079  0.903] | TrueXYZ [-0.106 -0.068  0.905] | EEF [-0.108 -0.07   0.898] | ObjZ 0.905 | Up 1.00 | Hold 11/5 | Age 0 (1) | Resets 5 | Shield 0
Episode 40: Clean Success | failure=success | termination=success
Episode 41/120: Pick up the blue ball | ensemble=temporal
Ep 41 | Step 1/200 | XYZ [-0.245 -0.333 -0.509] | RPY [ 0.002 -0.003 -0.002] | Grip -1 (0.00) | Phase 0->0 | Ground 2.3cm | Target B | PredXYZ [-0.135 -0.048  0.828] | TrueXYZ [-0.115 -0.036  0.826] | EEF [-0.089  0.003  1.028] | ObjZ 0.826 | Up 1.00 | Hold 0/0 | Age 0 (1) | Resets 0 | Shield 0
Ep 41 | Step 20/200 | XYZ [-0.084 -0.103 -0.148] | RPY [0.001 0.005 0.003] | Grip -1 (0.00) | Phase 0->0 | Ground 2.9cm | Target B | PredXYZ [-0.136 -0.056  0.826] | TrueXYZ [-0.115 -0.036  0.826] | EEF [-0.12  -0.035  0.964] | ObjZ 0.826 | Up 1.00 | Hold 0/0 | Age 3 (4) | Resets 0 | Shield 0
Ep 41 | Step 40/200 | XYZ [ 0.074  0.086 -0.299] | RPY [-0.01   0.024 -0.014] | Grip -1 (0.00) | Phase 1->1 | Ground 1.0cm | Target B | PredXYZ [-0.124 -0.041  0.825] | TrueXYZ [-0.115 -0.036  0.826] | EEF [-0.13  -0.057  0.863] | ObjZ 0.826 | Up 1.00 | Hold 0/0 | Age 0 (1) | Resets 0 | Shield 0
Ep 41 | Step 60/200 | XYZ [ 0.041  0.047 -0.077] | RPY [ 0.     0.007 -0.003] | Grip -1 (0.00) | Phase 1->1 | Ground 1.1cm | Target B | PredXYZ [-0.11  -0.029  0.833] | TrueXYZ [-0.115 -0.022  0.826] | EEF [-0.12  -0.032  0.829] | ObjZ 0.826 | Up 1.00 | Hold 0/0 | Age 0 (1) | Resets 6 | Shield 0
Ep 41 | Step 80/200 | XYZ [ 0.007 -0.     0.58 ] | RPY [0.004 0.035 0.002] | Grip 1 (1.00) | Phase 3->3 | Ground 0.9cm | Target B | PredXYZ [-0.124 -0.03   0.862] | TrueXYZ [-0.124 -0.02   0.87 ] | EEF [-0.127 -0.022  0.867] | ObjZ 0.870 | Up 1.00 | Hold 5/0 | Age 0 (1) | Resets 9 | Shield 0
Ep 41 | Step 86/200 | XYZ [0.006 0.002 0.425] | RPY [0.003 0.011 0.002] | Grip 1 (1.00) | Phase 3->3 | Ground 1.8cm | Target B | PredXYZ [-0.112 -0.017  0.912] | TrueXYZ [-0.126 -0.019  0.905] | EEF [-0.129 -0.02   0.902] | ObjZ 0.905 | Up 1.00 | Hold 11/5 | Age 0 (1) | Resets 12 | Shield 0
Episode 41: Clean Success | failure=success | termination=success
Scene rejected for ('push', 'B'): Target is too close to the robot reference ray
Episode 42/120: Push the blue ball away from the robot | ensemble=temporal
Ep 42 | Step 1/200 | XYZ [ 0.632  0.481 -0.425] | RPY [-0.     0.001  0.9  ] | Grip 1 (1.00) | Phase 5->5 | Ground 0.7cm | Target B | PredXYZ [0.048 0.125 0.828] | TrueXYZ [0.048 0.118 0.826] | EEF [-0.117  0.003  0.992] | ObjZ 0.826 | Up 1.00 | Hold 0/0 | Age 0 (1) | Resets 0 | Shield 0
Ep 42 | Step 20/200 | XYZ [ 0.16   0.116 -0.094] | RPY [-0.007 -0.006  0.005] | Grip 1 (1.00) | Phase 5->5 | Ground 0.8cm | Target B | PredXYZ [0.049 0.126 0.826] | TrueXYZ [0.048 0.118 0.826] | EEF [-0.037  0.054  0.939] | ObjZ 0.826 | Up 1.00 | Hold 0/0 | Age 3 (4) | Resets 0 | Shield 0
Ep 42 | Step 40/200 | XYZ [ 0.003  0.034 -0.318] | RPY [-0.002 -0.002 -0.002] | Grip 1 (1.00) | Phase 6->6 | Ground 0.7cm | Target B | PredXYZ [0.05  0.124 0.826] | TrueXYZ [0.048 0.118 0.826] | EEF [-0.019  0.068  0.871] | ObjZ 0.826 | Up 1.00 | Hold 0/0 | Age 0 (1) | Resets 0 | Shield 0
Ep 42 | Step 60/200 | XYZ [ 0.004  0.004 -0.062] | RPY [-0.001 -0.    -0.001] | Grip 1 (1.00) | Phase 6->6 | Ground 0.4cm | Target B | PredXYZ [0.046 0.121 0.826] | TrueXYZ [0.048 0.118 0.826] | EEF [-0.019  0.072  0.832] | ObjZ 0.826 | Up 1.00 | Hold 0/0 | Age 0 (1) | Resets 0 | Shield 0
Ep 42 | Step 75/200 | XYZ [-0.102 -0.072 -0.01 ] | RPY [ 0.021 -0.04   0.004] | Grip 1 (1.00) | Phase 8->8 | Ground 1.1cm | Target B | PredXYZ [0.116 0.174 0.826] | TrueXYZ [0.114 0.164 0.826] | EEF [0.083 0.148 0.828] | ObjZ 0.826 | Up 1.00 | Hold 5/5 | Age 3 (4) | Resets 4 | Shield 0
Episode 42: Clean Success | failure=success | termination=success
Episode 43/120: Pick up the blue ball | ensemble=temporal
Ep 43 | Step 1/200 | XYZ [ 0.628  0.553 -0.424] | RPY [ 0.     0.001 -0.001] | Grip -1 (0.00) | Phase 0->0 | Ground 0.9cm | Target B | PredXYZ [0.006 0.086 0.828] | TrueXYZ [0.012 0.079 0.826] | EEF [-0.089 -0.002  1.013] | ObjZ 0.826 | Up 1.00 | Hold 0/0 | Age 0 (1) | Resets 0 | Shield 0
Ep 43 | Step 20/200 | XYZ [ 0.16   0.138 -0.079] | RPY [0.005 0.004 0.005] | Grip -1 (0.00) | Phase 0->0 | Ground 1.2cm | Target B | PredXYZ [0.005 0.088 0.826] | TrueXYZ [0.012 0.079 0.826] | EEF [-0.018  0.071  0.957] | ObjZ 0.826 | Up 1.00 | Hold 0/0 | Age 3 (4) | Resets 0 | Shield 0
Ep 43 | Step 40/200 | XYZ [ 0.032 -0.01  -0.429] | RPY [-0.    -0.005 -0.001] | Grip -1 (0.00) | Phase 1->1 | Ground 1.2cm | Target B | PredXYZ [0.004 0.087 0.826] | TrueXYZ [0.012 0.079 0.826] | EEF [0.006 0.084 0.879] | ObjZ 0.826 | Up 1.00 | Hold 0/0 | Age 0 (1) | Resets 0 | Shield 0
Ep 43 | Step 60/200 | XYZ [ 0.024 -0.015 -0.078] | RPY [0.001 0.002 0.002] | Grip -1 (0.00) | Phase 1->1 | Ground 1.5cm | Target B | PredXYZ [0.002 0.09  0.826] | TrueXYZ [0.012 0.079 0.826] | EEF [0.009 0.085 0.827] | ObjZ 0.826 | Up 1.00 | Hold 0/0 | Age 0 (1) | Resets 0 | Shield 0
Ep 43 | Step 78/200 | XYZ [ 0.007 -0.003  0.568] | RPY [-0.001  0.013  0.001] | Grip 1 (1.00) | Phase 3->3 | Ground 1.5cm | Target B | PredXYZ [0.002 0.089 0.86 ] | TrueXYZ [0.01  0.079 0.873] | EEF [0.008 0.081 0.87 ] | ObjZ 0.873 | Up 1.00 | Hold 5/0 | Age 0 (1) | Resets 1 | Shield 0
Ep 43 | Step 80/200 | XYZ [ 0.008 -0.003  0.514] | RPY [-0.001  0.011  0.001] | Grip 1 (1.00) | Phase 3->3 | Ground 0.8cm | Target B | PredXYZ [0.01  0.087 0.883] | TrueXYZ [0.009 0.079 0.885] | EEF [0.007 0.081 0.882] | ObjZ 0.885 | Up 1.00 | Hold 7/1 | Age 0 (1) | Resets 2 | Shield 0
Ep 43 | Step 84/200 | XYZ [ 0.008 -0.003  0.42 ] | RPY [-0.     0.006  0.001] | Grip 1 (1.00) | Phase 3->3 | Ground 1.4cm | Target B | PredXYZ [0.016 0.087 0.911] | TrueXYZ [0.009 0.079 0.908] | EEF [0.007 0.081 0.904] | ObjZ 0.908 | Up 1.00 | Hold 11/5 | Age 0 (1) | Resets 3 | Shield 0
Episode 43: Clean Success | failure=success | termination=success
Episode 44/120: Pick up the blue ball | ensemble=temporal
Ep 44 | Step 1/200 | XYZ [ 0.405 -0.486 -0.368] | RPY [ 0.001 -0.     0.   ] | Grip -1 (0.00) | Phase 0->0 | Ground 0.8cm | Target B | PredXYZ [-0.04  -0.069  0.827] | TrueXYZ [-0.036 -0.076  0.826] | EEF [-0.099  0.01   1.003] | ObjZ 0.826 | Up 1.00 | Hold 0/0 | Age 0 (1) | Resets 0 | Shield 0
Ep 44 | Step 20/200 | XYZ [ 0.102 -0.12  -0.075] | RPY [-0.003  0.003 -0.003] | Grip -1 (0.00) | Phase 0->0 | Ground 0.7cm | Target B | PredXYZ [-0.035 -0.069  0.826] | TrueXYZ [-0.036 -0.076  0.826] | EEF [-0.052 -0.053  0.956] | ObjZ 0.826 | Up 1.00 | Hold 0/0 | Age 3 (4) | Resets 0 | Shield 0
Ep 44 | Step 40/200 | XYZ [ 0.033 -0.041 -0.271] | RPY [0.001 0.008 0.001] | Grip -1 (0.00) | Phase 1->1 | Ground 0.8cm | Target B | PredXYZ [-0.029 -0.071  0.826] | TrueXYZ [-0.036 -0.076  0.826] | EEF [-0.039 -0.068  0.859] | ObjZ 0.826 | Up 1.00 | Hold 0/0 | Age 0 (1) | Resets 0 | Shield 0
Ep 44 | Step 60/200 | XYZ [ 0.017  0.007 -0.047] | RPY [-0.001 -0.    -0.001] | Grip 1 (1.00) | Phase 2->2 | Ground 1.2cm | Target B | PredXYZ [-0.024 -0.073  0.825] | TrueXYZ [-0.036 -0.076  0.826] | EEF [-0.037 -0.077  0.825] | ObjZ 0.826 | Up 1.00 | Hold 0/0 | Age 0 (1) | Resets 0 | Shield 0
Ep 44 | Step 72/200 | XYZ [0.008 0.    0.567] | RPY [0.002 0.017 0.   ] | Grip 1 (1.00) | Phase 3->3 | Ground 1.6cm | Target B | PredXYZ [-0.025 -0.069  0.869] | TrueXYZ [-0.04  -0.076  0.872] | EEF [-0.041 -0.076  0.87 ] | ObjZ 0.872 | Up 1.00 | Hold 5/0 | Age 0 (1) | Resets 3 | Shield 0
Ep 44 | Step 78/200 | XYZ [0.01  0.001 0.41 ] | RPY [ 0.001  0.005 -0.   ] | Grip 1 (1.00) | Phase 3->3 | Ground 1.4cm | Target B | PredXYZ [-0.033 -0.082  0.911] | TrueXYZ [-0.041 -0.076  0.906] | EEF [-0.042 -0.076  0.905] | ObjZ 0.906 | Up 1.00 | Hold 11/5 | Age 0 (1) | Resets 4 | Shield 0
Episode 44: Clean Success | failure=success | termination=success
Scene rejected for ('pick', 'A'): Pick target lacks bilateral gripper clearance
Episode 45/120: Pick up the red cube | ensemble=temporal
Ep 45 | Step 1/200 | XYZ [ 0.454 -0.594 -0.411] | RPY [ 0.004  0.002 -0.9  ] | Grip -1 (0.00) | Phase 0->0 | Ground 0.2cm | Target A | PredXYZ [-0.036 -0.079  0.824] | TrueXYZ [-0.038 -0.078  0.821] | EEF [-0.102  0.013  1.006] | ObjZ 0.821 | Up 1.00 | Hold 0/0 | Age 0 (1) | Resets 0 | Shield 0
Ep 45 | Step 20/200 | XYZ [ 0.096 -0.159 -0.088] | RPY [0.008 0.    0.002] | Grip -1 (0.00) | Phase 0->0 | Ground 0.8cm | Target A | PredXYZ [-0.036 -0.086  0.822] | TrueXYZ [-0.038 -0.078  0.822] | EEF [-0.05  -0.051  0.954] | ObjZ 0.822 | Up 1.00 | Hold 0/0 | Age 3 (4) | Resets 0 | Shield 0
Ep 45 | Step 40/200 | XYZ [-0.007 -0.058 -0.396] | RPY [ 0.003 -0.005  0.004] | Grip -1 (0.00) | Phase 1->1 | Ground 1.2cm | Target A | PredXYZ [-0.036 -0.09   0.821] | TrueXYZ [-0.038 -0.078  0.822] | EEF [-0.039 -0.07   0.872] | ObjZ 0.822 | Up 1.00 | Hold 0/0 | Age 0 (1) | Resets 0 | Shield 0
Ep 45 | Step 60/200 | XYZ [ 0.014 -0.001 -0.071] | RPY [-0.001  0.002 -0.002] | Grip -1 (0.00) | Phase 1->1 | Ground 0.7cm | Target A | PredXYZ [-0.04  -0.084  0.824] | TrueXYZ [-0.038 -0.078  0.822] | EEF [-0.041 -0.078  0.823] | ObjZ 0.822 | Up 1.00 | Hold 0/0 | Age 0 (1) | Resets 0 | Shield 0
Ep 45 | Step 77/200 | XYZ [ 0.006 -0.002  0.582] | RPY [-0.     0.02  -0.001] | Grip 1 (1.00) | Phase 3->3 | Ground 0.4cm | Target A | PredXYZ [-0.042 -0.083  0.864] | TrueXYZ [-0.045 -0.08   0.871] | EEF [-0.047 -0.079  0.867] | ObjZ 0.871 | Up 1.00 | Hold 5/0 | Age 0 (1) | Resets 2 | Shield 0
Ep 45 | Step 80/200 | XYZ [ 0.007 -0.002  0.497] | RPY [-0.001  0.014 -0.001] | Grip 1 (1.00) | Phase 3->3 | Ground 2.1cm | Target A | PredXYZ [-0.03  -0.08   0.898] | TrueXYZ [-0.046 -0.081  0.89 ] | EEF [-0.048 -0.08   0.886] | ObjZ 0.890 | Up 1.00 | Hold 8/2 | Age 0 (1) | Resets 4 | Shield 0
Ep 45 | Step 83/200 | XYZ [ 0.007 -0.002  0.423] | RPY [-0.001  0.009 -0.002] | Grip 1 (1.00) | Phase 3->3 | Ground 0.9cm | Target A | PredXYZ [-0.039 -0.079  0.904] | TrueXYZ [-0.047 -0.082  0.906] | EEF [-0.049 -0.081  0.902] | ObjZ 0.906 | Up 1.00 | Hold 11/5 | Age 0 (1) | Resets 5 | Shield 0
Episode 45: Clean Success | failure=success | termination=success
Episode 46/120: Pick up the green cylinder | ensemble=temporal
Ep 46 | Step 1/200 | XYZ [ 0.108 -0.713 -0.426] | RPY [0.003 0.    0.001] | Grip -1 (0.00) | Phase 0->0 | Ground 1.3cm | Target C | PredXYZ [-0.091 -0.096  0.824] | TrueXYZ [-0.079 -0.093  0.822] | EEF [-0.103  0.019  1.01 ] | ObjZ 0.822 | Up 1.00 | Hold 0/0 | Age 0 (1) | Resets 0 | Shield 0
Ep 46 | Step 20/200 | XYZ [ 0.045 -0.175 -0.09 ] | RPY [-0.003  0.008 -0.004] | Grip -1 (0.00) | Phase 0->0 | Ground 0.3cm | Target C | PredXYZ [-0.081 -0.096  0.822] | TrueXYZ [-0.079 -0.093  0.822] | EEF [-0.092 -0.07   0.954] | ObjZ 0.822 | Up 1.00 | Hold 0/0 | Age 3 (4) | Resets 0 | Shield 0
Ep 46 | Step 40/200 | XYZ [ 0.039 -0.016 -0.3  ] | RPY [-0.001  0.009 -0.003] | Grip -1 (0.00) | Phase 1->1 | Ground 0.6cm | Target C | PredXYZ [-0.074 -0.088  0.821] | TrueXYZ [-0.079 -0.093  0.822] | EEF [-0.085 -0.092  0.858] | ObjZ 0.822 | Up 1.00 | Hold 0/0 | Age 0 (1) | Resets 0 | Shield 0
Ep 46 | Step 60/200 | XYZ [ 0.038  0.025 -0.053] | RPY [-0.002  0.002 -0.003] | Grip -1 (0.25) | Phase 1->1 | Ground 0.2cm | Target C | PredXYZ [-0.081 -0.094  0.821] | TrueXYZ [-0.079 -0.093  0.822] | EEF [-0.086 -0.099  0.819] | ObjZ 0.822 | Up 1.00 | Hold 0/0 | Age 0 (1) | Resets 0 | Shield 0
Ep 46 | Step 74/200 | XYZ [0.018 0.001 0.589] | RPY [0.009 0.024 0.003] | Grip 1 (1.00) | Phase 3->3 | Ground 1.6cm | Target C | PredXYZ [-0.095 -0.095  0.853] | TrueXYZ [-0.083 -0.092  0.869] | EEF [-0.09  -0.093  0.864] | ObjZ 0.869 | Up 1.00 | Hold 5/0 | Age 0 (1) | Resets 2 | Shield 0
Ep 46 | Step 80/200 | XYZ [0.017 0.001 0.43 ] | RPY [0.005 0.008 0.003] | Grip 1 (1.00) | Phase 3->3 | Ground 0.2cm | Target C | PredXYZ [-0.085 -0.09   0.9  ] | TrueXYZ [-0.084 -0.089  0.905] | EEF [-0.09  -0.09   0.899] | ObjZ 0.905 | Up 1.00 | Hold 11/5 | Age 0 (1) | Resets 3 | Shield 0
Episode 46: Clean Success | failure=success | termination=success
Episode 47/120: Pick up the red cube | ensemble=temporal
Ep 47 | Step 1/200 | XYZ [ 0.9    0.522 -0.405] | RPY [-0.002  0.002  0.9  ] | Grip -1 (0.00) | Phase 0->0 | Ground 0.6cm | Target A | PredXYZ [0.086 0.105 0.824] | TrueXYZ [0.082 0.109 0.821] | EEF [-0.105  0.026  1.008] | ObjZ 0.821 | Up 1.00 | Hold 0/0 | Age 0 (1) | Resets 0 | Shield 0
Ep 47 | Step 20/200 | XYZ [ 0.332  0.165 -0.083] | RPY [-0.01  -0.009  0.01 ] | Grip -1 (0.00) | Phase 0->0 | Ground 0.2cm | Target A | PredXYZ [0.083 0.108 0.822] | TrueXYZ [0.082 0.109 0.822] | EEF [0.037 0.091 0.952] | ObjZ 0.822 | Up 1.00 | Hold 0/0 | Age 3 (4) | Resets 0 | Shield 0
Ep 47 | Step 40/200 | XYZ [ 0.031  0.013 -0.578] | RPY [-0.001 -0.008 -0.001] | Grip -1 (0.00) | Phase 1->1 | Ground 0.2cm | Target A | PredXYZ [0.081 0.107 0.821] | TrueXYZ [0.082 0.109 0.822] | EEF [0.077 0.11  0.9  ] | ObjZ 0.822 | Up 1.00 | Hold 0/0 | Age 0 (1) | Resets 0 | Shield 0
Ep 47 | Step 60/200 | XYZ [ 0.005  0.002 -0.114] | RPY [-0.    -0.002  0.   ] | Grip -1 (0.00) | Phase 1->1 | Ground 0.7cm | Target A | PredXYZ [0.087 0.112 0.822] | TrueXYZ [0.082 0.109 0.822] | EEF [0.08  0.11  0.829] | ObjZ 0.822 | Up 1.00 | Hold 0/0 | Age 0 (1) | Resets 0 | Shield 0
Ep 47 | Step 80/200 | XYZ [0.001 0.003 0.633] | RPY [ 0.003 -0.005  0.   ] | Grip 1 (1.00) | Phase 3->3 | Ground 1.3cm | Target A | PredXYZ [0.094 0.108 0.854] | TrueXYZ [0.081 0.109 0.86 ] | EEF [0.082 0.11  0.857] | ObjZ 0.860 | Up 1.00 | Hold 3/0 | Age 0 (1) | Resets 2 | Shield 0
Ep 47 | Step 82/200 | XYZ [0.002 0.003 0.565] | RPY [ 0.002 -0.001  0.001] | Grip 1 (1.00) | Phase 3->3 | Ground 1.2cm | Target A | PredXYZ [0.093 0.112 0.869] | TrueXYZ [0.081 0.11  0.874] | EEF [0.081 0.11  0.871] | ObjZ 0.874 | Up 1.00 | Hold 5/0 | Age 0 (1) | Resets 2 | Shield 0
Ep 47 | Step 87/200 | XYZ [0.001 0.004 0.436] | RPY [0.002 0.006 0.001] | Grip 1 (1.00) | Phase 3->3 | Ground 1.0cm | Target A | PredXYZ [0.083 0.119 0.899] | TrueXYZ [0.079 0.11  0.903] | EEF [0.079 0.111 0.9  ] | ObjZ 0.903 | Up 1.00 | Hold 10/5 | Age 0 (1) | Resets 5 | Shield 0
Episode 47: Clean Success | failure=success | termination=success
Scene rejected for ('push', 'A'): Deterministic push path is blocked by a distractor
Scene rejected for ('push', 'A'): Target is too close to the robot reference ray
Episode 48/120: Push the red cube away from the robot | ensemble=temporal
Ep 48 | Step 1/200 | XYZ [ 0.619  0.452 -0.475] | RPY [-0.002  0.001  0.9  ] | Grip 1 (1.00) | Phase 5->5 | Ground 1.0cm | Target A | PredXYZ [0.067 0.137 0.823] | TrueXYZ [0.069 0.128 0.821] | EEF [-0.106  0.016  0.996] | ObjZ 0.821 | Up 1.00 | Hold 0/0 | Age 0 (1) | Resets 0 | Shield 0
Ep 48 | Step 20/200 | XYZ [ 0.174  0.122 -0.106] | RPY [-0.008 -0.005 -0.005] | Grip 1 (1.00) | Phase 5->5 | Ground 0.7cm | Target A | PredXYZ [0.065 0.134 0.822] | TrueXYZ [0.069 0.128 0.822] | EEF [-0.026  0.066  0.935] | ObjZ 0.822 | Up 1.00 | Hold 0/0 | Age 3 (4) | Resets 0 | Shield 0
Ep 48 | Step 40/200 | XYZ [ 0.015  0.024 -0.353] | RPY [-0.002 -0.005 -0.003] | Grip 1 (1.00) | Phase 6->6 | Ground 0.8cm | Target A | PredXYZ [0.066 0.135 0.821] | TrueXYZ [0.069 0.128 0.822] | EEF [-0.004  0.08   0.869] | ObjZ 0.822 | Up 1.00 | Hold 0/0 | Age 0 (1) | Resets 0 | Shield 0
Ep 48 | Step 60/200 | XYZ [ 0.307  0.199 -0.042] | RPY [ 0.002 -0.001 -0.005] | Grip 1 (1.00) | Phase 6->6 | Ground 0.8cm | Target A | PredXYZ [0.066 0.135 0.821] | TrueXYZ [0.069 0.128 0.822] | EEF [-0.002  0.084  0.826] | ObjZ 0.822 | Up 1.00 | Hold 0/0 | Age 0 (1) | Resets 0 | Shield 0
Ep 48 | Step 80/200 | XYZ [0.369 0.231 0.   ] | RPY [ 0.002 -0.002  0.001] | Grip 1 (1.00) | Phase 7->7 | Ground 0.4cm | Target A | PredXYZ [0.122 0.157 0.822] | TrueXYZ [0.126 0.156 0.822] | EEF [0.096 0.145 0.818] | ObjZ 0.822 | Up 1.00 | Hold 0/0 | Age 0 (1) | Resets 1 | Shield 11
Ep 48 | Step 85/200 | XYZ [0.327 0.202 0.   ] | RPY [ 0.003 -0.004  0.   ] | Grip 1 (1.00) | Phase 7->7 | Ground 0.8cm | Target A | PredXYZ [0.15  0.168 0.822] | TrueXYZ [0.146 0.167 0.822] | EEF [0.116 0.157 0.818] | ObjZ 0.822 | Up 1.00 | Hold 5/5 | Age 0 (1) | Resets 2 | Shield 16
Episode 48: Clean Success | failure=success | termination=success
Scene rejected for ('pick', 'A'): Pick target lacks bilateral gripper clearance
Episode 49/120: Pick up the red cube | ensemble=temporal
Ep 49 | Step 1/200 | XYZ [-0.029  0.67  -0.442] | RPY [-0.    -0.004 -0.222] | Grip -1 (0.00) | Phase 0->0 | Ground 0.7cm | Target A | PredXYZ [-0.109  0.099  0.824] | TrueXYZ [-0.105  0.093  0.821] | EEF [-0.099 -0.009  1.008] | ObjZ 0.821 | Up 1.00 | Hold 0/0 | Age 0 (1) | Resets 0 | Shield 0
Ep 49 | Step 20/200 | XYZ [ 0.017  0.141 -0.094] | RPY [0.004 0.014 0.007] | Grip -1 (0.00) | Phase 0->0 | Ground 1.2cm | Target A | PredXYZ [-0.114  0.101  0.822] | TrueXYZ [-0.105  0.093  0.822] | EEF [-0.107  0.074  0.95 ] | ObjZ 0.822 | Up 1.00 | Hold 0/0 | Age 3 (4) | Resets 0 | Shield 0
Ep 49 | Step 40/200 | XYZ [ 0.05  -0.017 -0.247] | RPY [0.009 0.025 0.012] | Grip -1 (0.00) | Phase 1->1 | Ground 0.8cm | Target A | PredXYZ [-0.107  0.101  0.821] | TrueXYZ [-0.105  0.093  0.822] | EEF [-0.115  0.096  0.847] | ObjZ 0.822 | Up 1.00 | Hold 0/0 | Age 0 (1) | Resets 0 | Shield 0
Ep 49 | Step 60/200 | XYZ [ 0.039 -0.019 -0.041] | RPY [0.    0.004 0.003] | Grip 1 (1.00) | Phase 2->2 | Ground 0.6cm | Target A | PredXYZ [-0.104  0.099  0.821] | TrueXYZ [-0.105  0.093  0.822] | EEF [-0.112  0.096  0.818] | ObjZ 0.822 | Up 1.00 | Hold 0/0 | Age 0 (1) | Resets 0 | Shield 0
Ep 49 | Step 74/200 | XYZ [ 0.018 -0.005  0.577] | RPY [-0.01   0.03  -0.003] | Grip 1 (1.00) | Phase 3->3 | Ground 1.4cm | Target A | PredXYZ [-0.124  0.095  0.86 ] | TrueXYZ [-0.113  0.088  0.871] | EEF [-0.119  0.088  0.865] | ObjZ 0.871 | Up 1.00 | Hold 5/0 | Age 0 (1) | Resets 3 | Shield 0
Ep 49 | Step 80/200 | XYZ [ 0.018 -0.003  0.42 ] | RPY [-0.008  0.011 -0.005] | Grip 1 (1.00) | Phase 3->3 | Ground 2.2cm | Target A | PredXYZ [-0.131  0.095  0.906] | TrueXYZ [-0.115  0.083  0.905] | EEF [-0.121  0.083  0.899] | ObjZ 0.905 | Up 1.00 | Hold 11/5 | Age 0 (1) | Resets 6 | Shield 0
Episode 49: Clean Success | failure=success | termination=success
Scene rejected for ('push', 'A'): Deterministic push path is blocked by a distractor
Scene rejected for ('push', 'A'): Deterministic push path is blocked by a distractor
Scene rejected for ('push', 'A'): Deterministic push path is blocked by a distractor
Scene rejected for ('push', 'A'): Deterministic push path is blocked by a distractor
Scene rejected for ('push', 'A'): Target is too close to the robot reference ray
Episode 50/120: Push the red cube away from the robot | ensemble=temporal
Ep 50 | Step 1/200 | XYZ [ 0.064 -0.189 -0.487] | RPY [-0.001  0.002 -0.9  ] | Grip 1 (1.00) | Phase 5->5 | Ground 1.1cm | Target A | PredXYZ [-0.079 -0.102  0.823] | TrueXYZ [-0.071 -0.093  0.821] | EEF [-0.117  0.003  0.998] | ObjZ 0.821 | Up 1.00 | Hold 0/0 | Age 0 (1) | Resets 0 | Shield 0
Ep 50 | Step 20/200 | XYZ [ 0.049  0.013 -0.099] | RPY [ 0.019 -0.002 -0.237] | Grip 1 (1.00) | Phase 5->5 | Ground 0.9cm | Target A | PredXYZ [-0.074 -0.101  0.821] | TrueXYZ [-0.071 -0.093  0.822] | EEF [-0.115 -0.016  0.936] | ObjZ 0.822 | Up 1.00 | Hold 0/0 | Age 3 (4) | Resets 0 | Shield 0
Ep 50 | Step 40/200 | XYZ [ 0.023 -0.045 -0.174] | RPY [0.001 0.008 0.001] | Grip 1 (1.00) | Phase 6->6 | Ground 0.4cm | Target A | PredXYZ [-0.074 -0.096  0.821] | TrueXYZ [-0.071 -0.093  0.822] | EEF [-0.109 -0.008  0.841] | ObjZ 0.822 | Up 1.00 | Hold 0/0 | Age 0 (1) | Resets 0 | Shield 0
Ep 50 | Step 60/200 | XYZ [ 0.205 -0.6   -0.023] | RPY [ 0.017 -0.001  0.017] | Grip 1 (1.00) | Phase 7->7 | Ground 0.1cm | Target A | PredXYZ [-0.072 -0.095  0.822] | TrueXYZ [-0.068 -0.1    0.822] | EEF [-0.081 -0.063  0.823] | ObjZ 0.822 | Up 1.00 | Hold 0/0 | Age 0 (1) | Resets 0 | Shield 0
Ep 50 | Step 75/200 | XYZ [-0.013  0.04   0.015] | RPY [-0.015  0.001 -0.01 ] | Grip 1 (1.00) | Phase 8->8 | Ground 0.8cm | Target A | PredXYZ [-0.048 -0.159  0.822] | TrueXYZ [-0.041 -0.156  0.822] | EEF [-0.062 -0.126  0.822] | ObjZ 0.822 | Up 1.00 | Hold 5/5 | Age 3 (4) | Resets 2 | Shield 0
Episode 50: Clean Success | failure=success | termination=success
Episode 51/120: Push the green cylinder away from the robot | ensemble=temporal
Ep 51 | Step 1/200 | XYZ [-0.001  0.049 -0.414] | RPY [-0.001  0.001 -0.9  ] | Grip 1 (1.00) | Phase 5->5 | Ground 1.2cm | Target C | PredXYZ [-0.121 -0.086  0.823] | TrueXYZ [-0.113 -0.076  0.822] | EEF [-0.113 -0.01   0.989] | ObjZ 0.822 | Up 1.00 | Hold 0/0 | Age 0 (1) | Resets 0 | Shield 0
Ep 51 | Step 20/200 | XYZ [ 0.027  0.118 -0.1  ] | RPY [ 0.018 -0.01  -0.786] | Grip 1 (1.00) | Phase 5->5 | Ground 1.7cm | Target C | PredXYZ [-0.128 -0.084  0.822] | TrueXYZ [-0.113 -0.076  0.822] | EEF [-0.12 -0.01  0.93] | ObjZ 0.822 | Up 1.00 | Hold 0/0 | Age 3 (4) | Resets 0 | Shield 0
Ep 51 | Step 40/200 | XYZ [ 0.026 -0.043 -0.208] | RPY [0.003 0.009 0.001] | Grip 1 (1.00) | Phase 6->6 | Ground 1.1cm | Target C | PredXYZ [-0.121 -0.084  0.822] | TrueXYZ [-0.113 -0.076  0.822] | EEF [-0.115  0.011  0.84 ] | ObjZ 0.822 | Up 1.00 | Hold 0/0 | Age 0 (1) | Resets 0 | Shield 0
Ep 51 | Step 60/200 | XYZ [ 0.    -0.662 -0.03 ] | RPY [ 0.023 -0.012  0.022] | Grip 1 (1.00) | Phase 7->7 | Ground 0.1cm | Target C | PredXYZ [-0.113 -0.077  0.822] | TrueXYZ [-0.113 -0.079  0.822] | EEF [-0.106 -0.041  0.819] | ObjZ 0.822 | Up 1.00 | Hold 0/0 | Age 0 (1) | Resets 0 | Shield 0
Ep 51 | Step 74/200 | XYZ [-0.005 -0.142  0.   ] | RPY [-0.005  0.003 -0.005] | Grip 1 (1.00) | Phase 8->8 | Ground 2.3cm | Target C | PredXYZ [-0.134 -0.15   0.822] | TrueXYZ [-0.113 -0.163  0.823] | EEF [-0.107 -0.124  0.818] | ObjZ 0.823 | Up 1.00 | Hold 5/5 | Age 3 (4) | Resets 2 | Shield 6
Episode 51: Clean Success | failure=success | termination=success
Scene rejected for ('push', 'A'): Deterministic push path is blocked by a distractor
Scene rejected for ('push', 'A'): Deterministic push path is blocked by a distractor
Scene rejected for ('push', 'A'): Deterministic push path is blocked by a distractor
Scene rejected for ('push', 'A'): Deterministic push path is blocked by a distractor
Scene rejected for ('push', 'A'): Deterministic push path is blocked by a distractor
Scene rejected for ('push', 'A'): Deterministic push path is blocked by a distractor
Scene rejected for ('push', 'A'): Deterministic push path is blocked by a distractor
Scene rejected for ('push', 'A'): Deterministic push path is blocked by a distractor
Episode 52/120: Push the red cube away from the robot | ensemble=temporal
Ep 52 | Step 1/200 | XYZ [-0.013  0.018 -0.559] | RPY [-0.003  0.002 -0.9  ] | Grip 1 (1.00) | Phase 5->5 | Ground 0.7cm | Target A | PredXYZ [-0.103 -0.079  0.824] | TrueXYZ [-0.099 -0.074  0.821] | EEF [-0.096 -0.004  1.012] | ObjZ 0.821 | Up 1.00 | Hold 0/0 | Age 0 (1) | Resets 0 | Shield 0
Ep 52 | Step 20/200 | XYZ [ 0.047  0.108 -0.121] | RPY [ 0.038 -0.014 -0.71 ] | Grip 1 (1.00) | Phase 5->5 | Ground 1.3cm | Target A | PredXYZ [-0.106 -0.084  0.821] | TrueXYZ [-0.099 -0.074  0.822] | EEF [-0.104 -0.002  0.936] | ObjZ 0.822 | Up 1.00 | Hold 0/0 | Age 3 (4) | Resets 0 | Shield 0
Ep 52 | Step 40/200 | XYZ [ 0.042 -0.022 -0.22 ] | RPY [0.003 0.009 0.001] | Grip 1 (1.00) | Phase 6->6 | Ground 0.8cm | Target A | PredXYZ [-0.106 -0.078  0.822] | TrueXYZ [-0.099 -0.074  0.822] | EEF [-0.109  0.015  0.85 ] | ObjZ 0.822 | Up 1.00 | Hold 0/0 | Age 0 (1) | Resets 0 | Shield 0
Ep 52 | Step 60/200 | XYZ [ 0.045 -0.712 -0.03 ] | RPY [0.026 0.001 0.025] | Grip 1 (1.00) | Phase 7->7 | Ground 0.2cm | Target A | PredXYZ [-0.098 -0.076  0.821] | TrueXYZ [-0.099 -0.074  0.822] | EEF [-0.101 -0.019  0.825] | ObjZ 0.822 | Up 1.00 | Hold 0/0 | Age 0 (1) | Resets 0 | Shield 0
Ep 52 | Step 79/200 | XYZ [-0.008 -0.424 -0.029] | RPY [-0.006  0.003 -0.005] | Grip 1 (1.00) | Phase 7->7 | Ground 0.5cm | Target A | PredXYZ [-0.106 -0.158  0.822] | TrueXYZ [-0.102 -0.161  0.822] | EEF [-0.093 -0.129  0.823] | ObjZ 0.822 | Up 1.00 | Hold 5/5 | Age 0 (1) | Resets 2 | Shield 0
Episode 52: Clean Success | failure=success | termination=success
Episode 53/120: Pick up the blue ball | ensemble=temporal
Ep 53 | Step 1/200 | XYZ [ 0.368 -0.799 -0.362] | RPY [ 0.    -0.    -0.001] | Grip -1 (0.00) | Phase 0->0 | Ground 0.4cm | Target B | PredXYZ [-0.057 -0.127  0.827] | TrueXYZ [-0.056 -0.122  0.826] | EEF [-1.050e-01 -1.000e-03  1.001e+00] | ObjZ 0.826 | Up 1.00 | Hold 0/0 | Age 0 (1) | Resets 0 | Shield 0
Ep 53 | Step 20/200 | XYZ [ 0.088 -0.179 -0.074] | RPY [-0.004  0.006 -0.006] | Grip -1 (0.00) | Phase 0->0 | Ground 0.4cm | Target B | PredXYZ [-0.06  -0.121  0.826] | TrueXYZ [-0.056 -0.122  0.826] | EEF [-0.066 -0.1    0.955] | ObjZ 0.826 | Up 1.00 | Hold 0/0 | Age 3 (4) | Resets 0 | Shield 0
Ep 53 | Step 40/200 | XYZ [ 0.01  -0.028 -0.314] | RPY [0.001 0.003 0.   ] | Grip -1 (0.00) | Phase 1->1 | Ground 0.5cm | Target B | PredXYZ [-0.061 -0.119  0.826] | TrueXYZ [-0.056 -0.122  0.826] | EEF [-0.056 -0.118  0.862] | ObjZ 0.826 | Up 1.00 | Hold 0/0 | Age 0 (1) | Resets 0 | Shield 0
Ep 53 | Step 60/200 | XYZ [ 0.022  0.015 -0.047] | RPY [-0.002  0.001 -0.003] | Grip 1 (1.00) | Phase 2->2 | Ground 0.4cm | Target B | PredXYZ [-0.061 -0.121  0.826] | TrueXYZ [-0.056 -0.122  0.826] | EEF [-0.061 -0.125  0.823] | ObjZ 0.826 | Up 1.00 | Hold 0/0 | Age 0 (1) | Resets 0 | Shield 0
Ep 53 | Step 73/200 | XYZ [0.012 0.003 0.575] | RPY [0.005 0.018 0.   ] | Grip 1 (1.00) | Phase 3->3 | Ground 1.6cm | Target B | PredXYZ [-0.049 -0.116  0.877] | TrueXYZ [-0.06  -0.121  0.872] | EEF [-0.064 -0.122  0.869] | ObjZ 0.872 | Up 1.00 | Hold 5/0 | Age 0 (1) | Resets 3 | Shield 0
Ep 53 | Step 79/200 | XYZ [0.013 0.002 0.422] | RPY [ 0.001  0.007 -0.   ] | Grip 1 (1.00) | Phase 3->3 | Ground 1.5cm | Target B | PredXYZ [-0.052 -0.118  0.913] | TrueXYZ [-0.061 -0.121  0.907] | EEF [-0.065 -0.122  0.903] | ObjZ 0.907 | Up 1.00 | Hold 11/5 | Age 0 (1) | Resets 7 | Shield 0
Episode 53: Clean Success | failure=success | termination=success
Scene rejected for ('push', 'A'): Deterministic push path is blocked by a distractor
Scene rejected for ('push', 'A'): Deterministic push path is blocked by a distractor
Scene rejected for ('push', 'A'): Target is too close to the robot reference ray
Scene rejected for ('push', 'A'): Deterministic push path is blocked by a distractor
Scene rejected for ('push', 'A'): Deterministic push path is blocked by a distractor
Scene rejected for ('push', 'A'): Deterministic push path is blocked by a distractor
Scene rejected for ('push', 'A'): Target is too close to the robot reference ray
Scene rejected for ('push', 'A'): Deterministic push path is blocked by a distractor
Episode 54/120: Push the red cube away from the robot | ensemble=temporal
Ep 54 | Step 1/200 | XYZ [ 0.724  0.387 -0.584] | RPY [-0.001  0.     0.9  ] | Grip 1 (1.00) | Phase 5->5 | Ground 0.8cm | Target A | PredXYZ [0.09  0.124 0.824] | TrueXYZ [0.087 0.117 0.821] | EEF [-0.098  0.026  1.015] | ObjZ 0.821 | Up 1.00 | Hold 0/0 | Age 0 (1) | Resets 0 | Shield 0
Ep 54 | Step 20/200 | XYZ [ 0.183  0.118 -0.121] | RPY [-0.011 -0.003 -0.006] | Grip 1 (1.00) | Phase 5->5 | Ground 0.6cm | Target A | PredXYZ [0.088 0.123 0.822] | TrueXYZ [0.087 0.117 0.822] | EEF [-0.011  0.065  0.939] | ObjZ 0.822 | Up 1.00 | Hold 0/0 | Age 3 (4) | Resets 0 | Shield 0
Ep 54 | Step 40/200 | XYZ [ 0.026 -0.001 -0.359] | RPY [-0.001 -0.004 -0.001] | Grip 1 (1.00) | Phase 6->6 | Ground 0.8cm | Target A | PredXYZ [0.094 0.12  0.822] | TrueXYZ [0.087 0.117 0.822] | EEF [0.011 0.078 0.871] | ObjZ 0.822 | Up 1.00 | Hold 0/0 | Age 0 (1) | Resets 0 | Shield 0
Ep 54 | Step 60/200 | XYZ [ 0.012  0.005 -0.07 ] | RPY [ 0.    -0.    -0.001] | Grip 1 (1.00) | Phase 6->6 | Ground 0.4cm | Target A | PredXYZ [0.091 0.116 0.822] | TrueXYZ [0.087 0.117 0.822] | EEF [0.014 0.077 0.827] | ObjZ 0.822 | Up 1.00 | Hold 0/0 | Age 0 (1) | Resets 0 | Shield 0
Ep 54 | Step 80/200 | XYZ [0.386 0.259 0.   ] | RPY [ 0.001  0.    -0.001] | Grip 1 (1.00) | Phase 7->7 | Ground 0.5cm | Target A | PredXYZ [0.146 0.139 0.822] | TrueXYZ [0.146 0.139 0.822] | EEF [0.112 0.134 0.818] | ObjZ 0.822 | Up 1.00 | Hold 0/0 | Age 0 (1) | Resets 0 | Shield 6
Ep 54 | Step 85/200 | XYZ [0.334 0.216 0.   ] | RPY [ 0.004 -0.003 -0.001] | Grip 1 (1.00) | Phase 7->7 | Ground 0.6cm | Target A | PredXYZ [0.165 0.155 0.822] | TrueXYZ [0.167 0.152 0.822] | EEF [0.133 0.147 0.818] | ObjZ 0.822 | Up 1.00 | Hold 5/5 | Age 0 (1) | Resets 0 | Shield 11
Episode 54: Clean Success | failure=success | termination=success
Scene rejected for ('pick', 'B'): Pick target lacks bilateral gripper clearance
Episode 55/120: Pick up the blue ball | ensemble=temporal
Ep 55 | Step 1/200 | XYZ [ 0.9   -0.567 -0.468] | RPY [ 0.001 -0.     0.003] | Grip -1 (0.00) | Phase 0->0 | Ground 0.4cm | Target B | PredXYZ [ 0.13  -0.1    0.828] | TrueXYZ [ 0.131 -0.096  0.826] | EEF [-0.087 -0.009  1.018] | ObjZ 0.826 | Up 1.00 | Hold 0/0 | Age 0 (1) | Resets 0 | Shield 0
Ep 55 | Step 20/200 | XYZ [ 0.419 -0.101 -0.076] | RPY [-0.007 -0.003 -0.003] | Grip -1 (0.00) | Phase 0->0 | Ground 0.5cm | Target B | PredXYZ [ 0.128 -0.093  0.826] | TrueXYZ [ 0.131 -0.096  0.826] | EEF [ 0.071 -0.083  0.955] | ObjZ 0.826 | Up 1.00 | Hold 0/0 | Age 3 (4) | Resets 0 | Shield 0
Ep 55 | Step 40/200 | XYZ [ 0.071 -0.025 -0.684] | RPY [ 0.001 -0.005  0.001] | Grip -1 (0.00) | Phase 1->1 | Ground 0.8cm | Target B | PredXYZ [ 0.134 -0.089  0.826] | TrueXYZ [ 0.131 -0.096  0.826] | EEF [ 0.123 -0.095  0.919] | ObjZ 0.826 | Up 1.00 | Hold 0/0 | Age 0 (1) | Resets 0 | Shield 0
Ep 55 | Step 60/200 | XYZ [ 0.001 -0.003 -0.128] | RPY [-0.    -0.003  0.   ] | Grip -1 (0.00) | Phase 1->1 | Ground 0.9cm | Target B | PredXYZ [ 0.135 -0.089  0.826] | TrueXYZ [ 0.131 -0.096  0.826] | EEF [ 0.131 -0.098  0.837] | ObjZ 0.826 | Up 1.00 | Hold 0/0 | Age 0 (1) | Resets 0 | Shield 0
Ep 55 | Step 80/200 | XYZ [ 0.    -0.001  0.648] | RPY [-0.003 -0.01   0.001] | Grip 1 (1.00) | Phase 3->3 | Ground 0.6cm | Target B | PredXYZ [ 0.136 -0.096  0.85 ] | TrueXYZ [ 0.133 -0.098  0.854] | EEF [ 0.133 -0.098  0.854] | ObjZ 0.854 | Up 1.00 | Hold 2/0 | Age 0 (1) | Resets 1 | Shield 0
Ep 55 | Step 83/200 | XYZ [ 0.001 -0.002  0.551] | RPY [-0.002 -0.007 -0.   ] | Grip 1 (1.00) | Phase 3->3 | Ground 0.4cm | Target B | PredXYZ [ 0.131 -0.097  0.871] | TrueXYZ [ 0.133 -0.098  0.876] | EEF [ 0.133 -0.099  0.876] | ObjZ 0.876 | Up 1.00 | Hold 5/0 | Age 0 (1) | Resets 1 | Shield 0
Ep 55 | Step 88/200 | XYZ [ 0.001 -0.001  0.417] | RPY [-0.001  0.004 -0.001] | Grip 1 (1.00) | Phase 3->3 | Ground 0.8cm | Target B | PredXYZ [ 0.132 -0.105  0.903] | TrueXYZ [ 0.131 -0.098  0.903] | EEF [ 0.132 -0.099  0.904] | ObjZ 0.903 | Up 1.00 | Hold 10/5 | Age 0 (1) | Resets 1 | Shield 0
Episode 55: Clean Success | failure=success | termination=success
Scene rejected for ('push', 'C'): Deterministic push path is blocked by a distractor
Scene rejected for ('push', 'C'): Deterministic push path is blocked by a distractor
Scene rejected for ('push', 'C'): Target is too close to the robot reference ray
Scene rejected for ('push', 'C'): Deterministic push path is blocked by a distractor
Scene rejected for ('push', 'C'): Deterministic push path is blocked by a distractor
Scene rejected for ('push', 'C'): Deterministic push path is blocked by a distractor
Scene rejected for ('push', 'C'): Deterministic push path is blocked by a distractor
Scene rejected for ('push', 'C'): Deterministic push path is blocked by a distractor
Episode 56/120: Push the green cylinder away from the robot | ensemble=temporal
Ep 56 | Step 1/200 | XYZ [ 0.762 -0.437 -0.435] | RPY [-0.001  0.    -0.9  ] | Grip 1 (1.00) | Phase 5->5 | Ground 0.3cm | Target C | PredXYZ [ 0.069 -0.083  0.823] | TrueXYZ [ 0.07  -0.081  0.822] | EEF [-0.129  0.023  0.992] | ObjZ 0.822 | Up 1.00 | Hold 0/0 | Age 0 (1) | Resets 0 | Shield 0
Ep 56 | Step 20/200 | XYZ [ 0.202 -0.124 -0.098] | RPY [ 0.006 -0.005 -0.001] | Grip 1 (1.00) | Phase 5->5 | Ground 0.3cm | Target C | PredXYZ [ 0.068 -0.083  0.822] | TrueXYZ [ 0.07  -0.081  0.822] | EEF [-0.032 -0.022  0.934] | ObjZ 0.822 | Up 1.00 | Hold 0/0 | Age 3 (4) | Resets 0 | Shield 0
Ep 56 | Step 40/200 | XYZ [ 0.026 -0.04  -0.395] | RPY [ 0.002 -0.006  0.002] | Grip 1 (1.00) | Phase 6->6 | Ground 0.5cm | Target C | PredXYZ [ 0.068 -0.086  0.822] | TrueXYZ [ 0.07  -0.081  0.822] | EEF [-0.006 -0.038  0.869] | ObjZ 0.822 | Up 1.00 | Hold 0/0 | Age 0 (1) | Resets 0 | Shield 0
Ep 56 | Step 60/200 | XYZ [ 0.015 -0.009 -0.073] | RPY [ 0.001 -0.     0.   ] | Grip 1 (1.00) | Phase 6->6 | Ground 0.4cm | Target C | PredXYZ [ 0.073 -0.084  0.822] | TrueXYZ [ 0.07  -0.081  0.822] | EEF [-0.004 -0.044  0.82 ] | ObjZ 0.822 | Up 1.00 | Hold 0/0 | Age 0 (1) | Resets 0 | Shield 0
Ep 56 | Step 80/200 | XYZ [-0.005 -0.001  0.372] | RPY [-0.009 -0.032 -0.   ] | Grip 1 (1.00) | Phase 9->9 | Ground 0.8cm | Target C | PredXYZ [ 0.109 -0.049  0.822] | TrueXYZ [ 0.11  -0.044  0.824] | EEF [ 0.073 -0.084  0.868] | ObjZ 0.824 | Up 1.00 | Hold 0/0 | Age 0 (1) | Resets 3 | Shield 9
Ep 56 | Step 100/200 | XYZ [-0.239  0.246  0.048] | RPY [-0.009 -0.023 -0.005] | Grip 1 (1.00) | Phase 9->9 | Ground 0.9cm | Target C | PredXYZ [ 0.113 -0.052  0.822] | TrueXYZ [ 0.109 -0.044  0.822] | EEF [ 0.058 -0.07   0.915] | ObjZ 0.822 | Up 1.00 | Hold 0/0 | Age 0 (1) | Resets 3 | Shield 9
Ep 56 | Step 120/200 | XYZ [-0.092  0.142 -0.569] | RPY [ 0.    -0.001 -0.001] | Grip 1 (1.00) | Phase 6->6 | Ground 0.6cm | Target C | PredXYZ [ 0.111 -0.049  0.822] | TrueXYZ [ 0.109 -0.043  0.822] | EEF [ 0.024 -0.032  0.898] | ObjZ 0.822 | Up 1.00 | Hold 0/0 | Age 0 (1) | Resets 3 | Shield 9
Ep 56 | Step 140/200 | XYZ [ 0.01   0.015 -0.111] | RPY [ 0.     0.001 -0.   ] | Grip 1 (1.00) | Phase 6->6 | Ground 0.5cm | Target C | PredXYZ [ 0.111 -0.049  0.822] | TrueXYZ [ 0.109 -0.043  0.822] | EEF [ 0.015 -0.016  0.827] | ObjZ 0.822 | Up 1.00 | Hold 0/0 | Age 0 (1) | Resets 3 | Shield 9
Ep 56 | Step 160/200 | XYZ [ 0.524 -0.207  0.   ] | RPY [0.006 0.021 0.003] | Grip 1 (1.00) | Phase 7->7 | Ground 0.6cm | Target C | PredXYZ [ 0.13  -0.046  0.822] | TrueXYZ [ 0.131 -0.047  0.824] | EEF [ 0.089 -0.046  0.814] | ObjZ 0.824 | Up 1.00 | Hold 0/0 | Age 0 (1) | Resets 3 | Shield 20
Ep 56 | Step 180/200 | XYZ [-0.019  0.008  0.527] | RPY [-0.008 -0.046 -0.001] | Grip 1 (0.98) | Phase 9->9 | Ground 0.8cm | Target C | PredXYZ [ 0.19  -0.065  0.823] | TrueXYZ [ 0.184 -0.059  0.825] | EEF [ 0.142 -0.077  0.845] | ObjZ 0.825 | Up 1.00 | Hold 0/0 | Age 0 (1) | Resets 4 | Shield 32
Ep 56 | Step 200/200 | XYZ [-0.261  0.198  0.069] | RPY [-0.006 -0.021  0.002] | Grip 1 (1.00) | Phase 9->9 | Ground 0.6cm | Target C | PredXYZ [ 0.176 -0.059  0.823] | TrueXYZ [ 0.182 -0.06   0.822] | EEF [ 0.135 -0.072  0.909] | ObjZ 0.822 | Up 1.00 | Hold 0/0 | Age 0 (1) | Resets 4 | Shield 32
Episode 56: Fail | failure=lateral_push_error | termination=horizon
Episode 57/120: Push the green cylinder away from the robot | ensemble=temporal
Ep 57 | Step 1/200 | XYZ [ 0.002  0.03  -0.59 ] | RPY [ 0.004 -0.005  0.9  ] | Grip 1 (1.00) | Phase 5->5 | Ground 0.9cm | Target C | PredXYZ [-0.12  -0.061  0.824] | TrueXYZ [-0.119 -0.051  0.822] | EEF [-0.092  0.021  1.014] | ObjZ 0.822 | Up 1.00 | Hold 0/0 | Age 0 (1) | Resets 0 | Shield 0
Ep 57 | Step 20/200 | XYZ [ 0.054 -0.086 -0.12 ] | RPY [-0.042 -0.016  0.636] | Grip 1 (1.00) | Phase 5->5 | Ground 0.7cm | Target C | PredXYZ [-0.116 -0.058  0.821] | TrueXYZ [-0.119 -0.051  0.822] | EEF [-0.102  0.031  0.933] | ObjZ 0.822 | Up 1.00 | Hold 0/0 | Age 3 (4) | Resets 0 | Shield 0
Ep 57 | Step 40/200 | XYZ [ 0.041  0.033 -0.235] | RPY [-0.002  0.008 -0.003] | Grip 1 (1.00) | Phase 6->6 | Ground 0.9cm | Target C | PredXYZ [-0.12  -0.06   0.822] | TrueXYZ [-0.119 -0.051  0.822] | EEF [-0.101  0.017  0.845] | ObjZ 0.822 | Up 1.00 | Hold 0/0 | Age 0 (1) | Resets 0 | Shield 0
Ep 57 | Step 60/200 | XYZ [-0.062 -0.745  0.   ] | RPY [ 0.022 -0.     0.02 ] | Grip 1 (1.00) | Phase 7->7 | Ground 1.5cm | Target C | PredXYZ [-0.105 -0.056  0.821] | TrueXYZ [-0.119 -0.051  0.822] | EEF [-0.099  0.009  0.818] | ObjZ 0.822 | Up 1.00 | Hold 0/0 | Age 0 (1) | Resets 0 | Shield 4
Ep 57 | Step 79/200 | XYZ [-0.025 -0.524  0.   ] | RPY [0.007 0.01  0.001] | Grip 1 (1.00) | Phase 7->7 | Ground 0.9cm | Target C | PredXYZ [-0.125 -0.135  0.823] | TrueXYZ [-0.127 -0.15   0.823] | EEF [-0.111 -0.107  0.819] | ObjZ 0.823 | Up 1.00 | Hold 5/5 | Age 0 (1) | Resets 3 | Shield 18
Episode 57: Clean Success | failure=success | termination=success
Episode 58/120: Push the red cube away from the robot | ensemble=temporal
Ep 58 | Step 1/200 | XYZ [ 0.9    0.081 -0.505] | RPY [0.002 0.001 0.139] | Grip 1 (1.00) | Phase 5->5 | Ground 1.0cm | Target A | PredXYZ [0.129 0.023 0.824] | TrueXYZ [0.124 0.032 0.821] | EEF [-0.116  0.005  1.001] | ObjZ 0.821 | Up 1.00 | Hold 0/0 | Age 0 (1) | Resets 0 | Shield 0
Ep 58 | Step 20/200 | XYZ [ 0.24   0.027 -0.1  ] | RPY [-0.002 -0.006 -0.001] | Grip 1 (1.00) | Phase 5->5 | Ground 0.6cm | Target A | PredXYZ [0.128 0.027 0.822] | TrueXYZ [0.124 0.032 0.822] | EEF [0.001 0.013 0.939] | ObjZ 0.822 | Up 1.00 | Hold 0/0 | Age 3 (4) | Resets 0 | Shield 0
Ep 58 | Step 40/200 | XYZ [ 0.058  0.023 -0.437] | RPY [-0.001 -0.005 -0.   ] | Grip 1 (1.00) | Phase 6->6 | Ground 0.2cm | Target A | PredXYZ [0.125 0.033 0.822] | TrueXYZ [0.124 0.032 0.822] | EEF [0.034 0.016 0.882] | ObjZ 0.822 | Up 1.00 | Hold 0/0 | Age 0 (1) | Resets 0 | Shield 0
Ep 58 | Step 60/200 | XYZ [ 0.011  0.011 -0.086] | RPY [-0.    -0.002  0.   ] | Grip 1 (1.00) | Phase 6->6 | Ground 0.6cm | Target A | PredXYZ [0.125 0.026 0.822] | TrueXYZ [0.124 0.032 0.822] | EEF [0.04  0.018 0.829] | ObjZ 0.822 | Up 1.00 | Hold 0/0 | Age 0 (1) | Resets 0 | Shield 0
Ep 58 | Step 80/200 | XYZ [0.447 0.04  0.   ] | RPY [ 0.001  0.002 -0.   ] | Grip 1 (1.00) | Phase 7->7 | Ground 0.6cm | Target A | PredXYZ [0.176 0.037 0.822] | TrueXYZ [0.175 0.037 0.822] | EEF [0.145 0.029 0.816] | ObjZ 0.822 | Up 1.00 | Hold 0/0 | Age 0 (1) | Resets 1 | Shield 6
Ep 58 | Step 87/200 | XYZ [-0.045 -0.002  0.   ] | RPY [-0.001 -0.019 -0.001] | Grip 1 (1.00) | Phase 8->8 | Ground 1.2cm | Target A | PredXYZ [0.211 0.047 0.822] | TrueXYZ [0.204 0.039 0.822] | EEF [0.173 0.03  0.819] | ObjZ 0.822 | Up 1.00 | Hold 5/5 | Age 3 (4) | Resets 1 | Shield 11
Episode 58: Clean Success | failure=success | termination=success
Episode 59/120: Pick up the blue ball | ensemble=temporal
Ep 59 | Step 1/200 | XYZ [ 0.9   -0.691 -0.442] | RPY [ 0.002 -0.     0.003] | Grip -1 (0.00) | Phase 0->0 | Ground 0.2cm | Target B | PredXYZ [ 0.125 -0.122  0.828] | TrueXYZ [ 0.125 -0.12   0.826] | EEF [-0.087 -0.015  1.014] | ObjZ 0.826 | Up 1.00 | Hold 0/0 | Age 0 (1) | Resets 0 | Shield 0
Ep 59 | Step 20/200 | XYZ [ 0.439 -0.128 -0.071] | RPY [-0.009 -0.    -0.005] | Grip -1 (0.00) | Phase 0->0 | Ground 0.8cm | Target B | PredXYZ [ 0.127 -0.127  0.826] | TrueXYZ [ 0.125 -0.12   0.826] | EEF [ 0.07  -0.107  0.954] | ObjZ 0.826 | Up 1.00 | Hold 0/0 | Age 3 (4) | Resets 0 | Shield 0
Ep 59 | Step 40/200 | XYZ [ 0.047 -0.007 -0.634] | RPY [ 0.001 -0.005  0.001] | Grip -1 (0.00) | Phase 1->1 | Ground 0.3cm | Target B | PredXYZ [ 0.127 -0.118  0.826] | TrueXYZ [ 0.125 -0.12   0.826] | EEF [ 0.124 -0.118  0.911] | ObjZ 0.826 | Up 1.00 | Hold 0/0 | Age 0 (1) | Resets 0 | Shield 0
Ep 59 | Step 60/200 | XYZ [-0.01  -0.003 -0.122] | RPY [-0.    -0.003  0.   ] | Grip -1 (0.00) | Phase 1->1 | Ground 1.0cm | Target B | PredXYZ [ 0.131 -0.127  0.826] | TrueXYZ [ 0.125 -0.12   0.826] | EEF [ 0.127 -0.12   0.836] | ObjZ 0.826 | Up 1.00 | Hold 0/0 | Age 0 (1) | Resets 0 | Shield 0
Ep 59 | Step 80/200 | XYZ [-0.001 -0.001  0.615] | RPY [-0.003 -0.009  0.   ] | Grip 1 (1.00) | Phase 3->3 | Ground 0.8cm | Target B | PredXYZ [ 0.13  -0.123  0.861] | TrueXYZ [ 0.126 -0.121  0.862] | EEF [ 0.128 -0.121  0.861] | ObjZ 0.862 | Up 1.00 | Hold 3/0 | Age 0 (1) | Resets 2 | Shield 0
Ep 59 | Step 82/200 | XYZ [-0.001 -0.001  0.552] | RPY [-0.002 -0.006 -0.   ] | Grip 1 (1.00) | Phase 3->3 | Ground 0.4cm | Target B | PredXYZ [ 0.123 -0.121  0.871] | TrueXYZ [ 0.126 -0.121  0.876] | EEF [ 0.128 -0.122  0.875] | ObjZ 0.876 | Up 1.00 | Hold 5/0 | Age 0 (1) | Resets 2 | Shield 0
Ep 59 | Step 87/200 | XYZ [-0.    0.    0.42] | RPY [-0.001  0.005 -0.001] | Grip 1 (1.00) | Phase 3->3 | Ground 1.2cm | Target B | PredXYZ [ 0.129 -0.112  0.904] | TrueXYZ [ 0.124 -0.121  0.904] | EEF [ 0.127 -0.122  0.903] | ObjZ 0.904 | Up 1.00 | Hold 10/5 | Age 0 (1) | Resets 3 | Shield 0
Episode 59: Clean Success | failure=success | termination=success
Episode 60/120: Pick up the blue ball | ensemble=temporal
Ep 60 | Step 1/200 | XYZ [ 0.9    0.15  -0.263] | RPY [ 0.001 -0.001  0.001] | Grip -1 (0.00) | Phase 0->0 | Ground 1.0cm | Target B | PredXYZ [0.063 0.036 0.828] | TrueXYZ [0.056 0.029 0.826] | EEF [-0.124  0.021  0.984] | ObjZ 0.826 | Up 1.00 | Hold 0/0 | Age 0 (1) | Resets 0 | Shield 0
Ep 60 | Step 20/200 | XYZ [ 0.336  0.014 -0.055] | RPY [ 0.002 -0.01   0.   ] | Grip -1 (0.00) | Phase 0->0 | Ground 0.4cm | Target B | PredXYZ [0.059 0.032 0.826] | TrueXYZ [0.056 0.029 0.826] | EEF [0.02  0.036 0.951] | ObjZ 0.826 | Up 1.00 | Hold 0/0 | Age 3 (4) | Resets 0 | Shield 0
Ep 60 | Step 40/200 | XYZ [ 0.031 -0.021 -0.439] | RPY [ 0.001 -0.003  0.   ] | Grip -1 (0.00) | Phase 1->1 | Ground 0.5cm | Target B | PredXYZ [0.06  0.032 0.826] | TrueXYZ [0.056 0.029 0.826] | EEF [0.059 0.037 0.884] | ObjZ 0.826 | Up 1.00 | Hold 0/0 | Age 0 (1) | Resets 0 | Shield 0
Ep 60 | Step 60/200 | XYZ [-0.015 -0.018 -0.094] | RPY [ 0.001 -0.002  0.001] | Grip -1 (0.00) | Phase 1->1 | Ground 0.5cm | Target B | PredXYZ [0.058 0.034 0.826] | TrueXYZ [0.056 0.029 0.826] | EEF [0.059 0.035 0.83 ] | ObjZ 0.826 | Up 1.00 | Hold 0/0 | Age 0 (1) | Resets 0 | Shield 0
Ep 60 | Step 79/200 | XYZ [-0.001 -0.001  0.556] | RPY [ 0.001 -0.001  0.001] | Grip 1 (1.00) | Phase 3->3 | Ground 0.6cm | Target B | PredXYZ [0.057 0.033 0.863] | TrueXYZ [0.057 0.031 0.875] | EEF [0.059 0.032 0.873] | ObjZ 0.875 | Up 1.00 | Hold 5/0 | Age 0 (1) | Resets 1 | Shield 0
Ep 60 | Step 80/200 | XYZ [-0.001 -0.001  0.527] | RPY [0.001 0.    0.001] | Grip 1 (1.00) | Phase 3->3 | Ground 0.6cm | Target B | PredXYZ [0.055 0.032 0.869] | TrueXYZ [0.056 0.031 0.881] | EEF [0.059 0.032 0.88 ] | ObjZ 0.881 | Up 1.00 | Hold 6/1 | Age 0 (1) | Resets 1 | Shield 0
Ep 60 | Step 84/200 | XYZ [-0.001 -0.     0.427] | RPY [0.001 0.005 0.001] | Grip 1 (1.00) | Phase 3->3 | Ground 0.8cm | Target B | PredXYZ [0.058 0.039 0.899] | TrueXYZ [0.055 0.031 0.903] | EEF [0.058 0.032 0.902] | ObjZ 0.903 | Up 1.00 | Hold 10/5 | Age 0 (1) | Resets 2 | Shield 0
Episode 60: Clean Success | failure=success | termination=success
Episode 61/120: Pick up the red cube | ensemble=temporal
Ep 61 | Step 1/200 | XYZ [ 0.598  0.123 -0.418] | RPY [-0.002 -0.001 -0.223] | Grip -1 (0.00) | Phase 0->0 | Ground 0.6cm | Target A | PredXYZ [-0.022  0.024  0.824] | TrueXYZ [-0.024  0.029  0.821] | EEF [-1.070e-01 -1.000e-03  1.005e+00] | ObjZ 0.821 | Up 1.00 | Hold 0/0 | Age 0 (1) | Resets 0 | Shield 0
Ep 61 | Step 20/200 | XYZ [ 0.136  0.054 -0.084] | RPY [ 0.002 -0.001  0.001] | Grip -1 (0.00) | Phase 0->0 | Ground 0.4cm | Target A | PredXYZ [-0.028  0.03   0.822] | TrueXYZ [-0.024  0.029  0.822] | EEF [-0.039  0.022  0.955] | ObjZ 0.822 | Up 1.00 | Hold 0/0 | Age 3 (4) | Resets 0 | Shield 0
Ep 61 | Step 40/200 | XYZ [ 0.017  0.011 -0.289] | RPY [ 0.     0.004 -0.001] | Grip -1 (0.00) | Phase 1->1 | Ground 0.9cm | Target A | PredXYZ [-0.02   0.037  0.822] | TrueXYZ [-0.024  0.029  0.822] | EEF [-0.024  0.027  0.857] | ObjZ 0.822 | Up 1.00 | Hold 0/0 | Age 0 (1) | Resets 0 | Shield 0
Ep 61 | Step 60/200 | XYZ [ 0.011 -0.004 -0.06 ] | RPY [ 0.001 -0.001  0.   ] | Grip 1 (1.00) | Phase 2->2 | Ground 0.8cm | Target A | PredXYZ [-0.017  0.028  0.822] | TrueXYZ [-0.024  0.029  0.822] | EEF [-0.024  0.03   0.821] | ObjZ 0.822 | Up 1.00 | Hold 0/0 | Age 0 (1) | Resets 0 | Shield 0
Ep 61 | Step 74/200 | XYZ [ 0.004 -0.002  0.578] | RPY [-0.     0.014 -0.   ] | Grip 1 (1.00) | Phase 3->3 | Ground 0.6cm | Target A | PredXYZ [-0.023  0.028  0.866] | TrueXYZ [-0.029  0.03   0.871] | EEF [-0.029  0.03   0.869] | ObjZ 0.871 | Up 1.00 | Hold 5/0 | Age 0 (1) | Resets 3 | Shield 0
Ep 61 | Step 80/200 | XYZ [ 0.004 -0.002  0.427] | RPY [ 0.     0.006 -0.   ] | Grip 1 (1.00) | Phase 3->3 | Ground 0.5cm | Target A | PredXYZ [-0.031  0.025  0.903] | TrueXYZ [-0.031  0.03   0.907] | EEF [-0.031  0.03   0.904] | ObjZ 0.907 | Up 1.00 | Hold 11/5 | Age 0 (1) | Resets 8 | Shield 0
Episode 61: Clean Success | failure=success | termination=success
Episode 62/120: Push the blue ball away from the robot | ensemble=temporal
Ep 62 | Step 1/200 | XYZ [ 0.131  0.281 -0.593] | RPY [ 0.001 -0.002  0.9  ] | Grip 1 (1.00) | Phase 5->5 | Ground 0.8cm | Target B | PredXYZ [-0.044  0.129  0.828] | TrueXYZ [-0.049  0.123  0.826] | EEF [-0.097  0.018  1.02 ] | ObjZ 0.826 | Up 1.00 | Hold 0/0 | Age 0 (1) | Resets 0 | Shield 0
Ep 62 | Step 20/200 | XYZ [ 0.088  0.004 -0.116] | RPY [-0.039 -0.004  0.314] | Grip 1 (1.00) | Phase 5->5 | Ground 0.9cm | Target B | PredXYZ [-0.045  0.131  0.826] | TrueXYZ [-0.049  0.123  0.826] | EEF [-0.091  0.049  0.941] | ObjZ 0.826 | Up 1.00 | Hold 0/0 | Age 3 (4) | Resets 0 | Shield 0
Ep 62 | Step 40/200 | XYZ [ 0.018  0.027 -0.449] | RPY [-0.003 -0.016 -0.002] | Grip 1 (1.00) | Phase 6->6 | Ground 1.4cm | Target B | PredXYZ [-0.038  0.131  0.826] | TrueXYZ [-0.049  0.123  0.826] | EEF [-0.082  0.046  0.888] | ObjZ 0.826 | Up 1.00 | Hold 0/0 | Age 0 (1) | Resets 0 | Shield 0
Ep 62 | Step 60/200 | XYZ [ 0.017  0.001 -0.073] | RPY [-0.     0.003 -0.001] | Grip 1 (1.00) | Phase 6->6 | Ground 1.6cm | Target B | PredXYZ [-0.034  0.128  0.826] | TrueXYZ [-0.049  0.123  0.826] | EEF [-0.083  0.048  0.835] | ObjZ 0.826 | Up 1.00 | Hold 0/0 | Age 0 (1) | Resets 0 | Shield 0
Ep 62 | Step 79/200 | XYZ [-0.035 -0.134 -0.006] | RPY [ 0.019 -0.018  0.006] | Grip 1 (1.00) | Phase 8->8 | Ground 0.4cm | Target B | PredXYZ [-0.016  0.213  0.825] | TrueXYZ [-0.019  0.214  0.826] | EEF [-0.023  0.176  0.829] | ObjZ 0.826 | Up 1.00 | Hold 5/5 | Age 0 (1) | Resets 6 | Shield 0
Episode 62: Clean Success | failure=success | termination=success
Scene rejected for ('pick', 'C'): Pick target lacks bilateral gripper clearance
Scene rejected for ('pick', 'C'): Pick target lacks bilateral gripper clearance
Scene rejected for ('pick', 'C'): Pick target lacks bilateral gripper clearance
Episode 63/120: Pick up the green cylinder | ensemble=temporal
Ep 63 | Step 1/200 | XYZ [ 0.126  0.487 -0.397] | RPY [ 0.001 -0.001 -0.004] | Grip -1 (0.00) | Phase 0->0 | Ground 1.0cm | Target C | PredXYZ [-0.09   0.105  0.823] | TrueXYZ [-0.08   0.101  0.822] | EEF [-0.103  0.023  1.004] | ObjZ 0.822 | Up 1.00 | Hold 0/0 | Age 0 (1) | Resets 0 | Shield 0
Ep 63 | Step 20/200 | XYZ [ 0.04   0.11  -0.078] | RPY [0.002 0.004 0.003] | Grip -1 (0.00) | Phase 0->0 | Ground 0.6cm | Target C | PredXYZ [-0.086  0.102  0.822] | TrueXYZ [-0.08   0.101  0.822] | EEF [-0.087  0.083  0.955] | ObjZ 0.822 | Up 1.00 | Hold 0/0 | Age 3 (4) | Resets 0 | Shield 0
Ep 63 | Step 40/200 | XYZ [ 0.02   0.024 -0.251] | RPY [0.002 0.011 0.002] | Grip -1 (0.00) | Phase 1->1 | Ground 0.2cm | Target C | PredXYZ [-0.082  0.1    0.822] | TrueXYZ [-0.08   0.101  0.822] | EEF [-0.084  0.097  0.849] | ObjZ 0.822 | Up 1.00 | Hold 0/0 | Age 0 (1) | Resets 0 | Shield 0
Ep 63 | Step 60/200 | XYZ [ 0.015 -0.007 -0.02 ] | RPY [0.002 0.002 0.002] | Grip 1 (1.00) | Phase 2->2 | Ground 0.5cm | Target C | PredXYZ [-0.083  0.1    0.826] | TrueXYZ [-0.08   0.102  0.822] | EEF [-0.084  0.102  0.82 ] | ObjZ 0.822 | Up 1.00 | Hold 0/0 | Age 0 (1) | Resets 0 | Shield 0
Ep 63 | Step 69/200 | XYZ [ 0.013 -0.001  0.575] | RPY [-0.006  0.023 -0.001] | Grip 1 (1.00) | Phase 3->3 | Ground 0.9cm | Target C | PredXYZ [-0.09   0.107  0.861] | TrueXYZ [-0.087  0.099  0.87 ] | EEF [-0.09   0.099  0.867] | ObjZ 0.870 | Up 1.00 | Hold 5/0 | Age 0 (1) | Resets 2 | Shield 0
Ep 63 | Step 75/200 | XYZ [ 0.014 -0.002  0.424] | RPY [-0.003  0.007 -0.001] | Grip 1 (1.00) | Phase 3->3 | Ground 0.8cm | Target C | PredXYZ [-0.095  0.1    0.902] | TrueXYZ [-0.087  0.098  0.905] | EEF [-0.091  0.098  0.902] | ObjZ 0.905 | Up 1.00 | Hold 11/5 | Age 0 (1) | Resets 4 | Shield 0
Episode 63: Clean Success | failure=success | termination=success
Episode 64/120: Pick up the green cylinder | ensemble=temporal
Ep 64 | Step 1/200 | XYZ [ 0.309  0.656 -0.57 ] | RPY [-0.001 -0.001 -0.004] | Grip -1 (0.00) | Phase 0->0 | Ground 0.7cm | Target C | PredXYZ [-0.03   0.102  0.824] | TrueXYZ [-0.037  0.099  0.822] | EEF [-0.076 -0.003  1.034] | ObjZ 0.822 | Up 1.00 | Hold 0/0 | Age 0 (1) | Resets 0 | Shield 0
Ep 64 | Step 20/200 | XYZ [ 0.085  0.169 -0.128] | RPY [0.003 0.007 0.006] | Grip -1 (0.00) | Phase 0->0 | Ground 0.3cm | Target C | PredXYZ [-0.034  0.1    0.823] | TrueXYZ [-0.037  0.098  0.822] | EEF [-0.042  0.075  0.958] | ObjZ 0.822 | Up 1.00 | Hold 0/0 | Age 3 (4) | Resets 0 | Shield 0
Ep 64 | Step 40/200 | XYZ [ 0.003  0.009 -0.339] | RPY [0.002 0.003 0.001] | Grip -1 (0.00) | Phase 1->1 | Ground 0.2cm | Target C | PredXYZ [-0.038  0.098  0.823] | TrueXYZ [-0.037  0.098  0.822] | EEF [-0.036  0.097  0.864] | ObjZ 0.822 | Up 1.00 | Hold 0/0 | Age 0 (1) | Resets 0 | Shield 0
Ep 64 | Step 60/200 | XYZ [ 0.026 -0.017 -0.051] | RPY [0.001 0.002 0.002] | Grip 1 (0.93) | Phase 2->2 | Ground 0.1cm | Target C | PredXYZ [-0.037  0.099  0.822] | TrueXYZ [-0.037  0.098  0.822] | EEF [-0.038  0.101  0.822] | ObjZ 0.822 | Up 1.00 | Hold 0/0 | Age 0 (1) | Resets 0 | Shield 0
Ep 64 | Step 73/200 | XYZ [ 0.012 -0.001  0.575] | RPY [-0.006  0.021 -0.002] | Grip 1 (1.00) | Phase 3->3 | Ground 1.5cm | Target C | PredXYZ [-0.031  0.102  0.871] | TrueXYZ [-0.042  0.098  0.869] | EEF [-0.043  0.098  0.867] | ObjZ 0.869 | Up 1.00 | Hold 5/0 | Age 0 (1) | Resets 2 | Shield 0
Ep 64 | Step 79/200 | XYZ [ 0.012 -0.003  0.432] | RPY [-0.004  0.007 -0.002] | Grip 1 (1.00) | Phase 3->3 | Ground 0.5cm | Target C | PredXYZ [-0.042  0.1    0.896] | TrueXYZ [-0.043  0.095  0.904] | EEF [-0.044  0.095  0.902] | ObjZ 0.904 | Up 1.00 | Hold 11/5 | Age 0 (1) | Resets 3 | Shield 0
Episode 64: Clean Success | failure=success | termination=success
Episode 65/120: Pick up the blue ball | ensemble=temporal
Ep 65 | Step 1/200 | XYZ [ 0.9    0.214 -0.384] | RPY [ 0.001 -0.002  0.001] | Grip -1 (0.00) | Phase 0->0 | Ground 0.8cm | Target B | PredXYZ [0.076 0.034 0.828] | TrueXYZ [0.077 0.026 0.826] | EEF [-0.1   -0.002  1.003] | ObjZ 0.826 | Up 1.00 | Hold 0/0 | Age 0 (1) | Resets 0 | Shield 0
Ep 65 | Step 20/200 | XYZ [ 0.287  0.029 -0.069] | RPY [ 0.001 -0.01   0.002] | Grip -1 (0.00) | Phase 0->0 | Ground 0.5cm | Target B | PredXYZ [0.073 0.024 0.826] | TrueXYZ [0.077 0.026 0.826] | EEF [0.038 0.021 0.955] | ObjZ 0.826 | Up 1.00 | Hold 0/0 | Age 3 (4) | Resets 0 | Shield 0
Ep 65 | Step 40/200 | XYZ [ 0.037  0.011 -0.465] | RPY [-0.    -0.003 -0.001] | Grip -1 (0.00) | Phase 1->1 | Ground 0.3cm | Target B | PredXYZ [0.079 0.028 0.826] | TrueXYZ [0.077 0.026 0.826] | EEF [0.072 0.024 0.885] | ObjZ 0.826 | Up 1.00 | Hold 0/0 | Age 0 (1) | Resets 0 | Shield 0
Ep 65 | Step 60/200 | XYZ [ 0.002  0.005 -0.091] | RPY [ 0.    -0.002 -0.   ] | Grip -1 (0.00) | Phase 1->1 | Ground 0.5cm | Target B | PredXYZ [0.081 0.028 0.826] | TrueXYZ [0.077 0.026 0.826] | EEF [0.076 0.025 0.83 ] | ObjZ 0.826 | Up 1.00 | Hold 0/0 | Age 0 (1) | Resets 0 | Shield 0
Ep 65 | Step 79/200 | XYZ [ 0.001 -0.001  0.557] | RPY [0.    0.002 0.001] | Grip 1 (1.00) | Phase 3->3 | Ground 0.4cm | Target B | PredXYZ [0.079 0.028 0.871] | TrueXYZ [0.077 0.026 0.874] | EEF [0.076 0.026 0.872] | ObjZ 0.874 | Up 1.00 | Hold 5/0 | Age 0 (1) | Resets 2 | Shield 0
Ep 65 | Step 80/200 | XYZ [ 0.001 -0.     0.527] | RPY [0.    0.003 0.001] | Grip 1 (1.00) | Phase 3->3 | Ground 0.5cm | Target B | PredXYZ [0.077 0.03  0.877] | TrueXYZ [0.077 0.026 0.881] | EEF [0.076 0.026 0.879] | ObjZ 0.881 | Up 1.00 | Hold 6/1 | Age 0 (1) | Resets 2 | Shield 0
Ep 65 | Step 84/200 | XYZ [0.001 0.001 0.43 ] | RPY [0.    0.005 0.   ] | Grip 1 (1.00) | Phase 3->3 | Ground 0.8cm | Target B | PredXYZ [0.068 0.027 0.896] | TrueXYZ [0.076 0.026 0.903] | EEF [0.075 0.025 0.901] | ObjZ 0.903 | Up 1.00 | Hold 10/5 | Age 0 (1) | Resets 2 | Shield 0
Episode 65: Clean Success | failure=success | termination=success
Scene rejected for ('pick', 'C'): Pick target lacks bilateral gripper clearance
Episode 66/120: Pick up the green cylinder | ensemble=temporal
Ep 66 | Step 1/200 | XYZ [-0.029 -0.421 -0.33 ] | RPY [ 0.003 -0.003 -0.001] | Grip -1 (0.00) | Phase 0->0 | Ground 0.6cm | Target C | PredXYZ [-0.127 -0.065  0.823] | TrueXYZ [-0.123 -0.062  0.822] | EEF [-0.117  0.002  0.989] | ObjZ 0.822 | Up 1.00 | Hold 0/0 | Age 0 (1) | Resets 0 | Shield 0
Ep 66 | Step 20/200 | XYZ [-0.012 -0.084 -0.065] | RPY [-0.001  0.004 -0.003] | Grip -1 (0.00) | Phase 0->0 | Ground 0.7cm | Target C | PredXYZ [-0.129 -0.065  0.822] | TrueXYZ [-0.123 -0.062  0.822] | EEF [-0.124 -0.049  0.949] | ObjZ 0.822 | Up 1.00 | Hold 0/0 | Age 3 (4) | Resets 0 | Shield 0
Ep 66 | Step 40/200 | XYZ [ 0.031 -0.004 -0.174] | RPY [-0.004  0.017 -0.004] | Grip -1 (0.00) | Phase 1->1 | Ground 1.2cm | Target C | PredXYZ [-0.135 -0.06   0.822] | TrueXYZ [-0.123 -0.062  0.822] | EEF [-0.128 -0.062  0.838] | ObjZ 0.822 | Up 1.00 | Hold 0/0 | Age 0 (1) | Resets 0 | Shield 0
Ep 66 | Step 60/200 | XYZ [0.012 0.001 0.753] | RPY [0.002 0.004 0.   ] | Grip 1 (1.00) | Phase 3->3 | Ground 0.1cm | Target C | PredXYZ [-0.122 -0.064  0.823] | TrueXYZ [-0.123 -0.064  0.827] | EEF [-0.128 -0.064  0.823] | ObjZ 0.827 | Up 1.00 | Hold 0/0 | Age 0 (1) | Resets 0 | Shield 0
Ep 66 | Step 66/200 | XYZ [0.015 0.001 0.58 ] | RPY [0.005 0.027 0.002] | Grip 1 (1.00) | Phase 3->3 | Ground 0.8cm | Target C | PredXYZ [-0.123 -0.061  0.867] | TrueXYZ [-0.13  -0.062  0.869] | EEF [-0.135 -0.062  0.866] | ObjZ 0.869 | Up 1.00 | Hold 5/0 | Age 0 (1) | Resets 2 | Shield 0
Ep 66 | Step 72/200 | XYZ [0.016 0.001 0.429] | RPY [0.004 0.008 0.002] | Grip 1 (1.00) | Phase 3->3 | Ground 1.3cm | Target C | PredXYZ [-0.129 -0.066  0.911] | TrueXYZ [-0.132 -0.06   0.905] | EEF [-0.136 -0.06   0.901] | ObjZ 0.905 | Up 1.00 | Hold 11/5 | Age 0 (1) | Resets 8 | Shield 0
Episode 66: Clean Success | failure=success | termination=success
Scene rejected for ('push', 'B'): Target is too close to the robot reference ray
Scene rejected for ('push', 'B'): Deterministic push path is blocked by a distractor
Scene rejected for ('push', 'B'): Deterministic push path is blocked by a distractor
Scene rejected for ('push', 'B'): Deterministic push path is blocked by a distractor
Scene rejected for ('push', 'B'): Deterministic push path is blocked by a distractor
Scene rejected for ('push', 'B'): Deterministic push path is blocked by a distractor
Scene rejected for ('push', 'B'): Deterministic push path is blocked by a distractor
Scene rejected for ('push', 'B'): Deterministic push path is blocked by a distractor
Scene rejected for ('push', 'B'): Deterministic push path is blocked by a distractor
Scene rejected for ('push', 'B'): Deterministic push path is blocked by a distractor
Scene rejected for ('push', 'B'): Deterministic push path is blocked by a distractor
Episode 67/120: Push the blue ball away from the robot | ensemble=temporal
Ep 67 | Step 1/200 | XYZ [ 0.31   0.385 -0.446] | RPY [0.001 0.001 0.9  ] | Grip 1 (1.00) | Phase 5->5 | Ground 0.5cm | Target B | PredXYZ [-0.02   0.112  0.828] | TrueXYZ [-0.023  0.107  0.826] | EEF [-0.119 -0.01   0.996] | ObjZ 0.826 | Up 1.00 | Hold 0/0 | Age 0 (1) | Resets 0 | Shield 0
Ep 67 | Step 20/200 | XYZ [ 0.084  0.085 -0.087] | RPY [-0.013 -0.003  0.062] | Grip 1 (1.00) | Phase 5->5 | Ground 0.9cm | Target B | PredXYZ [-0.018  0.114  0.826] | TrueXYZ [-0.023  0.107  0.826] | EEF [-0.081  0.031  0.939] | ObjZ 0.826 | Up 1.00 | Hold 0/0 | Age 3 (4) | Resets 0 | Shield 0
Ep 67 | Step 40/200 | XYZ [-0.01   0.05  -0.251] | RPY [-0.002  0.004 -0.003] | Grip 1 (1.00) | Phase 6->6 | Ground 0.9cm | Target B | PredXYZ [-0.018  0.114  0.826] | TrueXYZ [-0.023  0.107  0.826] | EEF [-0.074  0.039  0.859] | ObjZ 0.826 | Up 1.00 | Hold 0/0 | Age 0 (1) | Resets 0 | Shield 0
Ep 67 | Step 60/200 | XYZ [ 0.755  0.896 -0.021] | RPY [-0.032  0.042 -0.023] | Grip 1 (1.00) | Phase 7->7 | Ground 1.4cm | Target B | PredXYZ [-0.014  0.118  0.826] | TrueXYZ [-0.023  0.107  0.826] | EEF [-0.042  0.078  0.825] | ObjZ 0.826 | Up 1.00 | Hold 0/0 | Age 0 (1) | Resets 0 | Shield 0
Ep 67 | Step 71/200 | XYZ [-0.058 -0.075  0.103] | RPY [ 0.022 -0.028  0.009] | Grip 1 (1.00) | Phase 8->8 | Ground 1.1cm | Target B | PredXYZ [0.019 0.171 0.826] | TrueXYZ [0.025 0.162 0.826] | EEF [0.005 0.134 0.831] | ObjZ 0.826 | Up 1.00 | Hold 5/5 | Age 3 (4) | Resets 1 | Shield 0
Episode 67: Clean Success | failure=success | termination=success
Episode 68/120: Push the blue ball away from the robot | ensemble=temporal
Ep 68 | Step 1/200 | XYZ [ 0.08   0.233 -0.397] | RPY [0.002 0.    0.9  ] | Grip 1 (1.00) | Phase 5->5 | Ground 0.9cm | Target B | PredXYZ [-0.08   0.113  0.827] | TrueXYZ [-0.074  0.107  0.826] | EEF [-0.123  0.003  0.987] | ObjZ 0.826 | Up 1.00 | Hold 0/0 | Age 0 (1) | Resets 0 | Shield 0
Ep 68 | Step 20/200 | XYZ [ 0.026 -0.013 -0.71 ] | RPY [-0.021 -0.016  0.286] | Grip 1 (1.00) | Phase 6->6 | Ground 0.6cm | Target B | PredXYZ [-0.079  0.11   0.826] | TrueXYZ [-0.074  0.107  0.826] | EEF [-0.114  0.034  0.927] | ObjZ 0.826 | Up 1.00 | Hold 0/0 | Age 0 (1) | Resets 0 | Shield 0
Ep 68 | Step 40/200 | XYZ [ 0.023  0.023 -0.135] | RPY [-0.001  0.005 -0.001] | Grip 1 (1.00) | Phase 6->6 | Ground 0.8cm | Target B | PredXYZ [-0.081  0.111  0.826] | TrueXYZ [-0.074  0.107  0.826] | EEF [-0.109  0.026  0.843] | ObjZ 0.826 | Up 1.00 | Hold 0/0 | Age 0 (1) | Resets 0 | Shield 0
Ep 68 | Step 60/200 | XYZ [ 0.258  0.89  -0.029] | RPY [-0.018 -0.005 -0.018] | Grip 1 (1.00) | Phase 7->7 | Ground 1.3cm | Target B | PredXYZ [-0.074  0.141  0.826] | TrueXYZ [-0.06   0.142  0.826] | EEF [-0.061  0.104  0.827] | ObjZ 0.826 | Up 1.00 | Hold 0/0 | Age 0 (1) | Resets 1 | Shield 0
Ep 68 | Step 70/200 | XYZ [-0.006 -0.043  0.12 ] | RPY [0.015 0.004 0.012] | Grip 1 (1.00) | Phase 8->8 | Ground 1.9cm | Target B | PredXYZ [-0.056  0.186  0.825] | TrueXYZ [-0.05   0.168  0.826] | EEF [-0.055  0.132  0.832] | ObjZ 0.826 | Up 1.00 | Hold 5/5 | Age 3 (4) | Resets 4 | Shield 0
Episode 68: Clean Success | failure=success | termination=success
Scene rejected for ('push', 'C'): Deterministic push path is blocked by a distractor
Scene rejected for ('push', 'C'): Deterministic push path is blocked by a distractor
Scene rejected for ('push', 'C'): Deterministic push path is blocked by a distractor
Scene rejected for ('push', 'C'): Deterministic push path is blocked by a distractor
Scene rejected for ('push', 'C'): Deterministic push path is blocked by a distractor
Scene rejected for ('push', 'C'): Deterministic push path is blocked by a distractor
Scene rejected for ('push', 'C'): Deterministic push path is blocked by a distractor
Scene rejected for ('push', 'C'): Deterministic push path is blocked by a distractor
Scene rejected for ('push', 'C'): Deterministic push path is blocked by a distractor
Scene rejected for ('push', 'C'): Deterministic push path is blocked by a distractor
Scene rejected for ('push', 'C'): Deterministic push path is blocked by a distractor
Scene rejected for ('push', 'C'): Deterministic push path is blocked by a distractor
Episode 69/120: Push the green cylinder away from the robot | ensemble=temporal
Ep 69 | Step 1/200 | XYZ [ 0.012 -0.242 -0.368] | RPY [-0.003  0.    -0.9  ] | Grip 1 (1.00) | Phase 5->5 | Ground 1.1cm | Target C | PredXYZ [-0.125 -0.128  0.823] | TrueXYZ [-0.122 -0.118  0.822] | EEF [-0.126 -0.008  0.979] | ObjZ 0.822 | Up 1.00 | Hold 0/0 | Age 0 (1) | Resets 0 | Shield 0
Ep 69 | Step 20/200 | XYZ [ 0.028  0.013 -0.124] | RPY [ 0.011 -0.006 -0.734] | Grip 1 (1.00) | Phase 5->5 | Ground 1.4cm | Target C | PredXYZ [-0.126 -0.132  0.822] | TrueXYZ [-0.122 -0.118  0.822] | EEF [-0.132 -0.047  0.925] | ObjZ 0.822 | Up 1.00 | Hold 0/0 | Age 3 (4) | Resets 0 | Shield 0
Ep 69 | Step 40/200 | XYZ [ 0.004 -0.066 -0.183] | RPY [0.001 0.004 0.001] | Grip 1 (1.00) | Phase 6->6 | Ground 0.7cm | Target C | PredXYZ [-0.119 -0.125  0.822] | TrueXYZ [-0.122 -0.118  0.822] | EEF [-0.114 -0.039  0.836] | ObjZ 0.822 | Up 1.00 | Hold 0/0 | Age 0 (1) | Resets 0 | Shield 0
Ep 69 | Step 60/200 | XYZ [ 0.011 -0.569 -0.025] | RPY [ 0.01  -0.012  0.011] | Grip 1 (1.00) | Phase 7->7 | Ground 0.5cm | Target C | PredXYZ [-0.118 -0.128  0.822] | TrueXYZ [-0.12  -0.138  0.823] | EEF [-0.109 -0.099  0.82 ] | ObjZ 0.823 | Up 1.00 | Hold 0/0 | Age 0 (1) | Resets 0 | Shield 7
Ep 69 | Step 72/200 | XYZ [-0.001  0.061  0.001] | RPY [-0.014  0.003 -0.01 ] | Grip 1 (1.00) | Phase 8->8 | Ground 0.4cm | Target C | PredXYZ [-0.121 -0.194  0.823] | TrueXYZ [-0.118 -0.195  0.823] | EEF [-0.109 -0.156  0.818] | ObjZ 0.823 | Up 1.00 | Hold 5/5 | Age 3 (4) | Resets 2 | Shield 10
Episode 69: Clean Success | failure=success | termination=success
Scene rejected for ('push', 'B'): Deterministic push path is blocked by a distractor
Scene rejected for ('push', 'B'): Deterministic push path is blocked by a distractor
Scene rejected for ('push', 'B'): Deterministic push path is blocked by a distractor
Scene rejected for ('push', 'B'): Deterministic push path leaves the safe workspace
Scene rejected for ('push', 'B'): Deterministic push path is blocked by a distractor
Episode 70/120: Push the blue ball away from the robot | ensemble=temporal
Ep 70 | Step 1/200 | XYZ [ 0.255 -0.285 -0.467] | RPY [-0.001  0.002 -0.9  ] | Grip 1 (1.00) | Phase 5->5 | Ground 0.4cm | Target B | PredXYZ [-0.011 -0.105  0.828] | TrueXYZ [-0.01  -0.101  0.826] | EEF [-0.103 -0.004  0.999] | ObjZ 0.826 | Up 1.00 | Hold 0/0 | Age 0 (1) | Resets 0 | Shield 0
Ep 70 | Step 20/200 | XYZ [ 0.093 -0.082 -0.099] | RPY [ 0.017  0.002 -0.027] | Grip 1 (1.00) | Phase 5->5 | Ground 0.5cm | Target B | PredXYZ [-0.005 -0.103  0.826] | TrueXYZ [-0.01  -0.101  0.826] | EEF [-0.075 -0.029  0.938] | ObjZ 0.826 | Up 1.00 | Hold 0/0 | Age 3 (4) | Resets 0 | Shield 0
Ep 70 | Step 40/200 | XYZ [ 0.007 -0.049 -0.296] | RPY [ 0.002 -0.     0.003] | Grip 1 (1.00) | Phase 6->6 | Ground 0.6cm | Target B | PredXYZ [-0.004 -0.101  0.826] | TrueXYZ [-0.01  -0.101  0.826] | EEF [-0.063 -0.038  0.866] | ObjZ 0.826 | Up 1.00 | Hold 0/0 | Age 0 (1) | Resets 0 | Shield 0
Ep 70 | Step 60/200 | XYZ [ 0.839 -0.9   -0.044] | RPY [0.011 0.016 0.003] | Grip 1 (1.00) | Phase 7->7 | Ground 0.5cm | Target B | PredXYZ [-0.012 -0.106  0.826] | TrueXYZ [-0.01  -0.101  0.826] | EEF [-0.053 -0.054  0.828] | ObjZ 0.826 | Up 1.00 | Hold 0/0 | Age 0 (1) | Resets 0 | Shield 0
Ep 70 | Step 73/200 | XYZ [-0.079  0.102 -0.004] | RPY [-0.024 -0.035 -0.006] | Grip 1 (1.00) | Phase 8->8 | Ground 0.4cm | Target B | PredXYZ [ 0.053 -0.163  0.826] | TrueXYZ [ 0.051 -0.165  0.826] | EEF [ 0.026 -0.139  0.828] | ObjZ 0.826 | Up 1.00 | Hold 5/5 | Age 3 (4) | Resets 4 | Shield 0
Episode 70: Clean Success | failure=success | termination=success
Episode 71/120: Pick up the green cylinder | ensemble=temporal
Ep 71 | Step 1/200 | XYZ [ 0.019  0.486 -0.41 ] | RPY [ 0.002  0.    -0.001] | Grip -1 (0.00) | Phase 0->0 | Ground 1.1cm | Target C | PredXYZ [-0.1    0.118  0.823] | TrueXYZ [-0.09   0.114  0.822] | EEF [-0.099  0.038  1.005] | ObjZ 0.822 | Up 1.00 | Hold 0/0 | Age 0 (1) | Resets 0 | Shield 0
Ep 71 | Step 20/200 | XYZ [ 0.03   0.119 -0.085] | RPY [0.002 0.006 0.005] | Grip -1 (0.00) | Phase 0->0 | Ground 0.9cm | Target C | PredXYZ [-0.097  0.12   0.822] | TrueXYZ [-0.09   0.114  0.822] | EEF [-0.095  0.1    0.955] | ObjZ 0.822 | Up 1.00 | Hold 0/0 | Age 3 (4) | Resets 0 | Shield 0
Ep 71 | Step 40/200 | XYZ [ 0.02   0.013 -0.254] | RPY [0.003 0.012 0.003] | Grip -1 (0.00) | Phase 1->1 | Ground 0.4cm | Target C | PredXYZ [-0.093  0.117  0.822] | TrueXYZ [-0.09   0.114  0.822] | EEF [-0.092  0.113  0.85 ] | ObjZ 0.822 | Up 1.00 | Hold 0/0 | Age 0 (1) | Resets 0 | Shield 0
Ep 71 | Step 60/200 | XYZ [ 0.025 -0.014 -0.035] | RPY [0.002 0.003 0.003] | Grip 1 (1.00) | Phase 2->2 | Ground 1.1cm | Target C | PredXYZ [-0.1    0.112  0.823] | TrueXYZ [-0.09   0.114  0.822] | EEF [-0.095  0.118  0.818] | ObjZ 0.822 | Up 1.00 | Hold 0/0 | Age 0 (1) | Resets 0 | Shield 0
Ep 71 | Step 71/200 | XYZ [ 0.015 -0.001  0.58 ] | RPY [-0.007  0.024 -0.001] | Grip 1 (1.00) | Phase 3->3 | Ground 1.0cm | Target C | PredXYZ [-0.097  0.124  0.861] | TrueXYZ [-0.096  0.114  0.87 ] | EEF [-0.1    0.114  0.864] | ObjZ 0.870 | Up 1.00 | Hold 5/0 | Age 0 (1) | Resets 3 | Shield 0
Ep 71 | Step 77/200 | XYZ [ 0.016 -0.001  0.431] | RPY [-0.003  0.008 -0.001] | Grip 1 (1.00) | Phase 3->3 | Ground 0.8cm | Target C | PredXYZ [-0.091  0.119  0.902] | TrueXYZ [-0.096  0.113  0.905] | EEF [-0.101  0.113  0.9  ] | ObjZ 0.905 | Up 1.00 | Hold 11/5 | Age 0 (1) | Resets 6 | Shield 0
Episode 71: Clean Success | failure=success | termination=success
Scene rejected for ('push', 'A'): Deterministic push path is blocked by a distractor
Scene rejected for ('push', 'A'): Deterministic push path is blocked by a distractor
Scene rejected for ('push', 'A'): Deterministic push path is blocked by a distractor
Scene rejected for ('push', 'A'): Deterministic push path is blocked by a distractor
Episode 72/120: Push the red cube away from the robot | ensemble=temporal
Ep 72 | Step 1/200 | XYZ [ 0.522  0.142 -0.532] | RPY [0.    0.002 0.554] | Grip 1 (1.00) | Phase 5->5 | Ground 0.4cm | Target A | PredXYZ [0.062 0.048 0.824] | TrueXYZ [0.059 0.051 0.821] | EEF [-0.102  0.01   1.007] | ObjZ 0.821 | Up 1.00 | Hold 0/0 | Age 0 (1) | Resets 0 | Shield 0
Ep 72 | Step 20/200 | XYZ [ 0.141  0.07  -0.109] | RPY [-0.006  0.001 -0.004] | Grip 1 (1.00) | Phase 5->5 | Ground 0.8cm | Target A | PredXYZ [0.066 0.048 0.822] | TrueXYZ [0.059 0.051 0.822] | EEF [-0.038  0.019  0.938] | ObjZ 0.822 | Up 1.00 | Hold 0/0 | Age 3 (4) | Resets 0 | Shield 0
Ep 72 | Step 40/200 | XYZ [ 0.022 -0.01  -0.294] | RPY [ 0.     0.002 -0.001] | Grip 1 (1.00) | Phase 6->6 | Ground 1.0cm | Target A | PredXYZ [0.068 0.047 0.822] | TrueXYZ [0.059 0.051 0.822] | EEF [-0.022  0.024  0.858] | ObjZ 0.822 | Up 1.00 | Hold 0/0 | Age 0 (1) | Resets 0 | Shield 0
Ep 72 | Step 60/200 | XYZ [ 0.71   0.245 -0.023] | RPY [-0.006  0.028 -0.003] | Grip 1 (1.00) | Phase 7->7 | Ground 1.1cm | Target A | PredXYZ [0.07  0.049 0.822] | TrueXYZ [0.059 0.051 0.822] | EEF [-0.005  0.028  0.821] | ObjZ 0.822 | Up 1.00 | Hold 0/0 | Age 0 (1) | Resets 0 | Shield 0
Ep 72 | Step 80/200 | XYZ [0.356 0.139 0.   ] | RPY [ 0.003 -0.006  0.   ] | Grip 1 (1.00) | Phase 7->7 | Ground 0.4cm | Target A | PredXYZ [0.136 0.074 0.822] | TrueXYZ [0.136 0.076 0.822] | EEF [0.107 0.065 0.819] | ObjZ 0.822 | Up 1.00 | Hold 4/4 | Age 0 (1) | Resets 0 | Shield 18
Ep 72 | Step 81/200 | XYZ [0.333 0.134 0.   ] | RPY [ 0.002 -0.005 -0.001] | Grip 1 (1.00) | Phase 7->7 | Ground 0.7cm | Target A | PredXYZ [0.142 0.079 0.822] | TrueXYZ [0.14  0.078 0.821] | EEF [0.111 0.066 0.819] | ObjZ 0.821 | Up 1.00 | Hold 5/5 | Age 0 (1) | Resets 0 | Shield 19
Episode 72: Clean Success | failure=success | termination=success
Scene rejected for ('pick', 'C'): Pick target lacks bilateral gripper clearance
Episode 73/120: Pick up the green cylinder | ensemble=temporal
Ep 73 | Step 1/200 | XYZ [ 0.143 -0.716 -0.481] | RPY [0.002 0.002 0.003] | Grip -1 (0.00) | Phase 0->0 | Ground 0.9cm | Target C | PredXYZ [-0.078 -0.106  0.824] | TrueXYZ [-0.075 -0.098  0.822] | EEF [-0.095  0.006  1.018] | ObjZ 0.822 | Up 1.00 | Hold 0/0 | Age 0 (1) | Resets 0 | Shield 0
Ep 73 | Step 20/200 | XYZ [ 0.042 -0.16  -0.106] | RPY [-0.002  0.007 -0.004] | Grip -1 (0.00) | Phase 0->0 | Ground 0.4cm | Target C | PredXYZ [-0.078 -0.096  0.822] | TrueXYZ [-0.075 -0.098  0.822] | EEF [-0.083 -0.082  0.958] | ObjZ 0.822 | Up 1.00 | Hold 0/0 | Age 3 (4) | Resets 0 | Shield 0
Ep 73 | Step 40/200 | XYZ [ 0.019 -0.01  -0.316] | RPY [-0.001  0.007 -0.003] | Grip -1 (0.00) | Phase 1->1 | Ground 0.4cm | Target C | PredXYZ [-0.077 -0.102  0.822] | TrueXYZ [-0.075 -0.098  0.822] | EEF [-0.078 -0.1    0.86 ] | ObjZ 0.822 | Up 1.00 | Hold 0/0 | Age 0 (1) | Resets 0 | Shield 0
Ep 73 | Step 60/200 | XYZ [ 0.037  0.032 -0.055] | RPY [-0.002  0.003 -0.003] | Grip -1 (0.01) | Phase 1->1 | Ground 1.0cm | Target C | PredXYZ [-0.065 -0.1    0.822] | TrueXYZ [-0.075 -0.098  0.822] | EEF [-0.081 -0.107  0.819] | ObjZ 0.822 | Up 1.00 | Hold 0/0 | Age 0 (1) | Resets 0 | Shield 0
Ep 73 | Step 76/200 | XYZ [0.014 0.001 0.588] | RPY [0.008 0.023 0.002] | Grip 1 (1.00) | Phase 3->3 | Ground 1.2cm | Target C | PredXYZ [-0.07  -0.105  0.869] | TrueXYZ [-0.08  -0.098  0.87 ] | EEF [-0.084 -0.1    0.864] | ObjZ 0.870 | Up 1.00 | Hold 5/0 | Age 0 (1) | Resets 3 | Shield 0
Ep 73 | Step 80/200 | XYZ [0.014 0.001 0.48 ] | RPY [0.006 0.013 0.003] | Grip 1 (1.00) | Phase 3->3 | Ground 0.8cm | Target C | PredXYZ [-0.085 -0.103  0.887] | TrueXYZ [-0.081 -0.096  0.895] | EEF [-0.085 -0.098  0.889] | ObjZ 0.895 | Up 1.00 | Hold 9/3 | Age 0 (1) | Resets 5 | Shield 0
Ep 73 | Step 82/200 | XYZ [0.014 0.001 0.429] | RPY [0.004 0.007 0.002] | Grip 1 (1.00) | Phase 3->3 | Ground 0.7cm | Target C | PredXYZ [-0.085 -0.094  0.907] | TrueXYZ [-0.081 -0.096  0.906] | EEF [-0.085 -0.097  0.9  ] | ObjZ 0.906 | Up 1.00 | Hold 11/5 | Age 0 (1) | Resets 6 | Shield 0
Episode 73: Clean Success | failure=success | termination=success
Episode 74/120: Push the blue ball away from the robot | ensemble=temporal
Ep 74 | Step 1/200 | XYZ [ 0.9    0.332 -0.429] | RPY [-0.     0.003  0.632] | Grip 1 (1.00) | Phase 5->5 | Ground 0.8cm | Target B | PredXYZ [0.13  0.082 0.827] | TrueXYZ [0.125 0.075 0.826] | EEF [-0.105  0.007  0.992] | ObjZ 0.826 | Up 1.00 | Hold 0/0 | Age 0 (1) | Resets 0 | Shield 0
Ep 74 | Step 20/200 | XYZ [ 0.238  0.084 -0.091] | RPY [-0.003 -0.008 -0.001] | Grip 1 (1.00) | Phase 5->5 | Ground 0.5cm | Target B | PredXYZ [0.129 0.079 0.826] | TrueXYZ [0.125 0.075 0.826] | EEF [0.017 0.04  0.938] | ObjZ 0.826 | Up 1.00 | Hold 0/0 | Age 3 (4) | Resets 0 | Shield 0
Ep 74 | Step 40/200 | XYZ [ 0.027  0.001 -0.374] | RPY [-0.001 -0.004 -0.   ] | Grip 1 (1.00) | Phase 6->6 | Ground 0.1cm | Target B | PredXYZ [0.126 0.075 0.826] | TrueXYZ [0.125 0.075 0.826] | EEF [0.046 0.048 0.878] | ObjZ 0.826 | Up 1.00 | Hold 0/0 | Age 0 (1) | Resets 0 | Shield 0
Ep 74 | Step 60/200 | XYZ [ 0.006  0.008 -0.073] | RPY [-0.001 -0.002  0.   ] | Grip 1 (1.00) | Phase 6->6 | Ground 0.5cm | Target B | PredXYZ [0.124 0.081 0.826] | TrueXYZ [0.125 0.075 0.826] | EEF [0.049 0.048 0.833] | ObjZ 0.826 | Up 1.00 | Hold 0/0 | Age 0 (1) | Resets 0 | Shield 0
Ep 74 | Step 80/200 | XYZ [-0.106 -0.034  0.   ] | RPY [ 0.015 -0.049  0.003] | Grip 1 (1.00) | Phase 8->8 | Ground 0.0cm | Target B | PredXYZ [0.197 0.1   0.826] | TrueXYZ [0.198 0.101 0.826] | EEF [0.163 0.097 0.831] | ObjZ 0.826 | Up 1.00 | Hold 5/5 | Age 3 (4) | Resets 2 | Shield 2
Episode 74: Clean Success | failure=success | termination=success
Episode 75/120: Pick up the red cube | ensemble=temporal
Ep 75 | Step 1/200 | XYZ [ 0.663 -0.451 -0.501] | RPY [0.  0.  0.9] | Grip -1 (0.00) | Phase 0->0 | Ground 0.7cm | Target A | PredXYZ [ 0.012 -0.073  0.823] | TrueXYZ [ 0.011 -0.079  0.821] | EEF [-0.088  0.002  1.018] | ObjZ 0.821 | Up 1.00 | Hold 0/0 | Age 0 (1) | Resets 0 | Shield 0
Ep 75 | Step 20/200 | XYZ [ 0.242 -0.094 -0.068] | RPY [-0.022  0.027  0.014] | Grip -1 (0.00) | Phase 0->0 | Ground 0.4cm | Target A | PredXYZ [ 0.007 -0.078  0.821] | TrueXYZ [ 0.011 -0.079  0.822] | EEF [-0.02  -0.064  0.946] | ObjZ 0.822 | Up 1.00 | Hold 0/0 | Age 3 (4) | Resets 0 | Shield 0
Ep 75 | Step 40/200 | XYZ [ 0.031 -0.023 -0.468] | RPY [-0.    -0.009  0.002] | Grip -1 (0.00) | Phase 1->1 | Ground 0.4cm | Target A | PredXYZ [ 0.01  -0.083  0.821] | TrueXYZ [ 0.011 -0.079  0.822] | EEF [ 0.01  -0.074  0.885] | ObjZ 0.822 | Up 1.00 | Hold 0/0 | Age 0 (1) | Resets 0 | Shield 0
Ep 75 | Step 60/200 | XYZ [ 0.008  0.007 -0.09 ] | RPY [-0.001  0.001 -0.001] | Grip -1 (0.00) | Phase 1->1 | Ground 0.4cm | Target A | PredXYZ [ 0.01  -0.083  0.821] | TrueXYZ [ 0.011 -0.079  0.822] | EEF [ 0.01  -0.079  0.827] | ObjZ 0.822 | Up 1.00 | Hold 0/0 | Age 0 (1) | Resets 0 | Shield 0
Ep 75 | Step 78/200 | XYZ [0.004 0.004 0.58 ] | RPY [ 0.003  0.01  -0.   ] | Grip 1 (1.00) | Phase 3->3 | Ground 0.9cm | Target A | PredXYZ [ 0.011 -0.086  0.868] | TrueXYZ [ 0.008 -0.079  0.87 ] | EEF [ 0.007 -0.079  0.868] | ObjZ 0.870 | Up 1.00 | Hold 5/0 | Age 0 (1) | Resets 3 | Shield 0
Ep 75 | Step 80/200 | XYZ [0.005 0.005 0.523] | RPY [ 0.003  0.009 -0.   ] | Grip 1 (1.00) | Phase 3->3 | Ground 1.0cm | Target A | PredXYZ [ 0.005 -0.082  0.886] | TrueXYZ [ 0.007 -0.078  0.883] | EEF [ 0.006 -0.079  0.881] | ObjZ 0.883 | Up 1.00 | Hold 7/1 | Age 0 (1) | Resets 5 | Shield 0
Ep 75 | Step 84/200 | XYZ [0.005 0.005 0.427] | RPY [ 0.002  0.007 -0.   ] | Grip 1 (1.00) | Phase 3->3 | Ground 1.9cm | Target A | PredXYZ [ 0.019 -0.082  0.912] | TrueXYZ [ 0.006 -0.078  0.905] | EEF [ 0.005 -0.078  0.903] | ObjZ 0.905 | Up 1.00 | Hold 11/5 | Age 0 (1) | Resets 5 | Shield 0
Episode 75: Clean Success | failure=success | termination=success
Scene rejected for ('push', 'C'): Deterministic push path is blocked by a distractor
Scene rejected for ('push', 'C'): Deterministic push path is blocked by a distractor
Scene rejected for ('push', 'C'): Deterministic push path is blocked by a distractor
Scene rejected for ('push', 'C'): Deterministic push path is blocked by a distractor
Scene rejected for ('push', 'C'): Deterministic push path is blocked by a distractor
Scene rejected for ('push', 'C'): Deterministic push path is blocked by a distractor
Scene rejected for ('push', 'C'): Deterministic push path is blocked by a distractor
Scene rejected for ('push', 'C'): Deterministic push path is blocked by a distractor
Scene rejected for ('push', 'C'): Deterministic push path is blocked by a distractor
Scene rejected for ('push', 'C'): Deterministic push path is blocked by a distractor
Episode 76/120: Push the green cylinder away from the robot | ensemble=temporal
Ep 76 | Step 1/200 | XYZ [ 0.081 -0.222 -0.664] | RPY [-0.002  0.002 -0.9  ] | Grip 1 (1.00) | Phase 5->5 | Ground 0.7cm | Target C | PredXYZ [-0.042 -0.136  0.824] | TrueXYZ [-0.04  -0.129  0.822] | EEF [-0.079 -0.031  1.028] | ObjZ 0.822 | Up 1.00 | Hold 0/0 | Age 0 (1) | Resets 0 | Shield 0
Ep 76 | Step 20/200 | XYZ [ 0.092  0.017 -0.111] | RPY [ 0.047 -0.005 -0.332] | Grip 1 (1.00) | Phase 5->5 | Ground 0.6cm | Target C | PredXYZ [-0.038 -0.134  0.821] | TrueXYZ [-0.04  -0.129  0.822] | EEF [-0.081 -0.06   0.937] | ObjZ 0.822 | Up 1.00 | Hold 0/0 | Age 3 (4) | Resets 0 | Shield 0
Ep 76 | Step 40/200 | XYZ [ 0.013 -0.023 -0.519] | RPY [ 0.006 -0.015 -0.   ] | Grip 1 (1.00) | Phase 6->6 | Ground 0.8cm | Target C | PredXYZ [-0.047 -0.134  0.822] | TrueXYZ [-0.04  -0.129  0.822] | EEF [-0.069 -0.052  0.885] | ObjZ 0.822 | Up 1.00 | Hold 0/0 | Age 0 (1) | Resets 0 | Shield 0
Ep 76 | Step 60/200 | XYZ [ 0.012 -0.002 -0.097] | RPY [ 0.     0.003 -0.001] | Grip 1 (1.00) | Phase 6->6 | Ground 0.8cm | Target C | PredXYZ [-0.047 -0.134  0.822] | TrueXYZ [-0.04  -0.129  0.822] | EEF [-0.071 -0.055  0.822] | ObjZ 0.822 | Up 1.00 | Hold 0/0 | Age 0 (1) | Resets 0 | Shield 0
Ep 76 | Step 80/200 | XYZ [ 0.113 -0.413  0.   ] | RPY [-0.002 -0.001 -0.   ] | Grip 1 (1.00) | Phase 7->7 | Ground 0.8cm | Target C | PredXYZ [-0.023 -0.186  0.822] | TrueXYZ [-0.025 -0.184  0.823] | EEF [-0.041 -0.149  0.817] | ObjZ 0.823 | Up 1.00 | Hold 0/0 | Age 0 (1) | Resets 2 | Shield 16
Ep 76 | Step 86/200 | XYZ [-0.006  0.07   0.006] | RPY [-0.016 -0.005 -0.009] | Grip 1 (1.00) | Phase 8->8 | Ground 1.3cm | Target C | PredXYZ [-0.031 -0.209  0.823] | TrueXYZ [-0.022 -0.202  0.823] | EEF [-0.041 -0.167  0.817] | ObjZ 0.823 | Up 1.00 | Hold 5/5 | Age 2 (3) | Resets 3 | Shield 18
Episode 76: Clean Success | failure=success | termination=success
Episode 77/120: Push the red cube away from the robot | ensemble=temporal
Ep 77 | Step 1/200 | XYZ [-0.018  0.072 -0.599] | RPY [ 0.001 -0.001 -0.9  ] | Grip 1 (1.00) | Phase 5->5 | Ground 0.6cm | Target A | PredXYZ [-0.109  0.127  0.823] | TrueXYZ [-0.104  0.124  0.821] | EEF [-0.098  0.008  1.016] | ObjZ 0.821 | Up 1.00 | Hold 0/0 | Age 0 (1) | Resets 0 | Shield 0
Ep 77 | Step 20/200 | XYZ [ 0.069  0.144 -0.11 ] | RPY [ 0.041 -0.001 -0.539] | Grip 1 (1.00) | Phase 5->5 | Ground 0.8cm | Target A | PredXYZ [-0.107  0.131  0.821] | TrueXYZ [-0.104  0.124  0.822] | EEF [-0.109  0.026  0.933] | ObjZ 0.822 | Up 1.00 | Hold 0/0 | Age 3 (4) | Resets 0 | Shield 0
Ep 77 | Step 40/200 | XYZ [ 0.091 -0.003 -0.595] | RPY [ 0.006 -0.004 -0.002] | Grip 1 (1.00) | Phase 6->6 | Ground 0.5cm | Target A | PredXYZ [-0.109  0.125  0.821] | TrueXYZ [-0.104  0.124  0.822] | EEF [-0.104  0.047  0.904] | ObjZ 0.822 | Up 1.00 | Hold 0/0 | Age 0 (1) | Resets 0 | Shield 0
Ep 77 | Step 60/200 | XYZ [ 0.034 -0.005 -0.112] | RPY [ 0.     0.003 -0.001] | Grip 1 (1.00) | Phase 6->6 | Ground 0.7cm | Target A | PredXYZ [-0.108  0.129  0.821] | TrueXYZ [-0.104  0.124  0.822] | EEF [-0.096  0.048  0.829] | ObjZ 0.822 | Up 1.00 | Hold 0/0 | Age 0 (1) | Resets 0 | Shield 0
Ep 77 | Step 80/200 | XYZ [-0.057  0.509 -0.032] | RPY [-0.001  0.011  0.001] | Grip 1 (1.00) | Phase 7->7 | Ground 0.3cm | Target A | PredXYZ [-0.107  0.148  0.823] | TrueXYZ [-0.107  0.154  0.823] | EEF [-0.103  0.114  0.822] | ObjZ 0.823 | Up 1.00 | Hold 0/0 | Age 0 (1) | Resets 0 | Shield 0
Ep 77 | Step 100/200 | XYZ [-0.004  0.458 -0.015] | RPY [-0.001  0.003 -0.001] | Grip 1 (1.00) | Phase 7->7 | Ground 1.6cm | Target A | PredXYZ [-0.121  0.194  0.823] | TrueXYZ [-0.107  0.205  0.822] | EEF [-0.102  0.165  0.824] | ObjZ 0.822 | Up 1.00 | Hold 5/5 | Age 0 (1) | Resets 3 | Shield 0
Episode 77: Clean Success | failure=success | termination=success
Episode 78/120: Pick up the red cube | ensemble=temporal
Ep 78 | Step 1/200 | XYZ [ 0.9   -0.826 -0.389] | RPY [ 0.003  0.003 -0.8  ] | Grip -1 (0.00) | Phase 0->0 | Ground 1.2cm | Target A | PredXYZ [ 0.064 -0.125  0.824] | TrueXYZ [ 0.062 -0.113  0.821] | EEF [-0.099  0.011  1.002] | ObjZ 0.821 | Up 1.00 | Hold 0/0 | Age 0 (1) | Resets 0 | Shield 0
Ep 78 | Step 20/200 | XYZ [ 0.255 -0.185 -0.077] | RPY [-0.001 -0.011 -0.004] | Grip -1 (0.00) | Phase 0->0 | Ground 0.7cm | Target A | PredXYZ [ 0.062 -0.12   0.822] | TrueXYZ [ 0.062 -0.113  0.822] | EEF [ 0.029 -0.085  0.953] | ObjZ 0.822 | Up 1.00 | Hold 0/0 | Age 3 (4) | Resets 0 | Shield 0
Ep 78 | Step 40/200 | XYZ [ 0.028 -0.04  -0.542] | RPY [ 0.002 -0.008  0.002] | Grip -1 (0.00) | Phase 1->1 | Ground 0.8cm | Target A | PredXYZ [ 0.06  -0.121  0.822] | TrueXYZ [ 0.062 -0.113  0.822] | EEF [ 0.061 -0.106  0.894] | ObjZ 0.822 | Up 1.00 | Hold 0/0 | Age 0 (1) | Resets 0 | Shield 0
Ep 78 | Step 60/200 | XYZ [ 0.004 -0.008 -0.105] | RPY [ 0.    -0.001  0.001] | Grip -1 (0.00) | Phase 1->1 | Ground 0.9cm | Target A | PredXYZ [ 0.067 -0.12   0.824] | TrueXYZ [ 0.062 -0.113  0.822] | EEF [ 0.063 -0.112  0.828] | ObjZ 0.822 | Up 1.00 | Hold 0/0 | Age 0 (1) | Resets 0 | Shield 0
Ep 78 | Step 80/200 | XYZ [-0.    -0.001  0.638] | RPY [-0.003 -0.001 -0.   ] | Grip 1 (1.00) | Phase 3->3 | Ground 1.4cm | Target A | PredXYZ [ 0.06  -0.127  0.854] | TrueXYZ [ 0.061 -0.114  0.859] | EEF [ 0.063 -0.114  0.856] | ObjZ 0.859 | Up 1.00 | Hold 3/0 | Age 0 (1) | Resets 2 | Shield 0
Ep 78 | Step 82/200 | XYZ [ 0.    -0.001  0.567] | RPY [-0.002  0.002 -0.001] | Grip 1 (1.00) | Phase 3->3 | Ground 1.4cm | Target A | PredXYZ [ 0.069 -0.122  0.875] | TrueXYZ [ 0.061 -0.114  0.873] | EEF [ 0.062 -0.114  0.87 ] | ObjZ 0.873 | Up 1.00 | Hold 5/0 | Age 0 (1) | Resets 3 | Shield 0
Ep 78 | Step 88/200 | XYZ [ 0.001 -0.001  0.415] | RPY [-0.001  0.007 -0.002] | Grip 1 (1.00) | Phase 3->3 | Ground 1.6cm | Target A | PredXYZ [ 0.071 -0.115  0.913] | TrueXYZ [ 0.058 -0.115  0.907] | EEF [ 0.06  -0.115  0.904] | ObjZ 0.907 | Up 1.00 | Hold 11/5 | Age 0 (1) | Resets 5 | Shield 0
Episode 78: Clean Success | failure=success | termination=success
Scene rejected for ('push', 'A'): Deterministic push path is blocked by a distractor
Scene rejected for ('push', 'A'): Deterministic push path is blocked by a distractor
Episode 79/120: Push the red cube away from the robot | ensemble=temporal
Ep 79 | Step 1/200 | XYZ [ 0.859  0.38  -0.525] | RPY [-0.001  0.001  0.861] | Grip 1 (1.00) | Phase 5->5 | Ground 0.7cm | Target A | PredXYZ [0.114 0.107 0.824] | TrueXYZ [0.11  0.102 0.821] | EEF [-0.097  0.018  1.004] | ObjZ 0.821 | Up 1.00 | Hold 0/0 | Age 0 (1) | Resets 0 | Shield 0
Ep 79 | Step 20/200 | XYZ [ 0.194  0.106 -0.107] | RPY [-0.007 -0.005 -0.004] | Grip 1 (1.00) | Phase 5->5 | Ground 0.8cm | Target A | PredXYZ [0.116 0.106 0.822] | TrueXYZ [0.11  0.102 0.822] | EEF [0.007 0.055 0.939] | ObjZ 0.822 | Up 1.00 | Hold 0/0 | Age 3 (4) | Resets 0 | Shield 0
Ep 79 | Step 40/200 | XYZ [ 0.033  0.015 -0.362] | RPY [-0.002 -0.003 -0.002] | Grip 1 (1.00) | Phase 6->6 | Ground 0.9cm | Target A | PredXYZ [0.119 0.1   0.822] | TrueXYZ [0.11  0.102 0.822] | EEF [0.03  0.067 0.87 ] | ObjZ 0.822 | Up 1.00 | Hold 0/0 | Age 0 (1) | Resets 0 | Shield 0
Ep 79 | Step 60/200 | XYZ [ 0.01   0.011 -0.071] | RPY [-0.    -0.001 -0.002] | Grip 1 (1.00) | Phase 6->6 | Ground 0.5cm | Target A | PredXYZ [0.115 0.1   0.822] | TrueXYZ [0.11  0.102 0.822] | EEF [0.034 0.068 0.826] | ObjZ 0.822 | Up 1.00 | Hold 0/0 | Age 0 (1) | Resets 0 | Shield 0
Ep 79 | Step 80/200 | XYZ [0.4   0.172 0.   ] | RPY [ 0.002 -0.    -0.   ] | Grip 1 (1.00) | Phase 7->7 | Ground 0.2cm | Target A | PredXYZ [0.171 0.119 0.822] | TrueXYZ [0.175 0.118 0.822] | EEF [0.143 0.115 0.817] | ObjZ 0.822 | Up 1.00 | Hold 1/1 | Age 0 (1) | Resets 1 | Shield 5
Ep 79 | Step 84/200 | XYZ [0.357 0.137 0.   ] | RPY [ 0.002 -0.002 -0.001] | Grip 1 (1.00) | Phase 7->7 | Ground 0.5cm | Target A | PredXYZ [0.183 0.123 0.822] | TrueXYZ [0.193 0.125 0.822] | EEF [0.16  0.122 0.817] | ObjZ 0.822 | Up 1.00 | Hold 5/5 | Age 0 (1) | Resets 1 | Shield 6
Episode 79: Clean Success | failure=success | termination=success
Scene rejected for ('push', 'C'): Deterministic push path is blocked by a distractor
Scene rejected for ('push', 'C'): Deterministic push path is blocked by a distractor
Scene rejected for ('push', 'C'): Deterministic push path is blocked by a distractor
Scene rejected for ('push', 'C'): Deterministic push path is blocked by a distractor
Scene rejected for ('push', 'C'): Deterministic push path is blocked by a distractor
Scene rejected for ('push', 'C'): Deterministic push path is blocked by a distractor
Scene rejected for ('push', 'C'): Deterministic push path is blocked by a distractor
Scene rejected for ('push', 'C'): Deterministic push path is blocked by a distractor
Scene rejected for ('push', 'C'): Deterministic push path is blocked by a distractor
Scene rejected for ('push', 'C'): Deterministic push path is blocked by a distractor
Scene rejected for ('push', 'C'): Deterministic push path is blocked by a distractor
Scene rejected for ('push', 'C'): Deterministic push path is blocked by a distractor
Scene rejected for ('push', 'C'): Deterministic push path is blocked by a distractor
Episode 80/120: Push the green cylinder away from the robot | ensemble=temporal
Ep 80 | Step 1/200 | XYZ [-0.047  0.22  -0.619] | RPY [-0.    -0.002 -0.9  ] | Grip 1 (1.00) | Phase 5->5 | Ground 0.5cm | Target C | PredXYZ [-0.119  0.131  0.823] | TrueXYZ [-0.115  0.129  0.822] | EEF [-0.09  -0.005  1.021] | ObjZ 0.822 | Up 1.00 | Hold 0/0 | Age 0 (1) | Resets 0 | Shield 0
Ep 80 | Step 20/200 | XYZ [ 0.055  0.15  -0.126] | RPY [ 0.039 -0.002 -0.57 ] | Grip 1 (1.00) | Phase 5->5 | Ground 0.3cm | Target C | PredXYZ [-0.115  0.131  0.821] | TrueXYZ [-0.115  0.129  0.822] | EEF [-0.109  0.018  0.935] | ObjZ 0.822 | Up 1.00 | Hold 0/0 | Age 3 (4) | Resets 0 | Shield 0
Ep 80 | Step 40/200 | XYZ [ 0.077  0.007 -0.589] | RPY [ 0.007 -0.01   0.002] | Grip 1 (1.00) | Phase 6->6 | Ground 0.3cm | Target C | PredXYZ [-0.114  0.131  0.822] | TrueXYZ [-0.115  0.129  0.822] | EEF [-0.108  0.041  0.9  ] | ObjZ 0.822 | Up 1.00 | Hold 0/0 | Age 0 (1) | Resets 0 | Shield 0
Ep 80 | Step 60/200 | XYZ [ 0.031 -0.004 -0.1  ] | RPY [ 0.     0.004 -0.   ] | Grip 1 (1.00) | Phase 6->6 | Ground 0.1cm | Target C | PredXYZ [-0.115  0.127  0.822] | TrueXYZ [-0.115  0.129  0.822] | EEF [-0.101  0.042  0.829] | ObjZ 0.822 | Up 1.00 | Hold 0/0 | Age 0 (1) | Resets 0 | Shield 0
Ep 80 | Step 80/200 | XYZ [-0.05   0.567  0.   ] | RPY [-0.013  0.011 -0.012] | Grip 1 (1.00) | Phase 7->7 | Ground 0.6cm | Target C | PredXYZ [-0.118  0.166  0.823] | TrueXYZ [-0.121  0.166  0.823] | EEF [-0.112  0.124  0.818] | ObjZ 0.823 | Up 1.00 | Hold 0/0 | Age 0 (1) | Resets 1 | Shield 6
Ep 80 | Step 89/200 | XYZ [-0.063  0.44  -0.029] | RPY [ 0.001  0.003 -0.   ] | Grip 1 (1.00) | Phase 7->7 | Ground 1.3cm | Target C | PredXYZ [-0.116  0.206  0.824] | TrueXYZ [-0.128  0.219  0.823] | EEF [-0.119  0.177  0.819] | ObjZ 0.823 | Up 1.00 | Hold 5/5 | Age 0 (1) | Resets 4 | Shield 14
Episode 80: Clean Success | failure=success | termination=success
Episode 81/120: Pick up the green cylinder | ensemble=temporal
Ep 81 | Step 1/200 | XYZ [ 0.805 -0.597 -0.471] | RPY [0.001 0.002 0.001] | Grip -1 (0.00) | Phase 0->0 | Ground 0.5cm | Target C | PredXYZ [ 0.04  -0.078  0.824] | TrueXYZ [ 0.037 -0.075  0.822] | EEF [-0.088  0.012  1.015] | ObjZ 0.822 | Up 1.00 | Hold 0/0 | Age 0 (1) | Resets 0 | Shield 0
Ep 81 | Step 20/200 | XYZ [ 0.221 -0.132 -0.09 ] | RPY [-0.006  0.    -0.005] | Grip -1 (0.00) | Phase 0->0 | Ground 0.8cm | Target C | PredXYZ [ 0.036 -0.083  0.822] | TrueXYZ [ 0.037 -0.075  0.822] | EEF [ 0.013 -0.064  0.955] | ObjZ 0.822 | Up 1.00 | Hold 0/0 | Age 3 (4) | Resets 0 | Shield 0
Ep 81 | Step 40/200 | XYZ [ 0.012 -0.012 -0.429] | RPY [ 0.001 -0.004  0.002] | Grip -1 (0.00) | Phase 1->1 | Ground 1.2cm | Target C | PredXYZ [ 0.031 -0.085  0.822] | TrueXYZ [ 0.036 -0.075  0.822] | EEF [ 0.039 -0.076  0.878] | ObjZ 0.822 | Up 1.00 | Hold 0/0 | Age 0 (1) | Resets 0 | Shield 0
Ep 81 | Step 60/200 | XYZ [-0.002  0.006 -0.078] | RPY [-0.001  0.    -0.002] | Grip -1 (0.00) | Phase 1->1 | Ground 1.1cm | Target C | PredXYZ [ 0.034 -0.086  0.822] | TrueXYZ [ 0.036 -0.075  0.822] | EEF [ 0.037 -0.078  0.825] | ObjZ 0.822 | Up 1.00 | Hold 0/0 | Age 0 (1) | Resets 0 | Shield 0
Ep 81 | Step 76/200 | XYZ [0.003 0.001 0.578] | RPY [ 0.     0.01  -0.001] | Grip 1 (1.00) | Phase 3->3 | Ground 0.6cm | Target C | PredXYZ [ 0.038 -0.078  0.869] | TrueXYZ [ 0.033 -0.078  0.871] | EEF [ 0.033 -0.079  0.869] | ObjZ 0.871 | Up 1.00 | Hold 5/0 | Age 0 (1) | Resets 3 | Shield 0
Ep 81 | Step 80/200 | XYZ [0.003 0.001 0.462] | RPY [-0.     0.008 -0.001] | Grip 1 (1.00) | Phase 3->3 | Ground 1.3cm | Target C | PredXYZ [ 0.039 -0.075  0.9  ] | TrueXYZ [ 0.031 -0.078  0.895] | EEF [ 0.032 -0.079  0.893] | ObjZ 0.895 | Up 1.00 | Hold 9/3 | Age 0 (1) | Resets 4 | Shield 0
Ep 81 | Step 82/200 | XYZ [0.003 0.001 0.42 ] | RPY [-0.     0.006 -0.001] | Grip 1 (1.00) | Phase 3->3 | Ground 0.5cm | Target C | PredXYZ [ 0.027 -0.077  0.9  ] | TrueXYZ [ 0.031 -0.079  0.905] | EEF [ 0.031 -0.079  0.903] | ObjZ 0.905 | Up 1.00 | Hold 11/5 | Age 0 (1) | Resets 4 | Shield 0
Episode 81: Clean Success | failure=success | termination=success
Episode 82/120: Pick up the blue ball | ensemble=temporal
Ep 82 | Step 1/200 | XYZ [-0.057 -0.599 -0.442] | RPY [ 0.002 -0.002  0.002] | Grip -1 (0.00) | Phase 0->0 | Ground 1.2cm | Target B | PredXYZ [-0.112 -0.094  0.828] | TrueXYZ [-0.1   -0.092  0.826] | EEF [-0.097  0.002  1.016] | ObjZ 0.826 | Up 1.00 | Hold 0/0 | Age 0 (1) | Resets 0 | Shield 0
Ep 82 | Step 20/200 | XYZ [-0.001 -0.181 -0.112] | RPY [ 0.     0.006 -0.   ] | Grip -1 (0.00) | Phase 0->0 | Ground 0.7cm | Target B | PredXYZ [-0.107 -0.092  0.826] | TrueXYZ [-0.1   -0.092  0.826] | EEF [-0.104 -0.073  0.96 ] | ObjZ 0.826 | Up 1.00 | Hold 0/0 | Age 3 (4) | Resets 0 | Shield 0
Ep 82 | Step 40/200 | XYZ [ 0.016 -0.005 -0.322] | RPY [-0.003  0.008 -0.004] | Grip -1 (0.00) | Phase 1->1 | Ground 0.7cm | Target B | PredXYZ [-0.102 -0.085  0.826] | TrueXYZ [-0.1   -0.092  0.826] | EEF [-0.105 -0.095  0.865] | ObjZ 0.826 | Up 1.00 | Hold 0/0 | Age 0 (1) | Resets 0 | Shield 0
Ep 82 | Step 60/200 | XYZ [ 0.043  0.045 -0.041] | RPY [-0.003  0.005 -0.004] | Grip -1 (0.00) | Phase 1->1 | Ground 0.5cm | Target B | PredXYZ [-0.105 -0.092  0.826] | TrueXYZ [-0.1   -0.092  0.826] | EEF [-0.111 -0.103  0.824] | ObjZ 0.826 | Up 1.00 | Hold 0/0 | Age 0 (1) | Resets 0 | Shield 0
Ep 82 | Step 80/200 | XYZ [0.018 0.002 0.639] | RPY [0.008 0.031 0.001] | Grip 1 (1.00) | Phase 3->3 | Ground 0.8cm | Target B | PredXYZ [-0.108 -0.082  0.85 ] | TrueXYZ [-0.105 -0.088  0.857] | EEF [-0.111 -0.093  0.851] | ObjZ 0.857 | Up 1.00 | Hold 3/0 | Age 0 (1) | Resets 1 | Shield 0
Ep 82 | Step 82/200 | XYZ [0.019 0.003 0.584] | RPY [0.008 0.031 0.002] | Grip 1 (1.00) | Phase 3->3 | Ground 0.9cm | Target B | PredXYZ [-0.111 -0.079  0.863] | TrueXYZ [-0.107 -0.086  0.871] | EEF [-0.113 -0.092  0.864] | ObjZ 0.871 | Up 1.00 | Hold 5/0 | Age 0 (1) | Resets 1 | Shield 0
Ep 82 | Step 88/200 | XYZ [0.016 0.004 0.438] | RPY [0.006 0.012 0.004] | Grip 1 (1.00) | Phase 3->3 | Ground 1.0cm | Target B | PredXYZ [-0.116 -0.081  0.906] | TrueXYZ [-0.108 -0.082  0.906] | EEF [-0.114 -0.088  0.899] | ObjZ 0.906 | Up 1.00 | Hold 11/5 | Age 0 (1) | Resets 2 | Shield 0
Episode 82: Clean Success | failure=success | termination=success
Scene rejected for ('push', 'A'): Deterministic push path is blocked by a distractor
Scene rejected for ('push', 'A'): Deterministic push path is blocked by a distractor
Scene rejected for ('push', 'A'): Deterministic push path is blocked by a distractor
Scene rejected for ('push', 'A'): Deterministic push path is blocked by a distractor
Scene rejected for ('push', 'A'): Deterministic push path is blocked by a distractor
Episode 83/120: Push the red cube away from the robot | ensemble=temporal
Ep 83 | Step 1/200 | XYZ [ 0.283  0.232 -0.519] | RPY [-0.001  0.001  0.9  ] | Grip 1 (1.00) | Phase 5->5 | Ground 0.4cm | Target A | PredXYZ [0.002 0.102 0.823] | TrueXYZ [0.002 0.098 0.821] | EEF [-0.104  0.018  1.004] | ObjZ 0.821 | Up 1.00 | Hold 0/0 | Age 0 (1) | Resets 0 | Shield 0
Ep 83 | Step 20/200 | XYZ [ 0.103  0.074 -0.112] | RPY [-0.016  0.003  0.008] | Grip 1 (1.00) | Phase 5->5 | Ground 0.4cm | Target A | PredXYZ [0.002 0.102 0.822] | TrueXYZ [0.002 0.098 0.822] | EEF [-0.074  0.035  0.938] | ObjZ 0.822 | Up 1.00 | Hold 0/0 | Age 3 (4) | Resets 0 | Shield 0
Ep 83 | Step 40/200 | XYZ [-0.006  0.027 -0.337] | RPY [-0.002 -0.005 -0.004] | Grip 1 (1.00) | Phase 6->6 | Ground 0.3cm | Target A | PredXYZ [0.002 0.101 0.822] | TrueXYZ [0.002 0.098 0.822] | EEF [-0.06   0.042  0.867] | ObjZ 0.822 | Up 1.00 | Hold 0/0 | Age 0 (1) | Resets 0 | Shield 0
Ep 83 | Step 60/200 | XYZ [ 0.624  0.511 -0.03 ] | RPY [-0.004  0.008 -0.003] | Grip 1 (1.00) | Phase 7->7 | Ground 0.6cm | Target A | PredXYZ [0.005 0.102 0.822] | TrueXYZ [0.002 0.098 0.822] | EEF [-0.055  0.051  0.825] | ObjZ 0.822 | Up 1.00 | Hold 0/0 | Age 0 (1) | Resets 0 | Shield 0
Ep 83 | Step 80/200 | XYZ [ 0.279  0.253 -0.01 ] | RPY [ 0.006 -0.004  0.003] | Grip 1 (1.00) | Phase 7->7 | Ground 0.8cm | Target A | PredXYZ [0.048 0.153 0.822] | TrueXYZ [0.059 0.153 0.822] | EEF [0.041 0.128 0.821] | ObjZ 0.822 | Up 1.00 | Hold 4/4 | Age 0 (1) | Resets 0 | Shield 0
Ep 83 | Step 81/200 | XYZ [ 0.268  0.241 -0.008] | RPY [ 0.006 -0.004  0.002] | Grip 1 (1.00) | Phase 7->7 | Ground 0.3cm | Target A | PredXYZ [0.056 0.154 0.822] | TrueXYZ [0.062 0.156 0.822] | EEF [0.044 0.13  0.821] | ObjZ 0.822 | Up 1.00 | Hold 5/5 | Age 0 (1) | Resets 0 | Shield 0
Episode 83: Clean Success | failure=success | termination=success
Scene rejected for ('push', 'B'): Deterministic push path is blocked by a distractor
Scene rejected for ('push', 'B'): Deterministic push path is blocked by a distractor
Episode 84/120: Push the blue ball away from the robot | ensemble=temporal
Ep 84 | Step 1/200 | XYZ [ 0.552 -0.38  -0.533] | RPY [ 0.001 -0.    -0.9  ] | Grip 1 (1.00) | Phase 5->5 | Ground 0.7cm | Target B | PredXYZ [ 0.04  -0.109  0.828] | TrueXYZ [ 0.046 -0.106  0.826] | EEF [-0.113 -0.007  1.008] | ObjZ 0.826 | Up 1.00 | Hold 0/0 | Age 0 (1) | Resets 0 | Shield 0
Ep 84 | Step 20/200 | XYZ [ 0.159 -0.122 -0.107] | RPY [ 0.012 -0.001 -0.002] | Grip 1 (1.00) | Phase 5->5 | Ground 0.4cm | Target B | PredXYZ [ 0.042 -0.108  0.826] | TrueXYZ [ 0.046 -0.106  0.826] | EEF [-0.044 -0.043  0.94 ] | ObjZ 0.826 | Up 1.00 | Hold 0/0 | Age 3 (4) | Resets 0 | Shield 0
Ep 84 | Step 40/200 | XYZ [ 0.019 -0.026 -0.349] | RPY [ 0.001 -0.003  0.002] | Grip 1 (1.00) | Phase 6->6 | Ground 0.4cm | Target B | PredXYZ [ 0.045 -0.11   0.826] | TrueXYZ [ 0.046 -0.106  0.826] | EEF [-0.025 -0.057  0.875] | ObjZ 0.826 | Up 1.00 | Hold 0/0 | Age 0 (1) | Resets 0 | Shield 0
Ep 84 | Step 60/200 | XYZ [ 0.027 -0.02  -0.062] | RPY [-0.    -0.001 -0.001] | Grip 1 (1.00) | Phase 6->6 | Ground 0.4cm | Target B | PredXYZ [ 0.045 -0.11   0.826] | TrueXYZ [ 0.046 -0.106  0.826] | EEF [-0.023 -0.06   0.832] | ObjZ 0.826 | Up 1.00 | Hold 0/0 | Age 0 (1) | Resets 0 | Shield 0
Ep 84 | Step 75/200 | XYZ [-0.106  0.083 -0.008] | RPY [-0.024 -0.044 -0.005] | Grip 1 (1.00) | Phase 8->8 | Ground 0.3cm | Target B | PredXYZ [ 0.107 -0.151  0.826] | TrueXYZ [ 0.111 -0.155  0.826] | EEF [ 0.079 -0.139  0.828] | ObjZ 0.826 | Up 1.00 | Hold 5/5 | Age 3 (4) | Resets 4 | Shield 0
Episode 84: Clean Success | failure=success | termination=success
Episode 85/120: Push the blue ball away from the robot | ensemble=temporal
Ep 85 | Step 1/200 | XYZ [ 0.499  0.214 -0.468] | RPY [-0.003  0.002  0.823] | Grip 1 (1.00) | Phase 5->5 | Ground 0.1cm | Target B | PredXYZ [0.047 0.071 0.828] | TrueXYZ [0.047 0.07  0.826] | EEF [-0.107  0.008  1.   ] | ObjZ 0.826 | Up 1.00 | Hold 0/0 | Age 0 (1) | Resets 0 | Shield 0
Ep 85 | Step 20/200 | XYZ [ 0.141  0.095 -0.102] | RPY [-0.008  0.002 -0.003] | Grip 1 (1.00) | Phase 5->5 | Ground 0.5cm | Target B | PredXYZ [0.048 0.075 0.826] | TrueXYZ [0.047 0.07  0.826] | EEF [-0.047  0.026  0.938] | ObjZ 0.826 | Up 1.00 | Hold 0/0 | Age 3 (4) | Resets 0 | Shield 0
Ep 85 | Step 40/200 | XYZ [ 0.019  0.023 -0.291] | RPY [-0.001  0.001 -0.002] | Grip 1 (1.00) | Phase 6->6 | Ground 0.8cm | Target B | PredXYZ [0.053 0.076 0.826] | TrueXYZ [0.047 0.07  0.826] | EEF [-0.03   0.037  0.866] | ObjZ 0.826 | Up 1.00 | Hold 0/0 | Age 0 (1) | Resets 0 | Shield 0
Ep 85 | Step 60/200 | XYZ [ 0.9    0.53  -0.042] | RPY [-0.01   0.02  -0.007] | Grip 1 (1.00) | Phase 7->7 | Ground 0.5cm | Target B | PredXYZ [0.051 0.073 0.826] | TrueXYZ [0.047 0.07  0.826] | EEF [-0.012  0.048  0.828] | ObjZ 0.826 | Up 1.00 | Hold 0/0 | Age 0 (1) | Resets 0 | Shield 0
Ep 85 | Step 74/200 | XYZ [-0.111 -0.056 -0.006] | RPY [ 0.017 -0.041  0.004] | Grip 1 (1.00) | Phase 8->8 | Ground 0.1cm | Target B | PredXYZ [0.125 0.108 0.826] | TrueXYZ [0.128 0.108 0.826] | EEF [0.094 0.098 0.828] | ObjZ 0.826 | Up 1.00 | Hold 5/5 | Age 3 (4) | Resets 4 | Shield 0
Episode 85: Clean Success | failure=success | termination=success
Scene rejected for ('push', 'B'): Deterministic push path is blocked by a distractor
Episode 86/120: Push the blue ball away from the robot | ensemble=temporal
Ep 86 | Step 1/200 | XYZ [ 0.744  0.213 -0.566] | RPY [ 0.    -0.001  0.622] | Grip 1 (1.00) | Phase 5->5 | Ground 0.6cm | Target B | PredXYZ [0.104 0.086 0.828] | TrueXYZ [0.101 0.081 0.826] | EEF [-0.087  0.037  1.016] | ObjZ 0.826 | Up 1.00 | Hold 0/0 | Age 0 (1) | Resets 0 | Shield 0
Ep 86 | Step 20/200 | XYZ [ 0.169  0.074 -0.113] | RPY [-0.006 -0.002 -0.006] | Grip 1 (1.00) | Phase 5->5 | Ground 0.4cm | Target B | PredXYZ [0.105 0.082 0.826] | TrueXYZ [0.101 0.081 0.826] | EEF [0.    0.053 0.945] | ObjZ 0.826 | Up 1.00 | Hold 0/0 | Age 3 (4) | Resets 0 | Shield 0
Ep 86 | Step 40/200 | XYZ [ 0.005 -0.012 -0.365] | RPY [-0.002 -0.004 -0.   ] | Grip 1 (1.00) | Phase 6->6 | Ground 0.6cm | Target B | PredXYZ [0.107 0.081 0.826] | TrueXYZ [0.101 0.081 0.826] | EEF [0.021 0.06  0.876] | ObjZ 0.826 | Up 1.00 | Hold 0/0 | Age 0 (1) | Resets 0 | Shield 0
Ep 86 | Step 60/200 | XYZ [ 0.006  0.009 -0.069] | RPY [-0.001  0.    -0.001] | Grip 1 (1.00) | Phase 6->6 | Ground 0.7cm | Target B | PredXYZ [0.108 0.081 0.826] | TrueXYZ [0.101 0.081 0.826] | EEF [0.02  0.06  0.831] | ObjZ 0.826 | Up 1.00 | Hold 0/0 | Age 0 (1) | Resets 0 | Shield 0
Ep 86 | Step 77/200 | XYZ [-0.111 -0.04  -0.007] | RPY [ 0.013 -0.046  0.003] | Grip 1 (1.00) | Phase 8->8 | Ground 0.2cm | Target B | PredXYZ [0.176 0.107 0.826] | TrueXYZ [0.179 0.106 0.826] | EEF [0.144 0.1   0.827] | ObjZ 0.826 | Up 1.00 | Hold 5/5 | Age 2 (3) | Resets 4 | Shield 1
Episode 86: Clean Success | failure=success | termination=success
Scene rejected for ('push', 'B'): Deterministic push path is blocked by a distractor
Scene rejected for ('push', 'B'): Deterministic push path is blocked by a distractor
Scene rejected for ('push', 'B'): Deterministic push path is blocked by a distractor
Scene rejected for ('push', 'B'): Deterministic push path is blocked by a distractor
Scene rejected for ('push', 'B'): Deterministic push path leaves the safe workspace
Episode 87/120: Push the blue ball away from the robot | ensemble=temporal
Ep 87 | Step 1/200 | XYZ [ 0.153  0.175 -0.558] | RPY [-0.    -0.003  0.9  ] | Grip 1 (1.00) | Phase 5->5 | Ground 0.6cm | Target B | PredXYZ [-0.015  0.096  0.828] | TrueXYZ [-0.01   0.093  0.826] | EEF [-0.088  0.009  1.015] | ObjZ 0.826 | Up 1.00 | Hold 0/0 | Age 0 (1) | Resets 0 | Shield 0
Ep 87 | Step 20/200 | XYZ [ 0.082  0.052 -0.109] | RPY [-0.023  0.008  0.045] | Grip 1 (1.00) | Phase 5->5 | Ground 0.3cm | Target B | PredXYZ [-0.013  0.092  0.826] | TrueXYZ [-0.01   0.093  0.826] | EEF [-0.077  0.023  0.942] | ObjZ 0.826 | Up 1.00 | Hold 0/0 | Age 3 (4) | Resets 0 | Shield 0
Ep 87 | Step 40/200 | XYZ [ 0.023  0.037 -0.363] | RPY [-0.002 -0.005 -0.003] | Grip 1 (1.00) | Phase 6->6 | Ground 0.2cm | Target B | PredXYZ [-0.01   0.091  0.826] | TrueXYZ [-0.01   0.093  0.826] | EEF [-0.066  0.028  0.878] | ObjZ 0.826 | Up 1.00 | Hold 0/0 | Age 0 (1) | Resets 0 | Shield 0
Ep 87 | Step 60/200 | XYZ [ 0.011  0.004 -0.067] | RPY [ 0.     0.001 -0.001] | Grip 1 (1.00) | Phase 6->6 | Ground 0.6cm | Target B | PredXYZ [-0.015  0.096  0.826] | TrueXYZ [-0.01   0.093  0.826] | EEF [-0.065  0.033  0.833] | ObjZ 0.826 | Up 1.00 | Hold 0/0 | Age 0 (1) | Resets 0 | Shield 0
Ep 87 | Step 75/200 | XYZ [-0.071 -0.108 -0.004] | RPY [ 0.02  -0.028  0.005] | Grip 1 (1.00) | Phase 8->8 | Ground 0.8cm | Target B | PredXYZ [0.059 0.167 0.826] | TrueXYZ [0.054 0.163 0.826] | EEF [0.03  0.134 0.829] | ObjZ 0.826 | Up 1.00 | Hold 5/5 | Age 1 (2) | Resets 7 | Shield 0
Episode 87: Clean Success | failure=success | termination=success
Episode 88/120: Pick up the green cylinder | ensemble=temporal
Ep 88 | Step 1/200 | XYZ [ 0.9   -0.632 -0.408] | RPY [0.002 0.002 0.005] | Grip -1 (0.00) | Phase 0->0 | Ground 0.9cm | Target C | PredXYZ [ 0.124 -0.11   0.824] | TrueXYZ [ 0.117 -0.105  0.822] | EEF [-0.107 -0.009  1.006] | ObjZ 0.822 | Up 1.00 | Hold 0/0 | Age 0 (1) | Resets 0 | Shield 0
Ep 88 | Step 20/200 | XYZ [ 0.434 -0.136 -0.065] | RPY [-0.008 -0.004 -0.004] | Grip -1 (0.00) | Phase 0->0 | Ground 0.7cm | Target C | PredXYZ [ 0.119 -0.112  0.822] | TrueXYZ [ 0.117 -0.105  0.822] | EEF [ 0.051 -0.096  0.952] | ObjZ 0.822 | Up 1.00 | Hold 0/0 | Age 3 (4) | Resets 0 | Shield 0
Ep 88 | Step 40/200 | XYZ [ 0.073 -0.001 -0.73 ] | RPY [ 0.001 -0.004  0.001] | Grip -1 (0.00) | Phase 1->1 | Ground 0.7cm | Target C | PredXYZ [ 0.121 -0.11   0.822] | TrueXYZ [ 0.117 -0.105  0.822] | EEF [ 0.107 -0.111  0.922] | ObjZ 0.822 | Up 1.00 | Hold 0/0 | Age 0 (1) | Resets 0 | Shield 0
Ep 88 | Step 60/200 | XYZ [ 0.012  0.012 -0.139] | RPY [-0.001 -0.003 -0.   ] | Grip -1 (0.00) | Phase 1->1 | Ground 0.6cm | Target C | PredXYZ [ 0.119 -0.111  0.822] | TrueXYZ [ 0.117 -0.105  0.822] | EEF [ 0.114 -0.111  0.835] | ObjZ 0.822 | Up 1.00 | Hold 0/0 | Age 0 (1) | Resets 0 | Shield 0
Ep 88 | Step 80/200 | XYZ [0.001 0.    0.657] | RPY [-0.005 -0.013  0.   ] | Grip 1 (1.00) | Phase 3->3 | Ground 1.1cm | Target C | PredXYZ [ 0.116 -0.116  0.834] | TrueXYZ [ 0.118 -0.11   0.851] | EEF [ 0.117 -0.11   0.85 ] | ObjZ 0.851 | Up 1.00 | Hold 2/0 | Age 0 (1) | Resets 1 | Shield 0
Ep 88 | Step 83/200 | XYZ [ 0.002 -0.001  0.556] | RPY [-0.004 -0.01  -0.   ] | Grip 1 (1.00) | Phase 3->3 | Ground 1.0cm | Target C | PredXYZ [ 0.126 -0.118  0.867] | TrueXYZ [ 0.118 -0.11   0.873] | EEF [ 0.118 -0.111  0.872] | ObjZ 0.873 | Up 1.00 | Hold 5/0 | Age 0 (1) | Resets 4 | Shield 0
Ep 88 | Step 89/200 | XYZ [ 0.003 -0.001  0.409] | RPY [-0.001  0.005 -0.002] | Grip 1 (1.00) | Phase 3->3 | Ground 1.1cm | Target C | PredXYZ [ 0.124 -0.119  0.903] | TrueXYZ [ 0.116 -0.11   0.906] | EEF [ 0.115 -0.111  0.905] | ObjZ 0.906 | Up 1.00 | Hold 11/5 | Age 0 (1) | Resets 5 | Shield 0
Episode 88: Clean Success | failure=success | termination=success
Scene rejected for ('push', 'A'): Deterministic push path is blocked by a distractor
Scene rejected for ('push', 'A'): Deterministic push path is blocked by a distractor
Scene rejected for ('push', 'A'): Deterministic push path is blocked by a distractor
Scene rejected for ('push', 'A'): Deterministic push path is blocked by a distractor
Scene rejected for ('push', 'A'): Deterministic push path is blocked by a distractor
Scene rejected for ('push', 'A'): Deterministic push path is blocked by a distractor
Scene rejected for ('push', 'A'): Deterministic push path is blocked by a distractor
Scene rejected for ('push', 'A'): Deterministic push path is blocked by a distractor
Episode 89/120: Push the red cube away from the robot | ensemble=temporal
Ep 89 | Step 1/200 | XYZ [ 0.9    0.407 -0.5  ] | RPY [0.    0.002 0.816] | Grip 1 (1.00) | Phase 5->5 | Ground 0.1cm | Target A | PredXYZ [0.127 0.101 0.824] | TrueXYZ [0.127 0.1   0.821] | EEF [-0.109  0.007  0.998] | ObjZ 0.821 | Up 1.00 | Hold 0/0 | Age 0 (1) | Resets 0 | Shield 0
Ep 89 | Step 20/200 | XYZ [ 0.247  0.133 -0.102] | RPY [-0.006 -0.005  0.   ] | Grip 1 (1.00) | Phase 5->5 | Ground 0.7cm | Target A | PredXYZ [0.13  0.106 0.822] | TrueXYZ [0.127 0.1   0.822] | EEF [0.011 0.049 0.935] | ObjZ 0.822 | Up 1.00 | Hold 0/0 | Age 3 (4) | Resets 0 | Shield 0
Ep 89 | Step 40/200 | XYZ [ 0.049  0.024 -0.441] | RPY [-0.001 -0.007 -0.001] | Grip 1 (1.00) | Phase 6->6 | Ground 0.4cm | Target A | PredXYZ [0.13  0.103 0.822] | TrueXYZ [0.127 0.1   0.822] | EEF [0.043 0.065 0.882] | ObjZ 0.822 | Up 1.00 | Hold 0/0 | Age 0 (1) | Resets 0 | Shield 0
Ep 89 | Step 60/200 | XYZ [ 0.01   0.01  -0.084] | RPY [-0.    -0.002 -0.   ] | Grip 1 (1.00) | Phase 6->6 | Ground 0.2cm | Target A | PredXYZ [0.128 0.102 0.822] | TrueXYZ [0.127 0.1   0.822] | EEF [0.049 0.067 0.828] | ObjZ 0.822 | Up 1.00 | Hold 0/0 | Age 0 (1) | Resets 0 | Shield 0
Ep 89 | Step 80/200 | XYZ [0.416 0.211 0.   ] | RPY [0.002 0.002 0.001] | Grip 1 (1.00) | Phase 7->7 | Ground 0.2cm | Target A | PredXYZ [0.167 0.131 0.822] | TrueXYZ [0.17  0.132 0.822] | EEF [0.146 0.109 0.817] | ObjZ 0.822 | Up 1.00 | Hold 0/0 | Age 0 (1) | Resets 0 | Shield 3
Ep 89 | Step 87/200 | XYZ [-0.029 -0.009  0.007] | RPY [ 0.002 -0.004 -0.001] | Grip 1 (1.00) | Phase 8->8 | Ground 0.4cm | Target A | PredXYZ [0.195 0.147 0.823] | TrueXYZ [0.199 0.145 0.822] | EEF [0.175 0.121 0.818] | ObjZ 0.822 | Up 1.00 | Hold 5/5 | Age 3 (4) | Resets 0 | Shield 9
Episode 89: Clean Success | failure=success | termination=success
Scene rejected for ('push', 'A'): Deterministic push path is blocked by a distractor
Scene rejected for ('push', 'A'): Deterministic push path is blocked by a distractor
Scene rejected for ('push', 'A'): Deterministic push path is blocked by a distractor
Scene rejected for ('push', 'A'): Deterministic push path is blocked by a distractor
Episode 90/120: Push the red cube away from the robot | ensemble=temporal
Ep 90 | Step 1/200 | XYZ [ 0.81  -0.381 -0.478] | RPY [ 0.002 -0.001 -0.892] | Grip 1 (1.00) | Phase 5->5 | Ground 0.8cm | Target A | PredXYZ [ 0.104 -0.105  0.823] | TrueXYZ [ 0.096 -0.106  0.821] | EEF [-0.1   -0.014  0.997] | ObjZ 0.821 | Up 1.00 | Hold 0/0 | Age 0 (1) | Resets 0 | Shield 0
Ep 90 | Step 20/200 | XYZ [ 0.18  -0.109 -0.102] | RPY [ 0.006 -0.006  0.002] | Grip 1 (1.00) | Phase 5->5 | Ground 0.7cm | Target A | PredXYZ [ 0.103 -0.106  0.822] | TrueXYZ [ 0.096 -0.106  0.822] | EEF [-0.002 -0.054  0.936] | ObjZ 0.822 | Up 1.00 | Hold 0/0 | Age 3 (4) | Resets 0 | Shield 0
Ep 90 | Step 40/200 | XYZ [ 0.02  -0.035 -0.357] | RPY [ 0.002 -0.005  0.002] | Grip 1 (1.00) | Phase 6->6 | Ground 1.1cm | Target A | PredXYZ [ 0.106 -0.103  0.821] | TrueXYZ [ 0.096 -0.106  0.822] | EEF [ 0.02  -0.067  0.869] | ObjZ 0.822 | Up 1.00 | Hold 0/0 | Age 0 (1) | Resets 0 | Shield 0
Ep 90 | Step 60/200 | XYZ [ 0.006 -0.009 -0.063] | RPY [0.001 0.    0.   ] | Grip 1 (1.00) | Phase 6->6 | Ground 0.7cm | Target A | PredXYZ [ 0.101 -0.101  0.822] | TrueXYZ [ 0.096 -0.106  0.822] | EEF [ 0.022 -0.071  0.827] | ObjZ 0.822 | Up 1.00 | Hold 0/0 | Age 0 (1) | Resets 0 | Shield 0
Ep 90 | Step 80/200 | XYZ [ 0.361 -0.159  0.   ] | RPY [-0.002 -0.002 -0.   ] | Grip 1 (1.00) | Phase 7->7 | Ground 0.9cm | Target A | PredXYZ [ 0.17  -0.124  0.822] | TrueXYZ [ 0.166 -0.126  0.822] | EEF [ 0.13  -0.12   0.819] | ObjZ 0.822 | Up 1.00 | Hold 2/2 | Age 0 (1) | Resets 0 | Shield 8
Ep 90 | Step 83/200 | XYZ [-0.044  0.018  0.001] | RPY [-0.006 -0.015 -0.001] | Grip 1 (1.00) | Phase 8->8 | Ground 0.9cm | Target A | PredXYZ [ 0.18  -0.129  0.822] | TrueXYZ [ 0.173 -0.128  0.822] | EEF [ 0.138 -0.123  0.821] | ObjZ 0.822 | Up 1.00 | Hold 5/5 | Age 3 (4) | Resets 0 | Shield 8
Episode 90: Clean Success | failure=success | termination=success
Scene rejected for ('push', 'C'): Deterministic push path is blocked by a distractor
Scene rejected for ('push', 'C'): Deterministic push path is blocked by a distractor
Episode 91/120: Push the green cylinder away from the robot | ensemble=temporal
Ep 91 | Step 1/200 | XYZ [ 0.878 -0.167 -0.57 ] | RPY [ 0.001  0.001 -0.358] | Grip 1 (1.00) | Phase 5->5 | Ground 1.1cm | Target C | PredXYZ [ 0.125 -0.043  0.823] | TrueXYZ [ 0.13  -0.032  0.822] | EEF [-0.103 -0.004  1.012] | ObjZ 0.822 | Up 1.00 | Hold 0/0 | Age 0 (1) | Resets 0 | Shield 0
Ep 91 | Step 20/200 | XYZ [ 0.239 -0.067 -0.114] | RPY [ 0.003 -0.003  0.002] | Grip 1 (1.00) | Phase 5->5 | Ground 1.0cm | Target C | PredXYZ [ 0.125 -0.041  0.822] | TrueXYZ [ 0.13  -0.032  0.822] | EEF [ 0.008 -0.019  0.939] | ObjZ 0.822 | Up 1.00 | Hold 0/0 | Age 3 (4) | Resets 0 | Shield 0
Ep 91 | Step 40/200 | XYZ [ 0.053  0.006 -0.441] | RPY [-0.    -0.004  0.   ] | Grip 1 (1.00) | Phase 6->6 | Ground 0.4cm | Target C | PredXYZ [ 0.127 -0.036  0.822] | TrueXYZ [ 0.13  -0.032  0.822] | EEF [ 0.04  -0.025  0.877] | ObjZ 0.822 | Up 1.00 | Hold 0/0 | Age 0 (1) | Resets 0 | Shield 0
Ep 91 | Step 60/200 | XYZ [ 0.01   0.006 -0.088] | RPY [ 0.    -0.001 -0.001] | Grip 1 (1.00) | Phase 6->6 | Ground 0.6cm | Target C | PredXYZ [ 0.125 -0.037  0.822] | TrueXYZ [ 0.13  -0.032  0.822] | EEF [ 0.045 -0.024  0.824] | ObjZ 0.822 | Up 1.00 | Hold 0/0 | Age 0 (1) | Resets 0 | Shield 0
Ep 91 | Step 80/200 | XYZ [ 0.453 -0.066  0.   ] | RPY [0.    0.008 0.   ] | Grip 1 (1.00) | Phase 7->7 | Ground 1.3cm | Target C | PredXYZ [ 0.186 -0.039  0.823] | TrueXYZ [ 0.183 -0.029  0.823] | EEF [ 0.142 -0.045  0.814] | ObjZ 0.823 | Up 1.00 | Hold 0/0 | Age 0 (1) | Resets 1 | Shield 12
Ep 91 | Step 87/200 | XYZ [-0.065  0.013  0.   ] | RPY [-0.005 -0.028  0.   ] | Grip 1 (1.00) | Phase 8->8 | Ground 1.1cm | Target C | PredXYZ [ 0.218 -0.028  0.823] | TrueXYZ [ 0.209 -0.027  0.824] | EEF [ 0.168 -0.05   0.817] | ObjZ 0.824 | Up 1.00 | Hold 5/5 | Age 3 (4) | Resets 1 | Shield 18
Episode 91: Clean Success | failure=success | termination=success
Episode 92/120: Pick up the green cylinder | ensemble=temporal
Ep 92 | Step 1/200 | XYZ [ 0.876  0.693 -0.461] | RPY [-0.001  0.002 -0.002] | Grip -1 (0.00) | Phase 0->0 | Ground 0.8cm | Target C | PredXYZ [0.054 0.099 0.823] | TrueXYZ [0.052 0.091 0.822] | EEF [-0.09  -0.014  1.017] | ObjZ 0.822 | Up 1.00 | Hold 0/0 | Age 0 (1) | Resets 0 | Shield 0
Ep 92 | Step 20/200 | XYZ [ 0.24   0.145 -0.084] | RPY [0.008 0.002 0.007] | Grip -1 (0.00) | Phase 0->0 | Ground 0.9cm | Target C | PredXYZ [0.051 0.101 0.822] | TrueXYZ [0.052 0.091 0.822] | EEF [0.018 0.075 0.955] | ObjZ 0.822 | Up 1.00 | Hold 0/0 | Age 3 (4) | Resets 0 | Shield 0
Ep 92 | Step 40/200 | XYZ [ 0.037  0.015 -0.469] | RPY [-0.001 -0.006 -0.002] | Grip -1 (0.00) | Phase 1->1 | Ground 0.7cm | Target C | PredXYZ [0.051 0.099 0.822] | TrueXYZ [0.052 0.091 0.822] | EEF [0.048 0.089 0.883] | ObjZ 0.822 | Up 1.00 | Hold 0/0 | Age 0 (1) | Resets 0 | Shield 0
Ep 92 | Step 60/200 | XYZ [ 0.012 -0.009 -0.088] | RPY [0.001 0.001 0.001] | Grip -1 (0.00) | Phase 1->1 | Ground 0.7cm | Target C | PredXYZ [0.05  0.098 0.822] | TrueXYZ [0.052 0.091 0.822] | EEF [0.05  0.092 0.826] | ObjZ 0.822 | Up 1.00 | Hold 0/0 | Age 0 (1) | Resets 0 | Shield 0
Ep 92 | Step 78/200 | XYZ [ 0.005 -0.001  0.575] | RPY [0.    0.008 0.001] | Grip 1 (1.00) | Phase 3->3 | Ground 0.2cm | Target C | PredXYZ [0.05  0.096 0.863] | TrueXYZ [0.049 0.094 0.871] | EEF [0.049 0.094 0.869] | ObjZ 0.871 | Up 1.00 | Hold 5/0 | Age 0 (1) | Resets 3 | Shield 0
Ep 92 | Step 80/200 | XYZ [ 0.005 -0.001  0.518] | RPY [0.    0.008 0.001] | Grip 1 (1.00) | Phase 3->3 | Ground 0.8cm | Target C | PredXYZ [0.052 0.095 0.885] | TrueXYZ [0.048 0.094 0.884] | EEF [0.048 0.094 0.881] | ObjZ 0.884 | Up 1.00 | Hold 7/1 | Age 0 (1) | Resets 4 | Shield 0
Ep 92 | Step 84/200 | XYZ [ 0.005 -0.001  0.424] | RPY [-0.     0.006  0.001] | Grip 1 (1.00) | Phase 3->3 | Ground 1.5cm | Target C | PredXYZ [0.058 0.092 0.91 ] | TrueXYZ [0.047 0.094 0.905] | EEF [0.046 0.094 0.903] | ObjZ 0.905 | Up 1.00 | Hold 11/5 | Age 0 (1) | Resets 5 | Shield 0
Episode 92: Clean Success | failure=success | termination=success
Episode 93/120: Pick up the red cube | ensemble=temporal
Ep 93 | Step 1/200 | XYZ [-0.015 -0.826 -0.421] | RPY [0.002 0.002 0.837] | Grip -1 (0.00) | Phase 0->0 | Ground 0.5cm | Target A | PredXYZ [-0.126 -0.115  0.823] | TrueXYZ [-0.122 -0.119  0.821] | EEF [-0.116  0.027  1.006] | ObjZ 0.821 | Up 1.00 | Hold 0/0 | Age 0 (1) | Resets 0 | Shield 0
Ep 93 | Step 20/200 | XYZ [ 0.041 -0.226 -0.039] | RPY [-0.004  0.035 -0.001] | Grip -1 (0.00) | Phase 0->0 | Ground 0.3cm | Target A | PredXYZ [-0.126 -0.12   0.822] | TrueXYZ [-0.122 -0.119  0.822] | EEF [-0.143 -0.078  0.942] | ObjZ 0.822 | Up 1.00 | Hold 0/0 | Age 3 (4) | Resets 0 | Shield 0
Ep 93 | Step 40/200 | XYZ [ 0.18  -0.025  0.07 ] | RPY [ 0.003  0.033 -0.014] | Grip -1 (0.00) | Phase 0->0 | Ground 0.9cm | Target A | PredXYZ [-0.129 -0.113  0.821] | TrueXYZ [-0.122 -0.119  0.822] | EEF [-0.159 -0.108  0.929] | ObjZ 0.822 | Up 1.00 | Hold 0/0 | Age 3 (4) | Resets 0 | Shield 0
Ep 93 | Step 60/200 | XYZ [ 0.073 -0.023 -0.69 ] | RPY [-0.006 -0.015  0.   ] | Grip -1 (0.00) | Phase 1->1 | Ground 0.8cm | Target A | PredXYZ [-0.124 -0.112  0.821] | TrueXYZ [-0.122 -0.119  0.822] | EEF [-0.128 -0.113  0.919] | ObjZ 0.822 | Up 1.00 | Hold 0/0 | Age 0 (1) | Resets 0 | Shield 0
Ep 93 | Step 80/200 | XYZ [ 0.02   0.01  -0.119] | RPY [-0.003  0.015 -0.005] | Grip -1 (0.00) | Phase 1->1 | Ground 0.3cm | Target A | PredXYZ [-0.125 -0.121  0.821] | TrueXYZ [-0.122 -0.119  0.822] | EEF [-0.126 -0.115  0.831] | ObjZ 0.822 | Up 1.00 | Hold 0/0 | Age 0 (1) | Resets 0 | Shield 0
Ep 93 | Step 100/200 | XYZ [0.008 0.004 0.722] | RPY [0.009 0.015 0.002] | Grip 1 (1.00) | Phase 3->3 | Ground 1.1cm | Target A | PredXYZ [-0.117 -0.113  0.834] | TrueXYZ [-0.125 -0.116  0.835] | EEF [-0.125 -0.115  0.833] | ObjZ 0.835 | Up 1.00 | Hold 0/0 | Age 0 (1) | Resets 2 | Shield 0
Ep 93 | Step 105/200 | XYZ [0.012 0.006 0.572] | RPY [0.012 0.025 0.004] | Grip 1 (1.00) | Phase 3->3 | Ground 2.3cm | Target A | PredXYZ [-0.11  -0.107  0.875] | TrueXYZ [-0.13  -0.111  0.87 ] | EEF [-0.131 -0.11   0.868] | ObjZ 0.870 | Up 1.00 | Hold 5/0 | Age 0 (1) | Resets 4 | Shield 0
Ep 93 | Step 111/200 | XYZ [0.01  0.007 0.431] | RPY [0.009 0.011 0.005] | Grip 1 (1.00) | Phase 3->3 | Ground 2.0cm | Target A | PredXYZ [-0.122 -0.092  0.909] | TrueXYZ [-0.132 -0.106  0.904] | EEF [-0.133 -0.105  0.902] | ObjZ 0.904 | Up 1.00 | Hold 11/5 | Age 0 (1) | Resets 6 | Shield 0
Episode 93: Clean Success | failure=success | termination=success
Episode 94/120: Pick up the red cube | ensemble=temporal
Ep 94 | Step 1/200 | XYZ [ 0.35  -0.671 -0.461] | RPY [ 0.003  0.    -0.056] | Grip -1 (0.00) | Phase 0->0 | Ground 0.7cm | Target A | PredXYZ [-0.049 -0.099  0.824] | TrueXYZ [-0.056 -0.098  0.821] | EEF [-0.105  0.004  1.013] | ObjZ 0.821 | Up 1.00 | Hold 0/0 | Age 0 (1) | Resets 0 | Shield 0
Ep 94 | Step 20/200 | XYZ [ 0.099 -0.155 -0.095] | RPY [-0.004  0.007 -0.005] | Grip -1 (0.00) | Phase 0->0 | Ground 0.9cm | Target A | PredXYZ [-0.047 -0.098  0.822] | TrueXYZ [-0.056 -0.098  0.822] | EEF [-0.066 -0.079  0.954] | ObjZ 0.822 | Up 1.00 | Hold 0/0 | Age 3 (4) | Resets 0 | Shield 0
Ep 94 | Step 40/200 | XYZ [-0.003 -0.021 -0.337] | RPY [ 0.001 -0.     0.   ] | Grip -1 (0.00) | Phase 1->1 | Ground 1.1cm | Target A | PredXYZ [-0.047 -0.103  0.821] | TrueXYZ [-0.056 -0.098  0.822] | EEF [-0.054 -0.095  0.863] | ObjZ 0.822 | Up 1.00 | Hold 0/0 | Age 0 (1) | Resets 0 | Shield 0
Ep 94 | Step 60/200 | XYZ [ 0.022  0.023 -0.061] | RPY [-0.002  0.002 -0.003] | Grip -1 (0.06) | Phase 1->1 | Ground 1.3cm | Target A | PredXYZ [-0.049 -0.108  0.821] | TrueXYZ [-0.056 -0.098  0.822] | EEF [-0.06  -0.102  0.82 ] | ObjZ 0.822 | Up 1.00 | Hold 0/0 | Age 0 (1) | Resets 0 | Shield 0
Ep 94 | Step 76/200 | XYZ [0.011 0.002 0.575] | RPY [0.005 0.02  0.001] | Grip 1 (1.00) | Phase 3->3 | Ground 1.0cm | Target A | PredXYZ [-0.055 -0.092  0.87 ] | TrueXYZ [-0.062 -0.096  0.871] | EEF [-0.065 -0.098  0.866] | ObjZ 0.871 | Up 1.00 | Hold 5/0 | Age 0 (1) | Resets 4 | Shield 0
Ep 94 | Step 80/200 | XYZ [0.01  0.003 0.466] | RPY [0.004 0.011 0.001] | Grip 1 (1.00) | Phase 3->3 | Ground 0.8cm | Target A | PredXYZ [-0.069 -0.098  0.892] | TrueXYZ [-0.062 -0.096  0.895] | EEF [-0.066 -0.097  0.89 ] | ObjZ 0.895 | Up 1.00 | Hold 9/3 | Age 0 (1) | Resets 7 | Shield 0
Ep 94 | Step 82/200 | XYZ [0.01  0.003 0.421] | RPY [0.002 0.006 0.001] | Grip 1 (1.00) | Phase 3->3 | Ground 0.6cm | Target A | PredXYZ [-0.068 -0.098  0.902] | TrueXYZ [-0.062 -0.095  0.906] | EEF [-0.066 -0.097  0.901] | ObjZ 0.906 | Up 1.00 | Hold 11/5 | Age 0 (1) | Resets 8 | Shield 0
Episode 94: Clean Success | failure=success | termination=success
Scene rejected for ('push', 'B'): Deterministic push path is blocked by a distractor
Scene rejected for ('push', 'B'): Deterministic push path leaves the safe workspace
Scene rejected for ('push', 'B'): Deterministic push path is blocked by a distractor
Episode 95/120: Push the blue ball away from the robot | ensemble=temporal
Ep 95 | Step 1/200 | XYZ [-0.03   0.081 -0.506] | RPY [-0.002  0.003 -0.9  ] | Grip 1 (1.00) | Phase 5->5 | Ground 0.9cm | Target B | PredXYZ [-0.062 -0.07   0.827] | TrueXYZ [-0.054 -0.067  0.826] | EEF [-0.107 -0.024  1.006] | ObjZ 0.826 | Up 1.00 | Hold 0/0 | Age 0 (1) | Resets 0 | Shield 0
Ep 95 | Step 20/200 | XYZ [ 0.055  0.071 -0.09 ] | RPY [ 0.023  0.021 -0.057] | Grip 1 (1.00) | Phase 5->5 | Ground 0.3cm | Target B | PredXYZ [-0.057 -0.068  0.826] | TrueXYZ [-0.054 -0.067  0.826] | EEF [-0.124 -0.006  0.937] | ObjZ 0.826 | Up 1.00 | Hold 0/0 | Age 3 (4) | Resets 0 | Shield 0
Ep 95 | Step 40/200 | XYZ [ 0.14  -0.065 -0.149] | RPY [0.002 0.017 0.004] | Grip 1 (1.00) | Phase 6->6 | Ground 0.5cm | Target B | PredXYZ [-0.049 -0.07   0.826] | TrueXYZ [-0.054 -0.067  0.826] | EEF [-0.113  0.009  0.843] | ObjZ 0.826 | Up 1.00 | Hold 0/0 | Age 0 (1) | Resets 0 | Shield 0
Ep 95 | Step 60/200 | XYZ [ 0.476 -0.887 -0.019] | RPY [0.023 0.009 0.021] | Grip 1 (1.00) | Phase 7->7 | Ground 1.0cm | Target B | PredXYZ [-0.044 -0.099  0.826] | TrueXYZ [-0.031 -0.1    0.826] | EEF [-0.043 -0.066  0.825] | ObjZ 0.826 | Up 1.00 | Hold 0/0 | Age 0 (1) | Resets 2 | Shield 0
Ep 95 | Step 67/200 | XYZ [-0.043  0.104  0.002] | RPY [-0.023 -0.025 -0.009] | Grip 1 (1.00) | Phase 8->8 | Ground 0.3cm | Target B | PredXYZ [-0.008 -0.14   0.826] | TrueXYZ [-0.006 -0.138  0.826] | EEF [-0.024 -0.107  0.828] | ObjZ 0.826 | Up 1.00 | Hold 5/5 | Age 2 (3) | Resets 6 | Shield 0
Episode 95: Clean Success | failure=success | termination=success
Episode 96/120: Pick up the red cube | ensemble=temporal
Ep 96 | Step 1/200 | XYZ [ 0.88   0.524 -0.4  ] | RPY [ 0.005  0.004 -0.9  ] | Grip -1 (0.00) | Phase 0->0 | Ground 0.5cm | Target A | PredXYZ [0.053 0.093 0.824] | TrueXYZ [0.05  0.089 0.821] | EEF [-0.099 -0.007  1.007] | ObjZ 0.821 | Up 1.00 | Hold 0/0 | Age 0 (1) | Resets 0 | Shield 0
Ep 96 | Step 20/200 | XYZ [ 0.303  0.095 -0.041] | RPY [ 0.021  0.006 -0.003] | Grip -1 (0.00) | Phase 0->0 | Ground 0.4cm | Target A | PredXYZ [0.046 0.091 0.821] | TrueXYZ [0.05  0.089 0.822] | EEF [0.009 0.072 0.949] | ObjZ 0.822 | Up 1.00 | Hold 0/0 | Age 3 (4) | Resets 0 | Shield 0
Ep 96 | Step 40/200 | XYZ [ 0.027  0.013 -0.545] | RPY [-0.001 -0.012 -0.003] | Grip -1 (0.00) | Phase 1->1 | Ground 0.5cm | Target A | PredXYZ [0.045 0.092 0.821] | TrueXYZ [0.05  0.089 0.822] | EEF [0.046 0.083 0.894] | ObjZ 0.822 | Up 1.00 | Hold 0/0 | Age 0 (1) | Resets 0 | Shield 0
Ep 96 | Step 60/200 | XYZ [ 0.011  0.001 -0.106] | RPY [0.001 0.    0.   ] | Grip -1 (0.00) | Phase 1->1 | Ground 0.7cm | Target A | PredXYZ [0.052 0.096 0.821] | TrueXYZ [0.05  0.089 0.822] | EEF [0.048 0.087 0.827] | ObjZ 0.822 | Up 1.00 | Hold 0/0 | Age 0 (1) | Resets 0 | Shield 0
Ep 96 | Step 80/200 | XYZ [ 0.004 -0.003  0.602] | RPY [0.    0.001 0.001] | Grip 1 (1.00) | Phase 3->3 | Ground 1.0cm | Target A | PredXYZ [0.045 0.098 0.858] | TrueXYZ [0.048 0.089 0.867] | EEF [0.048 0.089 0.863] | ObjZ 0.867 | Up 1.00 | Hold 4/0 | Age 0 (1) | Resets 2 | Shield 0
Ep 96 | Step 81/200 | XYZ [ 0.004 -0.003  0.57 ] | RPY [-0.     0.003  0.001] | Grip 1 (1.00) | Phase 3->3 | Ground 1.1cm | Target A | PredXYZ [0.043 0.099 0.865] | TrueXYZ [0.048 0.089 0.874] | EEF [0.048 0.089 0.87 ] | ObjZ 0.874 | Up 1.00 | Hold 5/0 | Age 0 (1) | Resets 2 | Shield 0
Ep 96 | Step 86/200 | XYZ [ 0.004 -0.004  0.446] | RPY [-0.001  0.006  0.001] | Grip 1 (1.00) | Phase 3->3 | Ground 0.8cm | Target A | PredXYZ [0.05  0.096 0.899] | TrueXYZ [0.046 0.089 0.903] | EEF [0.046 0.089 0.899] | ObjZ 0.903 | Up 1.00 | Hold 10/5 | Age 0 (1) | Resets 3 | Shield 0
Episode 96: Clean Success | failure=success | termination=success
Episode 97/120: Pick up the green cylinder | ensemble=temporal
Ep 97 | Step 1/200 | XYZ [ 0.9   -0.662 -0.393] | RPY [0.001 0.002 0.002] | Grip -1 (0.00) | Phase 0->0 | Ground 0.2cm | Target C | PredXYZ [ 0.049 -0.102  0.824] | TrueXYZ [ 0.05  -0.103  0.822] | EEF [-0.098  0.002  1.002] | ObjZ 0.822 | Up 1.00 | Hold 0/0 | Age 0 (1) | Resets 0 | Shield 0
Ep 97 | Step 20/200 | XYZ [ 0.25  -0.132 -0.074] | RPY [-0.007 -0.002 -0.006] | Grip -1 (0.00) | Phase 0->0 | Ground 0.2cm | Target C | PredXYZ [ 0.051 -0.101  0.822] | TrueXYZ [ 0.05  -0.103  0.822] | EEF [ 0.016 -0.082  0.951] | ObjZ 0.822 | Up 1.00 | Hold 0/0 | Age 3 (4) | Resets 0 | Shield 0
Ep 97 | Step 40/200 | XYZ [ 0.034 -0.038 -0.491] | RPY [ 0.001 -0.006  0.002] | Grip -1 (0.00) | Phase 1->1 | Ground 0.6cm | Target C | PredXYZ [ 0.044 -0.103  0.822] | TrueXYZ [ 0.05  -0.103  0.822] | EEF [ 0.049 -0.096  0.888] | ObjZ 0.822 | Up 1.00 | Hold 0/0 | Age 0 (1) | Resets 0 | Shield 0
Ep 97 | Step 60/200 | XYZ [ 0.003 -0.004 -0.102] | RPY [-0.001 -0.    -0.   ] | Grip -1 (0.00) | Phase 1->1 | Ground 0.9cm | Target C | PredXYZ [ 0.054 -0.095  0.822] | TrueXYZ [ 0.05  -0.103  0.822] | EEF [ 0.051 -0.102  0.827] | ObjZ 0.822 | Up 1.00 | Hold 0/0 | Age 0 (1) | Resets 0 | Shield 0
Ep 97 | Step 78/200 | XYZ [ 0.002 -0.     0.574] | RPY [-0.001  0.006 -0.001] | Grip 1 (1.00) | Phase 3->3 | Ground 1.1cm | Target C | PredXYZ [ 0.057 -0.097  0.865] | TrueXYZ [ 0.047 -0.104  0.871] | EEF [ 0.048 -0.104  0.869] | ObjZ 0.871 | Up 1.00 | Hold 5/0 | Age 0 (1) | Resets 2 | Shield 0
Ep 97 | Step 80/200 | XYZ [ 0.002 -0.     0.514] | RPY [-0.001  0.007 -0.001] | Grip 1 (1.00) | Phase 3->3 | Ground 1.1cm | Target C | PredXYZ [ 0.056 -0.102  0.883] | TrueXYZ [ 0.047 -0.104  0.884] | EEF [ 0.047 -0.104  0.882] | ObjZ 0.884 | Up 1.00 | Hold 7/1 | Age 0 (1) | Resets 3 | Shield 0
Ep 97 | Step 84/200 | XYZ [0.002 0.    0.417] | RPY [-0.     0.006 -0.001] | Grip 1 (1.00) | Phase 3->3 | Ground 1.6cm | Target C | PredXYZ [ 0.06  -0.104  0.908] | TrueXYZ [ 0.045 -0.104  0.905] | EEF [ 0.046 -0.105  0.903] | ObjZ 0.905 | Up 1.00 | Hold 11/5 | Age 0 (1) | Resets 3 | Shield 0
Episode 97: Clean Success | failure=success | termination=success
Episode 98/120: Pick up the blue ball | ensemble=temporal
Ep 98 | Step 1/200 | XYZ [ 0.9    0.548 -0.476] | RPY [-0.001 -0.001 -0.003] | Grip -1 (0.00) | Phase 0->0 | Ground 0.5cm | Target B | PredXYZ [0.126 0.106 0.827] | TrueXYZ [0.123 0.111 0.826] | EEF [-0.079  0.014  1.019] | ObjZ 0.826 | Up 1.00 | Hold 0/0 | Age 0 (1) | Resets 0 | Shield 0
Ep 98 | Step 20/200 | XYZ [ 0.337  0.136 -0.085] | RPY [ 0.008 -0.003  0.006] | Grip -1 (0.00) | Phase 0->0 | Ground 0.3cm | Target B | PredXYZ [0.121 0.11  0.825] | TrueXYZ [0.123 0.111 0.826] | EEF [0.068 0.092 0.957] | ObjZ 0.826 | Up 1.00 | Hold 0/0 | Age 3 (4) | Resets 0 | Shield 0
Ep 98 | Step 40/200 | XYZ [ 0.067  0.013 -0.646] | RPY [-0.001 -0.006 -0.001] | Grip -1 (0.00) | Phase 1->1 | Ground 0.5cm | Target B | PredXYZ [0.122 0.106 0.825] | TrueXYZ [0.123 0.111 0.826] | EEF [0.113 0.108 0.912] | ObjZ 0.826 | Up 1.00 | Hold 0/0 | Age 0 (1) | Resets 0 | Shield 0
Ep 98 | Step 60/200 | XYZ [ 0.014  0.003 -0.118] | RPY [ 0.001 -0.001  0.   ] | Grip -1 (0.00) | Phase 1->1 | Ground 0.1cm | Target B | PredXYZ [0.124 0.112 0.826] | TrueXYZ [0.123 0.111 0.826] | EEF [0.12  0.11  0.835] | ObjZ 0.826 | Up 1.00 | Hold 0/0 | Age 0 (1) | Resets 0 | Shield 0
Ep 98 | Step 80/200 | XYZ [ 0.005 -0.     0.616] | RPY [ 0.003 -0.005  0.001] | Grip 1 (1.00) | Phase 3->3 | Ground 1.1cm | Target B | PredXYZ [0.13  0.107 0.861] | TrueXYZ [0.125 0.112 0.861] | EEF [0.123 0.112 0.86 ] | ObjZ 0.861 | Up 1.00 | Hold 3/0 | Age 0 (1) | Resets 1 | Shield 0
Ep 98 | Step 82/200 | XYZ [ 0.005 -0.     0.553] | RPY [ 0.003 -0.002  0.002] | Grip 1 (1.00) | Phase 3->3 | Ground 0.9cm | Target B | PredXYZ [0.125 0.107 0.875] | TrueXYZ [0.124 0.113 0.875] | EEF [0.123 0.113 0.874] | ObjZ 0.875 | Up 1.00 | Hold 5/0 | Age 0 (1) | Resets 1 | Shield 0
Ep 98 | Step 87/200 | XYZ [ 0.005 -0.     0.426] | RPY [0.001 0.005 0.002] | Grip 1 (1.00) | Phase 3->3 | Ground 1.3cm | Target B | PredXYZ [0.13  0.113 0.909] | TrueXYZ [0.123 0.113 0.903] | EEF [0.121 0.113 0.902] | ObjZ 0.903 | Up 1.00 | Hold 10/5 | Age 0 (1) | Resets 1 | Shield 0
Episode 98: Clean Success | failure=success | termination=success
Scene rejected for ('push', 'A'): Deterministic push path is blocked by a distractor
Episode 99/120: Push the red cube away from the robot | ensemble=temporal
Ep 99 | Step 1/200 | XYZ [-0.093  0.232 -0.603] | RPY [-0.003  0.001 -0.9  ] | Grip 1 (1.00) | Phase 5->5 | Ground 0.7cm | Target A | PredXYZ [-0.09  -0.05   0.823] | TrueXYZ [-0.084 -0.049  0.821] | EEF [-0.106 -0.014  1.016] | ObjZ 0.821 | Up 1.00 | Hold 0/0 | Age 0 (1) | Resets 0 | Shield 0
Ep 99 | Step 20/200 | XYZ [ 0.023  0.104 -0.132] | RPY [ 0.025  0.009 -0.18 ] | Grip 1 (1.00) | Phase 5->5 | Ground 0.6cm | Target A | PredXYZ [-0.089 -0.05   0.821] | TrueXYZ [-0.084 -0.049  0.822] | EEF [-0.129  0.013  0.937] | ObjZ 0.822 | Up 1.00 | Hold 0/0 | Age 3 (4) | Resets 0 | Shield 0
Ep 99 | Step 40/200 | XYZ [ 0.102 -0.089 -0.17 ] | RPY [0.01  0.032 0.009] | Grip 1 (1.00) | Phase 6->6 | Ground 0.7cm | Target A | PredXYZ [-0.088 -0.044  0.822] | TrueXYZ [-0.084 -0.049  0.822] | EEF [-0.15   0.031  0.837] | ObjZ 0.822 | Up 1.00 | Hold 0/0 | Age 0 (1) | Resets 0 | Shield 0
Ep 99 | Step 60/200 | XYZ [ 0.359 -0.626  0.   ] | RPY [0.024 0.016 0.021] | Grip 1 (1.00) | Phase 7->7 | Ground 0.4cm | Target A | PredXYZ [-0.086 -0.046  0.822] | TrueXYZ [-0.084 -0.049  0.822] | EEF [-0.118 -0.011  0.818] | ObjZ 0.822 | Up 1.00 | Hold 0/0 | Age 0 (1) | Resets 0 | Shield 5
Ep 99 | Step 79/200 | XYZ [-0.017  0.032  0.011] | RPY [-0.011  0.002 -0.007] | Grip 1 (1.00) | Phase 8->8 | Ground 0.4cm | Target A | PredXYZ [-0.051 -0.117  0.822] | TrueXYZ [-0.048 -0.115  0.822] | EEF [-0.071 -0.092  0.819] | ObjZ 0.822 | Up 1.00 | Hold 5/5 | Age 3 (4) | Resets 2 | Shield 10
Episode 99: Clean Success | failure=success | termination=success
Episode 100/120: Pick up the green cylinder | ensemble=temporal
Ep 100 | Step 1/200 | XYZ [-0.165 -0.711 -0.495] | RPY [ 0.002 -0.003  0.001] | Grip -1 (0.00) | Phase 0->0 | Ground 1.1cm | Target C | PredXYZ [-0.124 -0.106  0.824] | TrueXYZ [-0.116 -0.099  0.822] | EEF [-0.093  0.009  1.021] | ObjZ 0.822 | Up 1.00 | Hold 0/0 | Age 0 (1) | Resets 0 | Shield 0
Ep 100 | Step 20/200 | XYZ [-0.04  -0.199 -0.116] | RPY [ 0.001  0.008 -0.   ] | Grip -1 (0.00) | Phase 0->0 | Ground 0.3cm | Target C | PredXYZ [-0.118 -0.102  0.822] | TrueXYZ [-0.116 -0.099  0.822] | EEF [-0.116 -0.075  0.96 ] | ObjZ 0.822 | Up 1.00 | Hold 0/0 | Age 3 (4) | Resets 0 | Shield 0
Ep 100 | Step 40/200 | XYZ [ 0.058  0.012 -0.388] | RPY [-0.006  0.013 -0.009] | Grip -1 (0.00) | Phase 1->1 | Ground 0.7cm | Target C | PredXYZ [-0.117 -0.106  0.822] | TrueXYZ [-0.116 -0.099  0.822] | EEF [-0.127 -0.108  0.871] | ObjZ 0.822 | Up 1.00 | Hold 0/0 | Age 0 (1) | Resets 0 | Shield 0
Ep 100 | Step 60/200 | XYZ [ 0.056  0.051 -0.089] | RPY [-0.002  0.007 -0.005] | Grip -1 (0.00) | Phase 1->1 | Ground 0.6cm | Target C | PredXYZ [-0.113 -0.11   0.822] | TrueXYZ [-0.114 -0.104  0.822] | EEF [-0.121 -0.11   0.828] | ObjZ 0.822 | Up 1.00 | Hold 0/0 | Age 0 (1) | Resets 0 | Shield 0
Ep 100 | Step 80/200 | XYZ [0.014 0.    0.64 ] | RPY [0.011 0.032 0.002] | Grip 1 (1.00) | Phase 3->3 | Ground 1.4cm | Target C | PredXYZ [-0.107 -0.101  0.854] | TrueXYZ [-0.121 -0.099  0.855] | EEF [-0.123 -0.099  0.851] | ObjZ 0.855 | Up 1.00 | Hold 3/0 | Age 0 (1) | Resets 1 | Shield 0
Ep 100 | Step 82/200 | XYZ [0.014 0.    0.583] | RPY [0.011 0.031 0.004] | Grip 1 (1.00) | Phase 3->3 | Ground 1.5cm | Target C | PredXYZ [-0.108 -0.1    0.868] | TrueXYZ [-0.123 -0.097  0.868] | EEF [-0.125 -0.098  0.864] | ObjZ 0.868 | Up 1.00 | Hold 5/0 | Age 0 (1) | Resets 2 | Shield 0
Ep 100 | Step 88/200 | XYZ [0.015 0.001 0.439] | RPY [0.01  0.013 0.005] | Grip 1 (1.00) | Phase 3->3 | Ground 2.3cm | Target C | PredXYZ [-0.107 -0.103  0.906] | TrueXYZ [-0.125 -0.092  0.902] | EEF [-0.128 -0.092  0.899] | ObjZ 0.902 | Up 1.00 | Hold 11/5 | Age 0 (1) | Resets 3 | Shield 0
Episode 100: Clean Success | failure=success | termination=success
Scene rejected for ('push', 'B'): Deterministic push path is blocked by a distractor
Scene rejected for ('push', 'B'): Deterministic push path is blocked by a distractor
Episode 101/120: Push the blue ball away from the robot | ensemble=temporal
Ep 101 | Step 1/200 | XYZ [ 0.265  0.167 -0.523] | RPY [-0.001  0.001  0.891] | Grip 1 (1.00) | Phase 5->5 | Ground 0.7cm | Target B | PredXYZ [0.004 0.068 0.828] | TrueXYZ [0.011 0.067 0.826] | EEF [-0.107  0.004  1.009] | ObjZ 0.826 | Up 1.00 | Hold 0/0 | Age 0 (1) | Resets 0 | Shield 0
Ep 101 | Step 20/200 | XYZ [ 0.105  0.07  -0.111] | RPY [-0.015  0.013 -0.002] | Grip 1 (1.00) | Phase 5->5 | Ground 0.6cm | Target B | PredXYZ [0.005 0.069 0.826] | TrueXYZ [0.011 0.067 0.826] | EEF [-0.082  0.012  0.937] | ObjZ 0.826 | Up 1.00 | Hold 0/0 | Age 3 (4) | Resets 0 | Shield 0
Ep 101 | Step 40/200 | XYZ [ 0.039  0.045 -0.373] | RPY [-0.002 -0.005 -0.003] | Grip 1 (1.00) | Phase 6->6 | Ground 0.4cm | Target B | PredXYZ [0.006 0.068 0.826] | TrueXYZ [0.011 0.067 0.826] | EEF [-0.064  0.02   0.877] | ObjZ 0.826 | Up 1.00 | Hold 0/0 | Age 0 (1) | Resets 0 | Shield 0
Ep 101 | Step 60/200 | XYZ [ 0.007  0.006 -0.065] | RPY [ 0.001  0.001 -0.001] | Grip 1 (1.00) | Phase 6->6 | Ground 0.5cm | Target B | PredXYZ [0.009 0.072 0.826] | TrueXYZ [0.011 0.067 0.826] | EEF [-0.062  0.028  0.831] | ObjZ 0.826 | Up 1.00 | Hold 0/0 | Age 0 (1) | Resets 0 | Shield 0
Ep 101 | Step 76/200 | XYZ [-0.099 -0.067  0.014] | RPY [ 0.02  -0.038  0.005] | Grip 1 (1.00) | Phase 8->8 | Ground 0.3cm | Target B | PredXYZ [0.084 0.114 0.826] | TrueXYZ [0.087 0.112 0.826] | EEF [0.054 0.099 0.828] | ObjZ 0.826 | Up 1.00 | Hold 5/5 | Age 3 (4) | Resets 5 | Shield 0
Episode 101: Clean Success | failure=success | termination=success
Episode 102/120: Push the red cube away from the robot | ensemble=temporal
Ep 102 | Step 1/200 | XYZ [ 0.002  0.152 -0.443] | RPY [ 0.003 -0.002  0.9  ] | Grip 1 (1.00) | Phase 5->5 | Ground 1.4cm | Target A | PredXYZ [-0.121  0.119  0.823] | TrueXYZ [-0.112  0.109  0.821] | EEF [-0.121  0.011  0.99 ] | ObjZ 0.821 | Up 1.00 | Hold 0/0 | Age 0 (1) | Resets 0 | Shield 0
Ep 102 | Step 20/200 | XYZ [ 0.038 -0.04  -0.092] | RPY [-0.016 -0.01   0.593] | Grip 1 (1.00) | Phase 5->5 | Ground 1.4cm | Target A | PredXYZ [-0.115  0.123  0.822] | TrueXYZ [-0.112  0.109  0.822] | EEF [-0.123  0.038  0.934] | ObjZ 0.822 | Up 1.00 | Hold 0/0 | Age 3 (4) | Resets 0 | Shield 0
Ep 102 | Step 40/200 | XYZ [-0.006  0.042 -0.186] | RPY [-0.003  0.007 -0.002] | Grip 1 (1.00) | Phase 6->6 | Ground 1.4cm | Target A | PredXYZ [-0.121  0.121  0.822] | TrueXYZ [-0.112  0.109  0.822] | EEF [-0.121  0.024  0.843] | ObjZ 0.822 | Up 1.00 | Hold 0/0 | Age 0 (1) | Resets 0 | Shield 0
Ep 102 | Step 60/200 | XYZ [ 0.071  0.661 -0.027] | RPY [-0.02  -0.005 -0.02 ] | Grip 1 (1.00) | Phase 7->7 | Ground 1.6cm | Target A | PredXYZ [-0.121  0.123  0.821] | TrueXYZ [-0.112  0.112  0.822] | EEF [-0.11   0.077  0.824] | ObjZ 0.822 | Up 1.00 | Hold 0/0 | Age 0 (1) | Resets 0 | Shield 0
Ep 102 | Step 77/200 | XYZ [ 0.03   0.388 -0.028] | RPY [0.009 0.011 0.011] | Grip 1 (1.00) | Phase 7->7 | Ground 0.5cm | Target A | PredXYZ [-0.109  0.192  0.823] | TrueXYZ [-0.11   0.19   0.822] | EEF [-0.1    0.159  0.823] | ObjZ 0.822 | Up 1.00 | Hold 5/5 | Age 0 (1) | Resets 3 | Shield 0
Episode 102: Clean Success | failure=success | termination=success
Scene rejected for ('push', 'B'): Deterministic push path is blocked by a distractor
Scene rejected for ('push', 'B'): Deterministic push path is blocked by a distractor
Scene rejected for ('push', 'B'): Target is too close to the robot reference ray
Scene rejected for ('push', 'B'): Target is too close to the robot reference ray
Scene rejected for ('push', 'B'): Deterministic push path is blocked by a distractor
Scene rejected for ('push', 'B'): Deterministic push path is blocked by a distractor
Scene rejected for ('push', 'B'): Deterministic push path is blocked by a distractor
Scene rejected for ('push', 'B'): Deterministic push path leaves the safe workspace
Scene rejected for ('push', 'B'): Deterministic push path is blocked by a distractor
Scene rejected for ('push', 'B'): Deterministic push path leaves the safe workspace
Scene rejected for ('push', 'B'): Deterministic push path leaves the safe workspace
Scene rejected for ('push', 'B'): Target is too close to the robot reference ray
Scene rejected for ('push', 'B'): Deterministic push path is blocked by a distractor
Episode 103/120: Push the blue ball away from the robot | ensemble=temporal
Ep 103 | Step 1/200 | XYZ [ 0.039 -0.188 -0.561] | RPY [ 0.001  0.005 -0.9  ] | Grip 1 (1.00) | Phase 5->5 | Ground 0.7cm | Target B | PredXYZ [-0.086 -0.103  0.828] | TrueXYZ [-0.081 -0.098  0.826] | EEF [-0.097  0.007  1.016] | ObjZ 0.826 | Up 1.00 | Hold 0/0 | Age 0 (1) | Resets 0 | Shield 0
Ep 103 | Step 20/200 | XYZ [ 0.066  0.052 -0.098] | RPY [ 0.037 -0.007 -0.477] | Grip 1 (1.00) | Phase 5->5 | Ground 0.6cm | Target B | PredXYZ [-0.077 -0.102  0.826] | TrueXYZ [-0.081 -0.098  0.826] | EEF [-0.101 -0.017  0.942] | ObjZ 0.826 | Up 1.00 | Hold 0/0 | Age 3 (4) | Resets 0 | Shield 0
Ep 103 | Step 40/200 | XYZ [ 0.054 -0.037 -0.502] | RPY [ 0.006 -0.009  0.003] | Grip 1 (1.00) | Phase 6->6 | Ground 0.7cm | Target B | PredXYZ [-0.086 -0.102  0.826] | TrueXYZ [-0.081 -0.098  0.826] | EEF [-0.092 -0.007  0.895] | ObjZ 0.826 | Up 1.00 | Hold 0/0 | Age 0 (1) | Resets 0 | Shield 0
Ep 103 | Step 60/200 | XYZ [ 0.023 -0.002 -0.083] | RPY [-0.001  0.004 -0.   ] | Grip 1 (1.00) | Phase 6->6 | Ground 0.3cm | Target B | PredXYZ [-0.083 -0.099  0.826] | TrueXYZ [-0.081 -0.098  0.826] | EEF [-0.086 -0.014  0.836] | ObjZ 0.826 | Up 1.00 | Hold 0/0 | Age 0 (1) | Resets 0 | Shield 0
Ep 103 | Step 80/200 | XYZ [-0.003  0.06  -0.005] | RPY [ 0.006 -0.007  0.006] | Grip 1 (1.00) | Phase 8->8 | Ground 2.2cm | Target B | PredXYZ [-0.094 -0.168  0.826] | TrueXYZ [-0.072 -0.178  0.826] | EEF [-0.063 -0.14   0.83 ] | ObjZ 0.826 | Up 1.00 | Hold 2/2 | Age 1 (2) | Resets 4 | Shield 0
Ep 103 | Step 83/200 | XYZ [-0.007  0.113 -0.001] | RPY [-0.02  -0.006 -0.008] | Grip 1 (1.00) | Phase 8->8 | Ground 2.8cm | Target B | PredXYZ [-0.098 -0.178  0.826] | TrueXYZ [-0.071 -0.184  0.826] | EEF [-0.067 -0.148  0.829] | ObjZ 0.826 | Up 1.00 | Hold 5/5 | Age 2 (3) | Resets 5 | Shield 0
Episode 103: Clean Success | failure=success | termination=success
Episode 104/120: Pick up the blue ball | ensemble=temporal
Ep 104 | Step 1/200 | XYZ [ 0.836 -0.081 -0.344] | RPY [ 0. -0. -0.] | Grip -1 (0.00) | Phase 0->0 | Ground 0.1cm | Target B | PredXYZ [ 0.018 -0.006  0.828] | TrueXYZ [ 0.018 -0.006  0.826] | EEF [-0.112  0.004  0.997] | ObjZ 0.826 | Up 1.00 | Hold 0/0 | Age 0 (1) | Resets 0 | Shield 0
Ep 104 | Step 20/200 | XYZ [ 0.197 -0.008 -0.068] | RPY [-0.001 -0.007 -0.   ] | Grip -1 (0.00) | Phase 0->0 | Ground 0.3cm | Target B | PredXYZ [ 0.016 -0.008  0.826] | TrueXYZ [ 0.018 -0.006  0.826] | EEF [-0.013 -0.003  0.957] | ObjZ 0.826 | Up 1.00 | Hold 0/0 | Age 3 (4) | Resets 0 | Shield 0
Ep 104 | Step 40/200 | XYZ [ 0.039 -0.01  -0.387] | RPY [0.001 0.    0.001] | Grip -1 (0.00) | Phase 1->1 | Ground 0.3cm | Target B | PredXYZ [ 0.018 -0.003  0.826] | TrueXYZ [ 0.018 -0.006  0.826] | EEF [ 0.013 -0.004  0.876] | ObjZ 0.826 | Up 1.00 | Hold 0/0 | Age 0 (1) | Resets 0 | Shield 0
Ep 104 | Step 60/200 | XYZ [ 0.005 -0.01  -0.078] | RPY [ 0.    -0.001  0.001] | Grip -1 (0.00) | Phase 1->1 | Ground 0.6cm | Target B | PredXYZ [ 0.015 -0.001  0.825] | TrueXYZ [ 0.018 -0.006  0.826] | EEF [ 0.017 -0.004  0.828] | ObjZ 0.826 | Up 1.00 | Hold 0/0 | Age 0 (1) | Resets 0 | Shield 0
Ep 104 | Step 77/200 | XYZ [ 0.004 -0.     0.566] | RPY [-0.     0.007  0.   ] | Grip 1 (1.00) | Phase 3->3 | Ground 1.2cm | Target B | PredXYZ [ 0.008 -0.01   0.86 ] | TrueXYZ [ 0.017 -0.005  0.874] | EEF [ 0.016 -0.005  0.871] | ObjZ 0.874 | Up 1.00 | Hold 5/0 | Age 0 (1) | Resets 5 | Shield 0
Ep 104 | Step 80/200 | XYZ [ 0.004 -0.     0.482] | RPY [-0.     0.007 -0.   ] | Grip 1 (1.00) | Phase 3->3 | Ground 0.5cm | Target B | PredXYZ [ 0.018 -0.002  0.889] | TrueXYZ [ 0.016 -0.005  0.892] | EEF [ 0.015 -0.005  0.889] | ObjZ 0.892 | Up 1.00 | Hold 8/3 | Age 0 (1) | Resets 7 | Shield 0
Ep 104 | Step 82/200 | XYZ [ 0.004 -0.     0.436] | RPY [-0.     0.006 -0.   ] | Grip 1 (1.00) | Phase 3->3 | Ground 0.5cm | Target B | PredXYZ [ 0.013 -0.001  0.899] | TrueXYZ [ 0.016 -0.005  0.903] | EEF [ 0.014 -0.005  0.9  ] | ObjZ 0.903 | Up 1.00 | Hold 10/5 | Age 0 (1) | Resets 7 | Shield 0
Episode 104: Clean Success | failure=success | termination=success
Scene rejected for ('push', 'C'): Deterministic push path is blocked by a distractor
Scene rejected for ('push', 'C'): Deterministic push path is blocked by a distractor
Scene rejected for ('push', 'C'): Deterministic push path is blocked by a distractor
Episode 105/120: Push the green cylinder away from the robot | ensemble=temporal
Ep 105 | Step 1/200 | XYZ [-0.067 -0.214 -0.648] | RPY [ 0.003 -0.003  0.9  ] | Grip 1 (1.00) | Phase 5->5 | Ground 1.1cm | Target C | PredXYZ [-0.125 -0.108  0.824] | TrueXYZ [-0.118 -0.099  0.822] | EEF [-0.087  0.01   1.024] | ObjZ 0.822 | Up 1.00 | Hold 0/0 | Age 0 (1) | Resets 0 | Shield 0
Ep 105 | Step 20/200 | XYZ [ 0.071 -0.14  -0.119] | RPY [-0.041  0.004  0.466] | Grip 1 (1.00) | Phase 5->5 | Ground 0.2cm | Target C | PredXYZ [-0.119 -0.101  0.822] | TrueXYZ [-0.118 -0.099  0.822] | EEF [-0.108 -0.013  0.934] | ObjZ 0.822 | Up 1.00 | Hold 0/0 | Age 3 (4) | Resets 0 | Shield 0
Ep 105 | Step 40/200 | XYZ [ 0.118  0.002 -0.656] | RPY [-0.003  0.007  0.002] | Grip 1 (1.00) | Phase 6->6 | Ground 0.9cm | Target C | PredXYZ [-0.127 -0.099  0.822] | TrueXYZ [-0.118 -0.099  0.822] | EEF [-0.106 -0.032  0.909] | ObjZ 0.822 | Up 1.00 | Hold 0/0 | Age 0 (1) | Resets 0 | Shield 0
Ep 105 | Step 60/200 | XYZ [ 0.035  0.005 -0.125] | RPY [-0.002  0.007 -0.002] | Grip 1 (1.00) | Phase 6->6 | Ground 1.5cm | Target C | PredXYZ [-0.119 -0.114  0.822] | TrueXYZ [-0.118 -0.099  0.822] | EEF [-0.097 -0.032  0.829] | ObjZ 0.822 | Up 1.00 | Hold 0/0 | Age 0 (1) | Resets 0 | Shield 0
Ep 105 | Step 80/200 | XYZ [-0.115 -0.581  0.   ] | RPY [0.016 0.014 0.015] | Grip 1 (1.00) | Phase 7->7 | Ground 1.2cm | Target C | PredXYZ [-0.135 -0.131  0.823] | TrueXYZ [-0.126 -0.131  0.823] | EEF [-0.112 -0.09   0.818] | ObjZ 0.823 | Up 1.00 | Hold 0/0 | Age 0 (1) | Resets 0 | Shield 10
Ep 105 | Step 90/200 | XYZ [-0.117 -0.497  0.   ] | RPY [0.005 0.008 0.005] | Grip 1 (1.00) | Phase 7->7 | Ground 2.4cm | Target C | PredXYZ [-0.162 -0.186  0.824] | TrueXYZ [-0.139 -0.19   0.823] | EEF [-0.127 -0.149  0.819] | ObjZ 0.823 | Up 1.00 | Hold 5/5 | Age 0 (1) | Resets 3 | Shield 20
Episode 105: Clean Success | failure=success | termination=success
Episode 106/120: Pick up the red cube | ensemble=temporal
Ep 106 | Step 1/200 | XYZ [-0.156 -0.329 -0.463] | RPY [ 0.001 -0.    -0.657] | Grip -1 (0.00) | Phase 0->0 | Ground 0.6cm | Target A | PredXYZ [-0.114 -0.072  0.823] | TrueXYZ [-0.11  -0.067  0.821] | EEF [-0.087 -0.023  1.013] | ObjZ 0.821 | Up 1.00 | Hold 0/0 | Age 0 (1) | Resets 0 | Shield 0
Ep 106 | Step 20/200 | XYZ [-0.001 -0.087 -0.1  ] | RPY [0.008 0.011 0.006] | Grip -1 (0.00) | Phase 0->0 | Ground 0.6cm | Target A | PredXYZ [-0.116 -0.069  0.822] | TrueXYZ [-0.11  -0.067  0.822] | EEF [-0.103 -0.046  0.956] | ObjZ 0.822 | Up 1.00 | Hold 0/0 | Age 3 (4) | Resets 0 | Shield 0
Ep 106 | Step 40/200 | XYZ [-0.02  -0.07  -0.313] | RPY [0.004 0.007 0.004] | Grip -1 (0.00) | Phase 1->1 | Ground 0.2cm | Target A | PredXYZ [-0.112 -0.068  0.821] | TrueXYZ [-0.11  -0.067  0.822] | EEF [-0.105 -0.056  0.858] | ObjZ 0.822 | Up 1.00 | Hold 0/0 | Age 0 (1) | Resets 0 | Shield 0
Ep 106 | Step 60/200 | XYZ [ 0.016  0.005 -0.041] | RPY [-0.002  0.002 -0.001] | Grip 1 (1.00) | Phase 2->2 | Ground 1.6cm | Target A | PredXYZ [-0.096 -0.06   0.826] | TrueXYZ [-0.11  -0.067  0.822] | EEF [-0.111 -0.068  0.821] | ObjZ 0.822 | Up 1.00 | Hold 0/0 | Age 0 (1) | Resets 2 | Shield 0
Ep 106 | Step 72/200 | XYZ [ 0.008 -0.002  0.559] | RPY [ 0.002  0.032 -0.   ] | Grip 1 (1.00) | Phase 3->3 | Ground 2.2cm | Target A | PredXYZ [-0.101 -0.066  0.876] | TrueXYZ [-0.12  -0.067  0.87 ] | EEF [-0.12  -0.067  0.868] | ObjZ 0.870 | Up 1.00 | Hold 5/0 | Age 0 (1) | Resets 4 | Shield 0
Ep 106 | Step 78/200 | XYZ [ 0.009 -0.002  0.417] | RPY [-0.001  0.011 -0.001] | Grip 1 (1.00) | Phase 3->3 | Ground 2.2cm | Target A | PredXYZ [-0.102 -0.065  0.909] | TrueXYZ [-0.122 -0.069  0.904] | EEF [-0.122 -0.069  0.902] | ObjZ 0.904 | Up 1.00 | Hold 11/5 | Age 0 (1) | Resets 6 | Shield 0
Episode 106: Clean Success | failure=success | termination=success
Scene rejected for ('push', 'C'): Deterministic push path is blocked by a distractor
Scene rejected for ('push', 'C'): Deterministic push path is blocked by a distractor
Scene rejected for ('push', 'C'): Deterministic push path is blocked by a distractor
Scene rejected for ('push', 'C'): Deterministic push path is blocked by a distractor
Scene rejected for ('push', 'C'): Deterministic push path is blocked by a distractor
Scene rejected for ('push', 'C'): Deterministic push path is blocked by a distractor
Scene rejected for ('push', 'C'): Deterministic push path is blocked by a distractor
Scene rejected for ('push', 'C'): Deterministic push path is blocked by a distractor
Scene rejected for ('push', 'C'): Deterministic push path is blocked by a distractor
Scene rejected for ('push', 'C'): Deterministic push path is blocked by a distractor
Scene rejected for ('push', 'C'): Deterministic push path is blocked by a distractor
Episode 107/120: Push the green cylinder away from the robot | ensemble=temporal
Ep 107 | Step 1/200 | XYZ [ 0.361 -0.379 -0.496] | RPY [ 0.001  0.001 -0.9  ] | Grip 1 (1.00) | Phase 5->5 | Ground 0.3cm | Target C | PredXYZ [ 0.005 -0.123  0.823] | TrueXYZ [ 0.006 -0.119  0.822] | EEF [-0.107 -0.007  1.   ] | ObjZ 0.822 | Up 1.00 | Hold 0/0 | Age 0 (1) | Resets 0 | Shield 0
Ep 107 | Step 20/200 | XYZ [ 0.105 -0.098 -0.106] | RPY [ 0.018  0.001 -0.026] | Grip 1 (1.00) | Phase 5->5 | Ground 0.5cm | Target C | PredXYZ [ 0.001 -0.122  0.822] | TrueXYZ [ 0.005 -0.119  0.822] | EEF [-0.064 -0.043  0.935] | ObjZ 0.822 | Up 1.00 | Hold 0/0 | Age 3 (4) | Resets 0 | Shield 0
Ep 107 | Step 40/200 | XYZ [ 0.007 -0.05  -0.352] | RPY [ 0.003 -0.006  0.003] | Grip 1 (1.00) | Phase 6->6 | Ground 0.9cm | Target C | PredXYZ [ 0.01  -0.127  0.822] | TrueXYZ [ 0.005 -0.119  0.822] | EEF [-0.049 -0.055  0.862] | ObjZ 0.822 | Up 1.00 | Hold 0/0 | Age 0 (1) | Resets 0 | Shield 0
Ep 107 | Step 60/200 | XYZ [ 0.397 -0.387 -0.046] | RPY [-0.    -0.001 -0.002] | Grip 1 (1.00) | Phase 6->6 | Ground 0.4cm | Target C | PredXYZ [ 0.009 -0.121  0.822] | TrueXYZ [ 0.005 -0.119  0.822] | EEF [-0.049 -0.063  0.82 ] | ObjZ 0.822 | Up 1.00 | Hold 0/0 | Age 0 (1) | Resets 0 | Shield 0
Ep 107 | Step 80/200 | XYZ [-0.027  0.043  0.002] | RPY [-0.009 -0.008 -0.003] | Grip 1 (1.00) | Phase 8->8 | Ground 0.2cm | Target C | PredXYZ [ 0.061 -0.172  0.823] | TrueXYZ [ 0.06  -0.174  0.823] | EEF [ 0.033 -0.147  0.816] | ObjZ 0.823 | Up 1.00 | Hold 4/4 | Age 3 (4) | Resets 1 | Shield 17
Ep 107 | Step 81/200 | XYZ [-0.032  0.048  0.   ] | RPY [-0.012 -0.014 -0.004] | Grip 1 (1.00) | Phase 8->8 | Ground 0.3cm | Target C | PredXYZ [ 0.063 -0.172  0.823] | TrueXYZ [ 0.061 -0.175  0.823] | EEF [ 0.034 -0.148  0.817] | ObjZ 0.823 | Up 1.00 | Hold 5/5 | Age 3 (4) | Resets 1 | Shield 17
Episode 107: Clean Success | failure=success | termination=success
Scene rejected for ('push', 'C'): Deterministic push path is blocked by a distractor
Scene rejected for ('push', 'C'): Deterministic push path is blocked by a distractor
Scene rejected for ('push', 'C'): Deterministic push path is blocked by a distractor
Scene rejected for ('push', 'C'): Deterministic push path is blocked by a distractor
Scene rejected for ('push', 'C'): Target is too close to the robot reference ray
Scene rejected for ('push', 'C'): Deterministic push path is blocked by a distractor
Scene rejected for ('push', 'C'): Deterministic push path is blocked by a distractor
Scene rejected for ('push', 'C'): Target is too close to the robot reference ray
Scene rejected for ('push', 'C'): Deterministic push path is blocked by a distractor
Scene rejected for ('push', 'C'): Deterministic push path is blocked by a distractor
Scene rejected for ('push', 'C'): Deterministic push path is blocked by a distractor
Scene rejected for ('push', 'C'): Deterministic push path is blocked by a distractor
Episode 108/120: Push the green cylinder away from the robot | ensemble=temporal
Ep 108 | Step 1/200 | XYZ [ 0.133  0.273 -0.576] | RPY [ 0.002 -0.003  0.9  ] | Grip 1 (1.00) | Phase 5->5 | Ground 0.5cm | Target C | PredXYZ [-0.04   0.112  0.823] | TrueXYZ [-0.041  0.106  0.822] | EEF [-0.095  0.     1.015] | ObjZ 0.822 | Up 1.00 | Hold 0/0 | Age 0 (1) | Resets 0 | Shield 0
Ep 108 | Step 20/200 | XYZ [ 0.065  0.027 -0.121] | RPY [-0.024 -0.001  0.156] | Grip 1 (1.00) | Phase 5->5 | Ground 1.1cm | Target C | PredXYZ [-0.036  0.116  0.822] | TrueXYZ [-0.041  0.106  0.822] | EEF [-0.083  0.029  0.942] | ObjZ 0.822 | Up 1.00 | Hold 0/0 | Age 3 (4) | Resets 0 | Shield 0
Ep 108 | Step 40/200 | XYZ [ 0.001  0.027 -0.333] | RPY [-0.003 -0.003 -0.004] | Grip 1 (1.00) | Phase 6->6 | Ground 0.7cm | Target C | PredXYZ [-0.039  0.113  0.822] | TrueXYZ [-0.041  0.106  0.822] | EEF [-0.076  0.029  0.861] | ObjZ 0.822 | Up 1.00 | Hold 0/0 | Age 0 (1) | Resets 0 | Shield 0
Ep 108 | Step 60/200 | XYZ [ 0.312  0.679 -0.044] | RPY [ 0.003 -0.     0.   ] | Grip 1 (1.00) | Phase 6->6 | Ground 0.8cm | Target C | PredXYZ [-0.041  0.115  0.822] | TrueXYZ [-0.041  0.106  0.822] | EEF [-0.077  0.036  0.82 ] | ObjZ 0.822 | Up 1.00 | Hold 0/0 | Age 0 (1) | Resets 0 | Shield 0
Ep 108 | Step 80/200 | XYZ [0.072 0.144 0.001] | RPY [0.006 0.    0.004] | Grip 1 (1.00) | Phase 8->8 | Ground 0.7cm | Target C | PredXYZ [-0.009  0.177  0.823] | TrueXYZ [-0.001  0.179  0.823] | EEF [-0.022  0.147  0.818] | ObjZ 0.823 | Up 1.00 | Hold 4/4 | Age 3 (4) | Resets 2 | Shield 17
Ep 108 | Step 81/200 | XYZ [-0.013 -0.046  0.008] | RPY [ 0.009 -0.     0.005] | Grip 1 (1.00) | Phase 8->8 | Ground 0.3cm | Target C | PredXYZ [-0.004  0.179  0.823] | TrueXYZ [0.    0.181 0.823] | EEF [-0.022  0.149  0.818] | ObjZ 0.823 | Up 1.00 | Hold 5/5 | Age 3 (4) | Resets 2 | Shield 17
Episode 108: Clean Success | failure=success | termination=success
Scene rejected for ('push', 'C'): Deterministic push path is blocked by a distractor
Scene rejected for ('push', 'C'): Deterministic push path is blocked by a distractor
Scene rejected for ('push', 'C'): Deterministic push path is blocked by a distractor
Scene rejected for ('push', 'C'): Deterministic push path is blocked by a distractor
Scene rejected for ('push', 'C'): Deterministic push path is blocked by a distractor
Scene rejected for ('push', 'C'): Deterministic push path is blocked by a distractor
Scene rejected for ('push', 'C'): Deterministic push path is blocked by a distractor
Scene rejected for ('push', 'C'): Deterministic push path is blocked by a distractor
Scene rejected for ('push', 'C'): Deterministic push path is blocked by a distractor
Scene rejected for ('push', 'C'): Deterministic push path is blocked by a distractor
Scene rejected for ('push', 'C'): Deterministic push path is blocked by a distractor
Scene rejected for ('push', 'C'): Deterministic push path is blocked by a distractor
Scene rejected for ('push', 'C'): Deterministic push path is blocked by a distractor
Scene rejected for ('push', 'C'): Deterministic push path is blocked by a distractor
Scene rejected for ('push', 'C'): Deterministic push path is blocked by a distractor
Episode 109/120: Push the green cylinder away from the robot | ensemble=temporal
Ep 109 | Step 1/200 | XYZ [ 0.9    0.354 -0.596] | RPY [0.001 0.002 0.764] | Grip 1 (1.00) | Phase 5->5 | Ground 1.1cm | Target C | PredXYZ [0.12  0.07  0.824] | TrueXYZ [0.109 0.068 0.822] | EEF [-0.108 -0.012  1.018] | ObjZ 0.822 | Up 1.00 | Hold 0/0 | Age 0 (1) | Resets 0 | Shield 0
Ep 109 | Step 20/200 | XYZ [ 0.23   0.117 -0.123] | RPY [-0.006 -0.002  0.001] | Grip 1 (1.00) | Phase 5->5 | Ground 1.0cm | Target C | PredXYZ [0.119 0.069 0.822] | TrueXYZ [0.109 0.068 0.822] | EEF [0.004 0.02  0.941] | ObjZ 0.822 | Up 1.00 | Hold 0/0 | Age 3 (4) | Resets 0 | Shield 0
Ep 109 | Step 40/200 | XYZ [ 0.029  0.019 -0.423] | RPY [-0.001 -0.005 -0.001] | Grip 1 (1.00) | Phase 6->6 | Ground 1.2cm | Target C | PredXYZ [0.121 0.069 0.822] | TrueXYZ [0.109 0.068 0.822] | EEF [0.032 0.034 0.872] | ObjZ 0.822 | Up 1.00 | Hold 0/0 | Age 0 (1) | Resets 0 | Shield 0
Ep 109 | Step 60/200 | XYZ [ 0.007  0.01  -0.076] | RPY [ 0.    -0.001 -0.   ] | Grip 1 (1.00) | Phase 6->6 | Ground 0.8cm | Target C | PredXYZ [0.117 0.069 0.822] | TrueXYZ [0.109 0.068 0.822] | EEF [0.034 0.036 0.823] | ObjZ 0.822 | Up 1.00 | Hold 0/0 | Age 0 (1) | Resets 0 | Shield 0
Ep 109 | Step 80/200 | XYZ [0.44  0.125 0.   ] | RPY [0.003 0.007 0.   ] | Grip 1 (1.00) | Phase 7->7 | Ground 0.5cm | Target C | PredXYZ [0.172 0.067 0.823] | TrueXYZ [0.178 0.063 0.823] | EEF [0.133 0.084 0.815] | ObjZ 0.823 | Up 1.00 | Hold 0/0 | Age 0 (1) | Resets 0 | Shield 15
Ep 109 | Step 85/200 | XYZ [0.308 0.056 0.003] | RPY [ 0.002 -0.001 -0.002] | Grip 1 (1.00) | Phase 7->7 | Ground 1.0cm | Target C | PredXYZ [0.199 0.056 0.824] | TrueXYZ [0.2   0.065 0.823] | EEF [0.157 0.092 0.815] | ObjZ 0.823 | Up 1.00 | Hold 5/5 | Age 0 (1) | Resets 0 | Shield 19
Episode 109: Clean Success | failure=success | termination=success
Episode 110/120: Push the blue ball away from the robot | ensemble=temporal
Ep 110 | Step 1/200 | XYZ [ 0.778 -0.307 -0.593] | RPY [ 0.002 -0.001 -0.849] | Grip 1 (1.00) | Phase 5->5 | Ground 0.0cm | Target B | PredXYZ [ 0.106 -0.089  0.828] | TrueXYZ [ 0.106 -0.089  0.826] | EEF [-0.084 -0.015  1.018] | ObjZ 0.826 | Up 1.00 | Hold 0/0 | Age 0 (1) | Resets 0 | Shield 0
Ep 110 | Step 20/200 | XYZ [ 0.194 -0.125 -0.118] | RPY [0.01  0.    0.007] | Grip 1 (1.00) | Phase 5->5 | Ground 0.4cm | Target B | PredXYZ [ 0.106 -0.094  0.826] | TrueXYZ [ 0.106 -0.089  0.826] | EEF [ 0.005 -0.041  0.942] | ObjZ 0.826 | Up 1.00 | Hold 0/0 | Age 3 (4) | Resets 0 | Shield 0
Ep 110 | Step 40/200 | XYZ [ 0.016 -0.02  -0.376] | RPY [ 0.    -0.005  0.001] | Grip 1 (1.00) | Phase 6->6 | Ground 0.3cm | Target B | PredXYZ [ 0.107 -0.092  0.826] | TrueXYZ [ 0.106 -0.089  0.826] | EEF [ 0.03  -0.057  0.879] | ObjZ 0.826 | Up 1.00 | Hold 0/0 | Age 0 (1) | Resets 0 | Shield 0
Ep 110 | Step 60/200 | XYZ [ 0.003 -0.002 -0.072] | RPY [-0.    -0.    -0.001] | Grip 1 (1.00) | Phase 6->6 | Ground 0.5cm | Target B | PredXYZ [ 0.104 -0.094  0.826] | TrueXYZ [ 0.106 -0.089  0.826] | EEF [ 0.03  -0.058  0.833] | ObjZ 0.826 | Up 1.00 | Hold 0/0 | Age 0 (1) | Resets 0 | Shield 0
Ep 110 | Step 78/200 | XYZ [-0.119  0.05  -0.009] | RPY [-0.016 -0.05  -0.002] | Grip 1 (1.00) | Phase 8->8 | Ground 0.1cm | Target B | PredXYZ [ 0.183 -0.126  0.826] | TrueXYZ [ 0.185 -0.126  0.826] | EEF [ 0.15  -0.116  0.83 ] | ObjZ 0.826 | Up 1.00 | Hold 5/5 | Age 3 (4) | Resets 2 | Shield 0
Episode 110: Clean Success | failure=success | termination=success
Scene rejected for ('push', 'C'): Deterministic push path is blocked by a distractor
Scene rejected for ('push', 'C'): Deterministic push path is blocked by a distractor
Scene rejected for ('push', 'C'): Deterministic push path is blocked by a distractor
Scene rejected for ('push', 'C'): Deterministic push path is blocked by a distractor
Scene rejected for ('push', 'C'): Deterministic push path is blocked by a distractor
Scene rejected for ('push', 'C'): Deterministic push path is blocked by a distractor
Scene rejected for ('push', 'C'): Deterministic push path is blocked by a distractor
Episode 111/120: Push the green cylinder away from the robot | ensemble=temporal
Ep 111 | Step 1/200 | XYZ [ 0.622  0.448 -0.522] | RPY [-0.     0.001  0.9  ] | Grip 1 (1.00) | Phase 5->5 | Ground 0.5cm | Target C | PredXYZ [0.053 0.122 0.824] | TrueXYZ [0.049 0.119 0.822] | EEF [-0.117  0.008  1.005] | ObjZ 0.822 | Up 1.00 | Hold 0/0 | Age 0 (1) | Resets 0 | Shield 0
Ep 111 | Step 20/200 | XYZ [ 0.162  0.115 -0.114] | RPY [-0.009 -0.003  0.004] | Grip 1 (1.00) | Phase 5->5 | Ground 0.5cm | Target C | PredXYZ [0.051 0.123 0.822] | TrueXYZ [0.049 0.119 0.822] | EEF [-0.04   0.055  0.939] | ObjZ 0.822 | Up 1.00 | Hold 0/0 | Age 3 (4) | Resets 0 | Shield 0
Ep 111 | Step 40/200 | XYZ [ 0.014  0.032 -0.419] | RPY [-0.002 -0.009 -0.002] | Grip 1 (1.00) | Phase 6->6 | Ground 0.8cm | Target C | PredXYZ [0.055 0.125 0.822] | TrueXYZ [0.049 0.119 0.822] | EEF [-0.019  0.069  0.871] | ObjZ 0.822 | Up 1.00 | Hold 0/0 | Age 0 (1) | Resets 0 | Shield 0
Ep 111 | Step 60/200 | XYZ [ 0.012  0.004 -0.073] | RPY [ 0.001  0.    -0.   ] | Grip 1 (1.00) | Phase 6->6 | Ground 0.6cm | Target C | PredXYZ [0.049 0.125 0.822] | TrueXYZ [0.049 0.119 0.822] | EEF [-0.02   0.072  0.822] | ObjZ 0.822 | Up 1.00 | Hold 0/0 | Age 0 (1) | Resets 0 | Shield 0
Ep 111 | Step 80/200 | XYZ [0.358 0.267 0.   ] | RPY [0.001 0.001 0.002] | Grip 1 (1.00) | Phase 7->7 | Ground 1.2cm | Target C | PredXYZ [0.107 0.173 0.823] | TrueXYZ [0.109 0.164 0.823] | EEF [0.079 0.141 0.814] | ObjZ 0.823 | Up 1.00 | Hold 2/2 | Age 0 (1) | Resets 1 | Shield 17
Ep 111 | Step 83/200 | XYZ [0.328 0.239 0.   ] | RPY [ 0.002 -0.002  0.001] | Grip 1 (1.00) | Phase 7->7 | Ground 2.1cm | Target C | PredXYZ [0.117 0.191 0.824] | TrueXYZ [0.121 0.173 0.823] | EEF [0.091 0.15  0.814] | ObjZ 0.823 | Up 1.00 | Hold 5/5 | Age 0 (1) | Resets 1 | Shield 20
Episode 111: Clean Success | failure=success | termination=success
Episode 112/120: Pick up the red cube | ensemble=temporal
Ep 112 | Step 1/200 | XYZ [ 0.886 -0.61  -0.425] | RPY [-0.    -0.002  0.9  ] | Grip -1 (0.00) | Phase 0->0 | Ground 0.5cm | Target A | PredXYZ [ 0.063 -0.106  0.823] | TrueXYZ [ 0.068 -0.103  0.821] | EEF [-0.097 -0.002  1.009] | ObjZ 0.821 | Up 1.00 | Hold 0/0 | Age 0 (1) | Resets 0 | Shield 0
Ep 112 | Step 20/200 | XYZ [ 0.338 -0.104 -0.059] | RPY [-0.024  0.009  0.017] | Grip -1 (0.00) | Phase 0->0 | Ground 0.7cm | Target A | PredXYZ [ 0.061 -0.106  0.821] | TrueXYZ [ 0.068 -0.103  0.822] | EEF [ 0.021 -0.086  0.95 ] | ObjZ 0.822 | Up 1.00 | Hold 0/0 | Age 3 (4) | Resets 0 | Shield 0
Ep 112 | Step 40/200 | XYZ [ 0.042 -0.027 -0.568] | RPY [ 0.001 -0.007  0.003] | Grip -1 (0.00) | Phase 1->1 | Ground 0.4cm | Target A | PredXYZ [ 0.065 -0.107  0.821] | TrueXYZ [ 0.068 -0.103  0.822] | EEF [ 0.065 -0.098  0.899] | ObjZ 0.822 | Up 1.00 | Hold 0/0 | Age 0 (1) | Resets 0 | Shield 0
Ep 112 | Step 60/200 | XYZ [ 0.006  0.003 -0.113] | RPY [-0.001 -0.001 -0.001] | Grip -1 (0.00) | Phase 1->1 | Ground 0.9cm | Target A | PredXYZ [ 0.07  -0.095  0.821] | TrueXYZ [ 0.068 -0.103  0.822] | EEF [ 0.068 -0.102  0.83 ] | ObjZ 0.822 | Up 1.00 | Hold 0/0 | Age 0 (1) | Resets 0 | Shield 0
Ep 112 | Step 80/200 | XYZ [0.001 0.003 0.613] | RPY [-0.002 -0.005 -0.002] | Grip 1 (1.00) | Phase 3->3 | Ground 0.5cm | Target A | PredXYZ [ 0.062 -0.104  0.853] | TrueXYZ [ 0.068 -0.104  0.861] | EEF [ 0.069 -0.103  0.858] | ObjZ 0.861 | Up 1.00 | Hold 3/0 | Age 0 (1) | Resets 2 | Shield 0
Ep 112 | Step 82/200 | XYZ [0.002 0.003 0.56 ] | RPY [-0.001 -0.002 -0.002] | Grip 1 (1.00) | Phase 3->3 | Ground 1.2cm | Target A | PredXYZ [ 0.057 -0.106  0.862] | TrueXYZ [ 0.067 -0.104  0.874] | EEF [ 0.068 -0.103  0.872] | ObjZ 0.874 | Up 1.00 | Hold 5/0 | Age 0 (1) | Resets 2 | Shield 0
Ep 112 | Step 87/200 | XYZ [0.002 0.004 0.44 ] | RPY [ 0.001  0.005 -0.001] | Grip 1 (1.00) | Phase 3->3 | Ground 0.4cm | Target A | PredXYZ [ 0.065 -0.108  0.899] | TrueXYZ [ 0.065 -0.104  0.903] | EEF [ 0.066 -0.103  0.901] | ObjZ 0.903 | Up 1.00 | Hold 10/5 | Age 0 (1) | Resets 3 | Shield 0
Episode 112: Clean Success | failure=success | termination=success
Scene rejected for ('push', 'C'): Deterministic push path is blocked by a distractor
Scene rejected for ('push', 'C'): Deterministic push path is blocked by a distractor
Scene rejected for ('push', 'C'): Deterministic push path is blocked by a distractor
Scene rejected for ('push', 'C'): Deterministic push path is blocked by a distractor
Scene rejected for ('push', 'C'): Deterministic push path is blocked by a distractor
Scene rejected for ('push', 'C'): Deterministic push path is blocked by a distractor
Scene rejected for ('push', 'C'): Deterministic push path is blocked by a distractor
Scene rejected for ('push', 'C'): Deterministic push path is blocked by a distractor
Scene rejected for ('push', 'C'): Deterministic push path is blocked by a distractor
Scene rejected for ('push', 'C'): Deterministic push path is blocked by a distractor
Scene rejected for ('push', 'C'): Deterministic push path is blocked by a distractor
Scene rejected for ('push', 'C'): Deterministic push path is blocked by a distractor
Scene rejected for ('push', 'C'): Deterministic push path is blocked by a distractor
Episode 113/120: Push the green cylinder away from the robot | ensemble=temporal
Ep 113 | Step 1/200 | XYZ [-0.036  0.191 -0.543] | RPY [-0.002 -0.001 -0.9  ] | Grip 1 (1.00) | Phase 5->5 | Ground 0.7cm | Target C | PredXYZ [-0.104 -0.074  0.823] | TrueXYZ [-0.097 -0.074  0.822] | EEF [-0.105 -0.024  1.008] | ObjZ 0.822 | Up 1.00 | Hold 0/0 | Age 0 (1) | Resets 0 | Shield 0
Ep 113 | Step 20/200 | XYZ [ 0.037  0.116 -0.104] | RPY [ 0.031 -0.008 -0.466] | Grip 1 (1.00) | Phase 5->5 | Ground 1.1cm | Target C | PredXYZ [-0.107 -0.079  0.822] | TrueXYZ [-0.097 -0.074  0.822] | EEF [-0.12  -0.006  0.934] | ObjZ 0.822 | Up 1.00 | Hold 0/0 | Age 3 (4) | Resets 0 | Shield 0
Ep 113 | Step 40/200 | XYZ [ 0.057 -0.035 -0.182] | RPY [0.002 0.012 0.001] | Grip 1 (1.00) | Phase 6->6 | Ground 0.6cm | Target C | PredXYZ [-0.102 -0.076  0.822] | TrueXYZ [-0.097 -0.074  0.822] | EEF [-0.122  0.013  0.836] | ObjZ 0.822 | Up 1.00 | Hold 0/0 | Age 0 (1) | Resets 0 | Shield 0
Ep 113 | Step 60/200 | XYZ [ 0.087 -0.64  -0.025] | RPY [ 0.023 -0.008  0.02 ] | Grip 1 (1.00) | Phase 7->7 | Ground 0.4cm | Target C | PredXYZ [-0.093 -0.076  0.822] | TrueXYZ [-0.097 -0.074  0.822] | EEF [-0.102 -0.036  0.819] | ObjZ 0.822 | Up 1.00 | Hold 0/0 | Age 0 (1) | Resets 0 | Shield 7
Ep 113 | Step 75/200 | XYZ [0.001 0.035 0.008] | RPY [-0.006  0.003 -0.005] | Grip 1 (1.00) | Phase 8->8 | Ground 0.6cm | Target C | PredXYZ [-0.089 -0.154  0.822] | TrueXYZ [-0.084 -0.16   0.823] | EEF [-0.092 -0.123  0.818] | ObjZ 0.823 | Up 1.00 | Hold 5/5 | Age 3 (4) | Resets 1 | Shield 12
Episode 113: Clean Success | failure=success | termination=success
Scene rejected for ('pick', 'C'): Pick target lacks bilateral gripper clearance
Episode 114/120: Pick up the green cylinder | ensemble=temporal
Ep 114 | Step 1/200 | XYZ [ 0.9   -0.287 -0.479] | RPY [0.    0.001 0.002] | Grip -1 (0.00) | Phase 0->0 | Ground 0.5cm | Target C | PredXYZ [ 0.126 -0.045  0.824] | TrueXYZ [ 0.122 -0.042  0.822] | EEF [-9.500e-02 -1.000e-03  1.018e+00] | ObjZ 0.822 | Up 1.00 | Hold 0/0 | Age 0 (1) | Resets 0 | Shield 0
Ep 114 | Step 20/200 | XYZ [ 0.424 -0.062 -0.09 ] | RPY [-0.004 -0.003 -0.001] | Grip -1 (0.00) | Phase 0->0 | Ground 0.5cm | Target C | PredXYZ [ 0.125 -0.046  0.822] | TrueXYZ [ 0.122 -0.042  0.822] | EEF [ 0.065 -0.036  0.953] | ObjZ 0.822 | Up 1.00 | Hold 0/0 | Age 3 (4) | Resets 0 | Shield 0
Ep 114 | Step 40/200 | XYZ [ 0.051 -0.001 -0.619] | RPY [ 0.001 -0.005  0.001] | Grip -1 (0.00) | Phase 1->1 | Ground 0.5cm | Target C | PredXYZ [ 0.126 -0.04   0.822] | TrueXYZ [ 0.122 -0.042  0.822] | EEF [ 0.117 -0.042  0.906] | ObjZ 0.822 | Up 1.00 | Hold 0/0 | Age 0 (1) | Resets 0 | Shield 0
Ep 114 | Step 60/200 | XYZ [ 0.005  0.    -0.127] | RPY [-0.    -0.002 -0.   ] | Grip -1 (0.00) | Phase 1->1 | Ground 0.2cm | Target C | PredXYZ [ 0.124 -0.043  0.822] | TrueXYZ [ 0.122 -0.042  0.822] | EEF [ 0.122 -0.043  0.832] | ObjZ 0.822 | Up 1.00 | Hold 0/0 | Age 0 (1) | Resets 0 | Shield 0
Ep 114 | Step 80/200 | XYZ [0.    0.    0.641] | RPY [-0.002 -0.007  0.   ] | Grip 1 (1.00) | Phase 3->3 | Ground 0.8cm | Target C | PredXYZ [ 0.128 -0.04   0.856] | TrueXYZ [ 0.123 -0.044  0.859] | EEF [ 0.124 -0.044  0.857] | ObjZ 0.859 | Up 1.00 | Hold 3/0 | Age 0 (1) | Resets 1 | Shield 0
Ep 114 | Step 82/200 | XYZ [ 0.001 -0.     0.568] | RPY [-0.001 -0.005  0.   ] | Grip 1 (1.00) | Phase 3->3 | Ground 0.3cm | Target C | PredXYZ [ 0.125 -0.043  0.868] | TrueXYZ [ 0.123 -0.044  0.873] | EEF [ 0.123 -0.044  0.871] | ObjZ 0.873 | Up 1.00 | Hold 5/0 | Age 0 (1) | Resets 1 | Shield 0
Ep 114 | Step 88/200 | XYZ [ 0.    -0.001  0.411] | RPY [-0.001  0.005 -0.001] | Grip 1 (1.00) | Phase 3->3 | Ground 0.9cm | Target C | PredXYZ [ 0.127 -0.048  0.908] | TrueXYZ [ 0.12  -0.044  0.907] | EEF [ 0.121 -0.044  0.905] | ObjZ 0.907 | Up 1.00 | Hold 11/5 | Age 0 (1) | Resets 3 | Shield 0
Episode 114: Clean Success | failure=success | termination=success
Episode 115/120: Pick up the red cube | ensemble=temporal
Ep 115 | Step 1/200 | XYZ [ 0.9   -0.212 -0.391] | RPY [ 0.004  0.001 -0.739] | Grip -1 (0.00) | Phase 0->0 | Ground 0.5cm | Target A | PredXYZ [ 0.073 -0.073  0.823] | TrueXYZ [ 0.068 -0.075  0.821] | EEF [-0.103 -0.039  1.005] | ObjZ 0.821 | Up 1.00 | Hold 0/0 | Age 0 (1) | Resets 0 | Shield 0
Ep 115 | Step 20/200 | XYZ [ 0.277 -0.106 -0.085] | RPY [ 0.006 -0.009  0.   ] | Grip -1 (0.00) | Phase 0->0 | Ground 0.7cm | Target A | PredXYZ [ 0.071 -0.082  0.821] | TrueXYZ [ 0.068 -0.075  0.822] | EEF [ 0.026 -0.063  0.954] | ObjZ 0.822 | Up 1.00 | Hold 0/0 | Age 3 (4) | Resets 0 | Shield 0
Ep 115 | Step 40/200 | XYZ [ 0.026 -0.012 -0.505] | RPY [ 0.001 -0.007  0.001] | Grip -1 (0.00) | Phase 1->1 | Ground 0.5cm | Target A | PredXYZ [ 0.067 -0.08   0.821] | TrueXYZ [ 0.068 -0.075  0.822] | EEF [ 0.059 -0.077  0.888] | ObjZ 0.822 | Up 1.00 | Hold 0/0 | Age 0 (1) | Resets 0 | Shield 0
Ep 115 | Step 60/200 | XYZ [ 0.019  0.008 -0.103] | RPY [-0.     0.    -0.001] | Grip -1 (0.00) | Phase 1->1 | Ground 0.8cm | Target A | PredXYZ [ 0.071 -0.083  0.821] | TrueXYZ [ 0.068 -0.075  0.822] | EEF [ 0.062 -0.076  0.825] | ObjZ 0.822 | Up 1.00 | Hold 0/0 | Age 0 (1) | Resets 0 | Shield 0
Ep 115 | Step 80/200 | XYZ [ 0.004 -0.002  0.649] | RPY [-0.001  0.001  0.   ] | Grip 1 (1.00) | Phase 3->3 | Ground 1.2cm | Target A | PredXYZ [ 0.062 -0.078  0.841] | TrueXYZ [ 0.067 -0.076  0.859] | EEF [ 0.064 -0.075  0.853] | ObjZ 0.859 | Up 1.00 | Hold 3/0 | Age 0 (1) | Resets 1 | Shield 0
Ep 115 | Step 82/200 | XYZ [ 0.004 -0.002  0.585] | RPY [-0.001  0.003 -0.   ] | Grip 1 (1.00) | Phase 3->3 | Ground 0.7cm | Target A | PredXYZ [ 0.067 -0.079  0.861] | TrueXYZ [ 0.066 -0.076  0.874] | EEF [ 0.063 -0.075  0.868] | ObjZ 0.874 | Up 1.00 | Hold 5/0 | Age 0 (1) | Resets 2 | Shield 0
Ep 115 | Step 87/200 | XYZ [ 0.005 -0.002  0.442] | RPY [-0.001  0.007 -0.001] | Grip 1 (1.00) | Phase 3->3 | Ground 0.3cm | Target A | PredXYZ [ 0.064 -0.079  0.898] | TrueXYZ [ 0.064 -0.076  0.904] | EEF [ 0.062 -0.075  0.898] | ObjZ 0.904 | Up 1.00 | Hold 10/5 | Age 0 (1) | Resets 5 | Shield 0
Episode 115: Clean Success | failure=success | termination=success
Scene rejected for ('push', 'B'): Deterministic push path is blocked by a distractor
Scene rejected for ('push', 'B'): Deterministic push path is blocked by a distractor
Scene rejected for ('push', 'B'): Deterministic push path is blocked by a distractor
Scene rejected for ('push', 'B'): Deterministic push path is blocked by a distractor
Scene rejected for ('push', 'B'): Deterministic push path is blocked by a distractor
Scene rejected for ('push', 'B'): Target is too close to the robot reference ray
Scene rejected for ('push', 'B'): Deterministic push path leaves the safe workspace
Scene rejected for ('push', 'B'): Target is too close to the robot reference ray
Scene rejected for ('push', 'B'): Deterministic push path is blocked by a distractor
Scene rejected for ('push', 'B'): Deterministic push path is blocked by a distractor
Scene rejected for ('push', 'B'): Target is too close to the robot reference ray
Episode 116/120: Push the blue ball away from the robot | ensemble=temporal
Ep 116 | Step 1/200 | XYZ [ 0.834  0.616 -0.558] | RPY [0.    0.001 0.9  ] | Grip 1 (1.00) | Phase 5->5 | Ground 0.5cm | Target B | PredXYZ [0.102 0.114 0.828] | TrueXYZ [0.097 0.113 0.826] | EEF [-0.101 -0.023  1.015] | ObjZ 0.826 | Up 1.00 | Hold 0/0 | Age 0 (1) | Resets 0 | Shield 0
Ep 116 | Step 20/200 | XYZ [ 0.208  0.18  -0.121] | RPY [-0.013 -0.003  0.004] | Grip 1 (1.00) | Phase 5->5 | Ground 0.8cm | Target B | PredXYZ [0.104 0.117 0.826] | TrueXYZ [0.097 0.113 0.826] | EEF [0.005 0.042 0.943] | ObjZ 0.826 | Up 1.00 | Hold 0/0 | Age 3 (4) | Resets 0 | Shield 0
Ep 116 | Step 40/200 | XYZ [ 0.009  0.028 -0.438] | RPY [-0.001 -0.008 -0.   ] | Grip 1 (1.00) | Phase 6->6 | Ground 1.1cm | Target B | PredXYZ [0.106 0.118 0.826] | TrueXYZ [0.097 0.113 0.826] | EEF [0.03  0.065 0.888] | ObjZ 0.826 | Up 1.00 | Hold 0/0 | Age 0 (1) | Resets 0 | Shield 0
Ep 116 | Step 60/200 | XYZ [ 0.004  0.017 -0.084] | RPY [-0.001 -0.    -0.   ] | Grip 1 (1.00) | Phase 6->6 | Ground 0.7cm | Target B | PredXYZ [0.101 0.118 0.826] | TrueXYZ [0.097 0.113 0.826] | EEF [0.029 0.069 0.834] | ObjZ 0.826 | Up 1.00 | Hold 0/0 | Age 0 (1) | Resets 0 | Shield 0
Ep 116 | Step 80/200 | XYZ [-0.089 -0.064  0.   ] | RPY [ 0.014 -0.015  0.006] | Grip 1 (1.00) | Phase 8->8 | Ground 1.1cm | Target B | PredXYZ [0.177 0.163 0.826] | TrueXYZ [0.17  0.161 0.826] | EEF [0.136 0.146 0.82 ] | ObjZ 0.826 | Up 1.00 | Hold 3/3 | Age 0 (1) | Resets 6 | Shield 1
Ep 116 | Step 82/200 | XYZ [-0.106 -0.066 -0.002] | RPY [ 0.02  -0.042  0.005] | Grip 1 (1.00) | Phase 8->8 | Ground 1.2cm | Target B | PredXYZ [0.182 0.169 0.826] | TrueXYZ [0.173 0.163 0.826] | EEF [0.141 0.148 0.826] | ObjZ 0.826 | Up 1.00 | Hold 5/5 | Age 2 (3) | Resets 6 | Shield 2
Episode 116: Clean Success | failure=success | termination=success
Episode 117/120: Pick up the red cube | ensemble=temporal
Ep 117 | Step 1/200 | XYZ [ 0.9    0.323 -0.359] | RPY [ 0.002 -0.001 -0.654] | Grip -1 (0.00) | Phase 0->0 | Ground 1.0cm | Target A | PredXYZ [0.125 0.036 0.824] | TrueXYZ [0.117 0.041 0.821] | EEF [-0.104 -0.015  0.996] | ObjZ 0.821 | Up 1.00 | Hold 0/0 | Age 0 (1) | Resets 0 | Shield 0
Ep 117 | Step 20/200 | XYZ [ 0.412  0.037 -0.054] | RPY [ 0.011 -0.007  0.007] | Grip -1 (0.00) | Phase 0->0 | Ground 0.9cm | Target A | PredXYZ [0.125 0.042 0.822] | TrueXYZ [0.117 0.041 0.822] | EEF [0.053 0.037 0.949] | ObjZ 0.822 | Up 1.00 | Hold 0/0 | Age 3 (4) | Resets 0 | Shield 0
Ep 117 | Step 40/200 | XYZ [ 0.082  0.011 -0.679] | RPY [-0.001 -0.003 -0.001] | Grip -1 (0.00) | Phase 1->1 | Ground 0.6cm | Target A | PredXYZ [0.122 0.037 0.822] | TrueXYZ [0.117 0.041 0.822] | EEF [0.106 0.041 0.914] | ObjZ 0.822 | Up 1.00 | Hold 0/0 | Age 0 (1) | Resets 0 | Shield 0
Ep 117 | Step 60/200 | XYZ [ 0.017 -0.005 -0.133] | RPY [ 0.001 -0.003 -0.   ] | Grip -1 (0.00) | Phase 1->1 | Ground 0.1cm | Target A | PredXYZ [0.115 0.041 0.822] | TrueXYZ [0.117 0.041 0.822] | EEF [0.115 0.042 0.833] | ObjZ 0.822 | Up 1.00 | Hold 0/0 | Age 0 (1) | Resets 0 | Shield 0
Ep 117 | Step 80/200 | XYZ [ 0.003 -0.002  0.688] | RPY [ 0.003 -0.012  0.002] | Grip 1 (1.00) | Phase 3->3 | Ground 0.5cm | Target A | PredXYZ [0.115 0.038 0.832] | TrueXYZ [0.118 0.042 0.843] | EEF [0.118 0.042 0.842] | ObjZ 0.843 | Up 1.00 | Hold 1/0 | Age 0 (1) | Resets 0 | Shield 0
Ep 117 | Step 84/200 | XYZ [ 0.003 -0.001  0.56 ] | RPY [ 0.002 -0.007  0.002] | Grip 1 (1.00) | Phase 3->3 | Ground 1.3cm | Target A | PredXYZ [0.129 0.038 0.874] | TrueXYZ [0.118 0.042 0.874] | EEF [0.118 0.043 0.872] | ObjZ 0.874 | Up 1.00 | Hold 5/0 | Age 0 (1) | Resets 2 | Shield 0
Ep 117 | Step 89/200 | XYZ [ 0.003 -0.002  0.434] | RPY [0.001 0.004 0.002] | Grip 1 (1.00) | Phase 3->3 | Ground 1.0cm | Target A | PredXYZ [0.125 0.043 0.904] | TrueXYZ [0.117 0.042 0.902] | EEF [0.117 0.043 0.9  ] | ObjZ 0.902 | Up 1.00 | Hold 10/5 | Age 0 (1) | Resets 3 | Shield 0
Episode 117: Clean Success | failure=success | termination=success
Scene rejected for ('push', 'B'): Deterministic push path is blocked by a distractor
Episode 118/120: Push the blue ball away from the robot | ensemble=temporal
Ep 118 | Step 1/200 | XYZ [ 0.63   0.402 -0.505] | RPY [-0.003  0.001  0.9  ] | Grip 1 (1.00) | Phase 5->5 | Ground 0.6cm | Target B | PredXYZ [0.071 0.131 0.827] | TrueXYZ [0.071 0.125 0.826] | EEF [-0.095  0.031  1.004] | ObjZ 0.826 | Up 1.00 | Hold 0/0 | Age 0 (1) | Resets 0 | Shield 0
Ep 118 | Step 20/200 | XYZ [ 0.161  0.107 -0.104] | RPY [-0.009 -0.003 -0.004] | Grip 1 (1.00) | Phase 5->5 | Ground 0.4cm | Target B | PredXYZ [0.075 0.127 0.826] | TrueXYZ [0.071 0.125 0.826] | EEF [-0.018  0.069  0.94 ] | ObjZ 0.826 | Up 1.00 | Hold 0/0 | Age 3 (4) | Resets 0 | Shield 0
Ep 118 | Step 40/200 | XYZ [ 0.005  0.007 -0.321] | RPY [-0.001 -0.002 -0.001] | Grip 1 (1.00) | Phase 6->6 | Ground 1.2cm | Target B | PredXYZ [0.079 0.134 0.826] | TrueXYZ [0.071 0.125 0.826] | EEF [-0.     0.081  0.871] | ObjZ 0.826 | Up 1.00 | Hold 0/0 | Age 0 (1) | Resets 0 | Shield 0
Ep 118 | Step 60/200 | XYZ [ 0.9    0.726 -0.059] | RPY [-0.002 -0.001 -0.001] | Grip 1 (1.00) | Phase 7->7 | Ground 0.8cm | Target B | PredXYZ [0.077 0.131 0.826] | TrueXYZ [0.071 0.125 0.826] | EEF [0.004 0.086 0.831] | ObjZ 0.826 | Up 1.00 | Hold 0/0 | Age 0 (1) | Resets 0 | Shield 0
Ep 118 | Step 75/200 | XYZ [-0.108 -0.073 -0.01 ] | RPY [ 0.021 -0.043  0.004] | Grip 1 (1.00) | Phase 8->8 | Ground 1.7cm | Target B | PredXYZ [0.158 0.175 0.826] | TrueXYZ [0.144 0.172 0.826] | EEF [0.112 0.158 0.828] | ObjZ 0.826 | Up 1.00 | Hold 5/5 | Age 3 (4) | Resets 6 | Shield 0
Episode 118: Clean Success | failure=success | termination=success
Scene rejected for ('pick', 'C'): Pick target lacks bilateral gripper clearance
Episode 119/120: Pick up the green cylinder | ensemble=temporal
Ep 119 | Step 1/200 | XYZ [ 0.641 -0.624 -0.338] | RPY [0.002 0.003 0.003] | Grip -1 (0.00) | Phase 0->0 | Ground 0.2cm | Target C | PredXYZ [-0.02  -0.106  0.824] | TrueXYZ [-0.018 -0.104  0.822] | EEF [-0.119 -0.011  0.996] | ObjZ 0.822 | Up 1.00 | Hold 0/0 | Age 0 (1) | Resets 0 | Shield 0
Ep 119 | Step 20/200 | XYZ [ 0.175 -0.133 -0.07 ] | RPY [-0.005 -0.001 -0.005] | Grip -1 (0.00) | Phase 0->0 | Ground 0.3cm | Target C | PredXYZ [-0.019 -0.102  0.822] | TrueXYZ [-0.018 -0.104  0.822] | EEF [-0.038 -0.092  0.953] | ObjZ 0.822 | Up 1.00 | Hold 0/0 | Age 3 (4) | Resets 0 | Shield 0
Ep 119 | Step 40/200 | XYZ [ 0.012 -0.017 -0.364] | RPY [ 0.001 -0.002  0.002] | Grip -1 (0.00) | Phase 1->1 | Ground 0.6cm | Target C | PredXYZ [-0.023 -0.108  0.822] | TrueXYZ [-0.018 -0.104  0.822] | EEF [-0.017 -0.104  0.869] | ObjZ 0.822 | Up 1.00 | Hold 0/0 | Age 0 (1) | Resets 0 | Shield 0
Ep 119 | Step 60/200 | XYZ [ 0.003  0.009 -0.072] | RPY [-0.001  0.    -0.002] | Grip -1 (0.00) | Phase 1->1 | Ground 0.7cm | Target C | PredXYZ [-0.012 -0.104  0.822] | TrueXYZ [-0.018 -0.104  0.822] | EEF [-0.019 -0.107  0.824] | ObjZ 0.822 | Up 1.00 | Hold 0/0 | Age 0 (1) | Resets 0 | Shield 0
Ep 119 | Step 75/200 | XYZ [0.006 0.    0.57 ] | RPY [ 0.     0.012 -0.001] | Grip 1 (1.00) | Phase 3->3 | Ground 0.6cm | Target C | PredXYZ [-0.015 -0.11   0.862] | TrueXYZ [-0.022 -0.108  0.87 ] | EEF [-0.023 -0.108  0.867] | ObjZ 0.870 | Up 1.00 | Hold 5/0 | Age 0 (1) | Resets 2 | Shield 0
Ep 119 | Step 80/200 | XYZ [ 0.006 -0.001  0.443] | RPY [-0.     0.007 -0.001] | Grip 1 (1.00) | Phase 3->3 | Ground 1.0cm | Target C | PredXYZ [-0.029 -0.113  0.887] | TrueXYZ [-0.024 -0.109  0.899] | EEF [-0.025 -0.109  0.897] | ObjZ 0.899 | Up 1.00 | Hold 10/4 | Age 0 (1) | Resets 3 | Shield 0
Ep 119 | Step 81/200 | XYZ [ 0.007 -0.001  0.421] | RPY [-0.     0.006 -0.001] | Grip 1 (1.00) | Phase 3->3 | Ground 0.3cm | Target C | PredXYZ [-0.026 -0.11   0.898] | TrueXYZ [-0.024 -0.109  0.904] | EEF [-0.026 -0.109  0.902] | ObjZ 0.904 | Up 1.00 | Hold 11/5 | Age 0 (1) | Resets 4 | Shield 0
Episode 119: Clean Success | failure=success | termination=success
Episode 120/120: Pick up the green cylinder | ensemble=temporal
Ep 120 | Step 1/200 | XYZ [ 0.9   -0.858 -0.538] | RPY [0.003 0.004 0.005] | Grip -1 (0.00) | Phase 0->0 | Ground 0.3cm | Target C | PredXYZ [ 0.105 -0.132  0.824] | TrueXYZ [ 0.106 -0.129  0.822] | EEF [-0.079  0.011  1.027] | ObjZ 0.822 | Up 1.00 | Hold 0/0 | Age 0 (1) | Resets 0 | Shield 0
Ep 120 | Step 20/200 | XYZ [ 0.357 -0.184 -0.095] | RPY [-0.013  0.007 -0.006] | Grip -1 (0.00) | Phase 0->0 | Ground 0.6cm | Target C | PredXYZ [ 0.101 -0.133  0.822] | TrueXYZ [ 0.106 -0.129  0.822] | EEF [ 0.061 -0.104  0.954] | ObjZ 0.822 | Up 1.00 | Hold 0/0 | Age 3 (4) | Resets 0 | Shield 0
Ep 120 | Step 40/200 | XYZ [ 0.034 -0.028 -0.574] | RPY [ 0.001 -0.007  0.002] | Grip -1 (0.00) | Phase 1->1 | Ground 0.3cm | Target C | PredXYZ [ 0.105 -0.131  0.823] | TrueXYZ [ 0.106 -0.129  0.822] | EEF [ 0.106 -0.123  0.901] | ObjZ 0.822 | Up 1.00 | Hold 0/0 | Age 0 (1) | Resets 0 | Shield 0
Ep 120 | Step 60/200 | XYZ [-0.003 -0.003 -0.121] | RPY [-0.001 -0.001 -0.001] | Grip -1 (0.00) | Phase 1->1 | Ground 0.7cm | Target C | PredXYZ [ 0.112 -0.128  0.825] | TrueXYZ [ 0.106 -0.129  0.822] | EEF [ 0.108 -0.128  0.831] | ObjZ 0.822 | Up 1.00 | Hold 0/0 | Age 0 (1) | Resets 0 | Shield 0
Ep 120 | Step 80/200 | XYZ [ 0.    -0.     0.603] | RPY [-0.002 -0.001 -0.001] | Grip 1 (1.00) | Phase 3->3 | Ground 2.1cm | Target C | PredXYZ [ 0.121 -0.118  0.867] | TrueXYZ [ 0.105 -0.13   0.866] | EEF [ 0.107 -0.13   0.864] | ObjZ 0.866 | Up 1.00 | Hold 4/0 | Age 0 (1) | Resets 3 | Shield 0
Ep 120 | Step 81/200 | XYZ [ 0.001 -0.     0.568] | RPY [-0.001  0.001 -0.001] | Grip 1 (1.00) | Phase 3->3 | Ground 1.8cm | Target C | PredXYZ [ 0.116 -0.119  0.874] | TrueXYZ [ 0.105 -0.13   0.873] | EEF [ 0.107 -0.13   0.871] | ObjZ 0.873 | Up 1.00 | Hold 5/0 | Age 0 (1) | Resets 3 | Shield 0
Ep 120 | Step 87/200 | XYZ [0.001 0.001 0.415] | RPY [ 0.     0.006 -0.001] | Grip 1 (1.00) | Phase 3->3 | Ground 1.3cm | Target C | PredXYZ [ 0.107 -0.127  0.913] | TrueXYZ [ 0.102 -0.13   0.906] | EEF [ 0.104 -0.131  0.905] | ObjZ 0.906 | Up 1.00 | Hold 11/5 | Age 0 (1) | Resets 6 | Shield 0
Episode 120: Clean Success | failure=success | termination=success
{
  "episodes": 120,
  "visual_perturbation": "clean",
  "perturbation": "clean",
  "ensemble_mode": "temporal",
  "temporal_profile": "robust",
  "execution_mode": "raw",
  "uses_privileged_execution_assistance": false,
  "uses_privileged_perturbation_oracle": false,
  "score_scope": "policy_with_workspace_safety_only",
  "buckets": {
    "pick_A": {
      "episodes": 20,
      "task_success_rate": 1.0,
      "clean_success_rate": 1.0,
      "wrong_contact_rate": 0.0,
      "mean_steps": 86.05,
      "mean_grounding_error_cm": 0.7597090844460451,
      "mean_target_class_accuracy": 1.0,
      "mean_action_clip_rate": 0.027608168207203826,
      "mean_safety_intervention_rate": 0.0,
      "mean_latest_only_rate": 0.6412294631868679,
      "strict_target_contact_rate": 1.0,
      "collateral_contact_rate": 0.0,
      "mean_oldest_prediction_age": 1.0059235343833293,
      "mean_grounding_shift_resets": 5.7,
      "minimum_target_uprightness": 0.9998370098915075,
      "failure_counts": {
        "success": 20
      }
    },
    "pick_B": {
      "episodes": 20,
      "task_success_rate": 1.0,
      "clean_success_rate": 1.0,
      "wrong_contact_rate": 0.0,
      "mean_steps": 84.35,
      "mean_grounding_error_cm": 0.7524497732753883,
      "mean_target_class_accuracy": 1.0,
      "mean_action_clip_rate": 0.03660270161626226,
      "mean_safety_intervention_rate": 0.0,
      "mean_latest_only_rate": 0.6369574900352162,
      "strict_target_contact_rate": 1.0,
      "collateral_contact_rate": 0.0,
      "mean_oldest_prediction_age": 1.0178844020186015,
      "mean_grounding_shift_resets": 4.3,
      "minimum_target_uprightness": 1.0,
      "failure_counts": {
        "success": 20
      }
    },
    "pick_C": {
      "episodes": 20,
      "task_success_rate": 1.0,
      "clean_success_rate": 1.0,
      "wrong_contact_rate": 0.0,
      "mean_steps": 82.75,
      "mean_grounding_error_cm": 0.6688864309545998,
      "mean_target_class_accuracy": 1.0,
      "mean_action_clip_rate": 0.027467130304067174,
      "mean_safety_intervention_rate": 0.0,
      "mean_latest_only_rate": 0.6441143821859836,
      "strict_target_contact_rate": 1.0,
      "collateral_contact_rate": 0.0,
      "mean_oldest_prediction_age": 0.9949168819778575,
      "mean_grounding_shift_resets": 4.5,
      "minimum_target_uprightness": 0.9997531289036488,
      "failure_counts": {
        "success": 20
      }
    },
    "push_A": {
      "episodes": 20,
      "task_success_rate": 1.0,
      "clean_success_rate": 1.0,
      "wrong_contact_rate": 0.0,
      "mean_steps": 88.3,
      "mean_grounding_error_cm": 0.6858640702371559,
      "mean_target_class_accuracy": 1.0,
      "mean_action_clip_rate": 0.07462793491072857,
      "mean_safety_intervention_rate": 0.07045265343174338,
      "mean_latest_only_rate": 0.6493427319849973,
      "strict_target_contact_rate": 1.0,
      "collateral_contact_rate": 0.0,
      "mean_oldest_prediction_age": 0.9817912580519602,
      "mean_grounding_shift_resets": 1.15,
      "minimum_target_uprightness": 0.8543755682185292,
      "failure_counts": {
        "success": 20
      }
    },
    "push_B": {
      "episodes": 20,
      "task_success_rate": 1.0,
      "clean_success_rate": 1.0,
      "wrong_contact_rate": 0.0,
      "mean_steps": 75.35,
      "mean_grounding_error_cm": 0.6230995204661537,
      "mean_target_class_accuracy": 1.0,
      "mean_action_clip_rate": 0.15067259481565956,
      "mean_safety_intervention_rate": 0.004426555152164909,
      "mean_latest_only_rate": 0.5603600588740991,
      "strict_target_contact_rate": 0.95,
      "collateral_contact_rate": 0.0,
      "mean_oldest_prediction_age": 1.1658268311632078,
      "mean_grounding_shift_resets": 4.5,
      "minimum_target_uprightness": 1.0,
      "failure_counts": {
        "success": 20
      }
    },
    "push_C": {
      "episodes": 20,
      "task_success_rate": 0.95,
      "clean_success_rate": 0.95,
      "wrong_contact_rate": 0.0,
      "mean_steps": 87.5,
      "mean_grounding_error_cm": 0.792676152194252,
      "mean_target_class_accuracy": 1.0,
      "mean_action_clip_rate": 0.13343230795961697,
      "mean_safety_intervention_rate": 0.189980030663581,
      "mean_latest_only_rate": 0.6371714920582494,
      "strict_target_contact_rate": 1.0,
      "collateral_contact_rate": 0.0,
      "mean_oldest_prediction_age": 1.0077244209414884,
      "mean_grounding_shift_resets": 2.1,
      "minimum_target_uprightness": 0.9913832880556583,
      "failure_counts": {
        "success": 19,
        "lateral_push_error": 1
      }
    }
  },
  "overall": {
    "task_success_rate": 0.9916666666666667,
    "clean_success_rate": 0.9916666666666667,
    "wrong_contact_rate": 0.0,
    "mean_steps": 84.05,
    "mean_action_clip_rate": 0.07506847296892305,
    "mean_target_class_accuracy": 1.0,
    "mean_safety_intervention_rate": 0.04414320654124821,
    "mean_latest_only_rate": 0.6281959363875689,
    "strict_target_contact_rate": 0.9916666666666667,
    "collateral_contact_rate": 0.0,
    "mean_oldest_prediction_age": 1.029011221422741,
    "mean_grounding_shift_resets": 3.7083333333333335,
    "failure_counts": {
      "success": 119,
      "lateral_push_error": 1
    },
    "passed_80_percent_task_gate": true,
    "passed_80_percent_clean_gate": true,
    "passed_80_percent_gate": true
  }
}
Results: results/v3_tests/clean_comparison/v3_20261017.csv and results/v3_tests/clean_comparison/v3_20261017.json
