Staging V2 Clean, V3 recovery data, and the frozen V2 policy...
Job 1349625 on node05
Sun Jul 26 03:37:27 2026       
+-----------------------------------------------------------------------------------------+
| NVIDIA-SMI 595.71.05              Driver Version: 595.71.05      CUDA Version: 13.2     |
+-----------------------------------------+------------------------+----------------------+
| GPU  Name                 Persistence-M | Bus-Id          Disp.A | Volatile Uncorr. ECC |
| Fan  Temp   Perf          Pwr:Usage/Cap |           Memory-Usage | GPU-Util  Compute M. |
|                                         |                        |               MIG M. |
|=========================================+========================+======================|
|   0  NVIDIA L40S                    On  |   00000000:45:00.0 Off |                    0 |
| N/A   30C    P8             33W /  350W |       0MiB /  46068MiB |      0%      Default |
|                                         |                        |                  N/A |
+-----------------------------------------+------------------------+----------------------+

+-----------------------------------------------------------------------------------------+
| Processes:                                                                              |
|  GPU   GI   CI              PID   Type   Process name                        GPU Memory |
|        ID   ID                                                               Usage      |
|=========================================================================================|
|  No running processes found                                                             |
+-----------------------------------------------------------------------------------------+
[robosuite WARNING] No private macro file found! (macros.py:57)
[robosuite WARNING] It is recommended to use a private macro file (macros.py:58)
[robosuite WARNING] To setup, run: python /users/3153782y/.conda/envs/vla310/lib/python3.10/site-packages/robosuite/scripts/setup_macros.py (macros.py:59)
[robosuite WARNING] Could not import robosuite_models. Some robots may not be available. If you want to use these robots, please install robosuite_models from source (https://github.com/ARISE-Initiative/robosuite_models) or through pip install. (__init__.py:30)
[robosuite WARNING] Could not load the mink-based whole-body IK. Make sure you install related import properly, otherwise you will not be able to use the default IK controller setting for GR1 robot. (__init__.py:40)
[PASS] language_catalog_and_split
Validated archives: 100/1200
Validated archives: 200/1200
Validated archives: 300/1200
Validated archives: 400/1200
Validated archives: 500/1200
Validated archives: 600/1200
Validated archives: 700/1200
Validated archives: 800/1200
Validated archives: 900/1200
Validated archives: 1000/1200
Validated archives: 1100/1200
Validated archives: 1200/1200
[PASS] frozen_v2_clean_archives
Verified 600 V3 recovery archives.
  pick_A: 100
  pick_B: 100
  pick_C: 100
  push_A: 100
  push_B: 100
  push_C: 100
Validated archives: 100/600
Validated archives: 200/600
Validated archives: 300/600
Validated archives: 400/600
Validated archives: 500/600
Validated archives: 600/600
[PASS] balanced_v3_recovery_archives
[PASS] interleaved_multitask_language_loader
[PASS] v2_to_v3_full_warmstart
Preflight report: /tmp/users/3153782y/1349625/output/preflight_report_v3.json
V3 PREFLIGHT: PASS
Using device: cuda
Language catalog: v3.language.1 | sha256=6df56508a130 | 60 train + 30 held-out eval expressions per task
Reusing frozen V2 Clean normalization: /tmp/users/3153782y/1349625/output/dataset_stats_v3.npz
Train: 92160 windows from 1440 episodes | Combined Val: 8640 windows | Clean Val: 5760 windows | Initial Clean Val: 113 episodes
Warm-started all V2 Clean policy weights from /tmp/users/3153782y/1349625/mini_vla_v2_clean_policy.pth.
Epoch [1/30] | Batch [1/2880] | Total 0.78545 | Pose 0.18678 | Grip 0.01076 | Phase Family 100.00% | Ground 2.87cm | Target 87.50%
Epoch [1/30] | Batch [50/2880] | Total 0.52560 | Pose 0.19330 | Grip 0.12443 | Phase Family 100.00% | Ground 1.17cm | Target 96.88%
Epoch [1/30] | Batch [100/2880] | Total 0.26003 | Pose 0.17904 | Grip 0.01786 | Phase Family 100.00% | Ground 1.36cm | Target 100.00%
Epoch [1/30] | Batch [150/2880] | Total 0.27227 | Pose 0.18531 | Grip 0.00788 | Phase Family 100.00% | Ground 1.16cm | Target 96.88%
Epoch [1/30] | Batch [200/2880] | Total 0.23155 | Pose 0.16906 | Grip 0.01256 | Phase Family 100.00% | Ground 1.11cm | Target 100.00%
Epoch [1/30] | Batch [250/2880] | Total 0.23183 | Pose 0.16750 | Grip 0.01035 | Phase Family 100.00% | Ground 1.13cm | Target 100.00%
Epoch [1/30] | Batch [300/2880] | Total 0.30520 | Pose 0.17198 | Grip 0.06074 | Phase Family 97.70% | Ground 1.10cm | Target 100.00%
Epoch [1/30] | Batch [350/2880] | Total 0.45376 | Pose 0.31189 | Grip 0.11950 | Phase Family 98.95% | Ground 1.25cm | Target 100.00%
Epoch [1/30] | Batch [400/2880] | Total 0.23094 | Pose 0.16552 | Grip 0.01334 | Phase Family 100.00% | Ground 0.98cm | Target 100.00%
Epoch [1/30] | Batch [450/2880] | Total 0.26840 | Pose 0.13866 | Grip 0.02729 | Phase Family 100.00% | Ground 2.11cm | Target 100.00%
Epoch [1/30] | Batch [500/2880] | Total 0.51057 | Pose 0.18866 | Grip 0.06839 | Phase Family 99.82% | Ground 1.08cm | Target 100.00%
Epoch [1/30] | Batch [550/2880] | Total 0.25274 | Pose 0.17116 | Grip 0.00903 | Phase Family 100.00% | Ground 1.00cm | Target 100.00%
Epoch [1/30] | Batch [600/2880] | Total 0.24968 | Pose 0.17609 | Grip 0.00465 | Phase Family 100.00% | Ground 1.05cm | Target 100.00%
Epoch [1/30] | Batch [650/2880] | Total 0.22509 | Pose 0.16510 | Grip 0.00165 | Phase Family 100.00% | Ground 0.83cm | Target 100.00%
Epoch [1/30] | Batch [700/2880] | Total 0.31082 | Pose 0.15872 | Grip 0.01020 | Phase Family 100.00% | Ground 1.55cm | Target 100.00%
Epoch [1/30] | Batch [750/2880] | Total 0.21514 | Pose 0.16357 | Grip 0.00507 | Phase Family 99.66% | Ground 0.77cm | Target 100.00%
Epoch [1/30] | Batch [800/2880] | Total 0.23151 | Pose 0.15634 | Grip 0.00619 | Phase Family 100.00% | Ground 0.89cm | Target 100.00%
Epoch [1/30] | Batch [850/2880] | Total 0.23768 | Pose 0.16745 | Grip 0.01011 | Phase Family 100.00% | Ground 1.07cm | Target 100.00%
Epoch [1/30] | Batch [900/2880] | Total 0.26449 | Pose 0.16624 | Grip 0.00382 | Phase Family 100.00% | Ground 1.60cm | Target 100.00%
Epoch [1/30] | Batch [950/2880] | Total 0.27977 | Pose 0.14819 | Grip 0.03907 | Phase Family 100.00% | Ground 1.00cm | Target 100.00%
Epoch [1/30] | Batch [1000/2880] | Total 0.19749 | Pose 0.15365 | Grip 0.00193 | Phase Family 100.00% | Ground 0.89cm | Target 100.00%
Epoch [1/30] | Batch [1050/2880] | Total 0.31347 | Pose 0.19234 | Grip 0.01650 | Phase Family 100.00% | Ground 0.89cm | Target 100.00%
Epoch [1/30] | Batch [1100/2880] | Total 0.22048 | Pose 0.16649 | Grip 0.00929 | Phase Family 100.00% | Ground 0.89cm | Target 100.00%
Epoch [1/30] | Batch [1150/2880] | Total 0.34728 | Pose 0.25992 | Grip 0.00290 | Phase Family 100.00% | Ground 1.36cm | Target 100.00%
Epoch [1/30] | Batch [1200/2880] | Total 0.33908 | Pose 0.29442 | Grip 0.00947 | Phase Family 100.00% | Ground 0.80cm | Target 100.00%
Epoch [1/30] | Batch [1250/2880] | Total 0.21316 | Pose 0.15790 | Grip 0.00951 | Phase Family 100.00% | Ground 0.82cm | Target 100.00%
Epoch [1/30] | Batch [1300/2880] | Total 0.24042 | Pose 0.19239 | Grip 0.00305 | Phase Family 100.00% | Ground 0.94cm | Target 100.00%
Epoch [1/30] | Batch [1350/2880] | Total 0.22950 | Pose 0.14789 | Grip 0.00336 | Phase Family 100.00% | Ground 1.76cm | Target 100.00%
Epoch [1/30] | Batch [1400/2880] | Total 0.18791 | Pose 0.15089 | Grip 0.00123 | Phase Family 100.00% | Ground 0.76cm | Target 100.00%
Epoch [1/30] | Batch [1450/2880] | Total 0.22726 | Pose 0.16317 | Grip 0.00792 | Phase Family 100.00% | Ground 0.84cm | Target 100.00%
Epoch [1/30] | Batch [1500/2880] | Total 0.23315 | Pose 0.16160 | Grip 0.00982 | Phase Family 100.00% | Ground 0.97cm | Target 100.00%
Epoch [1/30] | Batch [1550/2880] | Total 0.20117 | Pose 0.15905 | Grip 0.00055 | Phase Family 100.00% | Ground 0.87cm | Target 100.00%
Epoch [1/30] | Batch [1600/2880] | Total 0.26204 | Pose 0.16786 | Grip 0.00011 | Phase Family 100.00% | Ground 1.36cm | Target 100.00%
Epoch [1/30] | Batch [1650/2880] | Total 0.23149 | Pose 0.18778 | Grip 0.00203 | Phase Family 100.00% | Ground 0.76cm | Target 100.00%
Epoch [1/30] | Batch [1700/2880] | Total 0.19604 | Pose 0.15398 | Grip 0.00698 | Phase Family 100.00% | Ground 0.81cm | Target 100.00%
Epoch [1/30] | Batch [1750/2880] | Total 0.19879 | Pose 0.14025 | Grip 0.00643 | Phase Family 100.00% | Ground 1.02cm | Target 100.00%
Epoch [1/30] | Batch [1800/2880] | Total 0.29580 | Pose 0.17166 | Grip 0.01052 | Phase Family 100.00% | Ground 1.71cm | Target 100.00%
Epoch [1/30] | Batch [1850/2880] | Total 0.22054 | Pose 0.15833 | Grip 0.01523 | Phase Family 100.00% | Ground 0.80cm | Target 100.00%
Epoch [1/30] | Batch [1900/2880] | Total 0.25295 | Pose 0.16645 | Grip 0.00222 | Phase Family 100.00% | Ground 0.91cm | Target 100.00%
Epoch [1/30] | Batch [1950/2880] | Total 0.20313 | Pose 0.14994 | Grip 0.01208 | Phase Family 100.00% | Ground 1.15cm | Target 100.00%
Epoch [1/30] | Batch [2000/2880] | Total 0.22877 | Pose 0.15131 | Grip 0.00618 | Phase Family 100.00% | Ground 0.93cm | Target 100.00%
Epoch [1/30] | Batch [2050/2880] | Total 0.27971 | Pose 0.17479 | Grip 0.01700 | Phase Family 100.00% | Ground 1.33cm | Target 100.00%
Epoch [1/30] | Batch [2100/2880] | Total 0.22677 | Pose 0.16464 | Grip 0.01001 | Phase Family 100.00% | Ground 0.85cm | Target 100.00%
Epoch [1/30] | Batch [2150/2880] | Total 0.21067 | Pose 0.16246 | Grip 0.00456 | Phase Family 100.00% | Ground 0.95cm | Target 100.00%
Epoch [1/30] | Batch [2200/2880] | Total 0.19478 | Pose 0.14932 | Grip 0.00303 | Phase Family 100.00% | Ground 0.89cm | Target 100.00%
Epoch [1/30] | Batch [2250/2880] | Total 0.20692 | Pose 0.15246 | Grip 0.00307 | Phase Family 100.00% | Ground 1.51cm | Target 100.00%
Epoch [1/30] | Batch [2300/2880] | Total 0.32590 | Pose 0.16182 | Grip 0.01240 | Phase Family 100.00% | Ground 0.76cm | Target 100.00%
Epoch [1/30] | Batch [2350/2880] | Total 0.22281 | Pose 0.16927 | Grip 0.00675 | Phase Family 100.00% | Ground 0.94cm | Target 100.00%
Epoch [1/30] | Batch [2400/2880] | Total 0.19272 | Pose 0.15422 | Grip 0.00227 | Phase Family 100.00% | Ground 0.94cm | Target 100.00%
Epoch [1/30] | Batch [2450/2880] | Total 0.20859 | Pose 0.15599 | Grip 0.01250 | Phase Family 100.00% | Ground 0.83cm | Target 100.00%
Epoch [1/30] | Batch [2500/2880] | Total 0.30848 | Pose 0.22544 | Grip 0.00265 | Phase Family 100.00% | Ground 1.49cm | Target 100.00%
Epoch [1/30] | Batch [2550/2880] | Total 0.20032 | Pose 0.15423 | Grip 0.00510 | Phase Family 100.00% | Ground 0.86cm | Target 100.00%
Epoch [1/30] | Batch [2600/2880] | Total 0.19329 | Pose 0.15405 | Grip 0.00240 | Phase Family 100.00% | Ground 0.85cm | Target 100.00%
Epoch [1/30] | Batch [2650/2880] | Total 0.19296 | Pose 0.15327 | Grip 0.00387 | Phase Family 100.00% | Ground 0.85cm | Target 100.00%
Epoch [1/30] | Batch [2700/2880] | Total 0.24324 | Pose 0.16481 | Grip 0.00688 | Phase Family 100.00% | Ground 1.40cm | Target 100.00%
Epoch [1/30] | Batch [2750/2880] | Total 0.21231 | Pose 0.15912 | Grip 0.02090 | Phase Family 100.00% | Ground 1.00cm | Target 100.00%
Epoch [1/30] | Batch [2800/2880] | Total 0.20686 | Pose 0.16486 | Grip 0.00132 | Phase Family 100.00% | Ground 0.85cm | Target 100.00%
Epoch [1/30] | Batch [2850/2880] | Total 0.20393 | Pose 0.15995 | Grip 0.00050 | Phase Family 100.00% | Ground 0.98cm | Target 100.00%
Epoch [1/30] | Train 0.25450 | Combined Val 0.26261 | Clean Val 0.23571 | XYZ 0.0192 | Grip 99.15% | Phase 97.17% | Family 99.33% | Ground 0.86cm | Target 100.00% | Select 0.35681 | Patience 0/8
Epoch [2/30] | Batch [1/2880] | Total 0.22586 | Pose 0.16886 | Grip 0.00444 | Phase Family 100.00% | Ground 0.82cm | Target 100.00%
Epoch [2/30] | Batch [50/2880] | Total 0.20375 | Pose 0.16394 | Grip 0.00408 | Phase Family 100.00% | Ground 0.97cm | Target 100.00%
Epoch [2/30] | Batch [100/2880] | Total 0.24195 | Pose 0.17377 | Grip 0.00071 | Phase Family 100.00% | Ground 0.91cm | Target 100.00%
Epoch [2/30] | Batch [150/2880] | Total 0.22529 | Pose 0.16314 | Grip 0.00866 | Phase Family 100.00% | Ground 0.99cm | Target 100.00%
Epoch [2/30] | Batch [200/2880] | Total 0.19022 | Pose 0.14371 | Grip 0.00718 | Phase Family 100.00% | Ground 1.05cm | Target 100.00%
Epoch [2/30] | Batch [250/2880] | Total 0.21771 | Pose 0.17446 | Grip 0.00499 | Phase Family 100.00% | Ground 0.70cm | Target 100.00%
Epoch [2/30] | Batch [300/2880] | Total 0.24613 | Pose 0.16974 | Grip 0.01957 | Phase Family 100.00% | Ground 0.72cm | Target 100.00%
Epoch [2/30] | Batch [350/2880] | Total 0.26195 | Pose 0.17705 | Grip 0.00840 | Phase Family 100.00% | Ground 1.01cm | Target 100.00%
Epoch [2/30] | Batch [400/2880] | Total 0.21522 | Pose 0.17927 | Grip 0.00015 | Phase Family 100.00% | Ground 0.83cm | Target 100.00%
Epoch [2/30] | Batch [450/2880] | Total 0.17399 | Pose 0.13360 | Grip 0.00404 | Phase Family 100.00% | Ground 0.95cm | Target 100.00%
Epoch [2/30] | Batch [500/2880] | Total 0.20338 | Pose 0.15460 | Grip 0.00689 | Phase Family 100.00% | Ground 0.90cm | Target 100.00%
Epoch [2/30] | Batch [550/2880] | Total 0.22675 | Pose 0.17600 | Grip 0.00549 | Phase Family 100.00% | Ground 0.90cm | Target 100.00%
Epoch [2/30] | Batch [600/2880] | Total 0.20115 | Pose 0.14283 | Grip 0.01923 | Phase Family 100.00% | Ground 0.90cm | Target 100.00%
Epoch [2/30] | Batch [650/2880] | Total 0.20439 | Pose 0.14596 | Grip 0.01964 | Phase Family 100.00% | Ground 0.77cm | Target 100.00%
Epoch [2/30] | Batch [700/2880] | Total 0.23122 | Pose 0.16861 | Grip 0.00860 | Phase Family 100.00% | Ground 0.96cm | Target 100.00%
Epoch [2/30] | Batch [750/2880] | Total 0.19889 | Pose 0.14226 | Grip 0.00495 | Phase Family 100.00% | Ground 0.95cm | Target 100.00%
Epoch [2/30] | Batch [800/2880] | Total 0.22065 | Pose 0.15719 | Grip 0.00079 | Phase Family 100.00% | Ground 1.03cm | Target 100.00%
Epoch [2/30] | Batch [850/2880] | Total 0.22584 | Pose 0.17223 | Grip 0.00169 | Phase Family 100.00% | Ground 0.90cm | Target 100.00%
Epoch [2/30] | Batch [900/2880] | Total 0.21974 | Pose 0.14765 | Grip 0.00610 | Phase Family 100.00% | Ground 0.94cm | Target 100.00%
Epoch [2/30] | Batch [950/2880] | Total 0.20857 | Pose 0.15862 | Grip 0.00748 | Phase Family 100.00% | Ground 0.87cm | Target 100.00%
Epoch [2/30] | Batch [1000/2880] | Total 0.20159 | Pose 0.16450 | Grip 0.00231 | Phase Family 100.00% | Ground 0.80cm | Target 100.00%
Epoch [2/30] | Batch [1050/2880] | Total 0.19170 | Pose 0.14360 | Grip 0.00681 | Phase Family 100.00% | Ground 0.95cm | Target 100.00%
Epoch [2/30] | Batch [1100/2880] | Total 0.19776 | Pose 0.15533 | Grip 0.00383 | Phase Family 100.00% | Ground 0.93cm | Target 100.00%
Epoch [2/30] | Batch [1150/2880] | Total 0.22425 | Pose 0.15355 | Grip 0.00713 | Phase Family 100.00% | Ground 1.01cm | Target 100.00%
Epoch [2/30] | Batch [1200/2880] | Total 0.20694 | Pose 0.16327 | Grip 0.00377 | Phase Family 100.00% | Ground 0.91cm | Target 100.00%
Epoch [2/30] | Batch [1250/2880] | Total 0.21849 | Pose 0.15747 | Grip 0.00308 | Phase Family 100.00% | Ground 0.89cm | Target 100.00%
Epoch [2/30] | Batch [1300/2880] | Total 0.21651 | Pose 0.16084 | Grip 0.00028 | Phase Family 100.00% | Ground 1.01cm | Target 100.00%
Epoch [2/30] | Batch [1350/2880] | Total 0.17939 | Pose 0.13882 | Grip 0.00599 | Phase Family 100.00% | Ground 0.87cm | Target 100.00%
Epoch [2/30] | Batch [1400/2880] | Total 0.18125 | Pose 0.14493 | Grip 0.00352 | Phase Family 100.00% | Ground 0.92cm | Target 100.00%
Epoch [2/30] | Batch [1450/2880] | Total 0.22351 | Pose 0.17005 | Grip 0.00935 | Phase Family 100.00% | Ground 0.91cm | Target 100.00%
Epoch [2/30] | Batch [1500/2880] | Total 0.21029 | Pose 0.14448 | Grip 0.00853 | Phase Family 100.00% | Ground 0.94cm | Target 100.00%
Epoch [2/30] | Batch [1550/2880] | Total 0.20968 | Pose 0.15119 | Grip 0.00383 | Phase Family 100.00% | Ground 0.80cm | Target 100.00%
Epoch [2/30] | Batch [1600/2880] | Total 0.24894 | Pose 0.16976 | Grip 0.00109 | Phase Family 100.00% | Ground 0.94cm | Target 100.00%
Epoch [2/30] | Batch [1650/2880] | Total 0.19521 | Pose 0.15042 | Grip 0.01190 | Phase Family 100.00% | Ground 1.08cm | Target 100.00%
Epoch [2/30] | Batch [1700/2880] | Total 0.23501 | Pose 0.16726 | Grip 0.00388 | Phase Family 100.00% | Ground 1.07cm | Target 100.00%
Epoch [2/30] | Batch [1750/2880] | Total 0.20676 | Pose 0.15510 | Grip 0.00340 | Phase Family 100.00% | Ground 1.04cm | Target 100.00%
Epoch [2/30] | Batch [1800/2880] | Total 0.16723 | Pose 0.13593 | Grip 0.00361 | Phase Family 100.00% | Ground 0.88cm | Target 100.00%
Epoch [2/30] | Batch [1850/2880] | Total 0.20023 | Pose 0.16462 | Grip 0.00264 | Phase Family 100.00% | Ground 0.93cm | Target 100.00%
Epoch [2/30] | Batch [1900/2880] | Total 0.22798 | Pose 0.17651 | Grip 0.00425 | Phase Family 100.00% | Ground 0.93cm | Target 100.00%
Epoch [2/30] | Batch [1950/2880] | Total 0.21228 | Pose 0.16248 | Grip 0.00867 | Phase Family 100.00% | Ground 0.88cm | Target 100.00%
Epoch [2/30] | Batch [2000/2880] | Total 0.20675 | Pose 0.15208 | Grip 0.00246 | Phase Family 100.00% | Ground 0.74cm | Target 100.00%
Epoch [2/30] | Batch [2050/2880] | Total 0.19935 | Pose 0.16310 | Grip 0.00166 | Phase Family 100.00% | Ground 0.95cm | Target 100.00%
Epoch [2/30] | Batch [2100/2880] | Total 0.17664 | Pose 0.13487 | Grip 0.00599 | Phase Family 100.00% | Ground 0.84cm | Target 100.00%
Epoch [2/30] | Batch [2150/2880] | Total 0.21209 | Pose 0.15929 | Grip 0.00603 | Phase Family 100.00% | Ground 0.89cm | Target 100.00%
Epoch [2/30] | Batch [2200/2880] | Total 0.19004 | Pose 0.14540 | Grip 0.00214 | Phase Family 100.00% | Ground 0.83cm | Target 100.00%
Epoch [2/30] | Batch [2250/2880] | Total 0.16649 | Pose 0.13671 | Grip 0.00328 | Phase Family 100.00% | Ground 0.93cm | Target 100.00%
Epoch [2/30] | Batch [2300/2880] | Total 0.18912 | Pose 0.14724 | Grip 0.00749 | Phase Family 100.00% | Ground 0.92cm | Target 100.00%
Epoch [2/30] | Batch [2350/2880] | Total 0.20478 | Pose 0.17323 | Grip 0.00163 | Phase Family 100.00% | Ground 1.05cm | Target 100.00%
Epoch [2/30] | Batch [2400/2880] | Total 0.22737 | Pose 0.14436 | Grip 0.01361 | Phase Family 100.00% | Ground 0.96cm | Target 100.00%
Epoch [2/30] | Batch [2450/2880] | Total 0.17877 | Pose 0.14220 | Grip 0.00445 | Phase Family 100.00% | Ground 1.01cm | Target 100.00%
Epoch [2/30] | Batch [2500/2880] | Total 0.22068 | Pose 0.16107 | Grip 0.00449 | Phase Family 100.00% | Ground 1.01cm | Target 100.00%
Epoch [2/30] | Batch [2550/2880] | Total 0.19981 | Pose 0.14427 | Grip 0.01009 | Phase Family 100.00% | Ground 0.97cm | Target 100.00%
Epoch [2/30] | Batch [2600/2880] | Total 0.17198 | Pose 0.13812 | Grip 0.00339 | Phase Family 100.00% | Ground 0.93cm | Target 100.00%
Epoch [2/30] | Batch [2650/2880] | Total 0.20706 | Pose 0.15980 | Grip 0.00697 | Phase Family 100.00% | Ground 0.89cm | Target 100.00%
Epoch [2/30] | Batch [2700/2880] | Total 0.15763 | Pose 0.12655 | Grip 0.00135 | Phase Family 100.00% | Ground 0.86cm | Target 100.00%
Epoch [2/30] | Batch [2750/2880] | Total 0.16997 | Pose 0.13617 | Grip 0.00311 | Phase Family 100.00% | Ground 0.78cm | Target 100.00%
Epoch [2/30] | Batch [2800/2880] | Total 0.20251 | Pose 0.14763 | Grip 0.01047 | Phase Family 100.00% | Ground 0.90cm | Target 100.00%
Epoch [2/30] | Batch [2850/2880] | Total 0.22548 | Pose 0.16739 | Grip 0.00756 | Phase Family 100.00% | Ground 1.11cm | Target 100.00%
Epoch [2/30] | Train 0.21625 | Combined Val 0.25598 | Clean Val 0.23345 | XYZ 0.0189 | Grip 99.18% | Phase 97.15% | Family 99.37% | Ground 0.84cm | Target 100.00% | Select 0.35043 | Patience 0/8
Epoch [3/30] | Batch [1/2880] | Total 0.22021 | Pose 0.16800 | Grip 0.01197 | Phase Family 100.00% | Ground 0.78cm | Target 100.00%
Epoch [3/30] | Batch [50/2880] | Total 0.20356 | Pose 0.15710 | Grip 0.00505 | Phase Family 100.00% | Ground 1.08cm | Target 100.00%
Epoch [3/30] | Batch [100/2880] | Total 0.20083 | Pose 0.15159 | Grip 0.00227 | Phase Family 100.00% | Ground 0.97cm | Target 100.00%
Epoch [3/30] | Batch [150/2880] | Total 0.21261 | Pose 0.15721 | Grip 0.01048 | Phase Family 100.00% | Ground 0.92cm | Target 100.00%
Epoch [3/30] | Batch [200/2880] | Total 0.20579 | Pose 0.14411 | Grip 0.00352 | Phase Family 100.00% | Ground 1.24cm | Target 100.00%
Epoch [3/30] | Batch [250/2880] | Total 0.23439 | Pose 0.18701 | Grip 0.00952 | Phase Family 100.00% | Ground 0.93cm | Target 100.00%
Epoch [3/30] | Batch [300/2880] | Total 0.22637 | Pose 0.14398 | Grip 0.01500 | Phase Family 100.00% | Ground 1.16cm | Target 100.00%
Epoch [3/30] | Batch [350/2880] | Total 0.22792 | Pose 0.16926 | Grip 0.00589 | Phase Family 100.00% | Ground 1.04cm | Target 100.00%
Epoch [3/30] | Batch [400/2880] | Total 0.20893 | Pose 0.15047 | Grip 0.01083 | Phase Family 100.00% | Ground 0.94cm | Target 100.00%
Epoch [3/30] | Batch [450/2880] | Total 0.24824 | Pose 0.16522 | Grip 0.00411 | Phase Family 100.00% | Ground 0.92cm | Target 100.00%
Epoch [3/30] | Batch [500/2880] | Total 0.20573 | Pose 0.16091 | Grip 0.00254 | Phase Family 100.00% | Ground 0.95cm | Target 100.00%
Epoch [3/30] | Batch [550/2880] | Total 0.18880 | Pose 0.14852 | Grip 0.00836 | Phase Family 100.00% | Ground 0.87cm | Target 100.00%
Epoch [3/30] | Batch [600/2880] | Total 0.18546 | Pose 0.14785 | Grip 0.00558 | Phase Family 100.00% | Ground 0.80cm | Target 100.00%
Epoch [3/30] | Batch [650/2880] | Total 0.23535 | Pose 0.16876 | Grip 0.00452 | Phase Family 100.00% | Ground 1.06cm | Target 100.00%
Epoch [3/30] | Batch [700/2880] | Total 0.28580 | Pose 0.23881 | Grip 0.00446 | Phase Family 100.00% | Ground 0.84cm | Target 100.00%
Epoch [3/30] | Batch [750/2880] | Total 0.26180 | Pose 0.15742 | Grip 0.00452 | Phase Family 100.00% | Ground 1.16cm | Target 100.00%
Epoch [3/30] | Batch [800/2880] | Total 0.22126 | Pose 0.15689 | Grip 0.00964 | Phase Family 100.00% | Ground 1.10cm | Target 100.00%
Epoch [3/30] | Batch [850/2880] | Total 0.21366 | Pose 0.16057 | Grip 0.00203 | Phase Family 100.00% | Ground 1.00cm | Target 100.00%
Epoch [3/30] | Batch [900/2880] | Total 0.19624 | Pose 0.15075 | Grip 0.00332 | Phase Family 100.00% | Ground 1.06cm | Target 100.00%
Epoch [3/30] | Batch [950/2880] | Total 0.18884 | Pose 0.15544 | Grip 0.00254 | Phase Family 100.00% | Ground 0.89cm | Target 100.00%
Epoch [3/30] | Batch [1000/2880] | Total 0.30171 | Pose 0.25023 | Grip 0.00006 | Phase Family 100.00% | Ground 0.83cm | Target 100.00%
Epoch [3/30] | Batch [1050/2880] | Total 0.19255 | Pose 0.14429 | Grip 0.00432 | Phase Family 100.00% | Ground 0.81cm | Target 100.00%
Epoch [3/30] | Batch [1100/2880] | Total 0.23783 | Pose 0.19147 | Grip 0.00285 | Phase Family 100.00% | Ground 1.19cm | Target 100.00%
Epoch [3/30] | Batch [1150/2880] | Total 0.19996 | Pose 0.15487 | Grip 0.00442 | Phase Family 100.00% | Ground 0.79cm | Target 100.00%
Epoch [3/30] | Batch [1200/2880] | Total 0.20885 | Pose 0.15782 | Grip 0.00449 | Phase Family 100.00% | Ground 1.23cm | Target 100.00%
Epoch [3/30] | Batch [1250/2880] | Total 0.25861 | Pose 0.19320 | Grip 0.00425 | Phase Family 100.00% | Ground 1.07cm | Target 100.00%
Epoch [3/30] | Batch [1300/2880] | Total 0.22689 | Pose 0.17459 | Grip 0.00283 | Phase Family 100.00% | Ground 1.03cm | Target 100.00%
Epoch [3/30] | Batch [1350/2880] | Total 0.18996 | Pose 0.14391 | Grip 0.00602 | Phase Family 100.00% | Ground 0.78cm | Target 100.00%
Epoch [3/30] | Batch [1400/2880] | Total 0.18363 | Pose 0.14313 | Grip 0.00050 | Phase Family 100.00% | Ground 1.02cm | Target 100.00%
Epoch [3/30] | Batch [1450/2880] | Total 0.29086 | Pose 0.20020 | Grip 0.00222 | Phase Family 100.00% | Ground 1.20cm | Target 100.00%
Epoch [3/30] | Batch [1500/2880] | Total 0.20014 | Pose 0.15686 | Grip 0.00588 | Phase Family 100.00% | Ground 0.98cm | Target 100.00%
Epoch [3/30] | Batch [1550/2880] | Total 0.21449 | Pose 0.16106 | Grip 0.00558 | Phase Family 100.00% | Ground 1.30cm | Target 100.00%
Epoch [3/30] | Batch [1600/2880] | Total 0.25658 | Pose 0.15669 | Grip 0.00543 | Phase Family 100.00% | Ground 0.72cm | Target 100.00%
Epoch [3/30] | Batch [1650/2880] | Total 0.19451 | Pose 0.14872 | Grip 0.00919 | Phase Family 100.00% | Ground 1.24cm | Target 100.00%
Epoch [3/30] | Batch [1700/2880] | Total 0.21472 | Pose 0.16016 | Grip 0.00494 | Phase Family 100.00% | Ground 1.12cm | Target 100.00%
Epoch [3/30] | Batch [1750/2880] | Total 0.21932 | Pose 0.15969 | Grip 0.01292 | Phase Family 100.00% | Ground 1.09cm | Target 100.00%
Epoch [3/30] | Batch [1800/2880] | Total 0.21332 | Pose 0.16456 | Grip 0.00351 | Phase Family 100.00% | Ground 0.87cm | Target 100.00%
Epoch [3/30] | Batch [1850/2880] | Total 0.22076 | Pose 0.15530 | Grip 0.00644 | Phase Family 100.00% | Ground 0.87cm | Target 100.00%
Epoch [3/30] | Batch [1900/2880] | Total 0.20631 | Pose 0.15435 | Grip 0.00462 | Phase Family 100.00% | Ground 0.89cm | Target 100.00%
Epoch [3/30] | Batch [1950/2880] | Total 0.20612 | Pose 0.15776 | Grip 0.00627 | Phase Family 100.00% | Ground 0.91cm | Target 100.00%
Epoch [3/30] | Batch [2000/2880] | Total 0.20540 | Pose 0.15821 | Grip 0.00015 | Phase Family 100.00% | Ground 0.87cm | Target 100.00%
Epoch [3/30] | Batch [2050/2880] | Total 0.21345 | Pose 0.13365 | Grip 0.00453 | Phase Family 100.00% | Ground 0.79cm | Target 100.00%
Epoch [3/30] | Batch [2100/2880] | Total 0.19215 | Pose 0.15634 | Grip 0.00043 | Phase Family 100.00% | Ground 1.12cm | Target 100.00%
Epoch [3/30] | Batch [2150/2880] | Total 0.35009 | Pose 0.18029 | Grip 0.01367 | Phase Family 100.00% | Ground 1.12cm | Target 100.00%
Epoch [3/30] | Batch [2200/2880] | Total 0.20269 | Pose 0.15202 | Grip 0.00334 | Phase Family 100.00% | Ground 0.85cm | Target 100.00%
Epoch [3/30] | Batch [2250/2880] | Total 0.17982 | Pose 0.13578 | Grip 0.00539 | Phase Family 100.00% | Ground 0.87cm | Target 100.00%
Epoch [3/30] | Batch [2300/2880] | Total 0.17911 | Pose 0.12376 | Grip 0.00978 | Phase Family 100.00% | Ground 0.96cm | Target 100.00%
Epoch [3/30] | Batch [2350/2880] | Total 0.18582 | Pose 0.15254 | Grip 0.00021 | Phase Family 100.00% | Ground 0.93cm | Target 100.00%
Epoch [3/30] | Batch [2400/2880] | Total 0.20721 | Pose 0.14266 | Grip 0.00729 | Phase Family 100.00% | Ground 0.95cm | Target 100.00%
Epoch [3/30] | Batch [2450/2880] | Total 0.26939 | Pose 0.15180 | Grip 0.02181 | Phase Family 100.00% | Ground 1.13cm | Target 100.00%
Epoch [3/30] | Batch [2500/2880] | Total 0.23426 | Pose 0.14502 | Grip 0.00419 | Phase Family 100.00% | Ground 1.02cm | Target 100.00%
Epoch [3/30] | Batch [2550/2880] | Total 0.20855 | Pose 0.16300 | Grip 0.00301 | Phase Family 100.00% | Ground 1.00cm | Target 100.00%
Epoch [3/30] | Batch [2600/2880] | Total 0.29089 | Pose 0.16852 | Grip 0.01383 | Phase Family 100.00% | Ground 0.85cm | Target 100.00%
Epoch [3/30] | Batch [2650/2880] | Total 0.26928 | Pose 0.16834 | Grip 0.00011 | Phase Family 100.00% | Ground 0.95cm | Target 100.00%
Epoch [3/30] | Batch [2700/2880] | Total 0.18536 | Pose 0.14923 | Grip 0.00405 | Phase Family 100.00% | Ground 1.00cm | Target 100.00%
Epoch [3/30] | Batch [2750/2880] | Total 0.19382 | Pose 0.15774 | Grip 0.00005 | Phase Family 100.00% | Ground 0.74cm | Target 100.00%
Epoch [3/30] | Batch [2800/2880] | Total 0.19894 | Pose 0.15691 | Grip 0.00479 | Phase Family 100.00% | Ground 0.87cm | Target 100.00%
Epoch [3/30] | Batch [2850/2880] | Total 0.19658 | Pose 0.14886 | Grip 0.00234 | Phase Family 100.00% | Ground 0.80cm | Target 100.00%
Epoch [3/30] | Train 0.21293 | Combined Val 0.26094 | Clean Val 0.23855 | XYZ 0.0198 | Grip 99.19% | Phase 96.97% | Family 99.34% | Ground 0.83cm | Target 100.00% | Select 0.34917 | Patience 0/8
Epoch [4/30] | Batch [1/2880] | Total 0.22498 | Pose 0.15455 | Grip 0.00019 | Phase Family 100.00% | Ground 0.89cm | Target 100.00%
Epoch [4/30] | Batch [50/2880] | Total 0.18362 | Pose 0.13459 | Grip 0.00731 | Phase Family 100.00% | Ground 0.93cm | Target 100.00%
Epoch [4/30] | Batch [100/2880] | Total 0.20294 | Pose 0.15819 | Grip 0.00153 | Phase Family 100.00% | Ground 0.86cm | Target 100.00%
Epoch [4/30] | Batch [150/2880] | Total 0.18513 | Pose 0.12580 | Grip 0.01324 | Phase Family 100.00% | Ground 0.93cm | Target 100.00%
Epoch [4/30] | Batch [200/2880] | Total 0.23009 | Pose 0.16523 | Grip 0.00352 | Phase Family 100.00% | Ground 1.02cm | Target 100.00%
Epoch [4/30] | Batch [250/2880] | Total 0.20190 | Pose 0.14977 | Grip 0.01593 | Phase Family 100.00% | Ground 0.94cm | Target 100.00%
Epoch [4/30] | Batch [300/2880] | Total 0.18844 | Pose 0.14983 | Grip 0.00198 | Phase Family 100.00% | Ground 0.92cm | Target 100.00%
Epoch [4/30] | Batch [350/2880] | Total 0.21408 | Pose 0.13444 | Grip 0.00049 | Phase Family 100.00% | Ground 0.91cm | Target 100.00%
Epoch [4/30] | Batch [400/2880] | Total 0.20209 | Pose 0.16018 | Grip 0.00271 | Phase Family 100.00% | Ground 0.93cm | Target 100.00%
Epoch [4/30] | Batch [450/2880] | Total 0.22258 | Pose 0.14068 | Grip 0.00241 | Phase Family 100.00% | Ground 1.12cm | Target 100.00%
Epoch [4/30] | Batch [500/2880] | Total 0.19664 | Pose 0.14979 | Grip 0.00217 | Phase Family 100.00% | Ground 0.86cm | Target 100.00%
Epoch [4/30] | Batch [550/2880] | Total 0.21350 | Pose 0.16184 | Grip 0.00462 | Phase Family 100.00% | Ground 0.83cm | Target 100.00%
Epoch [4/30] | Batch [600/2880] | Total 0.19400 | Pose 0.14081 | Grip 0.00225 | Phase Family 100.00% | Ground 0.94cm | Target 100.00%
Epoch [4/30] | Batch [650/2880] | Total 0.20131 | Pose 0.15722 | Grip 0.00427 | Phase Family 100.00% | Ground 0.99cm | Target 100.00%
Epoch [4/30] | Batch [700/2880] | Total 0.24467 | Pose 0.17815 | Grip 0.00628 | Phase Family 100.00% | Ground 1.02cm | Target 100.00%
Epoch [4/30] | Batch [750/2880] | Total 0.20287 | Pose 0.15200 | Grip 0.00514 | Phase Family 100.00% | Ground 1.05cm | Target 100.00%
Epoch [4/30] | Batch [800/2880] | Total 0.20018 | Pose 0.14361 | Grip 0.00290 | Phase Family 100.00% | Ground 0.94cm | Target 100.00%
Epoch [4/30] | Batch [850/2880] | Total 0.17249 | Pose 0.13956 | Grip 0.00300 | Phase Family 100.00% | Ground 1.08cm | Target 100.00%
Epoch [4/30] | Batch [900/2880] | Total 0.20554 | Pose 0.14401 | Grip 0.00725 | Phase Family 100.00% | Ground 0.93cm | Target 100.00%
Epoch [4/30] | Batch [950/2880] | Total 0.20007 | Pose 0.15602 | Grip 0.00366 | Phase Family 100.00% | Ground 0.84cm | Target 100.00%
Epoch [4/30] | Batch [1000/2880] | Total 0.20647 | Pose 0.16057 | Grip 0.00745 | Phase Family 100.00% | Ground 0.85cm | Target 100.00%
Epoch [4/30] | Batch [1050/2880] | Total 0.19580 | Pose 0.14877 | Grip 0.00105 | Phase Family 100.00% | Ground 0.79cm | Target 100.00%
Epoch [4/30] | Batch [1100/2880] | Total 0.18136 | Pose 0.14389 | Grip 0.00147 | Phase Family 100.00% | Ground 0.86cm | Target 100.00%
Epoch [4/30] | Batch [1150/2880] | Total 0.19140 | Pose 0.13970 | Grip 0.00300 | Phase Family 100.00% | Ground 0.88cm | Target 100.00%
Epoch [4/30] | Batch [1200/2880] | Total 0.19030 | Pose 0.13423 | Grip 0.01280 | Phase Family 100.00% | Ground 0.94cm | Target 100.00%
Epoch [4/30] | Batch [1250/2880] | Total 0.21457 | Pose 0.15094 | Grip 0.00465 | Phase Family 100.00% | Ground 1.03cm | Target 100.00%
Epoch [4/30] | Batch [1300/2880] | Total 0.23858 | Pose 0.18458 | Grip 0.00497 | Phase Family 100.00% | Ground 0.98cm | Target 100.00%
Epoch [4/30] | Batch [1350/2880] | Total 0.20138 | Pose 0.15427 | Grip 0.00469 | Phase Family 100.00% | Ground 0.97cm | Target 100.00%
Epoch [4/30] | Batch [1400/2880] | Total 0.18994 | Pose 0.14306 | Grip 0.00105 | Phase Family 100.00% | Ground 0.81cm | Target 100.00%
Epoch [4/30] | Batch [1450/2880] | Total 0.18129 | Pose 0.14542 | Grip 0.00363 | Phase Family 100.00% | Ground 0.83cm | Target 100.00%
Epoch [4/30] | Batch [1500/2880] | Total 0.19537 | Pose 0.14314 | Grip 0.00746 | Phase Family 100.00% | Ground 0.88cm | Target 100.00%
Epoch [4/30] | Batch [1550/2880] | Total 0.18870 | Pose 0.15155 | Grip 0.00236 | Phase Family 100.00% | Ground 0.98cm | Target 100.00%
Epoch [4/30] | Batch [1600/2880] | Total 0.19151 | Pose 0.14316 | Grip 0.00569 | Phase Family 100.00% | Ground 0.96cm | Target 100.00%
Epoch [4/30] | Batch [1650/2880] | Total 0.21358 | Pose 0.14006 | Grip 0.00788 | Phase Family 100.00% | Ground 1.12cm | Target 100.00%
Epoch [4/30] | Batch [1700/2880] | Total 0.21298 | Pose 0.15347 | Grip 0.00214 | Phase Family 100.00% | Ground 0.98cm | Target 100.00%
Epoch [4/30] | Batch [1750/2880] | Total 0.21671 | Pose 0.15675 | Grip 0.00592 | Phase Family 100.00% | Ground 1.00cm | Target 100.00%
Epoch [4/30] | Batch [1800/2880] | Total 0.19193 | Pose 0.14134 | Grip 0.00953 | Phase Family 100.00% | Ground 1.04cm | Target 100.00%
Epoch [4/30] | Batch [1850/2880] | Total 0.20382 | Pose 0.14566 | Grip 0.01424 | Phase Family 100.00% | Ground 0.82cm | Target 100.00%
Epoch [4/30] | Batch [1900/2880] | Total 0.22978 | Pose 0.16306 | Grip 0.00006 | Phase Family 100.00% | Ground 0.78cm | Target 100.00%
Epoch [4/30] | Batch [1950/2880] | Total 0.22641 | Pose 0.13754 | Grip 0.01417 | Phase Family 100.00% | Ground 0.86cm | Target 100.00%
Epoch [4/30] | Batch [2000/2880] | Total 0.23678 | Pose 0.16947 | Grip 0.00297 | Phase Family 100.00% | Ground 1.07cm | Target 100.00%
Epoch [4/30] | Batch [2050/2880] | Total 0.20913 | Pose 0.15508 | Grip 0.00807 | Phase Family 100.00% | Ground 0.99cm | Target 100.00%
Epoch [4/30] | Batch [2100/2880] | Total 0.28379 | Pose 0.22977 | Grip 0.00524 | Phase Family 100.00% | Ground 1.07cm | Target 100.00%
Epoch [4/30] | Batch [2150/2880] | Total 0.18179 | Pose 0.14263 | Grip 0.00614 | Phase Family 100.00% | Ground 1.03cm | Target 100.00%
Epoch [4/30] | Batch [2200/2880] | Total 0.19103 | Pose 0.14879 | Grip 0.00164 | Phase Family 100.00% | Ground 0.90cm | Target 100.00%
Epoch [4/30] | Batch [2250/2880] | Total 0.18356 | Pose 0.14643 | Grip 0.00242 | Phase Family 100.00% | Ground 0.86cm | Target 100.00%
Epoch [4/30] | Batch [2300/2880] | Total 0.19598 | Pose 0.14680 | Grip 0.00664 | Phase Family 100.00% | Ground 0.96cm | Target 100.00%
Epoch [4/30] | Batch [2350/2880] | Total 0.16961 | Pose 0.13931 | Grip 0.00273 | Phase Family 100.00% | Ground 0.77cm | Target 100.00%
Epoch [4/30] | Batch [2400/2880] | Total 0.20100 | Pose 0.14925 | Grip 0.00431 | Phase Family 100.00% | Ground 0.89cm | Target 100.00%
Epoch [4/30] | Batch [2450/2880] | Total 0.24892 | Pose 0.16366 | Grip 0.00435 | Phase Family 100.00% | Ground 0.84cm | Target 100.00%
Epoch [4/30] | Batch [2500/2880] | Total 0.21021 | Pose 0.16593 | Grip 0.00456 | Phase Family 100.00% | Ground 0.97cm | Target 100.00%
Epoch [4/30] | Batch [2550/2880] | Total 0.19009 | Pose 0.14593 | Grip 0.00207 | Phase Family 100.00% | Ground 0.87cm | Target 100.00%
Epoch [4/30] | Batch [2600/2880] | Total 0.18852 | Pose 0.14421 | Grip 0.00496 | Phase Family 100.00% | Ground 0.81cm | Target 100.00%
Epoch [4/30] | Batch [2650/2880] | Total 0.18983 | Pose 0.13784 | Grip 0.00496 | Phase Family 100.00% | Ground 0.84cm | Target 100.00%
Epoch [4/30] | Batch [2700/2880] | Total 0.18932 | Pose 0.13967 | Grip 0.00319 | Phase Family 100.00% | Ground 0.98cm | Target 100.00%
Epoch [4/30] | Batch [2750/2880] | Total 0.18762 | Pose 0.14312 | Grip 0.00293 | Phase Family 100.00% | Ground 0.90cm | Target 100.00%
Epoch [4/30] | Batch [2800/2880] | Total 0.21671 | Pose 0.14518 | Grip 0.00038 | Phase Family 100.00% | Ground 0.83cm | Target 100.00%
Epoch [4/30] | Batch [2850/2880] | Total 0.17415 | Pose 0.12476 | Grip 0.00660 | Phase Family 100.00% | Ground 1.05cm | Target 100.00%
Epoch [4/30] | Train 0.20781 | Combined Val 0.25541 | Clean Val 0.23491 | XYZ 0.0191 | Grip 99.17% | Phase 97.20% | Family 99.38% | Ground 0.87cm | Target 100.00% | Select 0.35010 | Patience 1/8
Epoch [5/30] | Batch [1/2880] | Total 0.19467 | Pose 0.14110 | Grip 0.00547 | Phase Family 100.00% | Ground 0.96cm | Target 100.00%
Epoch [5/30] | Batch [50/2880] | Total 0.20002 | Pose 0.14827 | Grip 0.00700 | Phase Family 100.00% | Ground 0.73cm | Target 100.00%
Epoch [5/30] | Batch [100/2880] | Total 0.20864 | Pose 0.16444 | Grip 0.00391 | Phase Family 100.00% | Ground 0.94cm | Target 100.00%
Epoch [5/30] | Batch [150/2880] | Total 0.19608 | Pose 0.15190 | Grip 0.00631 | Phase Family 100.00% | Ground 1.09cm | Target 100.00%
Epoch [5/30] | Batch [200/2880] | Total 0.18843 | Pose 0.13596 | Grip 0.00311 | Phase Family 100.00% | Ground 0.72cm | Target 100.00%
Epoch [5/30] | Batch [250/2880] | Total 0.17073 | Pose 0.12921 | Grip 0.00666 | Phase Family 100.00% | Ground 0.69cm | Target 100.00%
Epoch [5/30] | Batch [300/2880] | Total 0.18057 | Pose 0.14511 | Grip 0.00070 | Phase Family 100.00% | Ground 0.95cm | Target 100.00%
Epoch [5/30] | Batch [350/2880] | Total 0.20990 | Pose 0.14896 | Grip 0.00259 | Phase Family 100.00% | Ground 1.03cm | Target 100.00%
Epoch [5/30] | Batch [400/2880] | Total 0.21137 | Pose 0.15143 | Grip 0.00216 | Phase Family 100.00% | Ground 0.87cm | Target 100.00%
Epoch [5/30] | Batch [450/2880] | Total 0.20380 | Pose 0.15172 | Grip 0.00900 | Phase Family 100.00% | Ground 0.89cm | Target 100.00%
Epoch [5/30] | Batch [500/2880] | Total 0.20108 | Pose 0.14522 | Grip 0.00045 | Phase Family 100.00% | Ground 0.84cm | Target 100.00%
Epoch [5/30] | Batch [550/2880] | Total 0.25838 | Pose 0.16595 | Grip 0.01036 | Phase Family 100.00% | Ground 1.05cm | Target 100.00%
Epoch [5/30] | Batch [600/2880] | Total 0.17637 | Pose 0.14419 | Grip 0.00137 | Phase Family 100.00% | Ground 0.97cm | Target 100.00%
Epoch [5/30] | Batch [650/2880] | Total 0.21740 | Pose 0.15813 | Grip 0.00749 | Phase Family 100.00% | Ground 0.95cm | Target 100.00%
Epoch [5/30] | Batch [700/2880] | Total 0.21729 | Pose 0.14477 | Grip 0.01495 | Phase Family 100.00% | Ground 0.90cm | Target 100.00%
Epoch [5/30] | Batch [750/2880] | Total 0.18972 | Pose 0.14110 | Grip 0.00130 | Phase Family 100.00% | Ground 0.86cm | Target 100.00%
Epoch [5/30] | Batch [800/2880] | Total 0.20098 | Pose 0.14607 | Grip 0.00351 | Phase Family 100.00% | Ground 0.88cm | Target 100.00%
Epoch [5/30] | Batch [850/2880] | Total 0.19714 | Pose 0.14740 | Grip 0.00050 | Phase Family 100.00% | Ground 0.83cm | Target 100.00%
Epoch [5/30] | Batch [900/2880] | Total 0.22172 | Pose 0.14362 | Grip 0.00445 | Phase Family 100.00% | Ground 0.96cm | Target 100.00%
Epoch [5/30] | Batch [950/2880] | Total 0.18231 | Pose 0.14395 | Grip 0.00142 | Phase Family 100.00% | Ground 0.75cm | Target 100.00%
Epoch [5/30] | Batch [1000/2880] | Total 0.23451 | Pose 0.15814 | Grip 0.00484 | Phase Family 100.00% | Ground 0.93cm | Target 100.00%
Epoch [5/30] | Batch [1050/2880] | Total 0.20317 | Pose 0.15688 | Grip 0.00343 | Phase Family 100.00% | Ground 1.12cm | Target 100.00%
Epoch [5/30] | Batch [1100/2880] | Total 0.21026 | Pose 0.15024 | Grip 0.00155 | Phase Family 100.00% | Ground 0.82cm | Target 100.00%
Epoch [5/30] | Batch [1150/2880] | Total 0.17650 | Pose 0.13651 | Grip 0.00418 | Phase Family 100.00% | Ground 0.81cm | Target 100.00%
Epoch [5/30] | Batch [1200/2880] | Total 0.18401 | Pose 0.14346 | Grip 0.00311 | Phase Family 100.00% | Ground 0.88cm | Target 100.00%
Epoch [5/30] | Batch [1250/2880] | Total 0.17592 | Pose 0.13659 | Grip 0.00837 | Phase Family 100.00% | Ground 0.90cm | Target 100.00%
Epoch [5/30] | Batch [1300/2880] | Total 0.19701 | Pose 0.14618 | Grip 0.00732 | Phase Family 100.00% | Ground 0.88cm | Target 100.00%
Epoch [5/30] | Batch [1350/2880] | Total 0.21424 | Pose 0.15733 | Grip 0.00546 | Phase Family 100.00% | Ground 0.99cm | Target 100.00%
Epoch [5/30] | Batch [1400/2880] | Total 0.18784 | Pose 0.14309 | Grip 0.00302 | Phase Family 100.00% | Ground 1.00cm | Target 100.00%
Epoch [5/30] | Batch [1450/2880] | Total 0.23181 | Pose 0.16891 | Grip 0.00691 | Phase Family 100.00% | Ground 0.85cm | Target 100.00%
Epoch [5/30] | Batch [1500/2880] | Total 0.19094 | Pose 0.14013 | Grip 0.01358 | Phase Family 100.00% | Ground 0.99cm | Target 100.00%
Epoch [5/30] | Batch [1550/2880] | Total 0.18441 | Pose 0.14427 | Grip 0.00454 | Phase Family 100.00% | Ground 0.74cm | Target 100.00%
Epoch [5/30] | Batch [1600/2880] | Total 0.17976 | Pose 0.13346 | Grip 0.01023 | Phase Family 100.00% | Ground 0.95cm | Target 100.00%
Epoch [5/30] | Batch [1650/2880] | Total 0.19017 | Pose 0.15022 | Grip 0.00609 | Phase Family 100.00% | Ground 0.86cm | Target 100.00%
Epoch [5/30] | Batch [1700/2880] | Total 0.19759 | Pose 0.15031 | Grip 0.00446 | Phase Family 100.00% | Ground 0.71cm | Target 100.00%
Epoch [5/30] | Batch [1750/2880] | Total 0.20532 | Pose 0.15504 | Grip 0.00431 | Phase Family 100.00% | Ground 0.85cm | Target 100.00%
Epoch [5/30] | Batch [1800/2880] | Total 0.23304 | Pose 0.16705 | Grip 0.00911 | Phase Family 100.00% | Ground 0.93cm | Target 100.00%
Epoch [5/30] | Batch [1850/2880] | Total 0.20116 | Pose 0.15560 | Grip 0.00076 | Phase Family 100.00% | Ground 0.88cm | Target 100.00%
Epoch [5/30] | Batch [1900/2880] | Total 0.26244 | Pose 0.16757 | Grip 0.00441 | Phase Family 100.00% | Ground 0.98cm | Target 100.00%
Epoch [5/30] | Batch [1950/2880] | Total 0.19643 | Pose 0.14918 | Grip 0.00229 | Phase Family 100.00% | Ground 1.09cm | Target 100.00%
Epoch [5/30] | Batch [2000/2880] | Total 0.18864 | Pose 0.14097 | Grip 0.00569 | Phase Family 100.00% | Ground 0.77cm | Target 100.00%
Epoch [5/30] | Batch [2050/2880] | Total 0.18266 | Pose 0.14322 | Grip 0.00120 | Phase Family 100.00% | Ground 0.67cm | Target 100.00%
Epoch [5/30] | Batch [2100/2880] | Total 0.19787 | Pose 0.15914 | Grip 0.00029 | Phase Family 100.00% | Ground 0.87cm | Target 100.00%
Epoch [5/30] | Batch [2150/2880] | Total 0.20535 | Pose 0.14094 | Grip 0.00652 | Phase Family 100.00% | Ground 0.96cm | Target 100.00%
Epoch [5/30] | Batch [2200/2880] | Total 0.22655 | Pose 0.16713 | Grip 0.00010 | Phase Family 100.00% | Ground 0.85cm | Target 100.00%
Epoch [5/30] | Batch [2250/2880] | Total 0.21683 | Pose 0.15531 | Grip 0.00376 | Phase Family 100.00% | Ground 1.08cm | Target 100.00%
Epoch [5/30] | Batch [2300/2880] | Total 0.19863 | Pose 0.15855 | Grip 0.00150 | Phase Family 100.00% | Ground 1.08cm | Target 100.00%
Epoch [5/30] | Batch [2350/2880] | Total 0.20958 | Pose 0.15593 | Grip 0.01050 | Phase Family 100.00% | Ground 0.95cm | Target 100.00%
Epoch [5/30] | Batch [2400/2880] | Total 0.20261 | Pose 0.14860 | Grip 0.00392 | Phase Family 100.00% | Ground 1.18cm | Target 100.00%
Epoch [5/30] | Batch [2450/2880] | Total 0.19669 | Pose 0.14765 | Grip 0.00014 | Phase Family 100.00% | Ground 0.92cm | Target 100.00%
Epoch [5/30] | Batch [2500/2880] | Total 0.21168 | Pose 0.14303 | Grip 0.02167 | Phase Family 100.00% | Ground 0.90cm | Target 100.00%
Epoch [5/30] | Batch [2550/2880] | Total 0.19431 | Pose 0.14040 | Grip 0.01072 | Phase Family 100.00% | Ground 0.87cm | Target 100.00%
Epoch [5/30] | Batch [2600/2880] | Total 0.28665 | Pose 0.15352 | Grip 0.00102 | Phase Family 100.00% | Ground 1.03cm | Target 100.00%
Epoch [5/30] | Batch [2650/2880] | Total 0.20274 | Pose 0.16140 | Grip 0.00152 | Phase Family 100.00% | Ground 0.87cm | Target 100.00%
Epoch [5/30] | Batch [2700/2880] | Total 0.19102 | Pose 0.13507 | Grip 0.00689 | Phase Family 100.00% | Ground 0.93cm | Target 100.00%
Epoch [5/30] | Batch [2750/2880] | Total 0.18922 | Pose 0.14045 | Grip 0.01285 | Phase Family 100.00% | Ground 0.91cm | Target 100.00%
Epoch [5/30] | Batch [2800/2880] | Total 0.20647 | Pose 0.16506 | Grip 0.00571 | Phase Family 100.00% | Ground 0.84cm | Target 100.00%
Epoch [5/30] | Batch [2850/2880] | Total 0.21147 | Pose 0.16689 | Grip 0.00423 | Phase Family 100.00% | Ground 0.97cm | Target 100.00%
Epoch [5/30] | Train 0.20475 | Combined Val 0.25015 | Clean Val 0.23301 | XYZ 0.0187 | Grip 99.25% | Phase 97.16% | Family 99.38% | Ground 0.81cm | Target 100.00% | Select 0.35174 | Patience 2/8
Epoch [6/30] | Batch [1/2880] | Total 0.21641 | Pose 0.14888 | Grip 0.01107 | Phase Family 100.00% | Ground 0.85cm | Target 100.00%
Epoch [6/30] | Batch [50/2880] | Total 0.19826 | Pose 0.14667 | Grip 0.00682 | Phase Family 100.00% | Ground 0.79cm | Target 100.00%
Epoch [6/30] | Batch [100/2880] | Total 0.19884 | Pose 0.15580 | Grip 0.00302 | Phase Family 100.00% | Ground 0.76cm | Target 100.00%
Epoch [6/30] | Batch [150/2880] | Total 0.23298 | Pose 0.14205 | Grip 0.00277 | Phase Family 100.00% | Ground 0.99cm | Target 100.00%
Epoch [6/30] | Batch [200/2880] | Total 0.20303 | Pose 0.15599 | Grip 0.00084 | Phase Family 100.00% | Ground 0.89cm | Target 100.00%
Epoch [6/30] | Batch [250/2880] | Total 0.20577 | Pose 0.14779 | Grip 0.00510 | Phase Family 100.00% | Ground 1.03cm | Target 100.00%
Epoch [6/30] | Batch [300/2880] | Total 0.19234 | Pose 0.13695 | Grip 0.02013 | Phase Family 100.00% | Ground 0.84cm | Target 100.00%
Epoch [6/30] | Batch [350/2880] | Total 0.20204 | Pose 0.14769 | Grip 0.00620 | Phase Family 100.00% | Ground 0.99cm | Target 100.00%
Epoch [6/30] | Batch [400/2880] | Total 0.19873 | Pose 0.13449 | Grip 0.01346 | Phase Family 100.00% | Ground 0.81cm | Target 100.00%
Epoch [6/30] | Batch [450/2880] | Total 0.19698 | Pose 0.15878 | Grip 0.00012 | Phase Family 100.00% | Ground 0.97cm | Target 100.00%
Epoch [6/30] | Batch [500/2880] | Total 0.21280 | Pose 0.15454 | Grip 0.00144 | Phase Family 100.00% | Ground 0.89cm | Target 100.00%
Epoch [6/30] | Batch [550/2880] | Total 0.22201 | Pose 0.16261 | Grip 0.01089 | Phase Family 100.00% | Ground 0.77cm | Target 100.00%
Epoch [6/30] | Batch [600/2880] | Total 0.21826 | Pose 0.14523 | Grip 0.00943 | Phase Family 100.00% | Ground 0.89cm | Target 100.00%
Epoch [6/30] | Batch [650/2880] | Total 0.17232 | Pose 0.14088 | Grip 0.00177 | Phase Family 100.00% | Ground 0.81cm | Target 100.00%
Epoch [6/30] | Batch [700/2880] | Total 0.25095 | Pose 0.14108 | Grip 0.00189 | Phase Family 100.00% | Ground 1.03cm | Target 100.00%
Epoch [6/30] | Batch [750/2880] | Total 0.20655 | Pose 0.15318 | Grip 0.00353 | Phase Family 100.00% | Ground 1.01cm | Target 100.00%
Epoch [6/30] | Batch [800/2880] | Total 0.18386 | Pose 0.14635 | Grip 0.00297 | Phase Family 100.00% | Ground 0.71cm | Target 100.00%
Epoch [6/30] | Batch [850/2880] | Total 0.20691 | Pose 0.15793 | Grip 0.00602 | Phase Family 100.00% | Ground 0.85cm | Target 100.00%
Epoch [6/30] | Batch [900/2880] | Total 0.19944 | Pose 0.15580 | Grip 0.00437 | Phase Family 100.00% | Ground 0.78cm | Target 100.00%
Epoch [6/30] | Batch [950/2880] | Total 0.18328 | Pose 0.13997 | Grip 0.00082 | Phase Family 100.00% | Ground 0.90cm | Target 100.00%
Epoch [6/30] | Batch [1000/2880] | Total 0.21939 | Pose 0.14076 | Grip 0.00493 | Phase Family 100.00% | Ground 0.95cm | Target 100.00%
Epoch [6/30] | Batch [1050/2880] | Total 0.20090 | Pose 0.13280 | Grip 0.00282 | Phase Family 100.00% | Ground 1.14cm | Target 100.00%
Epoch [6/30] | Batch [1100/2880] | Total 0.17595 | Pose 0.13696 | Grip 0.00346 | Phase Family 100.00% | Ground 1.01cm | Target 100.00%
Epoch [6/30] | Batch [1150/2880] | Total 0.19269 | Pose 0.14654 | Grip 0.00251 | Phase Family 100.00% | Ground 0.87cm | Target 100.00%
Epoch [6/30] | Batch [1200/2880] | Total 0.20553 | Pose 0.13954 | Grip 0.00870 | Phase Family 100.00% | Ground 0.80cm | Target 100.00%
Epoch [6/30] | Batch [1250/2880] | Total 0.19321 | Pose 0.15632 | Grip 0.00354 | Phase Family 100.00% | Ground 1.08cm | Target 100.00%
Epoch [6/30] | Batch [1300/2880] | Total 0.19174 | Pose 0.14852 | Grip 0.00299 | Phase Family 100.00% | Ground 0.75cm | Target 100.00%
Epoch [6/30] | Batch [1350/2880] | Total 0.19522 | Pose 0.13405 | Grip 0.00280 | Phase Family 100.00% | Ground 0.72cm | Target 100.00%
Epoch [6/30] | Batch [1400/2880] | Total 0.18427 | Pose 0.14474 | Grip 0.00759 | Phase Family 100.00% | Ground 0.80cm | Target 100.00%
Epoch [6/30] | Batch [1450/2880] | Total 0.19019 | Pose 0.13884 | Grip 0.00519 | Phase Family 100.00% | Ground 0.75cm | Target 100.00%
Epoch [6/30] | Batch [1500/2880] | Total 0.18899 | Pose 0.15007 | Grip 0.00217 | Phase Family 100.00% | Ground 0.89cm | Target 100.00%
Epoch [6/30] | Batch [1550/2880] | Total 0.19350 | Pose 0.14292 | Grip 0.00565 | Phase Family 100.00% | Ground 1.03cm | Target 100.00%
Epoch [6/30] | Batch [1600/2880] | Total 0.20174 | Pose 0.14078 | Grip 0.01189 | Phase Family 100.00% | Ground 0.74cm | Target 100.00%
Epoch [6/30] | Batch [1650/2880] | Total 0.17459 | Pose 0.12704 | Grip 0.00151 | Phase Family 100.00% | Ground 0.89cm | Target 100.00%
Epoch [6/30] | Batch [1700/2880] | Total 0.19860 | Pose 0.13678 | Grip 0.00716 | Phase Family 100.00% | Ground 1.07cm | Target 100.00%
Epoch [6/30] | Batch [1750/2880] | Total 0.19029 | Pose 0.14139 | Grip 0.00348 | Phase Family 100.00% | Ground 0.91cm | Target 100.00%
Epoch [6/30] | Batch [1800/2880] | Total 0.24485 | Pose 0.19826 | Grip 0.00302 | Phase Family 100.00% | Ground 0.85cm | Target 100.00%
Epoch [6/30] | Batch [1850/2880] | Total 0.18682 | Pose 0.14574 | Grip 0.00495 | Phase Family 100.00% | Ground 0.85cm | Target 100.00%
Epoch [6/30] | Batch [1900/2880] | Total 0.20215 | Pose 0.13584 | Grip 0.00005 | Phase Family 100.00% | Ground 0.88cm | Target 100.00%
Epoch [6/30] | Batch [1950/2880] | Total 0.18400 | Pose 0.14732 | Grip 0.00418 | Phase Family 100.00% | Ground 0.88cm | Target 100.00%
Epoch [6/30] | Batch [2000/2880] | Total 0.17758 | Pose 0.14186 | Grip 0.00670 | Phase Family 100.00% | Ground 0.88cm | Target 100.00%
Epoch [6/30] | Batch [2050/2880] | Total 0.22172 | Pose 0.15535 | Grip 0.00529 | Phase Family 100.00% | Ground 1.13cm | Target 100.00%
Epoch [6/30] | Batch [2100/2880] | Total 0.17586 | Pose 0.13622 | Grip 0.00425 | Phase Family 100.00% | Ground 0.79cm | Target 100.00%
Epoch [6/30] | Batch [2150/2880] | Total 0.22547 | Pose 0.14761 | Grip 0.00239 | Phase Family 100.00% | Ground 0.94cm | Target 100.00%
Epoch [6/30] | Batch [2200/2880] | Total 0.23646 | Pose 0.15177 | Grip 0.01286 | Phase Family 100.00% | Ground 0.85cm | Target 100.00%
Epoch [6/30] | Batch [2250/2880] | Total 0.18144 | Pose 0.14292 | Grip 0.00811 | Phase Family 100.00% | Ground 0.90cm | Target 100.00%
Epoch [6/30] | Batch [2300/2880] | Total 0.17151 | Pose 0.13157 | Grip 0.00176 | Phase Family 100.00% | Ground 0.84cm | Target 100.00%
Epoch [6/30] | Batch [2350/2880] | Total 0.20666 | Pose 0.14420 | Grip 0.00048 | Phase Family 100.00% | Ground 0.87cm | Target 100.00%
Epoch [6/30] | Batch [2400/2880] | Total 0.17167 | Pose 0.12833 | Grip 0.00169 | Phase Family 100.00% | Ground 1.02cm | Target 100.00%
Epoch [6/30] | Batch [2450/2880] | Total 0.20235 | Pose 0.15061 | Grip 0.00444 | Phase Family 100.00% | Ground 0.88cm | Target 100.00%
Epoch [6/30] | Batch [2500/2880] | Total 0.20759 | Pose 0.14825 | Grip 0.00746 | Phase Family 100.00% | Ground 0.89cm | Target 100.00%
Epoch [6/30] | Batch [2550/2880] | Total 0.17587 | Pose 0.13006 | Grip 0.00487 | Phase Family 100.00% | Ground 0.86cm | Target 100.00%
Epoch [6/30] | Batch [2600/2880] | Total 0.19206 | Pose 0.14961 | Grip 0.00366 | Phase Family 100.00% | Ground 0.83cm | Target 100.00%
Epoch [6/30] | Batch [2650/2880] | Total 0.18463 | Pose 0.14115 | Grip 0.00512 | Phase Family 100.00% | Ground 0.76cm | Target 100.00%
Epoch [6/30] | Batch [2700/2880] | Total 0.22259 | Pose 0.18534 | Grip 0.00474 | Phase Family 100.00% | Ground 0.82cm | Target 100.00%
Epoch [6/30] | Batch [2750/2880] | Total 0.18190 | Pose 0.14528 | Grip 0.00229 | Phase Family 100.00% | Ground 0.87cm | Target 100.00%
Epoch [6/30] | Batch [2800/2880] | Total 0.21792 | Pose 0.15605 | Grip 0.00005 | Phase Family 100.00% | Ground 0.97cm | Target 100.00%
Epoch [6/30] | Batch [2850/2880] | Total 0.19396 | Pose 0.13665 | Grip 0.00651 | Phase Family 100.00% | Ground 0.97cm | Target 100.00%
Epoch [6/30] | Train 0.20042 | Combined Val 0.25649 | Clean Val 0.23663 | XYZ 0.0180 | Grip 99.10% | Phase 97.10% | Family 99.23% | Ground 0.85cm | Target 100.00% | Select 0.34987 | Patience 3/8
Epoch [7/30] | Batch [1/2880] | Total 0.22330 | Pose 0.16191 | Grip 0.01370 | Phase Family 100.00% | Ground 0.88cm | Target 100.00%
Epoch [7/30] | Batch [50/2880] | Total 0.22739 | Pose 0.14955 | Grip 0.00471 | Phase Family 100.00% | Ground 0.70cm | Target 100.00%
Epoch [7/30] | Batch [100/2880] | Total 0.20643 | Pose 0.15090 | Grip 0.00392 | Phase Family 100.00% | Ground 1.26cm | Target 100.00%
Epoch [7/30] | Batch [150/2880] | Total 0.18439 | Pose 0.15397 | Grip 0.00040 | Phase Family 100.00% | Ground 0.88cm | Target 100.00%
Epoch [7/30] | Batch [200/2880] | Total 0.20986 | Pose 0.16676 | Grip 0.00392 | Phase Family 100.00% | Ground 0.95cm | Target 100.00%
Epoch [7/30] | Batch [250/2880] | Total 0.23265 | Pose 0.15697 | Grip 0.00602 | Phase Family 100.00% | Ground 1.06cm | Target 100.00%
Epoch [7/30] | Batch [300/2880] | Total 0.19171 | Pose 0.13903 | Grip 0.00127 | Phase Family 100.00% | Ground 0.85cm | Target 100.00%
Epoch [7/30] | Batch [350/2880] | Total 0.19281 | Pose 0.15395 | Grip 0.01028 | Phase Family 100.00% | Ground 0.77cm | Target 100.00%
Epoch [7/30] | Batch [400/2880] | Total 0.29978 | Pose 0.24593 | Grip 0.00193 | Phase Family 100.00% | Ground 0.87cm | Target 100.00%
Epoch [7/30] | Batch [450/2880] | Total 0.21435 | Pose 0.14735 | Grip 0.02016 | Phase Family 100.00% | Ground 0.98cm | Target 100.00%
Epoch [7/30] | Batch [500/2880] | Total 0.22430 | Pose 0.14104 | Grip 0.01030 | Phase Family 100.00% | Ground 0.87cm | Target 100.00%
Epoch [7/30] | Batch [550/2880] | Total 0.18934 | Pose 0.14736 | Grip 0.00641 | Phase Family 100.00% | Ground 0.90cm | Target 100.00%
Epoch [7/30] | Batch [600/2880] | Total 0.17957 | Pose 0.14403 | Grip 0.00244 | Phase Family 100.00% | Ground 0.87cm | Target 100.00%
Epoch [7/30] | Batch [650/2880] | Total 0.21156 | Pose 0.16774 | Grip 0.00414 | Phase Family 100.00% | Ground 0.87cm | Target 100.00%
Epoch [7/30] | Batch [700/2880] | Total 0.22586 | Pose 0.15898 | Grip 0.00705 | Phase Family 100.00% | Ground 1.06cm | Target 100.00%
Epoch [7/30] | Batch [750/2880] | Total 0.18481 | Pose 0.13796 | Grip 0.00306 | Phase Family 100.00% | Ground 0.92cm | Target 100.00%
Epoch [7/30] | Batch [800/2880] | Total 0.22043 | Pose 0.16520 | Grip 0.00365 | Phase Family 100.00% | Ground 1.03cm | Target 100.00%
Epoch [7/30] | Batch [850/2880] | Total 0.19787 | Pose 0.15342 | Grip 0.00105 | Phase Family 100.00% | Ground 0.86cm | Target 100.00%
Epoch [7/30] | Batch [900/2880] | Total 0.21572 | Pose 0.16537 | Grip 0.00222 | Phase Family 100.00% | Ground 0.97cm | Target 100.00%
Epoch [7/30] | Batch [950/2880] | Total 0.17872 | Pose 0.13840 | Grip 0.00134 | Phase Family 100.00% | Ground 0.85cm | Target 100.00%
Epoch [7/30] | Batch [1000/2880] | Total 0.21768 | Pose 0.16305 | Grip 0.01342 | Phase Family 100.00% | Ground 1.03cm | Target 100.00%
Epoch [7/30] | Batch [1050/2880] | Total 0.20309 | Pose 0.15565 | Grip 0.00476 | Phase Family 100.00% | Ground 1.07cm | Target 100.00%
Epoch [7/30] | Batch [1100/2880] | Total 0.18610 | Pose 0.14986 | Grip 0.00335 | Phase Family 100.00% | Ground 1.01cm | Target 100.00%
Epoch [7/30] | Batch [1150/2880] | Total 0.25515 | Pose 0.16227 | Grip 0.00543 | Phase Family 100.00% | Ground 1.17cm | Target 100.00%
Epoch [7/30] | Batch [1200/2880] | Total 0.18173 | Pose 0.13659 | Grip 0.00402 | Phase Family 100.00% | Ground 1.26cm | Target 100.00%
Epoch [7/30] | Batch [1250/2880] | Total 0.20348 | Pose 0.15743 | Grip 0.00317 | Phase Family 100.00% | Ground 0.92cm | Target 100.00%
Epoch [7/30] | Batch [1300/2880] | Total 0.18294 | Pose 0.14285 | Grip 0.00175 | Phase Family 100.00% | Ground 0.99cm | Target 100.00%
Epoch [7/30] | Batch [1350/2880] | Total 0.17407 | Pose 0.13998 | Grip 0.00283 | Phase Family 100.00% | Ground 0.87cm | Target 100.00%
Epoch [7/30] | Batch [1400/2880] | Total 0.18990 | Pose 0.13405 | Grip 0.00249 | Phase Family 100.00% | Ground 0.95cm | Target 100.00%
Epoch [7/30] | Batch [1450/2880] | Total 0.21397 | Pose 0.16347 | Grip 0.00611 | Phase Family 100.00% | Ground 0.81cm | Target 100.00%
Epoch [7/30] | Batch [1500/2880] | Total 0.21306 | Pose 0.14671 | Grip 0.00148 | Phase Family 100.00% | Ground 1.13cm | Target 100.00%
Epoch [7/30] | Batch [1550/2880] | Total 0.19263 | Pose 0.15370 | Grip 0.00231 | Phase Family 100.00% | Ground 0.94cm | Target 100.00%
Epoch [7/30] | Batch [1600/2880] | Total 0.20651 | Pose 0.17025 | Grip 0.00007 | Phase Family 100.00% | Ground 0.97cm | Target 100.00%
Epoch [7/30] | Batch [1650/2880] | Total 0.19529 | Pose 0.14733 | Grip 0.00498 | Phase Family 100.00% | Ground 0.89cm | Target 100.00%
Epoch [7/30] | Batch [1700/2880] | Total 0.20340 | Pose 0.15606 | Grip 0.01022 | Phase Family 100.00% | Ground 0.87cm | Target 100.00%
Epoch [7/30] | Batch [1750/2880] | Total 0.18696 | Pose 0.15016 | Grip 0.00202 | Phase Family 100.00% | Ground 0.80cm | Target 100.00%
Epoch [7/30] | Batch [1800/2880] | Total 0.23571 | Pose 0.17125 | Grip 0.00273 | Phase Family 100.00% | Ground 1.00cm | Target 100.00%
Epoch [7/30] | Batch [1850/2880] | Total 0.18333 | Pose 0.14185 | Grip 0.00039 | Phase Family 100.00% | Ground 0.66cm | Target 100.00%
Epoch [7/30] | Batch [1900/2880] | Total 0.19285 | Pose 0.15508 | Grip 0.00202 | Phase Family 100.00% | Ground 0.85cm | Target 100.00%
Epoch [7/30] | Batch [1950/2880] | Total 0.16664 | Pose 0.12420 | Grip 0.00918 | Phase Family 100.00% | Ground 0.97cm | Target 100.00%
Epoch [7/30] | Batch [2000/2880] | Total 0.18385 | Pose 0.14284 | Grip 0.00234 | Phase Family 100.00% | Ground 0.89cm | Target 100.00%
Epoch [7/30] | Batch [2050/2880] | Total 0.18955 | Pose 0.15296 | Grip 0.00079 | Phase Family 100.00% | Ground 0.84cm | Target 100.00%
Epoch [7/30] | Batch [2100/2880] | Total 0.18835 | Pose 0.14746 | Grip 0.00906 | Phase Family 100.00% | Ground 0.89cm | Target 100.00%
Epoch [7/30] | Batch [2150/2880] | Total 0.22294 | Pose 0.16797 | Grip 0.00449 | Phase Family 100.00% | Ground 0.84cm | Target 100.00%
Epoch [7/30] | Batch [2200/2880] | Total 0.21559 | Pose 0.16798 | Grip 0.00024 | Phase Family 100.00% | Ground 1.02cm | Target 100.00%
Epoch [7/30] | Batch [2250/2880] | Total 0.18038 | Pose 0.13902 | Grip 0.00153 | Phase Family 100.00% | Ground 0.83cm | Target 100.00%
Epoch [7/30] | Batch [2300/2880] | Total 0.17959 | Pose 0.13267 | Grip 0.00378 | Phase Family 100.00% | Ground 0.97cm | Target 100.00%
Epoch [7/30] | Batch [2350/2880] | Total 0.21211 | Pose 0.14100 | Grip 0.00485 | Phase Family 100.00% | Ground 0.96cm | Target 100.00%
Epoch [7/30] | Batch [2400/2880] | Total 0.17752 | Pose 0.14322 | Grip 0.00538 | Phase Family 100.00% | Ground 0.95cm | Target 100.00%
Epoch [7/30] | Batch [2450/2880] | Total 0.20963 | Pose 0.14228 | Grip 0.01350 | Phase Family 100.00% | Ground 0.92cm | Target 100.00%
Epoch [7/30] | Batch [2500/2880] | Total 0.23114 | Pose 0.16740 | Grip 0.00110 | Phase Family 100.00% | Ground 1.07cm | Target 100.00%
Epoch [7/30] | Batch [2550/2880] | Total 0.19580 | Pose 0.14960 | Grip 0.00126 | Phase Family 100.00% | Ground 1.04cm | Target 100.00%
Epoch [7/30] | Batch [2600/2880] | Total 0.24260 | Pose 0.17745 | Grip 0.00324 | Phase Family 100.00% | Ground 0.90cm | Target 100.00%
Epoch [7/30] | Batch [2650/2880] | Total 0.18410 | Pose 0.14970 | Grip 0.00107 | Phase Family 100.00% | Ground 0.79cm | Target 100.00%
Epoch [7/30] | Batch [2700/2880] | Total 0.20131 | Pose 0.15279 | Grip 0.00891 | Phase Family 100.00% | Ground 0.88cm | Target 100.00%
Epoch [7/30] | Batch [2750/2880] | Total 0.19152 | Pose 0.14248 | Grip 0.00584 | Phase Family 100.00% | Ground 0.83cm | Target 100.00%
Epoch [7/30] | Batch [2800/2880] | Total 0.19707 | Pose 0.16108 | Grip 0.00034 | Phase Family 100.00% | Ground 0.78cm | Target 100.00%
Epoch [7/30] | Batch [2850/2880] | Total 0.18596 | Pose 0.15023 | Grip 0.00136 | Phase Family 100.00% | Ground 0.74cm | Target 100.00%
Epoch [7/30] | Train 0.19875 | Combined Val 0.25078 | Clean Val 0.23008 | XYZ 0.0179 | Grip 99.20% | Phase 97.24% | Family 99.38% | Ground 0.77cm | Target 100.00% | Select 0.35597 | Patience 4/8
Epoch [8/30] | Batch [1/2880] | Total 0.21592 | Pose 0.16029 | Grip 0.00521 | Phase Family 100.00% | Ground 0.76cm | Target 100.00%
Epoch [8/30] | Batch [50/2880] | Total 0.19260 | Pose 0.14308 | Grip 0.00278 | Phase Family 100.00% | Ground 0.84cm | Target 100.00%
Epoch [8/30] | Batch [100/2880] | Total 0.18053 | Pose 0.14225 | Grip 0.00358 | Phase Family 100.00% | Ground 0.82cm | Target 100.00%
Epoch [8/30] | Batch [150/2880] | Total 0.20582 | Pose 0.15655 | Grip 0.00368 | Phase Family 100.00% | Ground 0.89cm | Target 100.00%
Epoch [8/30] | Batch [200/2880] | Total 0.18747 | Pose 0.14165 | Grip 0.00546 | Phase Family 100.00% | Ground 1.10cm | Target 100.00%
Epoch [8/30] | Batch [250/2880] | Total 0.20111 | Pose 0.14765 | Grip 0.00124 | Phase Family 100.00% | Ground 1.00cm | Target 100.00%
Epoch [8/30] | Batch [300/2880] | Total 0.16145 | Pose 0.12326 | Grip 0.01029 | Phase Family 100.00% | Ground 0.94cm | Target 100.00%
Epoch [8/30] | Batch [350/2880] | Total 0.18979 | Pose 0.14464 | Grip 0.00583 | Phase Family 100.00% | Ground 0.93cm | Target 100.00%
Epoch [8/30] | Batch [400/2880] | Total 0.19489 | Pose 0.13827 | Grip 0.00660 | Phase Family 100.00% | Ground 0.76cm | Target 100.00%
Epoch [8/30] | Batch [450/2880] | Total 0.18337 | Pose 0.14504 | Grip 0.00674 | Phase Family 100.00% | Ground 0.72cm | Target 100.00%
Epoch [8/30] | Batch [500/2880] | Total 0.20280 | Pose 0.14698 | Grip 0.00406 | Phase Family 100.00% | Ground 1.09cm | Target 100.00%
Epoch [8/30] | Batch [550/2880] | Total 0.19365 | Pose 0.14640 | Grip 0.02065 | Phase Family 100.00% | Ground 0.99cm | Target 100.00%
Epoch [8/30] | Batch [600/2880] | Total 0.19096 | Pose 0.14072 | Grip 0.00238 | Phase Family 100.00% | Ground 0.86cm | Target 100.00%
Epoch [8/30] | Batch [650/2880] | Total 0.19135 | Pose 0.14064 | Grip 0.00041 | Phase Family 100.00% | Ground 1.03cm | Target 100.00%
Epoch [8/30] | Batch [700/2880] | Total 0.27139 | Pose 0.22981 | Grip 0.00108 | Phase Family 100.00% | Ground 0.80cm | Target 100.00%
Epoch [8/30] | Batch [750/2880] | Total 0.22364 | Pose 0.15690 | Grip 0.01538 | Phase Family 100.00% | Ground 0.77cm | Target 100.00%
Epoch [8/30] | Batch [800/2880] | Total 0.18362 | Pose 0.14355 | Grip 0.00222 | Phase Family 100.00% | Ground 0.78cm | Target 100.00%
Epoch [8/30] | Batch [850/2880] | Total 0.24738 | Pose 0.16061 | Grip 0.00335 | Phase Family 100.00% | Ground 1.04cm | Target 100.00%
Epoch [8/30] | Batch [900/2880] | Total 0.18049 | Pose 0.14734 | Grip 0.00223 | Phase Family 100.00% | Ground 0.71cm | Target 100.00%
Epoch [8/30] | Batch [950/2880] | Total 0.21108 | Pose 0.13592 | Grip 0.00558 | Phase Family 100.00% | Ground 0.75cm | Target 100.00%
Epoch [8/30] | Batch [1000/2880] | Total 0.21345 | Pose 0.14752 | Grip 0.01569 | Phase Family 100.00% | Ground 0.78cm | Target 100.00%
Epoch [8/30] | Batch [1050/2880] | Total 0.21648 | Pose 0.16882 | Grip 0.00138 | Phase Family 100.00% | Ground 0.86cm | Target 100.00%
Epoch [8/30] | Batch [1100/2880] | Total 0.20962 | Pose 0.15119 | Grip 0.00147 | Phase Family 100.00% | Ground 1.21cm | Target 100.00%
Epoch [8/30] | Batch [1150/2880] | Total 0.18163 | Pose 0.13730 | Grip 0.00419 | Phase Family 100.00% | Ground 0.97cm | Target 100.00%
Epoch [8/30] | Batch [1200/2880] | Total 0.22113 | Pose 0.14239 | Grip 0.00132 | Phase Family 100.00% | Ground 0.86cm | Target 100.00%
Epoch [8/30] | Batch [1250/2880] | Total 0.19442 | Pose 0.13926 | Grip 0.00458 | Phase Family 100.00% | Ground 0.86cm | Target 100.00%
Epoch [8/30] | Batch [1300/2880] | Total 0.18079 | Pose 0.14329 | Grip 0.00114 | Phase Family 100.00% | Ground 0.85cm | Target 100.00%
Epoch [8/30] | Batch [1350/2880] | Total 0.17793 | Pose 0.14114 | Grip 0.00170 | Phase Family 100.00% | Ground 0.91cm | Target 100.00%
Epoch [8/30] | Batch [1400/2880] | Total 0.20397 | Pose 0.14707 | Grip 0.01854 | Phase Family 100.00% | Ground 0.91cm | Target 100.00%
Epoch [8/30] | Batch [1450/2880] | Total 0.15934 | Pose 0.12246 | Grip 0.00299 | Phase Family 100.00% | Ground 1.01cm | Target 100.00%
Epoch [8/30] | Batch [1500/2880] | Total 0.19432 | Pose 0.14861 | Grip 0.00338 | Phase Family 100.00% | Ground 1.02cm | Target 100.00%
Epoch [8/30] | Batch [1550/2880] | Total 0.18310 | Pose 0.13642 | Grip 0.00221 | Phase Family 100.00% | Ground 1.38cm | Target 100.00%
Epoch [8/30] | Batch [1600/2880] | Total 0.16973 | Pose 0.13474 | Grip 0.00362 | Phase Family 100.00% | Ground 0.95cm | Target 100.00%
Epoch [8/30] | Batch [1650/2880] | Total 0.18862 | Pose 0.13695 | Grip 0.00326 | Phase Family 100.00% | Ground 0.85cm | Target 100.00%
Epoch [8/30] | Batch [1700/2880] | Total 0.18940 | Pose 0.13977 | Grip 0.00063 | Phase Family 100.00% | Ground 0.91cm | Target 100.00%
Epoch [8/30] | Batch [1750/2880] | Total 0.18924 | Pose 0.13882 | Grip 0.01107 | Phase Family 100.00% | Ground 0.85cm | Target 100.00%
Epoch [8/30] | Batch [1800/2880] | Total 0.18316 | Pose 0.14696 | Grip 0.00301 | Phase Family 100.00% | Ground 0.83cm | Target 100.00%
Epoch [8/30] | Batch [1850/2880] | Total 0.21987 | Pose 0.16166 | Grip 0.00064 | Phase Family 100.00% | Ground 0.81cm | Target 100.00%
Epoch [8/30] | Batch [1900/2880] | Total 0.18438 | Pose 0.14578 | Grip 0.00283 | Phase Family 100.00% | Ground 0.96cm | Target 100.00%
Epoch [8/30] | Batch [1950/2880] | Total 0.27957 | Pose 0.24099 | Grip 0.00672 | Phase Family 100.00% | Ground 0.92cm | Target 100.00%
Epoch [8/30] | Batch [2000/2880] | Total 0.19289 | Pose 0.15179 | Grip 0.00028 | Phase Family 100.00% | Ground 1.06cm | Target 100.00%
Epoch [8/30] | Batch [2050/2880] | Total 0.21961 | Pose 0.14377 | Grip 0.00423 | Phase Family 100.00% | Ground 0.71cm | Target 100.00%
Epoch [8/30] | Batch [2100/2880] | Total 0.17087 | Pose 0.12278 | Grip 0.01543 | Phase Family 100.00% | Ground 0.71cm | Target 100.00%
Epoch [8/30] | Batch [2150/2880] | Total 0.18073 | Pose 0.14356 | Grip 0.00083 | Phase Family 100.00% | Ground 0.90cm | Target 100.00%
Epoch [8/30] | Batch [2200/2880] | Total 0.18407 | Pose 0.13751 | Grip 0.00169 | Phase Family 100.00% | Ground 0.90cm | Target 100.00%
Epoch [8/30] | Batch [2250/2880] | Total 0.20976 | Pose 0.13796 | Grip 0.00598 | Phase Family 100.00% | Ground 0.81cm | Target 100.00%
Epoch [8/30] | Batch [2300/2880] | Total 0.20725 | Pose 0.15565 | Grip 0.00208 | Phase Family 100.00% | Ground 0.97cm | Target 100.00%
Epoch [8/30] | Batch [2350/2880] | Total 0.20984 | Pose 0.15691 | Grip 0.01613 | Phase Family 100.00% | Ground 0.84cm | Target 100.00%
Epoch [8/30] | Batch [2400/2880] | Total 0.19645 | Pose 0.15591 | Grip 0.00990 | Phase Family 100.00% | Ground 0.94cm | Target 100.00%
Epoch [8/30] | Batch [2450/2880] | Total 0.21714 | Pose 0.16753 | Grip 0.00759 | Phase Family 100.00% | Ground 0.90cm | Target 100.00%
Epoch [8/30] | Batch [2500/2880] | Total 0.17542 | Pose 0.13629 | Grip 0.00448 | Phase Family 100.00% | Ground 0.81cm | Target 100.00%
Epoch [8/30] | Batch [2550/2880] | Total 0.18111 | Pose 0.14585 | Grip 0.00095 | Phase Family 100.00% | Ground 0.89cm | Target 100.00%
Epoch [8/30] | Batch [2600/2880] | Total 0.22234 | Pose 0.13330 | Grip 0.00292 | Phase Family 100.00% | Ground 0.90cm | Target 100.00%
Epoch [8/30] | Batch [2650/2880] | Total 0.21938 | Pose 0.16632 | Grip 0.00023 | Phase Family 100.00% | Ground 0.99cm | Target 100.00%
Epoch [8/30] | Batch [2700/2880] | Total 0.21522 | Pose 0.13544 | Grip 0.00581 | Phase Family 100.00% | Ground 0.69cm | Target 100.00%
Epoch [8/30] | Batch [2750/2880] | Total 0.20974 | Pose 0.13432 | Grip 0.00145 | Phase Family 100.00% | Ground 0.66cm | Target 100.00%
Epoch [8/30] | Batch [2800/2880] | Total 0.16550 | Pose 0.13261 | Grip 0.00084 | Phase Family 100.00% | Ground 0.85cm | Target 100.00%
Epoch [8/30] | Batch [2850/2880] | Total 0.19043 | Pose 0.14701 | Grip 0.00344 | Phase Family 100.00% | Ground 1.01cm | Target 100.00%
Epoch [8/30] | Train 0.19619 | Combined Val 0.26016 | Clean Val 0.24093 | XYZ 0.0183 | Grip 99.12% | Phase 97.03% | Family 99.29% | Ground 0.79cm | Target 100.00% | Select 0.35516 | Patience 5/8
Epoch [9/30] | Batch [1/2880] | Total 0.16621 | Pose 0.13028 | Grip 0.00116 | Phase Family 100.00% | Ground 0.90cm | Target 100.00%
Epoch [9/30] | Batch [50/2880] | Total 0.21001 | Pose 0.15641 | Grip 0.00485 | Phase Family 100.00% | Ground 0.78cm | Target 100.00%
Epoch [9/30] | Batch [100/2880] | Total 0.18836 | Pose 0.14532 | Grip 0.00062 | Phase Family 100.00% | Ground 0.84cm | Target 100.00%
Epoch [9/30] | Batch [150/2880] | Total 0.20490 | Pose 0.15440 | Grip 0.00005 | Phase Family 100.00% | Ground 0.88cm | Target 100.00%
Epoch [9/30] | Batch [200/2880] | Total 0.17061 | Pose 0.13678 | Grip 0.00285 | Phase Family 100.00% | Ground 0.92cm | Target 100.00%
Epoch [9/30] | Batch [250/2880] | Total 0.17471 | Pose 0.13457 | Grip 0.00392 | Phase Family 100.00% | Ground 0.97cm | Target 100.00%
Epoch [9/30] | Batch [300/2880] | Total 0.21255 | Pose 0.15551 | Grip 0.00416 | Phase Family 100.00% | Ground 0.95cm | Target 100.00%
Epoch [9/30] | Batch [350/2880] | Total 0.22827 | Pose 0.14836 | Grip 0.00441 | Phase Family 100.00% | Ground 1.06cm | Target 100.00%
Epoch [9/30] | Batch [400/2880] | Total 0.21480 | Pose 0.14472 | Grip 0.01405 | Phase Family 100.00% | Ground 0.73cm | Target 100.00%
Epoch [9/30] | Batch [450/2880] | Total 0.20208 | Pose 0.12733 | Grip 0.00692 | Phase Family 100.00% | Ground 0.82cm | Target 100.00%
Epoch [9/30] | Batch [500/2880] | Total 0.17334 | Pose 0.13979 | Grip 0.00182 | Phase Family 100.00% | Ground 0.80cm | Target 100.00%
Epoch [9/30] | Batch [550/2880] | Total 0.21191 | Pose 0.14906 | Grip 0.00012 | Phase Family 100.00% | Ground 0.86cm | Target 100.00%
Epoch [9/30] | Batch [600/2880] | Total 0.22111 | Pose 0.18443 | Grip 0.00227 | Phase Family 100.00% | Ground 0.89cm | Target 100.00%
Epoch [9/30] | Batch [650/2880] | Total 0.18966 | Pose 0.13702 | Grip 0.00295 | Phase Family 100.00% | Ground 0.83cm | Target 100.00%
Epoch [9/30] | Batch [700/2880] | Total 0.19697 | Pose 0.14750 | Grip 0.00659 | Phase Family 100.00% | Ground 0.95cm | Target 100.00%
Epoch [9/30] | Batch [750/2880] | Total 0.19964 | Pose 0.15784 | Grip 0.00048 | Phase Family 100.00% | Ground 0.88cm | Target 100.00%
Epoch [9/30] | Batch [800/2880] | Total 0.17584 | Pose 0.13342 | Grip 0.00013 | Phase Family 100.00% | Ground 0.91cm | Target 100.00%
Epoch [9/30] | Batch [850/2880] | Total 0.21196 | Pose 0.15164 | Grip 0.00705 | Phase Family 100.00% | Ground 0.90cm | Target 100.00%
Epoch [9/30] | Batch [900/2880] | Total 0.20698 | Pose 0.13670 | Grip 0.00907 | Phase Family 100.00% | Ground 0.87cm | Target 100.00%
Epoch [9/30] | Batch [950/2880] | Total 0.22538 | Pose 0.16713 | Grip 0.00520 | Phase Family 100.00% | Ground 0.87cm | Target 100.00%
Epoch [9/30] | Batch [1000/2880] | Total 0.20050 | Pose 0.15222 | Grip 0.00869 | Phase Family 100.00% | Ground 1.04cm | Target 100.00%
Epoch [9/30] | Batch [1050/2880] | Total 0.18777 | Pose 0.14647 | Grip 0.00298 | Phase Family 100.00% | Ground 0.85cm | Target 100.00%
Epoch [9/30] | Batch [1100/2880] | Total 0.18916 | Pose 0.14821 | Grip 0.00247 | Phase Family 100.00% | Ground 0.84cm | Target 100.00%
Epoch [9/30] | Batch [1150/2880] | Total 0.18556 | Pose 0.14597 | Grip 0.00645 | Phase Family 100.00% | Ground 0.78cm | Target 100.00%
Epoch [9/30] | Batch [1200/2880] | Total 0.19241 | Pose 0.14628 | Grip 0.00288 | Phase Family 100.00% | Ground 0.84cm | Target 100.00%
Epoch [9/30] | Batch [1250/2880] | Total 0.21621 | Pose 0.14418 | Grip 0.00101 | Phase Family 100.00% | Ground 0.99cm | Target 100.00%
Epoch [9/30] | Batch [1300/2880] | Total 0.21435 | Pose 0.14259 | Grip 0.00389 | Phase Family 100.00% | Ground 0.70cm | Target 100.00%
Epoch [9/30] | Batch [1350/2880] | Total 0.19316 | Pose 0.14293 | Grip 0.00072 | Phase Family 100.00% | Ground 0.84cm | Target 100.00%
Epoch [9/30] | Batch [1400/2880] | Total 0.20920 | Pose 0.14233 | Grip 0.00799 | Phase Family 100.00% | Ground 0.95cm | Target 100.00%
Epoch [9/30] | Batch [1450/2880] | Total 0.22674 | Pose 0.16702 | Grip 0.00572 | Phase Family 100.00% | Ground 0.91cm | Target 100.00%
Epoch [9/30] | Batch [1500/2880] | Total 0.20798 | Pose 0.15417 | Grip 0.00337 | Phase Family 100.00% | Ground 0.67cm | Target 100.00%
Epoch [9/30] | Batch [1550/2880] | Total 0.19372 | Pose 0.13094 | Grip 0.01099 | Phase Family 100.00% | Ground 0.71cm | Target 100.00%
Epoch [9/30] | Batch [1600/2880] | Total 0.18518 | Pose 0.13398 | Grip 0.00218 | Phase Family 100.00% | Ground 0.69cm | Target 100.00%
Epoch [9/30] | Batch [1650/2880] | Total 0.22062 | Pose 0.14293 | Grip 0.00233 | Phase Family 100.00% | Ground 0.80cm | Target 100.00%
Epoch [9/30] | Batch [1700/2880] | Total 0.18899 | Pose 0.14660 | Grip 0.00683 | Phase Family 100.00% | Ground 0.88cm | Target 100.00%
Epoch [9/30] | Batch [1750/2880] | Total 0.19468 | Pose 0.15281 | Grip 0.00004 | Phase Family 100.00% | Ground 0.97cm | Target 100.00%
Epoch [9/30] | Batch [1800/2880] | Total 0.18562 | Pose 0.13242 | Grip 0.00508 | Phase Family 100.00% | Ground 0.85cm | Target 100.00%
Epoch [9/30] | Batch [1850/2880] | Total 0.18437 | Pose 0.13875 | Grip 0.01174 | Phase Family 100.00% | Ground 0.80cm | Target 100.00%
Epoch [9/30] | Batch [1900/2880] | Total 0.20606 | Pose 0.15782 | Grip 0.00352 | Phase Family 100.00% | Ground 1.06cm | Target 100.00%
Epoch [9/30] | Batch [1950/2880] | Total 0.22086 | Pose 0.17978 | Grip 0.00313 | Phase Family 100.00% | Ground 1.03cm | Target 100.00%
Epoch [9/30] | Batch [2000/2880] | Total 0.15223 | Pose 0.12199 | Grip 0.00021 | Phase Family 100.00% | Ground 0.80cm | Target 100.00%
Epoch [9/30] | Batch [2050/2880] | Total 0.20106 | Pose 0.14375 | Grip 0.01312 | Phase Family 100.00% | Ground 0.73cm | Target 100.00%
Epoch [9/30] | Batch [2100/2880] | Total 0.20604 | Pose 0.15730 | Grip 0.01029 | Phase Family 100.00% | Ground 0.82cm | Target 100.00%
Epoch [9/30] | Batch [2150/2880] | Total 0.18508 | Pose 0.14358 | Grip 0.00160 | Phase Family 100.00% | Ground 0.80cm | Target 100.00%
Epoch [9/30] | Batch [2200/2880] | Total 0.19719 | Pose 0.15178 | Grip 0.00399 | Phase Family 100.00% | Ground 0.77cm | Target 100.00%
Epoch [9/30] | Batch [2250/2880] | Total 0.20799 | Pose 0.15045 | Grip 0.00670 | Phase Family 100.00% | Ground 0.87cm | Target 100.00%
Epoch [9/30] | Batch [2300/2880] | Total 0.19045 | Pose 0.13020 | Grip 0.00715 | Phase Family 100.00% | Ground 0.81cm | Target 100.00%
Epoch [9/30] | Batch [2350/2880] | Total 0.28222 | Pose 0.16960 | Grip 0.00168 | Phase Family 100.00% | Ground 0.99cm | Target 100.00%
Epoch [9/30] | Batch [2400/2880] | Total 0.22924 | Pose 0.19136 | Grip 0.00230 | Phase Family 100.00% | Ground 0.93cm | Target 100.00%
Epoch [9/30] | Batch [2450/2880] | Total 0.20375 | Pose 0.13894 | Grip 0.00445 | Phase Family 100.00% | Ground 0.92cm | Target 100.00%
Epoch [9/30] | Batch [2500/2880] | Total 0.19818 | Pose 0.14044 | Grip 0.00530 | Phase Family 100.00% | Ground 0.84cm | Target 100.00%
Epoch [9/30] | Batch [2550/2880] | Total 0.19484 | Pose 0.14897 | Grip 0.00549 | Phase Family 100.00% | Ground 0.93cm | Target 100.00%
Epoch [9/30] | Batch [2600/2880] | Total 0.30297 | Pose 0.16478 | Grip 0.00155 | Phase Family 100.00% | Ground 0.88cm | Target 100.00%
Epoch [9/30] | Batch [2650/2880] | Total 0.19115 | Pose 0.14686 | Grip 0.00955 | Phase Family 100.00% | Ground 0.73cm | Target 100.00%
Epoch [9/30] | Batch [2700/2880] | Total 0.21135 | Pose 0.14877 | Grip 0.00735 | Phase Family 100.00% | Ground 0.86cm | Target 100.00%
Epoch [9/30] | Batch [2750/2880] | Total 0.16187 | Pose 0.13273 | Grip 0.00215 | Phase Family 100.00% | Ground 0.95cm | Target 100.00%
Epoch [9/30] | Batch [2800/2880] | Total 0.22779 | Pose 0.15776 | Grip 0.00018 | Phase Family 100.00% | Ground 0.75cm | Target 100.00%
Epoch [9/30] | Batch [2850/2880] | Total 0.17439 | Pose 0.13912 | Grip 0.00257 | Phase Family 100.00% | Ground 0.92cm | Target 100.00%
Epoch [9/30] | Train 0.19378 | Combined Val 0.25454 | Clean Val 0.23690 | XYZ 0.0173 | Grip 99.11% | Phase 97.31% | Family 99.27% | Ground 0.85cm | Target 100.00% | Select 0.35013 | Patience 6/8
Epoch [10/30] | Batch [1/2880] | Total 0.18431 | Pose 0.13936 | Grip 0.00902 | Phase Family 100.00% | Ground 0.97cm | Target 100.00%
Epoch [10/30] | Batch [50/2880] | Total 0.18503 | Pose 0.14516 | Grip 0.00458 | Phase Family 100.00% | Ground 0.78cm | Target 100.00%
Epoch [10/30] | Batch [100/2880] | Total 0.18518 | Pose 0.13930 | Grip 0.00450 | Phase Family 100.00% | Ground 0.97cm | Target 100.00%
Epoch [10/30] | Batch [150/2880] | Total 0.16593 | Pose 0.13743 | Grip 0.00164 | Phase Family 100.00% | Ground 0.92cm | Target 100.00%
Epoch [10/30] | Batch [200/2880] | Total 0.19545 | Pose 0.15428 | Grip 0.01083 | Phase Family 100.00% | Ground 0.82cm | Target 100.00%
Epoch [10/30] | Batch [250/2880] | Total 0.17166 | Pose 0.14028 | Grip 0.00006 | Phase Family 100.00% | Ground 0.86cm | Target 100.00%
Epoch [10/30] | Batch [300/2880] | Total 0.21991 | Pose 0.13152 | Grip 0.00456 | Phase Family 100.00% | Ground 0.77cm | Target 100.00%
Epoch [10/30] | Batch [350/2880] | Total 0.17084 | Pose 0.13954 | Grip 0.00258 | Phase Family 100.00% | Ground 0.78cm | Target 100.00%
Epoch [10/30] | Batch [400/2880] | Total 0.18121 | Pose 0.13815 | Grip 0.00437 | Phase Family 100.00% | Ground 0.84cm | Target 100.00%
Epoch [10/30] | Batch [450/2880] | Total 0.20164 | Pose 0.15278 | Grip 0.00811 | Phase Family 100.00% | Ground 0.73cm | Target 100.00%
Epoch [10/30] | Batch [500/2880] | Total 0.19636 | Pose 0.15177 | Grip 0.00297 | Phase Family 100.00% | Ground 0.93cm | Target 100.00%
Epoch [10/30] | Batch [550/2880] | Total 0.18820 | Pose 0.15147 | Grip 0.00128 | Phase Family 100.00% | Ground 0.92cm | Target 100.00%
Epoch [10/30] | Batch [600/2880] | Total 0.18478 | Pose 0.13829 | Grip 0.00371 | Phase Family 100.00% | Ground 0.97cm | Target 100.00%
Epoch [10/30] | Batch [650/2880] | Total 0.19603 | Pose 0.14936 | Grip 0.00411 | Phase Family 100.00% | Ground 0.78cm | Target 100.00%
Epoch [10/30] | Batch [700/2880] | Total 0.17363 | Pose 0.13291 | Grip 0.00003 | Phase Family 100.00% | Ground 0.88cm | Target 100.00%
Epoch [10/30] | Batch [750/2880] | Total 0.18537 | Pose 0.13317 | Grip 0.01141 | Phase Family 100.00% | Ground 0.77cm | Target 100.00%
Epoch [10/30] | Batch [800/2880] | Total 0.19388 | Pose 0.15148 | Grip 0.00673 | Phase Family 100.00% | Ground 0.71cm | Target 100.00%
Epoch [10/30] | Batch [850/2880] | Total 0.23200 | Pose 0.17228 | Grip 0.02125 | Phase Family 100.00% | Ground 0.86cm | Target 100.00%
Epoch [10/30] | Batch [900/2880] | Total 0.17551 | Pose 0.13508 | Grip 0.00122 | Phase Family 100.00% | Ground 0.85cm | Target 100.00%
Epoch [10/30] | Batch [950/2880] | Total 0.17449 | Pose 0.14335 | Grip 0.00279 | Phase Family 100.00% | Ground 0.77cm | Target 100.00%
Epoch [10/30] | Batch [1000/2880] | Total 0.21284 | Pose 0.15476 | Grip 0.00081 | Phase Family 100.00% | Ground 0.83cm | Target 100.00%
Epoch [10/30] | Batch [1050/2880] | Total 0.19633 | Pose 0.15693 | Grip 0.00571 | Phase Family 100.00% | Ground 0.81cm | Target 100.00%
Epoch [10/30] | Batch [1100/2880] | Total 0.23046 | Pose 0.14160 | Grip 0.00507 | Phase Family 100.00% | Ground 1.07cm | Target 100.00%
Epoch [10/30] | Batch [1150/2880] | Total 0.20291 | Pose 0.15653 | Grip 0.00429 | Phase Family 100.00% | Ground 0.96cm | Target 100.00%
Epoch [10/30] | Batch [1200/2880] | Total 0.16366 | Pose 0.12896 | Grip 0.00235 | Phase Family 100.00% | Ground 0.75cm | Target 100.00%
Epoch [10/30] | Batch [1250/2880] | Total 0.22628 | Pose 0.16408 | Grip 0.00616 | Phase Family 100.00% | Ground 0.77cm | Target 100.00%
Epoch [10/30] | Batch [1300/2880] | Total 0.22507 | Pose 0.18154 | Grip 0.00041 | Phase Family 100.00% | Ground 0.79cm | Target 100.00%
Epoch [10/30] | Batch [1350/2880] | Total 0.18318 | Pose 0.13410 | Grip 0.01852 | Phase Family 100.00% | Ground 0.93cm | Target 100.00%
Epoch [10/30] | Batch [1400/2880] | Total 0.22298 | Pose 0.15208 | Grip 0.00267 | Phase Family 100.00% | Ground 0.79cm | Target 100.00%
Epoch [10/30] | Batch [1450/2880] | Total 0.23576 | Pose 0.15038 | Grip 0.00475 | Phase Family 100.00% | Ground 0.97cm | Target 100.00%
Epoch [10/30] | Batch [1500/2880] | Total 0.18505 | Pose 0.14176 | Grip 0.00282 | Phase Family 100.00% | Ground 0.81cm | Target 100.00%
Epoch [10/30] | Batch [1550/2880] | Total 0.17374 | Pose 0.13665 | Grip 0.00375 | Phase Family 100.00% | Ground 0.80cm | Target 100.00%
Epoch [10/30] | Batch [1600/2880] | Total 0.20538 | Pose 0.14958 | Grip 0.00754 | Phase Family 100.00% | Ground 0.75cm | Target 100.00%
Epoch [10/30] | Batch [1650/2880] | Total 0.18063 | Pose 0.14064 | Grip 0.01189 | Phase Family 100.00% | Ground 0.80cm | Target 100.00%
Epoch [10/30] | Batch [1700/2880] | Total 0.20413 | Pose 0.14660 | Grip 0.00200 | Phase Family 100.00% | Ground 0.76cm | Target 100.00%
Epoch [10/30] | Batch [1750/2880] | Total 0.26659 | Pose 0.20785 | Grip 0.00491 | Phase Family 100.00% | Ground 0.90cm | Target 100.00%
Epoch [10/30] | Batch [1800/2880] | Total 0.16490 | Pose 0.13075 | Grip 0.00238 | Phase Family 100.00% | Ground 1.04cm | Target 100.00%
Epoch [10/30] | Batch [1850/2880] | Total 0.18389 | Pose 0.14877 | Grip 0.00122 | Phase Family 100.00% | Ground 0.75cm | Target 100.00%
Epoch [10/30] | Batch [1900/2880] | Total 0.17118 | Pose 0.13136 | Grip 0.00062 | Phase Family 100.00% | Ground 0.92cm | Target 100.00%
Epoch [10/30] | Batch [1950/2880] | Total 0.18194 | Pose 0.14362 | Grip 0.00481 | Phase Family 100.00% | Ground 0.87cm | Target 100.00%
Epoch [10/30] | Batch [2000/2880] | Total 0.27170 | Pose 0.14756 | Grip 0.00007 | Phase Family 100.00% | Ground 0.89cm | Target 100.00%
Epoch [10/30] | Batch [2050/2880] | Total 0.21835 | Pose 0.16429 | Grip 0.00198 | Phase Family 100.00% | Ground 0.87cm | Target 100.00%
Epoch [10/30] | Batch [2100/2880] | Total 0.18015 | Pose 0.13169 | Grip 0.00168 | Phase Family 100.00% | Ground 0.77cm | Target 100.00%
Epoch [10/30] | Batch [2150/2880] | Total 0.17485 | Pose 0.13686 | Grip 0.00263 | Phase Family 100.00% | Ground 0.91cm | Target 100.00%
Epoch [10/30] | Batch [2200/2880] | Total 0.22942 | Pose 0.15709 | Grip 0.00185 | Phase Family 100.00% | Ground 0.88cm | Target 100.00%
Epoch [10/30] | Batch [2250/2880] | Total 0.17756 | Pose 0.14065 | Grip 0.00525 | Phase Family 100.00% | Ground 0.75cm | Target 100.00%
Epoch [10/30] | Batch [2300/2880] | Total 0.19167 | Pose 0.13851 | Grip 0.00521 | Phase Family 100.00% | Ground 0.89cm | Target 100.00%
Epoch [10/30] | Batch [2350/2880] | Total 0.21183 | Pose 0.15478 | Grip 0.01761 | Phase Family 100.00% | Ground 1.00cm | Target 100.00%
Epoch [10/30] | Batch [2400/2880] | Total 0.19861 | Pose 0.15235 | Grip 0.00874 | Phase Family 100.00% | Ground 0.78cm | Target 100.00%
Epoch [10/30] | Batch [2450/2880] | Total 0.19384 | Pose 0.13985 | Grip 0.00440 | Phase Family 100.00% | Ground 0.87cm | Target 100.00%
Epoch [10/30] | Batch [2500/2880] | Total 0.18358 | Pose 0.14100 | Grip 0.00064 | Phase Family 100.00% | Ground 0.97cm | Target 100.00%
Epoch [10/30] | Batch [2550/2880] | Total 0.18646 | Pose 0.12374 | Grip 0.00633 | Phase Family 100.00% | Ground 0.73cm | Target 100.00%
Epoch [10/30] | Batch [2600/2880] | Total 0.17497 | Pose 0.13010 | Grip 0.00071 | Phase Family 100.00% | Ground 0.82cm | Target 100.00%
Epoch [10/30] | Batch [2650/2880] | Total 0.23716 | Pose 0.19742 | Grip 0.00268 | Phase Family 100.00% | Ground 0.87cm | Target 100.00%
Epoch [10/30] | Batch [2700/2880] | Total 0.18237 | Pose 0.13668 | Grip 0.00443 | Phase Family 100.00% | Ground 1.00cm | Target 100.00%
Epoch [10/30] | Batch [2750/2880] | Total 0.17217 | Pose 0.13733 | Grip 0.00210 | Phase Family 100.00% | Ground 0.96cm | Target 100.00%
Epoch [10/30] | Batch [2800/2880] | Total 0.22507 | Pose 0.15547 | Grip 0.00362 | Phase Family 100.00% | Ground 0.91cm | Target 100.00%
Epoch [10/30] | Batch [2850/2880] | Total 0.17176 | Pose 0.13600 | Grip 0.00250 | Phase Family 100.00% | Ground 0.78cm | Target 100.00%
Epoch [10/30] | Train 0.19170 | Combined Val 0.25074 | Clean Val 0.23376 | XYZ 0.0174 | Grip 99.15% | Phase 97.17% | Family 99.32% | Ground 0.84cm | Target 100.00% | Select 0.34764 | Patience 0/8
Epoch [11/30] | Batch [1/2880] | Total 0.17445 | Pose 0.12949 | Grip 0.00902 | Phase Family 100.00% | Ground 0.94cm | Target 100.00%
Epoch [11/30] | Batch [50/2880] | Total 0.20459 | Pose 0.14916 | Grip 0.00043 | Phase Family 100.00% | Ground 0.86cm | Target 100.00%
Epoch [11/30] | Batch [100/2880] | Total 0.20112 | Pose 0.13888 | Grip 0.00992 | Phase Family 100.00% | Ground 0.84cm | Target 100.00%
Epoch [11/30] | Batch [150/2880] | Total 0.18216 | Pose 0.13636 | Grip 0.00992 | Phase Family 100.00% | Ground 0.88cm | Target 100.00%
Epoch [11/30] | Batch [200/2880] | Total 0.17985 | Pose 0.13797 | Grip 0.00086 | Phase Family 100.00% | Ground 0.80cm | Target 100.00%
Epoch [11/30] | Batch [250/2880] | Total 0.19085 | Pose 0.14092 | Grip 0.00041 | Phase Family 100.00% | Ground 1.01cm | Target 100.00%
Epoch [11/30] | Batch [300/2880] | Total 0.15751 | Pose 0.12648 | Grip 0.00050 | Phase Family 100.00% | Ground 1.05cm | Target 100.00%
Epoch [11/30] | Batch [350/2880] | Total 0.19196 | Pose 0.13470 | Grip 0.00365 | Phase Family 100.00% | Ground 0.83cm | Target 100.00%
Epoch [11/30] | Batch [400/2880] | Total 0.22391 | Pose 0.18207 | Grip 0.00125 | Phase Family 100.00% | Ground 0.77cm | Target 100.00%
Epoch [11/30] | Batch [450/2880] | Total 0.18012 | Pose 0.14339 | Grip 0.00950 | Phase Family 100.00% | Ground 0.75cm | Target 100.00%
Epoch [11/30] | Batch [500/2880] | Total 0.19240 | Pose 0.14420 | Grip 0.01211 | Phase Family 100.00% | Ground 0.97cm | Target 100.00%
Epoch [11/30] | Batch [550/2880] | Total 0.17518 | Pose 0.13641 | Grip 0.00211 | Phase Family 100.00% | Ground 1.12cm | Target 100.00%
Epoch [11/30] | Batch [600/2880] | Total 0.18854 | Pose 0.13879 | Grip 0.00164 | Phase Family 100.00% | Ground 1.01cm | Target 100.00%
Epoch [11/30] | Batch [650/2880] | Total 0.19596 | Pose 0.15477 | Grip 0.00390 | Phase Family 100.00% | Ground 0.77cm | Target 100.00%
Epoch [11/30] | Batch [700/2880] | Total 0.20303 | Pose 0.15004 | Grip 0.01134 | Phase Family 100.00% | Ground 0.70cm | Target 100.00%
Epoch [11/30] | Batch [750/2880] | Total 0.19645 | Pose 0.16081 | Grip 0.00170 | Phase Family 100.00% | Ground 0.79cm | Target 100.00%
Epoch [11/30] | Batch [800/2880] | Total 0.17261 | Pose 0.14261 | Grip 0.00227 | Phase Family 100.00% | Ground 0.64cm | Target 100.00%
Epoch [11/30] | Batch [850/2880] | Total 0.20535 | Pose 0.16189 | Grip 0.00178 | Phase Family 100.00% | Ground 0.95cm | Target 100.00%
Epoch [11/30] | Batch [900/2880] | Total 0.18031 | Pose 0.14930 | Grip 0.00012 | Phase Family 100.00% | Ground 0.82cm | Target 100.00%
Epoch [11/30] | Batch [950/2880] | Total 0.17069 | Pose 0.13052 | Grip 0.00135 | Phase Family 100.00% | Ground 0.90cm | Target 100.00%
Epoch [11/30] | Batch [1000/2880] | Total 0.20195 | Pose 0.14004 | Grip 0.00061 | Phase Family 100.00% | Ground 0.90cm | Target 100.00%
Epoch [11/30] | Batch [1050/2880] | Total 0.18780 | Pose 0.13368 | Grip 0.00377 | Phase Family 100.00% | Ground 1.09cm | Target 100.00%
Epoch [11/30] | Batch [1100/2880] | Total 0.17451 | Pose 0.14115 | Grip 0.00128 | Phase Family 100.00% | Ground 0.71cm | Target 100.00%
Epoch [11/30] | Batch [1150/2880] | Total 0.20539 | Pose 0.13893 | Grip 0.00127 | Phase Family 100.00% | Ground 0.75cm | Target 100.00%
Epoch [11/30] | Batch [1200/2880] | Total 0.19330 | Pose 0.14497 | Grip 0.00314 | Phase Family 100.00% | Ground 0.83cm | Target 100.00%
Epoch [11/30] | Batch [1250/2880] | Total 0.23223 | Pose 0.18038 | Grip 0.00324 | Phase Family 100.00% | Ground 0.81cm | Target 100.00%
Epoch [11/30] | Batch [1300/2880] | Total 0.19080 | Pose 0.14869 | Grip 0.00003 | Phase Family 100.00% | Ground 0.81cm | Target 100.00%
Epoch [11/30] | Batch [1350/2880] | Total 0.14884 | Pose 0.11387 | Grip 0.00127 | Phase Family 100.00% | Ground 0.81cm | Target 100.00%
Epoch [11/30] | Batch [1400/2880] | Total 0.18420 | Pose 0.14636 | Grip 0.00400 | Phase Family 100.00% | Ground 0.74cm | Target 100.00%
Epoch [11/30] | Batch [1450/2880] | Total 0.17825 | Pose 0.14016 | Grip 0.00687 | Phase Family 100.00% | Ground 0.88cm | Target 100.00%
Epoch [11/30] | Batch [1500/2880] | Total 0.17556 | Pose 0.13842 | Grip 0.00043 | Phase Family 100.00% | Ground 1.16cm | Target 100.00%
Epoch [11/30] | Batch [1550/2880] | Total 0.17648 | Pose 0.12804 | Grip 0.00374 | Phase Family 100.00% | Ground 0.89cm | Target 100.00%
Epoch [11/30] | Batch [1600/2880] | Total 0.20454 | Pose 0.15096 | Grip 0.00612 | Phase Family 100.00% | Ground 0.91cm | Target 100.00%
Epoch [11/30] | Batch [1650/2880] | Total 0.20488 | Pose 0.14504 | Grip 0.00033 | Phase Family 100.00% | Ground 0.97cm | Target 100.00%
Epoch [11/30] | Batch [1700/2880] | Total 0.16191 | Pose 0.12137 | Grip 0.00641 | Phase Family 100.00% | Ground 0.81cm | Target 100.00%
Epoch [11/30] | Batch [1750/2880] | Total 0.17443 | Pose 0.14071 | Grip 0.00101 | Phase Family 100.00% | Ground 0.98cm | Target 100.00%
Epoch [11/30] | Batch [1800/2880] | Total 0.15550 | Pose 0.12435 | Grip 0.00375 | Phase Family 100.00% | Ground 0.79cm | Target 100.00%
Epoch [11/30] | Batch [1850/2880] | Total 0.17538 | Pose 0.13729 | Grip 0.00365 | Phase Family 100.00% | Ground 0.95cm | Target 100.00%
Epoch [11/30] | Batch [1900/2880] | Total 0.17134 | Pose 0.13300 | Grip 0.00326 | Phase Family 100.00% | Ground 0.78cm | Target 100.00%
Epoch [11/30] | Batch [1950/2880] | Total 0.19071 | Pose 0.14089 | Grip 0.00568 | Phase Family 100.00% | Ground 0.98cm | Target 100.00%
Epoch [11/30] | Batch [2000/2880] | Total 0.20384 | Pose 0.13042 | Grip 0.00592 | Phase Family 100.00% | Ground 0.87cm | Target 100.00%
Epoch [11/30] | Batch [2050/2880] | Total 0.19313 | Pose 0.13606 | Grip 0.00206 | Phase Family 100.00% | Ground 0.82cm | Target 100.00%
Epoch [11/30] | Batch [2100/2880] | Total 0.19413 | Pose 0.15113 | Grip 0.00032 | Phase Family 100.00% | Ground 0.78cm | Target 100.00%
Epoch [11/30] | Batch [2150/2880] | Total 0.23386 | Pose 0.16281 | Grip 0.00035 | Phase Family 100.00% | Ground 1.13cm | Target 100.00%
Epoch [11/30] | Batch [2200/2880] | Total 0.20972 | Pose 0.17124 | Grip 0.00023 | Phase Family 100.00% | Ground 0.99cm | Target 100.00%
Epoch [11/30] | Batch [2250/2880] | Total 0.17171 | Pose 0.13480 | Grip 0.00153 | Phase Family 100.00% | Ground 0.75cm | Target 100.00%
Epoch [11/30] | Batch [2300/2880] | Total 0.18410 | Pose 0.14091 | Grip 0.00176 | Phase Family 100.00% | Ground 0.86cm | Target 100.00%
Epoch [11/30] | Batch [2350/2880] | Total 0.15838 | Pose 0.12374 | Grip 0.00056 | Phase Family 100.00% | Ground 0.88cm | Target 100.00%
Epoch [11/30] | Batch [2400/2880] | Total 0.17748 | Pose 0.13635 | Grip 0.00358 | Phase Family 100.00% | Ground 1.01cm | Target 100.00%
Epoch [11/30] | Batch [2450/2880] | Total 0.18302 | Pose 0.14775 | Grip 0.00148 | Phase Family 100.00% | Ground 0.85cm | Target 100.00%
Epoch [11/30] | Batch [2500/2880] | Total 0.18287 | Pose 0.14274 | Grip 0.00307 | Phase Family 100.00% | Ground 0.83cm | Target 100.00%
Epoch [11/30] | Batch [2550/2880] | Total 0.21086 | Pose 0.15791 | Grip 0.00421 | Phase Family 100.00% | Ground 1.06cm | Target 100.00%
Epoch [11/30] | Batch [2600/2880] | Total 0.21561 | Pose 0.16445 | Grip 0.00016 | Phase Family 100.00% | Ground 0.99cm | Target 100.00%
Epoch [11/30] | Batch [2650/2880] | Total 0.18081 | Pose 0.12897 | Grip 0.00584 | Phase Family 100.00% | Ground 0.89cm | Target 100.00%
Epoch [11/30] | Batch [2700/2880] | Total 0.17288 | Pose 0.14043 | Grip 0.00111 | Phase Family 100.00% | Ground 0.76cm | Target 100.00%
Epoch [11/30] | Batch [2750/2880] | Total 0.21080 | Pose 0.15424 | Grip 0.00708 | Phase Family 100.00% | Ground 0.87cm | Target 100.00%
Epoch [11/30] | Batch [2800/2880] | Total 0.18414 | Pose 0.14289 | Grip 0.00135 | Phase Family 100.00% | Ground 0.85cm | Target 100.00%
Epoch [11/30] | Batch [2850/2880] | Total 0.23335 | Pose 0.18783 | Grip 0.00130 | Phase Family 100.00% | Ground 0.93cm | Target 100.00%
Epoch [11/30] | Train 0.18985 | Combined Val 0.25698 | Clean Val 0.23697 | XYZ 0.0176 | Grip 99.11% | Phase 97.10% | Family 99.31% | Ground 0.86cm | Target 100.00% | Select 0.35468 | Patience 1/8
Epoch [12/30] | Batch [1/2880] | Total 0.21210 | Pose 0.14883 | Grip 0.00271 | Phase Family 100.00% | Ground 0.85cm | Target 100.00%
Epoch [12/30] | Batch [50/2880] | Total 0.19673 | Pose 0.15716 | Grip 0.00325 | Phase Family 100.00% | Ground 0.84cm | Target 100.00%
Epoch [12/30] | Batch [100/2880] | Total 0.18970 | Pose 0.14693 | Grip 0.00710 | Phase Family 100.00% | Ground 0.80cm | Target 100.00%
Epoch [12/30] | Batch [150/2880] | Total 0.15964 | Pose 0.13186 | Grip 0.00147 | Phase Family 100.00% | Ground 0.70cm | Target 100.00%
Epoch [12/30] | Batch [200/2880] | Total 0.18895 | Pose 0.15110 | Grip 0.00108 | Phase Family 100.00% | Ground 0.80cm | Target 100.00%
Epoch [12/30] | Batch [250/2880] | Total 0.16525 | Pose 0.12620 | Grip 0.00116 | Phase Family 100.00% | Ground 0.72cm | Target 100.00%
Epoch [12/30] | Batch [300/2880] | Total 0.19628 | Pose 0.14325 | Grip 0.00389 | Phase Family 100.00% | Ground 0.85cm | Target 100.00%
Epoch [12/30] | Batch [350/2880] | Total 0.17700 | Pose 0.13989 | Grip 0.00605 | Phase Family 100.00% | Ground 0.98cm | Target 100.00%
Epoch [12/30] | Batch [400/2880] | Total 0.20265 | Pose 0.15745 | Grip 0.00497 | Phase Family 100.00% | Ground 0.86cm | Target 100.00%
Epoch [12/30] | Batch [450/2880] | Total 0.26514 | Pose 0.13220 | Grip 0.00503 | Phase Family 100.00% | Ground 0.77cm | Target 100.00%
Epoch [12/30] | Batch [500/2880] | Total 0.19134 | Pose 0.14727 | Grip 0.00831 | Phase Family 100.00% | Ground 0.82cm | Target 100.00%
Epoch [12/30] | Batch [550/2880] | Total 0.17918 | Pose 0.13563 | Grip 0.00653 | Phase Family 100.00% | Ground 0.64cm | Target 100.00%
Epoch [12/30] | Batch [600/2880] | Total 0.20503 | Pose 0.14053 | Grip 0.01447 | Phase Family 100.00% | Ground 0.96cm | Target 100.00%
Epoch [12/30] | Batch [650/2880] | Total 0.18658 | Pose 0.14412 | Grip 0.00146 | Phase Family 100.00% | Ground 0.72cm | Target 100.00%
Epoch [12/30] | Batch [700/2880] | Total 0.17892 | Pose 0.13407 | Grip 0.00144 | Phase Family 100.00% | Ground 0.88cm | Target 100.00%
Epoch [12/30] | Batch [750/2880] | Total 0.19983 | Pose 0.14055 | Grip 0.01124 | Phase Family 100.00% | Ground 0.86cm | Target 100.00%
Epoch [12/30] | Batch [800/2880] | Total 0.21135 | Pose 0.14675 | Grip 0.00623 | Phase Family 100.00% | Ground 0.97cm | Target 100.00%
Epoch [12/30] | Batch [850/2880] | Total 0.18617 | Pose 0.15056 | Grip 0.00074 | Phase Family 100.00% | Ground 0.90cm | Target 100.00%
Epoch [12/30] | Batch [900/2880] | Total 0.18260 | Pose 0.15238 | Grip 0.00174 | Phase Family 100.00% | Ground 0.93cm | Target 100.00%
Epoch [12/30] | Batch [950/2880] | Total 0.19307 | Pose 0.14910 | Grip 0.01322 | Phase Family 100.00% | Ground 0.88cm | Target 100.00%
Epoch [12/30] | Batch [1000/2880] | Total 0.17121 | Pose 0.13068 | Grip 0.00034 | Phase Family 100.00% | Ground 0.83cm | Target 100.00%
Epoch [12/30] | Batch [1050/2880] | Total 0.17547 | Pose 0.13573 | Grip 0.00833 | Phase Family 100.00% | Ground 0.81cm | Target 100.00%
Epoch [12/30] | Batch [1100/2880] | Total 0.17972 | Pose 0.14468 | Grip 0.00215 | Phase Family 100.00% | Ground 0.96cm | Target 100.00%
Epoch [12/30] | Batch [1150/2880] | Total 0.19609 | Pose 0.13909 | Grip 0.00009 | Phase Family 100.00% | Ground 0.90cm | Target 100.00%
Epoch [12/30] | Batch [1200/2880] | Total 0.19756 | Pose 0.13935 | Grip 0.00301 | Phase Family 100.00% | Ground 0.82cm | Target 100.00%
Epoch [12/30] | Batch [1250/2880] | Total 0.20244 | Pose 0.15961 | Grip 0.00210 | Phase Family 100.00% | Ground 1.06cm | Target 100.00%
Epoch [12/30] | Batch [1300/2880] | Total 0.17356 | Pose 0.13890 | Grip 0.00119 | Phase Family 100.00% | Ground 0.81cm | Target 100.00%
Epoch [12/30] | Batch [1350/2880] | Total 0.18192 | Pose 0.12810 | Grip 0.01104 | Phase Family 100.00% | Ground 0.69cm | Target 100.00%
Epoch [12/30] | Batch [1400/2880] | Total 0.17259 | Pose 0.14352 | Grip 0.00127 | Phase Family 100.00% | Ground 0.73cm | Target 100.00%
Epoch [12/30] | Batch [1450/2880] | Total 0.17020 | Pose 0.13606 | Grip 0.00075 | Phase Family 100.00% | Ground 0.78cm | Target 100.00%
Epoch [12/30] | Batch [1500/2880] | Total 0.16471 | Pose 0.12781 | Grip 0.00292 | Phase Family 100.00% | Ground 0.93cm | Target 100.00%
Epoch [12/30] | Batch [1550/2880] | Total 0.19210 | Pose 0.15013 | Grip 0.00283 | Phase Family 100.00% | Ground 0.85cm | Target 100.00%
Epoch [12/30] | Batch [1600/2880] | Total 0.19185 | Pose 0.16171 | Grip 0.00325 | Phase Family 100.00% | Ground 0.74cm | Target 100.00%
Epoch [12/30] | Batch [1650/2880] | Total 0.17316 | Pose 0.13392 | Grip 0.00754 | Phase Family 100.00% | Ground 0.89cm | Target 100.00%
Epoch [12/30] | Batch [1700/2880] | Total 0.21704 | Pose 0.13806 | Grip 0.00509 | Phase Family 100.00% | Ground 0.81cm | Target 100.00%
Epoch [12/30] | Batch [1750/2880] | Total 0.20003 | Pose 0.15421 | Grip 0.00067 | Phase Family 100.00% | Ground 0.82cm | Target 100.00%
Epoch [12/30] | Batch [1800/2880] | Total 0.18956 | Pose 0.13968 | Grip 0.00132 | Phase Family 100.00% | Ground 0.95cm | Target 100.00%
Epoch [12/30] | Batch [1850/2880] | Total 0.24085 | Pose 0.16110 | Grip 0.00234 | Phase Family 100.00% | Ground 0.68cm | Target 100.00%
Epoch [12/30] | Batch [1900/2880] | Total 0.17781 | Pose 0.14359 | Grip 0.00009 | Phase Family 100.00% | Ground 0.68cm | Target 100.00%
Epoch [12/30] | Batch [1950/2880] | Total 0.18948 | Pose 0.14188 | Grip 0.00233 | Phase Family 100.00% | Ground 0.83cm | Target 100.00%
Epoch [12/30] | Batch [2000/2880] | Total 0.16329 | Pose 0.12712 | Grip 0.00387 | Phase Family 100.00% | Ground 0.82cm | Target 100.00%
Epoch [12/30] | Batch [2050/2880] | Total 0.18453 | Pose 0.12722 | Grip 0.00180 | Phase Family 100.00% | Ground 0.86cm | Target 100.00%
Epoch [12/30] | Batch [2100/2880] | Total 0.20619 | Pose 0.15188 | Grip 0.00626 | Phase Family 100.00% | Ground 0.82cm | Target 100.00%
Epoch [12/30] | Batch [2150/2880] | Total 0.17097 | Pose 0.13545 | Grip 0.00004 | Phase Family 100.00% | Ground 0.88cm | Target 100.00%
Epoch [12/30] | Batch [2200/2880] | Total 0.21235 | Pose 0.16296 | Grip 0.00173 | Phase Family 100.00% | Ground 0.94cm | Target 100.00%
Epoch [12/30] | Batch [2250/2880] | Total 0.20153 | Pose 0.15867 | Grip 0.00136 | Phase Family 100.00% | Ground 0.69cm | Target 100.00%
Epoch [12/30] | Batch [2300/2880] | Total 0.18815 | Pose 0.14110 | Grip 0.00181 | Phase Family 100.00% | Ground 0.74cm | Target 100.00%
Epoch [12/30] | Batch [2350/2880] | Total 0.16774 | Pose 0.13939 | Grip 0.00243 | Phase Family 100.00% | Ground 0.67cm | Target 100.00%
Epoch [12/30] | Batch [2400/2880] | Total 0.17022 | Pose 0.13223 | Grip 0.00942 | Phase Family 100.00% | Ground 0.85cm | Target 100.00%
Epoch [12/30] | Batch [2450/2880] | Total 0.17064 | Pose 0.12830 | Grip 0.00308 | Phase Family 100.00% | Ground 0.68cm | Target 100.00%
Epoch [12/30] | Batch [2500/2880] | Total 0.18402 | Pose 0.14259 | Grip 0.00291 | Phase Family 100.00% | Ground 0.96cm | Target 100.00%
Epoch [12/30] | Batch [2550/2880] | Total 0.17256 | Pose 0.12781 | Grip 0.00272 | Phase Family 100.00% | Ground 0.87cm | Target 100.00%
Epoch [12/30] | Batch [2600/2880] | Total 0.18385 | Pose 0.14553 | Grip 0.00318 | Phase Family 100.00% | Ground 0.82cm | Target 100.00%
Epoch [12/30] | Batch [2650/2880] | Total 0.20531 | Pose 0.15685 | Grip 0.00269 | Phase Family 100.00% | Ground 1.07cm | Target 100.00%
Epoch [12/30] | Batch [2700/2880] | Total 0.18893 | Pose 0.14507 | Grip 0.00158 | Phase Family 100.00% | Ground 0.95cm | Target 100.00%
Epoch [12/30] | Batch [2750/2880] | Total 0.19053 | Pose 0.14634 | Grip 0.00197 | Phase Family 100.00% | Ground 0.80cm | Target 100.00%
Epoch [12/30] | Batch [2800/2880] | Total 0.18097 | Pose 0.14025 | Grip 0.00419 | Phase Family 100.00% | Ground 0.72cm | Target 100.00%
Epoch [12/30] | Batch [2850/2880] | Total 0.15696 | Pose 0.13175 | Grip 0.00201 | Phase Family 100.00% | Ground 0.67cm | Target 100.00%
Epoch [12/30] | Train 0.18770 | Combined Val 0.25367 | Clean Val 0.23399 | XYZ 0.0179 | Grip 99.14% | Phase 97.13% | Family 99.36% | Ground 0.83cm | Target 100.00% | Select 0.34635 | Patience 0/8
Epoch [13/30] | Batch [1/2880] | Total 0.17853 | Pose 0.13009 | Grip 0.00364 | Phase Family 100.00% | Ground 0.90cm | Target 100.00%
Epoch [13/30] | Batch [50/2880] | Total 0.16785 | Pose 0.13405 | Grip 0.00719 | Phase Family 100.00% | Ground 0.93cm | Target 100.00%
Epoch [13/30] | Batch [100/2880] | Total 0.19671 | Pose 0.15352 | Grip 0.00028 | Phase Family 100.00% | Ground 0.67cm | Target 100.00%
Epoch [13/30] | Batch [150/2880] | Total 0.22326 | Pose 0.14406 | Grip 0.01770 | Phase Family 100.00% | Ground 0.81cm | Target 100.00%
Epoch [13/30] | Batch [200/2880] | Total 0.17341 | Pose 0.13548 | Grip 0.00978 | Phase Family 100.00% | Ground 0.84cm | Target 100.00%
Epoch [13/30] | Batch [250/2880] | Total 0.19492 | Pose 0.15254 | Grip 0.00619 | Phase Family 100.00% | Ground 0.80cm | Target 100.00%
Epoch [13/30] | Batch [300/2880] | Total 0.16819 | Pose 0.13507 | Grip 0.00636 | Phase Family 100.00% | Ground 0.91cm | Target 100.00%
Epoch [13/30] | Batch [350/2880] | Total 0.20176 | Pose 0.14085 | Grip 0.01141 | Phase Family 100.00% | Ground 0.74cm | Target 100.00%
Epoch [13/30] | Batch [400/2880] | Total 0.18848 | Pose 0.14842 | Grip 0.00018 | Phase Family 100.00% | Ground 0.92cm | Target 100.00%
Epoch [13/30] | Batch [450/2880] | Total 0.17091 | Pose 0.13039 | Grip 0.00169 | Phase Family 100.00% | Ground 0.77cm | Target 100.00%
Epoch [13/30] | Batch [500/2880] | Total 0.19558 | Pose 0.14483 | Grip 0.00395 | Phase Family 100.00% | Ground 1.17cm | Target 100.00%
Epoch [13/30] | Batch [550/2880] | Total 0.17929 | Pose 0.13259 | Grip 0.01195 | Phase Family 100.00% | Ground 0.90cm | Target 100.00%
Epoch [13/30] | Batch [600/2880] | Total 0.23557 | Pose 0.14972 | Grip 0.01078 | Phase Family 100.00% | Ground 0.82cm | Target 100.00%
Epoch [13/30] | Batch [650/2880] | Total 0.16838 | Pose 0.12964 | Grip 0.00528 | Phase Family 100.00% | Ground 0.79cm | Target 100.00%
Epoch [13/30] | Batch [700/2880] | Total 0.19323 | Pose 0.14846 | Grip 0.00610 | Phase Family 100.00% | Ground 0.76cm | Target 100.00%
Epoch [13/30] | Batch [750/2880] | Total 0.17543 | Pose 0.14025 | Grip 0.00178 | Phase Family 100.00% | Ground 0.97cm | Target 100.00%
Epoch [13/30] | Batch [800/2880] | Total 0.20292 | Pose 0.14513 | Grip 0.00126 | Phase Family 100.00% | Ground 0.81cm | Target 100.00%
Epoch [13/30] | Batch [850/2880] | Total 0.20989 | Pose 0.14360 | Grip 0.01636 | Phase Family 100.00% | Ground 0.90cm | Target 100.00%
Epoch [13/30] | Batch [900/2880] | Total 0.17977 | Pose 0.13813 | Grip 0.00055 | Phase Family 100.00% | Ground 0.87cm | Target 100.00%
Epoch [13/30] | Batch [950/2880] | Total 0.22198 | Pose 0.15895 | Grip 0.00789 | Phase Family 100.00% | Ground 0.82cm | Target 100.00%
Epoch [13/30] | Batch [1000/2880] | Total 0.18833 | Pose 0.13969 | Grip 0.00336 | Phase Family 100.00% | Ground 0.83cm | Target 100.00%
Epoch [13/30] | Batch [1050/2880] | Total 0.22588 | Pose 0.16791 | Grip 0.00304 | Phase Family 100.00% | Ground 0.94cm | Target 100.00%
Epoch [13/30] | Batch [1100/2880] | Total 0.18412 | Pose 0.13002 | Grip 0.00136 | Phase Family 100.00% | Ground 0.78cm | Target 100.00%
Epoch [13/30] | Batch [1150/2880] | Total 0.18561 | Pose 0.13900 | Grip 0.00428 | Phase Family 100.00% | Ground 0.77cm | Target 100.00%
Epoch [13/30] | Batch [1200/2880] | Total 0.17101 | Pose 0.14190 | Grip 0.00042 | Phase Family 100.00% | Ground 0.84cm | Target 100.00%
Epoch [13/30] | Batch [1250/2880] | Total 0.18701 | Pose 0.14698 | Grip 0.00098 | Phase Family 100.00% | Ground 0.79cm | Target 100.00%
Epoch [13/30] | Batch [1300/2880] | Total 0.18470 | Pose 0.13533 | Grip 0.00509 | Phase Family 100.00% | Ground 0.87cm | Target 100.00%
Epoch [13/30] | Batch [1350/2880] | Total 0.15974 | Pose 0.13036 | Grip 0.00106 | Phase Family 100.00% | Ground 0.97cm | Target 100.00%
Epoch [13/30] | Batch [1400/2880] | Total 0.18784 | Pose 0.14720 | Grip 0.00157 | Phase Family 100.00% | Ground 0.79cm | Target 100.00%
Epoch [13/30] | Batch [1450/2880] | Total 0.18278 | Pose 0.13816 | Grip 0.00083 | Phase Family 100.00% | Ground 0.96cm | Target 100.00%
Epoch [13/30] | Batch [1500/2880] | Total 0.20129 | Pose 0.13923 | Grip 0.01795 | Phase Family 100.00% | Ground 0.85cm | Target 100.00%
Epoch [13/30] | Batch [1550/2880] | Total 0.18143 | Pose 0.13209 | Grip 0.00080 | Phase Family 100.00% | Ground 0.91cm | Target 100.00%
Epoch [13/30] | Batch [1600/2880] | Total 0.19942 | Pose 0.14366 | Grip 0.00497 | Phase Family 100.00% | Ground 1.01cm | Target 100.00%
Epoch [13/30] | Batch [1650/2880] | Total 0.19952 | Pose 0.14406 | Grip 0.00922 | Phase Family 100.00% | Ground 0.91cm | Target 100.00%
Epoch [13/30] | Batch [1700/2880] | Total 0.18415 | Pose 0.14266 | Grip 0.00145 | Phase Family 100.00% | Ground 0.79cm | Target 100.00%
Epoch [13/30] | Batch [1750/2880] | Total 0.19454 | Pose 0.13710 | Grip 0.00917 | Phase Family 100.00% | Ground 0.91cm | Target 100.00%
Epoch [13/30] | Batch [1800/2880] | Total 0.17914 | Pose 0.13245 | Grip 0.00168 | Phase Family 100.00% | Ground 0.91cm | Target 100.00%
Epoch [13/30] | Batch [1850/2880] | Total 0.21147 | Pose 0.14031 | Grip 0.01779 | Phase Family 100.00% | Ground 0.97cm | Target 100.00%
Epoch [13/30] | Batch [1900/2880] | Total 0.18457 | Pose 0.13486 | Grip 0.00130 | Phase Family 100.00% | Ground 0.92cm | Target 100.00%
Epoch [13/30] | Batch [1950/2880] | Total 0.16940 | Pose 0.12494 | Grip 0.00413 | Phase Family 100.00% | Ground 0.97cm | Target 100.00%
Epoch [13/30] | Batch [2000/2880] | Total 0.22766 | Pose 0.14799 | Grip 0.00386 | Phase Family 100.00% | Ground 0.85cm | Target 100.00%
Epoch [13/30] | Batch [2050/2880] | Total 0.22352 | Pose 0.14908 | Grip 0.00171 | Phase Family 100.00% | Ground 1.01cm | Target 100.00%
Epoch [13/30] | Batch [2100/2880] | Total 0.18125 | Pose 0.12966 | Grip 0.00459 | Phase Family 100.00% | Ground 0.88cm | Target 100.00%
Epoch [13/30] | Batch [2150/2880] | Total 0.27637 | Pose 0.14275 | Grip 0.00720 | Phase Family 100.00% | Ground 0.76cm | Target 100.00%
Epoch [13/30] | Batch [2200/2880] | Total 0.18685 | Pose 0.12756 | Grip 0.00154 | Phase Family 100.00% | Ground 1.05cm | Target 100.00%
Epoch [13/30] | Batch [2250/2880] | Total 0.20315 | Pose 0.14811 | Grip 0.00489 | Phase Family 100.00% | Ground 0.82cm | Target 100.00%
Epoch [13/30] | Batch [2300/2880] | Total 0.20425 | Pose 0.15098 | Grip 0.00240 | Phase Family 100.00% | Ground 1.12cm | Target 100.00%
Epoch [13/30] | Batch [2350/2880] | Total 0.19656 | Pose 0.16069 | Grip 0.00145 | Phase Family 100.00% | Ground 0.83cm | Target 100.00%
Epoch [13/30] | Batch [2400/2880] | Total 0.21199 | Pose 0.16602 | Grip 0.00312 | Phase Family 100.00% | Ground 0.86cm | Target 100.00%
Epoch [13/30] | Batch [2450/2880] | Total 0.18285 | Pose 0.13990 | Grip 0.00885 | Phase Family 100.00% | Ground 0.77cm | Target 100.00%
Epoch [13/30] | Batch [2500/2880] | Total 0.20622 | Pose 0.14027 | Grip 0.00265 | Phase Family 100.00% | Ground 0.78cm | Target 100.00%
Epoch [13/30] | Batch [2550/2880] | Total 0.16303 | Pose 0.12766 | Grip 0.00516 | Phase Family 100.00% | Ground 0.96cm | Target 100.00%
Epoch [13/30] | Batch [2600/2880] | Total 0.20327 | Pose 0.14928 | Grip 0.01294 | Phase Family 100.00% | Ground 0.73cm | Target 100.00%
Epoch [13/30] | Batch [2650/2880] | Total 0.21440 | Pose 0.14304 | Grip 0.00281 | Phase Family 100.00% | Ground 0.96cm | Target 100.00%
Epoch [13/30] | Batch [2700/2880] | Total 0.20015 | Pose 0.13884 | Grip 0.00429 | Phase Family 100.00% | Ground 0.95cm | Target 100.00%
Epoch [13/30] | Batch [2750/2880] | Total 0.18065 | Pose 0.13580 | Grip 0.00332 | Phase Family 100.00% | Ground 0.86cm | Target 100.00%
Epoch [13/30] | Batch [2800/2880] | Total 0.20533 | Pose 0.15321 | Grip 0.00255 | Phase Family 100.00% | Ground 0.92cm | Target 100.00%
Epoch [13/30] | Batch [2850/2880] | Total 0.17447 | Pose 0.12441 | Grip 0.00794 | Phase Family 100.00% | Ground 0.85cm | Target 100.00%
Epoch [13/30] | Train 0.18627 | Combined Val 0.24991 | Clean Val 0.22863 | XYZ 0.0170 | Grip 99.11% | Phase 97.36% | Family 99.33% | Ground 0.84cm | Target 100.00% | Select 0.34251 | Patience 0/8
Epoch [14/30] | Batch [1/2880] | Total 0.17005 | Pose 0.13181 | Grip 0.00332 | Phase Family 100.00% | Ground 0.84cm | Target 100.00%
Epoch [14/30] | Batch [50/2880] | Total 0.19829 | Pose 0.13650 | Grip 0.00203 | Phase Family 100.00% | Ground 0.91cm | Target 100.00%
Epoch [14/30] | Batch [100/2880] | Total 0.19232 | Pose 0.14358 | Grip 0.00053 | Phase Family 100.00% | Ground 0.76cm | Target 100.00%
Epoch [14/30] | Batch [150/2880] | Total 0.17925 | Pose 0.14148 | Grip 0.00145 | Phase Family 100.00% | Ground 0.97cm | Target 100.00%
Epoch [14/30] | Batch [200/2880] | Total 0.18401 | Pose 0.14070 | Grip 0.00447 | Phase Family 100.00% | Ground 0.93cm | Target 100.00%
Epoch [14/30] | Batch [250/2880] | Total 0.16050 | Pose 0.12804 | Grip 0.00251 | Phase Family 100.00% | Ground 0.76cm | Target 100.00%
Epoch [14/30] | Batch [300/2880] | Total 0.22991 | Pose 0.13573 | Grip 0.00161 | Phase Family 100.00% | Ground 0.82cm | Target 100.00%
Epoch [14/30] | Batch [350/2880] | Total 0.22425 | Pose 0.13668 | Grip 0.01118 | Phase Family 100.00% | Ground 0.98cm | Target 100.00%
Epoch [14/30] | Batch [400/2880] | Total 0.20141 | Pose 0.14604 | Grip 0.00145 | Phase Family 100.00% | Ground 0.90cm | Target 100.00%
Epoch [14/30] | Batch [450/2880] | Total 0.17235 | Pose 0.13522 | Grip 0.00392 | Phase Family 100.00% | Ground 0.77cm | Target 100.00%
Epoch [14/30] | Batch [500/2880] | Total 0.16065 | Pose 0.12826 | Grip 0.00010 | Phase Family 100.00% | Ground 0.83cm | Target 100.00%
Epoch [14/30] | Batch [550/2880] | Total 0.18744 | Pose 0.14623 | Grip 0.00071 | Phase Family 100.00% | Ground 0.76cm | Target 100.00%
Epoch [14/30] | Batch [600/2880] | Total 0.17946 | Pose 0.12000 | Grip 0.00053 | Phase Family 100.00% | Ground 0.90cm | Target 100.00%
Epoch [14/30] | Batch [650/2880] | Total 0.19881 | Pose 0.14080 | Grip 0.00589 | Phase Family 100.00% | Ground 0.85cm | Target 100.00%
Epoch [14/30] | Batch [700/2880] | Total 0.19367 | Pose 0.13567 | Grip 0.00012 | Phase Family 100.00% | Ground 0.62cm | Target 100.00%
Epoch [14/30] | Batch [750/2880] | Total 0.17180 | Pose 0.13277 | Grip 0.00987 | Phase Family 100.00% | Ground 0.69cm | Target 100.00%
Epoch [14/30] | Batch [800/2880] | Total 0.21533 | Pose 0.16949 | Grip 0.00836 | Phase Family 100.00% | Ground 0.90cm | Target 100.00%
Epoch [14/30] | Batch [850/2880] | Total 0.18352 | Pose 0.13846 | Grip 0.00699 | Phase Family 100.00% | Ground 0.83cm | Target 100.00%
Epoch [14/30] | Batch [900/2880] | Total 0.19161 | Pose 0.14117 | Grip 0.01202 | Phase Family 100.00% | Ground 0.89cm | Target 100.00%
Epoch [14/30] | Batch [950/2880] | Total 0.22051 | Pose 0.15216 | Grip 0.00129 | Phase Family 100.00% | Ground 0.86cm | Target 100.00%
Epoch [14/30] | Batch [1000/2880] | Total 0.19349 | Pose 0.14469 | Grip 0.00323 | Phase Family 100.00% | Ground 0.88cm | Target 100.00%
Epoch [14/30] | Batch [1050/2880] | Total 0.24044 | Pose 0.12814 | Grip 0.00855 | Phase Family 100.00% | Ground 0.85cm | Target 100.00%
Epoch [14/30] | Batch [1100/2880] | Total 0.18317 | Pose 0.14728 | Grip 0.00231 | Phase Family 100.00% | Ground 0.86cm | Target 100.00%
Epoch [14/30] | Batch [1150/2880] | Total 0.16000 | Pose 0.12853 | Grip 0.00525 | Phase Family 100.00% | Ground 0.90cm | Target 100.00%
Epoch [14/30] | Batch [1200/2880] | Total 0.18470 | Pose 0.14921 | Grip 0.00272 | Phase Family 100.00% | Ground 0.80cm | Target 100.00%
Epoch [14/30] | Batch [1250/2880] | Total 0.26511 | Pose 0.21725 | Grip 0.00306 | Phase Family 100.00% | Ground 0.89cm | Target 100.00%
Epoch [14/30] | Batch [1300/2880] | Total 0.19026 | Pose 0.14766 | Grip 0.00268 | Phase Family 100.00% | Ground 0.76cm | Target 100.00%
Epoch [14/30] | Batch [1350/2880] | Total 0.16193 | Pose 0.13197 | Grip 0.00039 | Phase Family 100.00% | Ground 0.86cm | Target 100.00%
Epoch [14/30] | Batch [1400/2880] | Total 0.16991 | Pose 0.13545 | Grip 0.00697 | Phase Family 100.00% | Ground 0.82cm | Target 100.00%
Epoch [14/30] | Batch [1450/2880] | Total 0.18653 | Pose 0.13824 | Grip 0.00182 | Phase Family 100.00% | Ground 0.77cm | Target 100.00%
Epoch [14/30] | Batch [1500/2880] | Total 0.22028 | Pose 0.18191 | Grip 0.00096 | Phase Family 100.00% | Ground 0.81cm | Target 100.00%
Epoch [14/30] | Batch [1550/2880] | Total 0.20081 | Pose 0.15309 | Grip 0.00099 | Phase Family 100.00% | Ground 0.90cm | Target 100.00%
Epoch [14/30] | Batch [1600/2880] | Total 0.18956 | Pose 0.12768 | Grip 0.00006 | Phase Family 100.00% | Ground 0.82cm | Target 100.00%
Epoch [14/30] | Batch [1650/2880] | Total 0.17148 | Pose 0.13183 | Grip 0.00656 | Phase Family 100.00% | Ground 0.75cm | Target 100.00%
Epoch [14/30] | Batch [1700/2880] | Total 0.17834 | Pose 0.13081 | Grip 0.00634 | Phase Family 100.00% | Ground 0.76cm | Target 100.00%
Epoch [14/30] | Batch [1750/2880] | Total 0.18619 | Pose 0.14926 | Grip 0.00235 | Phase Family 100.00% | Ground 0.74cm | Target 100.00%
Epoch [14/30] | Batch [1800/2880] | Total 0.18607 | Pose 0.14768 | Grip 0.00347 | Phase Family 100.00% | Ground 0.82cm | Target 100.00%
Epoch [14/30] | Batch [1850/2880] | Total 0.23321 | Pose 0.13580 | Grip 0.00398 | Phase Family 100.00% | Ground 0.82cm | Target 100.00%
Epoch [14/30] | Batch [1900/2880] | Total 0.21154 | Pose 0.15658 | Grip 0.00444 | Phase Family 100.00% | Ground 0.84cm | Target 100.00%
Epoch [14/30] | Batch [1950/2880] | Total 0.17855 | Pose 0.13340 | Grip 0.00566 | Phase Family 100.00% | Ground 0.88cm | Target 100.00%
Epoch [14/30] | Batch [2000/2880] | Total 0.18145 | Pose 0.13609 | Grip 0.00275 | Phase Family 100.00% | Ground 0.97cm | Target 100.00%
Epoch [14/30] | Batch [2050/2880] | Total 0.16155 | Pose 0.12778 | Grip 0.00046 | Phase Family 100.00% | Ground 0.77cm | Target 100.00%
Epoch [14/30] | Batch [2100/2880] | Total 0.18638 | Pose 0.14378 | Grip 0.00338 | Phase Family 100.00% | Ground 0.84cm | Target 100.00%
Epoch [14/30] | Batch [2150/2880] | Total 0.26962 | Pose 0.20426 | Grip 0.00552 | Phase Family 100.00% | Ground 0.78cm | Target 100.00%
Epoch [14/30] | Batch [2200/2880] | Total 0.24358 | Pose 0.19673 | Grip 0.00354 | Phase Family 100.00% | Ground 0.69cm | Target 100.00%
Epoch [14/30] | Batch [2250/2880] | Total 0.17729 | Pose 0.13452 | Grip 0.00270 | Phase Family 100.00% | Ground 0.92cm | Target 100.00%
Epoch [14/30] | Batch [2300/2880] | Total 0.16135 | Pose 0.13145 | Grip 0.00091 | Phase Family 100.00% | Ground 0.93cm | Target 100.00%
Epoch [14/30] | Batch [2350/2880] | Total 0.19535 | Pose 0.14569 | Grip 0.00296 | Phase Family 100.00% | Ground 0.74cm | Target 100.00%
Epoch [14/30] | Batch [2400/2880] | Total 0.19498 | Pose 0.13977 | Grip 0.00076 | Phase Family 100.00% | Ground 0.72cm | Target 100.00%
Epoch [14/30] | Batch [2450/2880] | Total 0.19133 | Pose 0.14888 | Grip 0.00124 | Phase Family 100.00% | Ground 0.85cm | Target 100.00%
Epoch [14/30] | Batch [2500/2880] | Total 0.17931 | Pose 0.14504 | Grip 0.00019 | Phase Family 100.00% | Ground 0.99cm | Target 100.00%
Epoch [14/30] | Batch [2550/2880] | Total 0.17987 | Pose 0.13529 | Grip 0.00099 | Phase Family 100.00% | Ground 0.91cm | Target 100.00%
Epoch [14/30] | Batch [2600/2880] | Total 0.21445 | Pose 0.17668 | Grip 0.00096 | Phase Family 100.00% | Ground 0.86cm | Target 100.00%
Epoch [14/30] | Batch [2650/2880] | Total 0.21206 | Pose 0.15111 | Grip 0.00016 | Phase Family 100.00% | Ground 0.75cm | Target 100.00%
Epoch [14/30] | Batch [2700/2880] | Total 0.18347 | Pose 0.13850 | Grip 0.00513 | Phase Family 100.00% | Ground 0.78cm | Target 100.00%
Epoch [14/30] | Batch [2750/2880] | Total 0.18187 | Pose 0.13248 | Grip 0.00359 | Phase Family 100.00% | Ground 0.82cm | Target 100.00%
Epoch [14/30] | Batch [2800/2880] | Total 0.18687 | Pose 0.13569 | Grip 0.00649 | Phase Family 100.00% | Ground 0.80cm | Target 100.00%
Epoch [14/30] | Batch [2850/2880] | Total 0.16913 | Pose 0.12451 | Grip 0.00876 | Phase Family 100.00% | Ground 0.88cm | Target 100.00%
Epoch [14/30] | Train 0.18429 | Combined Val 0.24882 | Clean Val 0.23023 | XYZ 0.0170 | Grip 99.20% | Phase 97.22% | Family 99.37% | Ground 0.76cm | Target 100.00% | Select 0.34153 | Patience 0/8
Epoch [15/30] | Batch [1/2880] | Total 0.19964 | Pose 0.15673 | Grip 0.00793 | Phase Family 100.00% | Ground 0.79cm | Target 100.00%
Epoch [15/30] | Batch [50/2880] | Total 0.18135 | Pose 0.15182 | Grip 0.00013 | Phase Family 100.00% | Ground 0.85cm | Target 100.00%
Epoch [15/30] | Batch [100/2880] | Total 0.19436 | Pose 0.14255 | Grip 0.00022 | Phase Family 100.00% | Ground 0.88cm | Target 100.00%
Epoch [15/30] | Batch [150/2880] | Total 0.17449 | Pose 0.13138 | Grip 0.00335 | Phase Family 100.00% | Ground 0.87cm | Target 100.00%
Epoch [15/30] | Batch [200/2880] | Total 0.18589 | Pose 0.14436 | Grip 0.00919 | Phase Family 100.00% | Ground 0.68cm | Target 100.00%
Epoch [15/30] | Batch [250/2880] | Total 0.17592 | Pose 0.14200 | Grip 0.00158 | Phase Family 100.00% | Ground 0.94cm | Target 100.00%
Epoch [15/30] | Batch [300/2880] | Total 0.19265 | Pose 0.14432 | Grip 0.00189 | Phase Family 100.00% | Ground 0.86cm | Target 100.00%
Epoch [15/30] | Batch [350/2880] | Total 0.17093 | Pose 0.13899 | Grip 0.00446 | Phase Family 100.00% | Ground 0.81cm | Target 100.00%
Epoch [15/30] | Batch [400/2880] | Total 0.15622 | Pose 0.12316 | Grip 0.00249 | Phase Family 100.00% | Ground 0.79cm | Target 100.00%
Epoch [15/30] | Batch [450/2880] | Total 0.23371 | Pose 0.19294 | Grip 0.00715 | Phase Family 100.00% | Ground 0.92cm | Target 100.00%
Epoch [15/30] | Batch [500/2880] | Total 0.16089 | Pose 0.12604 | Grip 0.00087 | Phase Family 100.00% | Ground 0.96cm | Target 100.00%
Epoch [15/30] | Batch [550/2880] | Total 0.21415 | Pose 0.13915 | Grip 0.00521 | Phase Family 100.00% | Ground 0.76cm | Target 100.00%
Epoch [15/30] | Batch [600/2880] | Total 0.21369 | Pose 0.13952 | Grip 0.00919 | Phase Family 100.00% | Ground 0.85cm | Target 100.00%
Epoch [15/30] | Batch [650/2880] | Total 0.18355 | Pose 0.14423 | Grip 0.00438 | Phase Family 100.00% | Ground 0.93cm | Target 100.00%
Epoch [15/30] | Batch [700/2880] | Total 0.17769 | Pose 0.13035 | Grip 0.00868 | Phase Family 100.00% | Ground 0.83cm | Target 100.00%
Epoch [15/30] | Batch [750/2880] | Total 0.24853 | Pose 0.14546 | Grip 0.00648 | Phase Family 100.00% | Ground 0.64cm | Target 100.00%
Epoch [15/30] | Batch [800/2880] | Total 0.15337 | Pose 0.12537 | Grip 0.00013 | Phase Family 100.00% | Ground 0.77cm | Target 100.00%
Epoch [15/30] | Batch [850/2880] | Total 0.16383 | Pose 0.12992 | Grip 0.00365 | Phase Family 100.00% | Ground 0.80cm | Target 100.00%
Epoch [15/30] | Batch [900/2880] | Total 0.23501 | Pose 0.19705 | Grip 0.00087 | Phase Family 100.00% | Ground 0.93cm | Target 100.00%
Epoch [15/30] | Batch [950/2880] | Total 0.18543 | Pose 0.15121 | Grip 0.00383 | Phase Family 100.00% | Ground 0.78cm | Target 100.00%
Epoch [15/30] | Batch [1000/2880] | Total 0.19626 | Pose 0.14975 | Grip 0.00218 | Phase Family 100.00% | Ground 0.91cm | Target 100.00%
Epoch [15/30] | Batch [1050/2880] | Total 0.16033 | Pose 0.12476 | Grip 0.00509 | Phase Family 100.00% | Ground 0.77cm | Target 100.00%
Epoch [15/30] | Batch [1100/2880] | Total 0.20578 | Pose 0.14810 | Grip 0.00327 | Phase Family 100.00% | Ground 0.73cm | Target 100.00%
Epoch [15/30] | Batch [1150/2880] | Total 0.17102 | Pose 0.13351 | Grip 0.00313 | Phase Family 100.00% | Ground 0.72cm | Target 100.00%
Epoch [15/30] | Batch [1200/2880] | Total 0.16556 | Pose 0.13384 | Grip 0.00405 | Phase Family 100.00% | Ground 0.78cm | Target 100.00%
Epoch [15/30] | Batch [1250/2880] | Total 0.14986 | Pose 0.11108 | Grip 0.00184 | Phase Family 100.00% | Ground 0.96cm | Target 100.00%
Epoch [15/30] | Batch [1300/2880] | Total 0.15718 | Pose 0.12338 | Grip 0.00169 | Phase Family 100.00% | Ground 0.74cm | Target 100.00%
Epoch [15/30] | Batch [1350/2880] | Total 0.18404 | Pose 0.14102 | Grip 0.01442 | Phase Family 100.00% | Ground 0.70cm | Target 100.00%
Epoch [15/30] | Batch [1400/2880] | Total 0.19102 | Pose 0.15515 | Grip 0.00046 | Phase Family 100.00% | Ground 0.86cm | Target 100.00%
Epoch [15/30] | Batch [1450/2880] | Total 0.23578 | Pose 0.13515 | Grip 0.00340 | Phase Family 100.00% | Ground 0.71cm | Target 100.00%
Epoch [15/30] | Batch [1500/2880] | Total 0.17206 | Pose 0.13506 | Grip 0.00973 | Phase Family 100.00% | Ground 0.91cm | Target 100.00%
Epoch [15/30] | Batch [1550/2880] | Total 0.17583 | Pose 0.14331 | Grip 0.00572 | Phase Family 100.00% | Ground 0.67cm | Target 100.00%
Epoch [15/30] | Batch [1600/2880] | Total 0.18031 | Pose 0.13815 | Grip 0.00539 | Phase Family 100.00% | Ground 0.76cm | Target 100.00%
Epoch [15/30] | Batch [1650/2880] | Total 0.17505 | Pose 0.13003 | Grip 0.01957 | Phase Family 100.00% | Ground 0.80cm | Target 100.00%
Epoch [15/30] | Batch [1700/2880] | Total 0.15661 | Pose 0.12304 | Grip 0.00100 | Phase Family 100.00% | Ground 0.75cm | Target 100.00%
Epoch [15/30] | Batch [1750/2880] | Total 0.19185 | Pose 0.13898 | Grip 0.00059 | Phase Family 100.00% | Ground 0.78cm | Target 100.00%
Epoch [15/30] | Batch [1800/2880] | Total 0.30018 | Pose 0.22885 | Grip 0.00645 | Phase Family 100.00% | Ground 0.93cm | Target 100.00%
Epoch [15/30] | Batch [1850/2880] | Total 0.18056 | Pose 0.14162 | Grip 0.00062 | Phase Family 100.00% | Ground 0.77cm | Target 100.00%
Epoch [15/30] | Batch [1900/2880] | Total 0.18369 | Pose 0.14555 | Grip 0.00215 | Phase Family 100.00% | Ground 0.89cm | Target 100.00%
Epoch [15/30] | Batch [1950/2880] | Total 0.17904 | Pose 0.13362 | Grip 0.00663 | Phase Family 100.00% | Ground 0.90cm | Target 100.00%
Epoch [15/30] | Batch [2000/2880] | Total 0.19349 | Pose 0.13731 | Grip 0.00182 | Phase Family 100.00% | Ground 0.85cm | Target 100.00%
Epoch [15/30] | Batch [2050/2880] | Total 0.17237 | Pose 0.13633 | Grip 0.00062 | Phase Family 100.00% | Ground 0.86cm | Target 100.00%
Epoch [15/30] | Batch [2100/2880] | Total 0.19599 | Pose 0.13199 | Grip 0.00844 | Phase Family 100.00% | Ground 1.04cm | Target 100.00%
Epoch [15/30] | Batch [2150/2880] | Total 0.16531 | Pose 0.12910 | Grip 0.00100 | Phase Family 100.00% | Ground 0.77cm | Target 100.00%
Epoch [15/30] | Batch [2200/2880] | Total 0.16756 | Pose 0.12923 | Grip 0.00004 | Phase Family 100.00% | Ground 0.75cm | Target 100.00%
Epoch [15/30] | Batch [2250/2880] | Total 0.18342 | Pose 0.14277 | Grip 0.00449 | Phase Family 100.00% | Ground 0.78cm | Target 100.00%
Epoch [15/30] | Batch [2300/2880] | Total 0.19799 | Pose 0.15207 | Grip 0.00570 | Phase Family 100.00% | Ground 0.89cm | Target 100.00%
Epoch [15/30] | Batch [2350/2880] | Total 0.20489 | Pose 0.13618 | Grip 0.00421 | Phase Family 100.00% | Ground 0.88cm | Target 100.00%
Epoch [15/30] | Batch [2400/2880] | Total 0.16709 | Pose 0.13551 | Grip 0.00172 | Phase Family 100.00% | Ground 0.85cm | Target 100.00%
Epoch [15/30] | Batch [2450/2880] | Total 0.19859 | Pose 0.14820 | Grip 0.00144 | Phase Family 100.00% | Ground 0.98cm | Target 100.00%
Epoch [15/30] | Batch [2500/2880] | Total 0.19692 | Pose 0.14133 | Grip 0.00405 | Phase Family 100.00% | Ground 0.73cm | Target 100.00%
Epoch [15/30] | Batch [2550/2880] | Total 0.15424 | Pose 0.12036 | Grip 0.00050 | Phase Family 100.00% | Ground 0.90cm | Target 100.00%
Epoch [15/30] | Batch [2600/2880] | Total 0.15937 | Pose 0.13244 | Grip 0.00052 | Phase Family 100.00% | Ground 0.75cm | Target 100.00%
Epoch [15/30] | Batch [2650/2880] | Total 0.16935 | Pose 0.12971 | Grip 0.00321 | Phase Family 100.00% | Ground 0.80cm | Target 100.00%
Epoch [15/30] | Batch [2700/2880] | Total 0.17593 | Pose 0.12980 | Grip 0.00698 | Phase Family 100.00% | Ground 0.74cm | Target 100.00%
Epoch [15/30] | Batch [2750/2880] | Total 0.18282 | Pose 0.13747 | Grip 0.00302 | Phase Family 100.00% | Ground 0.87cm | Target 100.00%
Epoch [15/30] | Batch [2800/2880] | Total 0.17030 | Pose 0.13567 | Grip 0.00290 | Phase Family 100.00% | Ground 0.79cm | Target 100.00%
Epoch [15/30] | Batch [2850/2880] | Total 0.18448 | Pose 0.14067 | Grip 0.00291 | Phase Family 100.00% | Ground 0.80cm | Target 100.00%
Epoch [15/30] | Train 0.18309 | Combined Val 0.25503 | Clean Val 0.23469 | XYZ 0.0167 | Grip 99.15% | Phase 97.37% | Family 99.32% | Ground 0.74cm | Target 100.00% | Select 0.35176 | Patience 1/8
Epoch [16/30] | Batch [1/2880] | Total 0.16693 | Pose 0.12888 | Grip 0.00117 | Phase Family 100.00% | Ground 0.80cm | Target 100.00%
Epoch [16/30] | Batch [50/2880] | Total 0.20990 | Pose 0.17428 | Grip 0.00071 | Phase Family 100.00% | Ground 0.96cm | Target 100.00%
Epoch [16/30] | Batch [100/2880] | Total 0.18854 | Pose 0.14317 | Grip 0.01591 | Phase Family 100.00% | Ground 0.87cm | Target 100.00%
Epoch [16/30] | Batch [150/2880] | Total 0.16141 | Pose 0.12749 | Grip 0.00392 | Phase Family 100.00% | Ground 0.77cm | Target 100.00%
Epoch [16/30] | Batch [200/2880] | Total 0.17476 | Pose 0.13698 | Grip 0.00897 | Phase Family 100.00% | Ground 0.61cm | Target 100.00%
Epoch [16/30] | Batch [250/2880] | Total 0.19892 | Pose 0.14526 | Grip 0.00711 | Phase Family 100.00% | Ground 0.81cm | Target 100.00%
Epoch [16/30] | Batch [300/2880] | Total 0.16586 | Pose 0.12846 | Grip 0.00453 | Phase Family 100.00% | Ground 0.74cm | Target 100.00%
Epoch [16/30] | Batch [350/2880] | Total 0.17483 | Pose 0.13987 | Grip 0.00104 | Phase Family 100.00% | Ground 0.76cm | Target 100.00%
Epoch [16/30] | Batch [400/2880] | Total 0.20315 | Pose 0.14998 | Grip 0.00124 | Phase Family 100.00% | Ground 0.88cm | Target 100.00%
Epoch [16/30] | Batch [450/2880] | Total 0.18188 | Pose 0.14309 | Grip 0.00063 | Phase Family 100.00% | Ground 0.83cm | Target 100.00%
Epoch [16/30] | Batch [500/2880] | Total 0.20317 | Pose 0.15577 | Grip 0.00325 | Phase Family 100.00% | Ground 1.13cm | Target 100.00%
Epoch [16/30] | Batch [550/2880] | Total 0.21450 | Pose 0.14109 | Grip 0.00069 | Phase Family 100.00% | Ground 1.06cm | Target 100.00%
Epoch [16/30] | Batch [600/2880] | Total 0.13835 | Pose 0.11202 | Grip 0.00002 | Phase Family 100.00% | Ground 0.89cm | Target 100.00%
Epoch [16/30] | Batch [650/2880] | Total 0.14154 | Pose 0.11135 | Grip 0.00340 | Phase Family 100.00% | Ground 0.90cm | Target 100.00%
Epoch [16/30] | Batch [700/2880] | Total 0.19465 | Pose 0.15281 | Grip 0.00039 | Phase Family 100.00% | Ground 0.75cm | Target 100.00%
Epoch [16/30] | Batch [750/2880] | Total 0.18508 | Pose 0.13633 | Grip 0.01377 | Phase Family 100.00% | Ground 0.77cm | Target 100.00%
Epoch [16/30] | Batch [800/2880] | Total 0.18335 | Pose 0.13349 | Grip 0.00019 | Phase Family 100.00% | Ground 0.79cm | Target 100.00%
Epoch [16/30] | Batch [850/2880] | Total 0.19949 | Pose 0.13449 | Grip 0.00175 | Phase Family 100.00% | Ground 0.69cm | Target 100.00%
Epoch [16/30] | Batch [900/2880] | Total 0.17119 | Pose 0.13518 | Grip 0.00152 | Phase Family 100.00% | Ground 0.79cm | Target 100.00%
Epoch [16/30] | Batch [950/2880] | Total 0.22663 | Pose 0.18433 | Grip 0.00005 | Phase Family 100.00% | Ground 0.94cm | Target 100.00%
Epoch [16/30] | Batch [1000/2880] | Total 0.16834 | Pose 0.13137 | Grip 0.00298 | Phase Family 100.00% | Ground 0.69cm | Target 100.00%
Epoch [16/30] | Batch [1050/2880] | Total 0.17279 | Pose 0.13214 | Grip 0.00864 | Phase Family 100.00% | Ground 0.85cm | Target 100.00%
Epoch [16/30] | Batch [1100/2880] | Total 0.18578 | Pose 0.13640 | Grip 0.00352 | Phase Family 100.00% | Ground 0.79cm | Target 100.00%
Epoch [16/30] | Batch [1150/2880] | Total 0.18111 | Pose 0.13657 | Grip 0.00434 | Phase Family 100.00% | Ground 0.77cm | Target 100.00%
Epoch [16/30] | Batch [1200/2880] | Total 0.18064 | Pose 0.12928 | Grip 0.01013 | Phase Family 100.00% | Ground 0.65cm | Target 100.00%
Epoch [16/30] | Batch [1250/2880] | Total 0.18183 | Pose 0.14287 | Grip 0.00387 | Phase Family 100.00% | Ground 0.75cm | Target 100.00%
Epoch [16/30] | Batch [1300/2880] | Total 0.18364 | Pose 0.14167 | Grip 0.00625 | Phase Family 100.00% | Ground 0.87cm | Target 100.00%
Epoch [16/30] | Batch [1350/2880] | Total 0.19500 | Pose 0.14227 | Grip 0.00803 | Phase Family 100.00% | Ground 0.78cm | Target 100.00%
Epoch [16/30] | Batch [1400/2880] | Total 0.19791 | Pose 0.14890 | Grip 0.00261 | Phase Family 100.00% | Ground 0.89cm | Target 100.00%
Epoch [16/30] | Batch [1450/2880] | Total 0.15065 | Pose 0.11748 | Grip 0.00391 | Phase Family 100.00% | Ground 0.73cm | Target 100.00%
Epoch [16/30] | Batch [1500/2880] | Total 0.22324 | Pose 0.15636 | Grip 0.00048 | Phase Family 100.00% | Ground 0.82cm | Target 100.00%
Epoch [16/30] | Batch [1550/2880] | Total 0.18023 | Pose 0.14016 | Grip 0.00379 | Phase Family 100.00% | Ground 0.73cm | Target 100.00%
Epoch [16/30] | Batch [1600/2880] | Total 0.19343 | Pose 0.15615 | Grip 0.00058 | Phase Family 100.00% | Ground 0.73cm | Target 100.00%
Epoch [16/30] | Batch [1650/2880] | Total 0.13970 | Pose 0.10816 | Grip 0.00119 | Phase Family 100.00% | Ground 0.86cm | Target 100.00%
Epoch [16/30] | Batch [1700/2880] | Total 0.18310 | Pose 0.13304 | Grip 0.00644 | Phase Family 100.00% | Ground 0.73cm | Target 100.00%
Epoch [16/30] | Batch [1750/2880] | Total 0.16082 | Pose 0.11991 | Grip 0.00337 | Phase Family 100.00% | Ground 0.82cm | Target 100.00%
Epoch [16/30] | Batch [1800/2880] | Total 0.18996 | Pose 0.15438 | Grip 0.00344 | Phase Family 100.00% | Ground 0.73cm | Target 100.00%
Epoch [16/30] | Batch [1850/2880] | Total 0.17903 | Pose 0.13078 | Grip 0.00893 | Phase Family 100.00% | Ground 1.11cm | Target 100.00%
Epoch [16/30] | Batch [1900/2880] | Total 0.19621 | Pose 0.14445 | Grip 0.00217 | Phase Family 100.00% | Ground 0.67cm | Target 100.00%
Epoch [16/30] | Batch [1950/2880] | Total 0.19485 | Pose 0.15326 | Grip 0.00524 | Phase Family 100.00% | Ground 0.77cm | Target 100.00%
Epoch [16/30] | Batch [2000/2880] | Total 0.21330 | Pose 0.14862 | Grip 0.00155 | Phase Family 100.00% | Ground 0.72cm | Target 100.00%
Epoch [16/30] | Batch [2050/2880] | Total 0.20039 | Pose 0.14937 | Grip 0.00041 | Phase Family 100.00% | Ground 0.65cm | Target 100.00%
Epoch [16/30] | Batch [2100/2880] | Total 0.16749 | Pose 0.13350 | Grip 0.00160 | Phase Family 100.00% | Ground 0.79cm | Target 100.00%
Epoch [16/30] | Batch [2150/2880] | Total 0.16810 | Pose 0.13043 | Grip 0.00300 | Phase Family 100.00% | Ground 0.76cm | Target 100.00%
Epoch [16/30] | Batch [2200/2880] | Total 0.18962 | Pose 0.14460 | Grip 0.00302 | Phase Family 100.00% | Ground 0.73cm | Target 100.00%
Epoch [16/30] | Batch [2250/2880] | Total 0.20078 | Pose 0.14951 | Grip 0.00438 | Phase Family 100.00% | Ground 0.77cm | Target 100.00%
Epoch [16/30] | Batch [2300/2880] | Total 0.19488 | Pose 0.15104 | Grip 0.00219 | Phase Family 100.00% | Ground 0.86cm | Target 100.00%
Epoch [16/30] | Batch [2350/2880] | Total 0.17305 | Pose 0.13582 | Grip 0.00501 | Phase Family 100.00% | Ground 0.74cm | Target 100.00%
Epoch [16/30] | Batch [2400/2880] | Total 0.16508 | Pose 0.13722 | Grip 0.00005 | Phase Family 100.00% | Ground 0.94cm | Target 100.00%
Epoch [16/30] | Batch [2450/2880] | Total 0.18200 | Pose 0.14551 | Grip 0.00080 | Phase Family 100.00% | Ground 0.69cm | Target 100.00%
Epoch [16/30] | Batch [2500/2880] | Total 0.16063 | Pose 0.13402 | Grip 0.00173 | Phase Family 100.00% | Ground 1.01cm | Target 100.00%
Epoch [16/30] | Batch [2550/2880] | Total 0.16175 | Pose 0.12512 | Grip 0.00081 | Phase Family 100.00% | Ground 0.82cm | Target 100.00%
Epoch [16/30] | Batch [2600/2880] | Total 0.18034 | Pose 0.14425 | Grip 0.00270 | Phase Family 100.00% | Ground 0.81cm | Target 100.00%
Epoch [16/30] | Batch [2650/2880] | Total 0.17050 | Pose 0.12993 | Grip 0.00019 | Phase Family 100.00% | Ground 0.95cm | Target 100.00%
Epoch [16/30] | Batch [2700/2880] | Total 0.17589 | Pose 0.14066 | Grip 0.00177 | Phase Family 100.00% | Ground 0.93cm | Target 100.00%
Epoch [16/30] | Batch [2750/2880] | Total 0.19726 | Pose 0.13736 | Grip 0.00047 | Phase Family 100.00% | Ground 0.96cm | Target 100.00%
Epoch [16/30] | Batch [2800/2880] | Total 0.16498 | Pose 0.13011 | Grip 0.00003 | Phase Family 100.00% | Ground 0.70cm | Target 100.00%
Epoch [16/30] | Batch [2850/2880] | Total 0.17858 | Pose 0.14273 | Grip 0.00145 | Phase Family 100.00% | Ground 0.69cm | Target 100.00%
Epoch [16/30] | Train 0.18149 | Combined Val 0.25182 | Clean Val 0.23368 | XYZ 0.0171 | Grip 99.15% | Phase 97.25% | Family 99.31% | Ground 0.80cm | Target 100.00% | Select 0.34776 | Patience 2/8
Epoch [17/30] | Batch [1/2880] | Total 0.17177 | Pose 0.13637 | Grip 0.00077 | Phase Family 100.00% | Ground 0.73cm | Target 100.00%
Epoch [17/30] | Batch [50/2880] | Total 0.17992 | Pose 0.13002 | Grip 0.00387 | Phase Family 100.00% | Ground 0.66cm | Target 100.00%
Epoch [17/30] | Batch [100/2880] | Total 0.19489 | Pose 0.14449 | Grip 0.00189 | Phase Family 100.00% | Ground 0.85cm | Target 100.00%
Epoch [17/30] | Batch [150/2880] | Total 0.17015 | Pose 0.12980 | Grip 0.00552 | Phase Family 100.00% | Ground 0.90cm | Target 100.00%
Epoch [17/30] | Batch [200/2880] | Total 0.21047 | Pose 0.13917 | Grip 0.00013 | Phase Family 100.00% | Ground 0.64cm | Target 100.00%
Epoch [17/30] | Batch [250/2880] | Total 0.17656 | Pose 0.12460 | Grip 0.00016 | Phase Family 100.00% | Ground 0.73cm | Target 100.00%
Epoch [17/30] | Batch [300/2880] | Total 0.17013 | Pose 0.13470 | Grip 0.00762 | Phase Family 100.00% | Ground 0.76cm | Target 100.00%
Epoch [17/30] | Batch [350/2880] | Total 0.17080 | Pose 0.13903 | Grip 0.00132 | Phase Family 100.00% | Ground 0.75cm | Target 100.00%
Epoch [17/30] | Batch [400/2880] | Total 0.19111 | Pose 0.14580 | Grip 0.00499 | Phase Family 100.00% | Ground 0.75cm | Target 100.00%
Epoch [17/30] | Batch [450/2880] | Total 0.16761 | Pose 0.13711 | Grip 0.00054 | Phase Family 100.00% | Ground 0.83cm | Target 100.00%
Epoch [17/30] | Batch [500/2880] | Total 0.19395 | Pose 0.15187 | Grip 0.00447 | Phase Family 100.00% | Ground 0.75cm | Target 100.00%
Epoch [17/30] | Batch [550/2880] | Total 0.16388 | Pose 0.13230 | Grip 0.00039 | Phase Family 100.00% | Ground 0.95cm | Target 100.00%
Epoch [17/30] | Batch [600/2880] | Total 0.17839 | Pose 0.14126 | Grip 0.00404 | Phase Family 100.00% | Ground 0.78cm | Target 100.00%
Epoch [17/30] | Batch [650/2880] | Total 0.18400 | Pose 0.15148 | Grip 0.00133 | Phase Family 100.00% | Ground 0.71cm | Target 100.00%
Epoch [17/30] | Batch [700/2880] | Total 0.18606 | Pose 0.14425 | Grip 0.00638 | Phase Family 100.00% | Ground 0.69cm | Target 100.00%
Epoch [17/30] | Batch [750/2880] | Total 0.19485 | Pose 0.15777 | Grip 0.00133 | Phase Family 100.00% | Ground 0.94cm | Target 100.00%
Epoch [17/30] | Batch [800/2880] | Total 0.19298 | Pose 0.15288 | Grip 0.00706 | Phase Family 100.00% | Ground 0.67cm | Target 100.00%
Epoch [17/30] | Batch [850/2880] | Total 0.19787 | Pose 0.14337 | Grip 0.00536 | Phase Family 100.00% | Ground 0.72cm | Target 100.00%
Epoch [17/30] | Batch [900/2880] | Total 0.17147 | Pose 0.12610 | Grip 0.00271 | Phase Family 100.00% | Ground 0.76cm | Target 100.00%
Epoch [17/30] | Batch [950/2880] | Total 0.19779 | Pose 0.14673 | Grip 0.01137 | Phase Family 100.00% | Ground 0.69cm | Target 100.00%
Epoch [17/30] | Batch [1000/2880] | Total 0.15746 | Pose 0.12428 | Grip 0.00325 | Phase Family 100.00% | Ground 0.89cm | Target 100.00%
Epoch [17/30] | Batch [1050/2880] | Total 0.17395 | Pose 0.13296 | Grip 0.00214 | Phase Family 100.00% | Ground 0.77cm | Target 100.00%
Epoch [17/30] | Batch [1100/2880] | Total 0.19084 | Pose 0.14506 | Grip 0.00046 | Phase Family 100.00% | Ground 0.80cm | Target 100.00%
Epoch [17/30] | Batch [1150/2880] | Total 0.15967 | Pose 0.12338 | Grip 0.00201 | Phase Family 100.00% | Ground 0.76cm | Target 100.00%
Epoch [17/30] | Batch [1200/2880] | Total 0.19073 | Pose 0.14045 | Grip 0.01116 | Phase Family 100.00% | Ground 0.89cm | Target 100.00%
Epoch [17/30] | Batch [1250/2880] | Total 0.19307 | Pose 0.15780 | Grip 0.00035 | Phase Family 100.00% | Ground 0.77cm | Target 100.00%
Epoch [17/30] | Batch [1300/2880] | Total 0.20207 | Pose 0.16101 | Grip 0.00527 | Phase Family 100.00% | Ground 0.66cm | Target 100.00%
Epoch [17/30] | Batch [1350/2880] | Total 0.15968 | Pose 0.13373 | Grip 0.00320 | Phase Family 100.00% | Ground 0.68cm | Target 100.00%
Epoch [17/30] | Batch [1400/2880] | Total 0.18495 | Pose 0.14187 | Grip 0.00103 | Phase Family 100.00% | Ground 0.70cm | Target 100.00%
Epoch [17/30] | Batch [1450/2880] | Total 0.19765 | Pose 0.13526 | Grip 0.00333 | Phase Family 100.00% | Ground 0.84cm | Target 100.00%
Epoch [17/30] | Batch [1500/2880] | Total 0.18079 | Pose 0.14328 | Grip 0.00307 | Phase Family 100.00% | Ground 0.75cm | Target 100.00%
Epoch [17/30] | Batch [1550/2880] | Total 0.18693 | Pose 0.14476 | Grip 0.00162 | Phase Family 100.00% | Ground 0.88cm | Target 100.00%
Epoch [17/30] | Batch [1600/2880] | Total 0.15838 | Pose 0.12989 | Grip 0.00266 | Phase Family 100.00% | Ground 0.82cm | Target 100.00%
Epoch [17/30] | Batch [1650/2880] | Total 0.21056 | Pose 0.15038 | Grip 0.00767 | Phase Family 100.00% | Ground 0.79cm | Target 100.00%
Epoch [17/30] | Batch [1700/2880] | Total 0.18195 | Pose 0.14759 | Grip 0.00118 | Phase Family 100.00% | Ground 0.76cm | Target 100.00%
Epoch [17/30] | Batch [1750/2880] | Total 0.16370 | Pose 0.12966 | Grip 0.00321 | Phase Family 100.00% | Ground 0.65cm | Target 100.00%
Epoch [17/30] | Batch [1800/2880] | Total 0.18506 | Pose 0.13565 | Grip 0.01560 | Phase Family 100.00% | Ground 0.73cm | Target 100.00%
Epoch [17/30] | Batch [1850/2880] | Total 0.18317 | Pose 0.14475 | Grip 0.00141 | Phase Family 100.00% | Ground 0.76cm | Target 100.00%
Epoch [17/30] | Batch [1900/2880] | Total 0.17748 | Pose 0.13850 | Grip 0.00671 | Phase Family 100.00% | Ground 0.81cm | Target 100.00%
Epoch [17/30] | Batch [1950/2880] | Total 0.17313 | Pose 0.14258 | Grip 0.00052 | Phase Family 100.00% | Ground 0.86cm | Target 100.00%
Epoch [17/30] | Batch [2000/2880] | Total 0.16987 | Pose 0.12994 | Grip 0.00432 | Phase Family 100.00% | Ground 0.82cm | Target 100.00%
Epoch [17/30] | Batch [2050/2880] | Total 0.17522 | Pose 0.13615 | Grip 0.00691 | Phase Family 100.00% | Ground 0.77cm | Target 100.00%
Epoch [17/30] | Batch [2100/2880] | Total 0.17983 | Pose 0.14140 | Grip 0.01019 | Phase Family 100.00% | Ground 0.69cm | Target 100.00%
Epoch [17/30] | Batch [2150/2880] | Total 0.17952 | Pose 0.14474 | Grip 0.00341 | Phase Family 100.00% | Ground 0.76cm | Target 100.00%
Epoch [17/30] | Batch [2200/2880] | Total 0.17169 | Pose 0.13625 | Grip 0.00014 | Phase Family 100.00% | Ground 0.69cm | Target 100.00%
Epoch [17/30] | Batch [2250/2880] | Total 0.18069 | Pose 0.12648 | Grip 0.00050 | Phase Family 100.00% | Ground 0.74cm | Target 100.00%
Epoch [17/30] | Batch [2300/2880] | Total 0.15401 | Pose 0.11315 | Grip 0.00037 | Phase Family 100.00% | Ground 0.81cm | Target 100.00%
Epoch [17/30] | Batch [2350/2880] | Total 0.17015 | Pose 0.13725 | Grip 0.00159 | Phase Family 100.00% | Ground 0.82cm | Target 100.00%
Epoch [17/30] | Batch [2400/2880] | Total 0.16705 | Pose 0.13538 | Grip 0.00490 | Phase Family 100.00% | Ground 0.74cm | Target 100.00%
Epoch [17/30] | Batch [2450/2880] | Total 0.18479 | Pose 0.13851 | Grip 0.00103 | Phase Family 100.00% | Ground 0.76cm | Target 100.00%
Epoch [17/30] | Batch [2500/2880] | Total 0.15982 | Pose 0.12381 | Grip 0.00357 | Phase Family 100.00% | Ground 0.91cm | Target 100.00%
Epoch [17/30] | Batch [2550/2880] | Total 0.21800 | Pose 0.15086 | Grip 0.00756 | Phase Family 100.00% | Ground 0.78cm | Target 100.00%
Epoch [17/30] | Batch [2600/2880] | Total 0.20571 | Pose 0.14664 | Grip 0.00286 | Phase Family 100.00% | Ground 0.92cm | Target 100.00%
Epoch [17/30] | Batch [2650/2880] | Total 0.17519 | Pose 0.13793 | Grip 0.00112 | Phase Family 100.00% | Ground 0.65cm | Target 100.00%
Epoch [17/30] | Batch [2700/2880] | Total 0.15027 | Pose 0.11742 | Grip 0.00660 | Phase Family 100.00% | Ground 0.87cm | Target 100.00%
Epoch [17/30] | Batch [2750/2880] | Total 0.18102 | Pose 0.14950 | Grip 0.00567 | Phase Family 100.00% | Ground 0.70cm | Target 100.00%
Epoch [17/30] | Batch [2800/2880] | Total 0.17119 | Pose 0.13078 | Grip 0.00389 | Phase Family 100.00% | Ground 1.05cm | Target 100.00%
Epoch [17/30] | Batch [2850/2880] | Total 0.18954 | Pose 0.14844 | Grip 0.00810 | Phase Family 100.00% | Ground 0.88cm | Target 100.00%
Epoch [17/30] | Train 0.17964 | Combined Val 0.24998 | Clean Val 0.23247 | XYZ 0.0165 | Grip 99.09% | Phase 97.34% | Family 99.30% | Ground 0.77cm | Target 100.00% | Select 0.34736 | Patience 3/8
Epoch [18/30] | Batch [1/2880] | Total 0.17751 | Pose 0.12983 | Grip 0.01154 | Phase Family 100.00% | Ground 0.83cm | Target 100.00%
Epoch [18/30] | Batch [50/2880] | Total 0.17473 | Pose 0.14097 | Grip 0.00009 | Phase Family 100.00% | Ground 0.98cm | Target 100.00%
Epoch [18/30] | Batch [100/2880] | Total 0.20250 | Pose 0.16501 | Grip 0.00063 | Phase Family 100.00% | Ground 0.76cm | Target 100.00%
Epoch [18/30] | Batch [150/2880] | Total 0.19083 | Pose 0.13353 | Grip 0.01301 | Phase Family 100.00% | Ground 0.94cm | Target 100.00%
Epoch [18/30] | Batch [200/2880] | Total 0.21810 | Pose 0.16951 | Grip 0.00667 | Phase Family 100.00% | Ground 0.91cm | Target 100.00%
Epoch [18/30] | Batch [250/2880] | Total 0.19423 | Pose 0.15430 | Grip 0.00439 | Phase Family 100.00% | Ground 0.91cm | Target 100.00%
Epoch [18/30] | Batch [300/2880] | Total 0.17889 | Pose 0.12564 | Grip 0.00900 | Phase Family 100.00% | Ground 0.67cm | Target 100.00%
Epoch [18/30] | Batch [350/2880] | Total 0.19130 | Pose 0.14503 | Grip 0.00467 | Phase Family 100.00% | Ground 0.72cm | Target 100.00%
Epoch [18/30] | Batch [400/2880] | Total 0.16954 | Pose 0.13779 | Grip 0.00204 | Phase Family 100.00% | Ground 0.92cm | Target 100.00%
Epoch [18/30] | Batch [450/2880] | Total 0.16597 | Pose 0.13687 | Grip 0.00216 | Phase Family 100.00% | Ground 0.66cm | Target 100.00%
Epoch [18/30] | Batch [500/2880] | Total 0.17129 | Pose 0.13380 | Grip 0.00142 | Phase Family 100.00% | Ground 0.97cm | Target 100.00%
Epoch [18/30] | Batch [550/2880] | Total 0.19336 | Pose 0.15109 | Grip 0.00327 | Phase Family 100.00% | Ground 0.72cm | Target 100.00%
Epoch [18/30] | Batch [600/2880] | Total 0.17429 | Pose 0.14273 | Grip 0.00388 | Phase Family 100.00% | Ground 0.85cm | Target 100.00%
Epoch [18/30] | Batch [650/2880] | Total 0.18824 | Pose 0.11529 | Grip 0.00046 | Phase Family 100.00% | Ground 0.85cm | Target 100.00%
Epoch [18/30] | Batch [700/2880] | Total 0.20225 | Pose 0.14107 | Grip 0.01390 | Phase Family 100.00% | Ground 0.80cm | Target 100.00%
Epoch [18/30] | Batch [750/2880] | Total 0.16824 | Pose 0.13355 | Grip 0.00580 | Phase Family 100.00% | Ground 0.79cm | Target 100.00%
Epoch [18/30] | Batch [800/2880] | Total 0.20500 | Pose 0.15309 | Grip 0.00066 | Phase Family 100.00% | Ground 0.66cm | Target 100.00%
Epoch [18/30] | Batch [850/2880] | Total 0.17459 | Pose 0.13821 | Grip 0.00181 | Phase Family 100.00% | Ground 0.84cm | Target 100.00%
Epoch [18/30] | Batch [900/2880] | Total 0.15250 | Pose 0.12330 | Grip 0.00421 | Phase Family 100.00% | Ground 0.66cm | Target 100.00%
Epoch [18/30] | Batch [950/2880] | Total 0.19058 | Pose 0.14957 | Grip 0.00063 | Phase Family 100.00% | Ground 0.90cm | Target 100.00%
Epoch [18/30] | Batch [1000/2880] | Total 0.18042 | Pose 0.15079 | Grip 0.00070 | Phase Family 100.00% | Ground 0.74cm | Target 100.00%
Epoch [18/30] | Batch [1050/2880] | Total 0.17043 | Pose 0.12699 | Grip 0.00301 | Phase Family 100.00% | Ground 1.14cm | Target 100.00%
Epoch [18/30] | Batch [1100/2880] | Total 0.18863 | Pose 0.15436 | Grip 0.00074 | Phase Family 100.00% | Ground 0.89cm | Target 100.00%
Epoch [18/30] | Batch [1150/2880] | Total 0.20164 | Pose 0.13346 | Grip 0.00322 | Phase Family 100.00% | Ground 1.03cm | Target 100.00%
Epoch [18/30] | Batch [1200/2880] | Total 0.17361 | Pose 0.13838 | Grip 0.00178 | Phase Family 100.00% | Ground 1.01cm | Target 100.00%
Epoch [18/30] | Batch [1250/2880] | Total 0.17920 | Pose 0.14415 | Grip 0.00396 | Phase Family 100.00% | Ground 0.72cm | Target 100.00%
Epoch [18/30] | Batch [1300/2880] | Total 0.18103 | Pose 0.12662 | Grip 0.00233 | Phase Family 100.00% | Ground 0.88cm | Target 100.00%
Epoch [18/30] | Batch [1350/2880] | Total 0.17357 | Pose 0.13350 | Grip 0.00879 | Phase Family 100.00% | Ground 0.68cm | Target 100.00%
Epoch [18/30] | Batch [1400/2880] | Total 0.23038 | Pose 0.14153 | Grip 0.00137 | Phase Family 100.00% | Ground 0.90cm | Target 100.00%
Epoch [18/30] | Batch [1450/2880] | Total 0.17106 | Pose 0.13143 | Grip 0.00196 | Phase Family 100.00% | Ground 0.72cm | Target 100.00%
Epoch [18/30] | Batch [1500/2880] | Total 0.15581 | Pose 0.12059 | Grip 0.00004 | Phase Family 100.00% | Ground 0.97cm | Target 100.00%
Epoch [18/30] | Batch [1550/2880] | Total 0.17914 | Pose 0.13903 | Grip 0.00321 | Phase Family 100.00% | Ground 0.79cm | Target 100.00%
Epoch [18/30] | Batch [1600/2880] | Total 0.17636 | Pose 0.14001 | Grip 0.00673 | Phase Family 100.00% | Ground 0.83cm | Target 100.00%
Epoch [18/30] | Batch [1650/2880] | Total 0.21479 | Pose 0.13106 | Grip 0.00058 | Phase Family 100.00% | Ground 0.71cm | Target 100.00%
Epoch [18/30] | Batch [1700/2880] | Total 0.17408 | Pose 0.14068 | Grip 0.00157 | Phase Family 100.00% | Ground 0.76cm | Target 100.00%
Epoch [18/30] | Batch [1750/2880] | Total 0.16168 | Pose 0.13054 | Grip 0.00026 | Phase Family 100.00% | Ground 0.74cm | Target 100.00%
Epoch [18/30] | Batch [1800/2880] | Total 0.17095 | Pose 0.13550 | Grip 0.00045 | Phase Family 100.00% | Ground 0.68cm | Target 100.00%
Epoch [18/30] | Batch [1850/2880] | Total 0.16220 | Pose 0.12878 | Grip 0.00035 | Phase Family 100.00% | Ground 0.85cm | Target 100.00%
Epoch [18/30] | Batch [1900/2880] | Total 0.19794 | Pose 0.14755 | Grip 0.00273 | Phase Family 100.00% | Ground 0.84cm | Target 100.00%
Epoch [18/30] | Batch [1950/2880] | Total 0.19608 | Pose 0.13293 | Grip 0.00087 | Phase Family 100.00% | Ground 1.05cm | Target 100.00%
Epoch [18/30] | Batch [2000/2880] | Total 0.19334 | Pose 0.14606 | Grip 0.00336 | Phase Family 100.00% | Ground 0.78cm | Target 100.00%
Epoch [18/30] | Batch [2050/2880] | Total 0.17969 | Pose 0.13966 | Grip 0.00052 | Phase Family 100.00% | Ground 0.76cm | Target 100.00%
Epoch [18/30] | Batch [2100/2880] | Total 0.18374 | Pose 0.13202 | Grip 0.00888 | Phase Family 100.00% | Ground 0.89cm | Target 100.00%
Epoch [18/30] | Batch [2150/2880] | Total 0.17084 | Pose 0.13088 | Grip 0.00479 | Phase Family 100.00% | Ground 0.84cm | Target 100.00%
Epoch [18/30] | Batch [2200/2880] | Total 0.18531 | Pose 0.13124 | Grip 0.00176 | Phase Family 100.00% | Ground 0.85cm | Target 100.00%
Epoch [18/30] | Batch [2250/2880] | Total 0.17382 | Pose 0.13559 | Grip 0.00743 | Phase Family 100.00% | Ground 0.89cm | Target 100.00%
Epoch [18/30] | Batch [2300/2880] | Total 0.18974 | Pose 0.13802 | Grip 0.00475 | Phase Family 100.00% | Ground 0.86cm | Target 100.00%
Epoch [18/30] | Batch [2350/2880] | Total 0.18761 | Pose 0.14568 | Grip 0.00039 | Phase Family 100.00% | Ground 0.86cm | Target 100.00%
Epoch [18/30] | Batch [2400/2880] | Total 0.16546 | Pose 0.13300 | Grip 0.00058 | Phase Family 100.00% | Ground 0.91cm | Target 100.00%
Epoch [18/30] | Batch [2450/2880] | Total 0.18913 | Pose 0.15228 | Grip 0.00409 | Phase Family 100.00% | Ground 1.00cm | Target 100.00%
Epoch [18/30] | Batch [2500/2880] | Total 0.19806 | Pose 0.14563 | Grip 0.00785 | Phase Family 100.00% | Ground 0.89cm | Target 100.00%
Epoch [18/30] | Batch [2550/2880] | Total 0.18778 | Pose 0.13410 | Grip 0.00124 | Phase Family 100.00% | Ground 0.85cm | Target 100.00%
Epoch [18/30] | Batch [2600/2880] | Total 0.17067 | Pose 0.14104 | Grip 0.00089 | Phase Family 100.00% | Ground 0.82cm | Target 100.00%
Epoch [18/30] | Batch [2650/2880] | Total 0.17782 | Pose 0.12887 | Grip 0.00961 | Phase Family 100.00% | Ground 0.91cm | Target 100.00%
Epoch [18/30] | Batch [2700/2880] | Total 0.16467 | Pose 0.11854 | Grip 0.00358 | Phase Family 100.00% | Ground 0.76cm | Target 100.00%
Epoch [18/30] | Batch [2750/2880] | Total 0.17636 | Pose 0.14068 | Grip 0.00594 | Phase Family 100.00% | Ground 0.68cm | Target 100.00%
Epoch [18/30] | Batch [2800/2880] | Total 0.16995 | Pose 0.13746 | Grip 0.00121 | Phase Family 100.00% | Ground 0.87cm | Target 100.00%
Epoch [18/30] | Batch [2850/2880] | Total 0.16851 | Pose 0.12909 | Grip 0.00049 | Phase Family 100.00% | Ground 0.90cm | Target 100.00%
Epoch [18/30] | Train 0.17848 | Combined Val 0.24721 | Clean Val 0.22597 | XYZ 0.0166 | Grip 99.22% | Phase 97.40% | Family 99.41% | Ground 0.76cm | Target 100.00% | Select 0.34173 | Patience 4/8
Epoch [19/30] | Batch [1/2880] | Total 0.16527 | Pose 0.12752 | Grip 0.00967 | Phase Family 100.00% | Ground 0.79cm | Target 100.00%
Epoch [19/30] | Batch [50/2880] | Total 0.17031 | Pose 0.12517 | Grip 0.00381 | Phase Family 100.00% | Ground 0.69cm | Target 100.00%
Epoch [19/30] | Batch [100/2880] | Total 0.21181 | Pose 0.16028 | Grip 0.00122 | Phase Family 100.00% | Ground 0.83cm | Target 100.00%
Epoch [19/30] | Batch [150/2880] | Total 0.16694 | Pose 0.13065 | Grip 0.00631 | Phase Family 100.00% | Ground 0.73cm | Target 100.00%
Epoch [19/30] | Batch [200/2880] | Total 0.18698 | Pose 0.14569 | Grip 0.00927 | Phase Family 100.00% | Ground 0.84cm | Target 100.00%
Epoch [19/30] | Batch [250/2880] | Total 0.17727 | Pose 0.13579 | Grip 0.00283 | Phase Family 100.00% | Ground 0.83cm | Target 100.00%
Epoch [19/30] | Batch [300/2880] | Total 0.17660 | Pose 0.13868 | Grip 0.00459 | Phase Family 100.00% | Ground 0.55cm | Target 100.00%
Epoch [19/30] | Batch [350/2880] | Total 0.19023 | Pose 0.13894 | Grip 0.00390 | Phase Family 100.00% | Ground 0.71cm | Target 100.00%
Epoch [19/30] | Batch [400/2880] | Total 0.18717 | Pose 0.15187 | Grip 0.00236 | Phase Family 100.00% | Ground 0.68cm | Target 100.00%
Epoch [19/30] | Batch [450/2880] | Total 0.23514 | Pose 0.19810 | Grip 0.00134 | Phase Family 100.00% | Ground 0.96cm | Target 100.00%
Epoch [19/30] | Batch [500/2880] | Total 0.17181 | Pose 0.13496 | Grip 0.00285 | Phase Family 100.00% | Ground 0.63cm | Target 100.00%
Epoch [19/30] | Batch [550/2880] | Total 0.19575 | Pose 0.14837 | Grip 0.00345 | Phase Family 100.00% | Ground 0.71cm | Target 100.00%
Epoch [19/30] | Batch [600/2880] | Total 0.14922 | Pose 0.11860 | Grip 0.00030 | Phase Family 100.00% | Ground 0.67cm | Target 100.00%
Epoch [19/30] | Batch [650/2880] | Total 0.18602 | Pose 0.15167 | Grip 0.00113 | Phase Family 100.00% | Ground 0.80cm | Target 100.00%
Epoch [19/30] | Batch [700/2880] | Total 0.19518 | Pose 0.15132 | Grip 0.00597 | Phase Family 100.00% | Ground 0.90cm | Target 100.00%
Epoch [19/30] | Batch [750/2880] | Total 0.17495 | Pose 0.14139 | Grip 0.00063 | Phase Family 100.00% | Ground 0.80cm | Target 100.00%
Epoch [19/30] | Batch [800/2880] | Total 0.18145 | Pose 0.13697 | Grip 0.01230 | Phase Family 100.00% | Ground 0.97cm | Target 100.00%
Epoch [19/30] | Batch [850/2880] | Total 0.18164 | Pose 0.13823 | Grip 0.00558 | Phase Family 100.00% | Ground 0.84cm | Target 100.00%
Epoch [19/30] | Batch [900/2880] | Total 0.19163 | Pose 0.13767 | Grip 0.00658 | Phase Family 100.00% | Ground 1.06cm | Target 100.00%
Epoch [19/30] | Batch [950/2880] | Total 0.16966 | Pose 0.13430 | Grip 0.00336 | Phase Family 100.00% | Ground 0.79cm | Target 100.00%
Epoch [19/30] | Batch [1000/2880] | Total 0.23433 | Pose 0.19289 | Grip 0.00248 | Phase Family 100.00% | Ground 0.75cm | Target 100.00%
Epoch [19/30] | Batch [1050/2880] | Total 0.16535 | Pose 0.13811 | Grip 0.00084 | Phase Family 100.00% | Ground 0.74cm | Target 100.00%
Epoch [19/30] | Batch [1100/2880] | Total 0.17902 | Pose 0.13903 | Grip 0.00027 | Phase Family 100.00% | Ground 0.78cm | Target 100.00%
Epoch [19/30] | Batch [1150/2880] | Total 0.20011 | Pose 0.14402 | Grip 0.00446 | Phase Family 100.00% | Ground 0.85cm | Target 100.00%
Epoch [19/30] | Batch [1200/2880] | Total 0.16434 | Pose 0.13334 | Grip 0.00373 | Phase Family 100.00% | Ground 0.76cm | Target 100.00%
Epoch [19/30] | Batch [1250/2880] | Total 0.19025 | Pose 0.13016 | Grip 0.00398 | Phase Family 100.00% | Ground 0.92cm | Target 100.00%
Epoch [19/30] | Batch [1300/2880] | Total 0.16323 | Pose 0.13116 | Grip 0.00047 | Phase Family 100.00% | Ground 0.79cm | Target 100.00%
Epoch [19/30] | Batch [1350/2880] | Total 0.19444 | Pose 0.15389 | Grip 0.00313 | Phase Family 100.00% | Ground 0.84cm | Target 100.00%
Epoch [19/30] | Batch [1400/2880] | Total 0.22606 | Pose 0.13412 | Grip 0.00057 | Phase Family 100.00% | Ground 0.75cm | Target 100.00%
Epoch [19/30] | Batch [1450/2880] | Total 0.22040 | Pose 0.18824 | Grip 0.00163 | Phase Family 100.00% | Ground 0.85cm | Target 100.00%
Epoch [19/30] | Batch [1500/2880] | Total 0.19002 | Pose 0.13137 | Grip 0.00094 | Phase Family 100.00% | Ground 0.75cm | Target 100.00%
Epoch [19/30] | Batch [1550/2880] | Total 0.17627 | Pose 0.14437 | Grip 0.00035 | Phase Family 100.00% | Ground 0.63cm | Target 100.00%
Epoch [19/30] | Batch [1600/2880] | Total 0.17967 | Pose 0.13922 | Grip 0.00289 | Phase Family 100.00% | Ground 0.76cm | Target 100.00%
Epoch [19/30] | Batch [1650/2880] | Total 0.18201 | Pose 0.13654 | Grip 0.00971 | Phase Family 100.00% | Ground 0.80cm | Target 100.00%
Epoch [19/30] | Batch [1700/2880] | Total 0.17691 | Pose 0.14640 | Grip 0.00007 | Phase Family 100.00% | Ground 0.85cm | Target 100.00%
Epoch [19/30] | Batch [1750/2880] | Total 0.18420 | Pose 0.14004 | Grip 0.00212 | Phase Family 100.00% | Ground 0.84cm | Target 100.00%
Epoch [19/30] | Batch [1800/2880] | Total 0.21824 | Pose 0.18162 | Grip 0.00354 | Phase Family 100.00% | Ground 0.87cm | Target 100.00%
Epoch [19/30] | Batch [1850/2880] | Total 0.16064 | Pose 0.12724 | Grip 0.00118 | Phase Family 100.00% | Ground 0.57cm | Target 100.00%
Epoch [19/30] | Batch [1900/2880] | Total 0.16747 | Pose 0.13165 | Grip 0.00275 | Phase Family 100.00% | Ground 0.66cm | Target 100.00%
Epoch [19/30] | Batch [1950/2880] | Total 0.17887 | Pose 0.12143 | Grip 0.00956 | Phase Family 100.00% | Ground 0.71cm | Target 100.00%
Epoch [19/30] | Batch [2000/2880] | Total 0.16764 | Pose 0.13678 | Grip 0.00015 | Phase Family 100.00% | Ground 0.79cm | Target 100.00%
Epoch [19/30] | Batch [2050/2880] | Total 0.18838 | Pose 0.14889 | Grip 0.00152 | Phase Family 100.00% | Ground 0.78cm | Target 100.00%
Epoch [19/30] | Batch [2100/2880] | Total 0.16540 | Pose 0.13029 | Grip 0.00510 | Phase Family 100.00% | Ground 0.98cm | Target 100.00%
Epoch [19/30] | Batch [2150/2880] | Total 0.17654 | Pose 0.13665 | Grip 0.00235 | Phase Family 100.00% | Ground 0.64cm | Target 100.00%
Epoch [19/30] | Batch [2200/2880] | Total 0.16981 | Pose 0.13223 | Grip 0.00034 | Phase Family 100.00% | Ground 0.70cm | Target 100.00%
Epoch [19/30] | Batch [2250/2880] | Total 0.21849 | Pose 0.17933 | Grip 0.00254 | Phase Family 100.00% | Ground 1.05cm | Target 100.00%
Epoch [19/30] | Batch [2300/2880] | Total 0.16243 | Pose 0.13254 | Grip 0.00243 | Phase Family 100.00% | Ground 0.84cm | Target 100.00%
Epoch [19/30] | Batch [2350/2880] | Total 0.17177 | Pose 0.14209 | Grip 0.00053 | Phase Family 100.00% | Ground 0.71cm | Target 100.00%
Epoch [19/30] | Batch [2400/2880] | Total 0.18166 | Pose 0.13561 | Grip 0.00378 | Phase Family 100.00% | Ground 0.70cm | Target 100.00%
Epoch [19/30] | Batch [2450/2880] | Total 0.19738 | Pose 0.16281 | Grip 0.00286 | Phase Family 100.00% | Ground 0.82cm | Target 100.00%
Epoch [19/30] | Batch [2500/2880] | Total 0.17560 | Pose 0.13258 | Grip 0.00199 | Phase Family 100.00% | Ground 0.95cm | Target 100.00%
Epoch [19/30] | Batch [2550/2880] | Total 0.17730 | Pose 0.14274 | Grip 0.00473 | Phase Family 100.00% | Ground 0.80cm | Target 100.00%
Epoch [19/30] | Batch [2600/2880] | Total 0.17732 | Pose 0.13521 | Grip 0.00269 | Phase Family 100.00% | Ground 0.69cm | Target 100.00%
Epoch [19/30] | Batch [2650/2880] | Total 0.19958 | Pose 0.13510 | Grip 0.00146 | Phase Family 100.00% | Ground 0.71cm | Target 100.00%
Epoch [19/30] | Batch [2700/2880] | Total 0.16640 | Pose 0.13452 | Grip 0.00138 | Phase Family 100.00% | Ground 0.94cm | Target 100.00%
Epoch [19/30] | Batch [2750/2880] | Total 0.16488 | Pose 0.12528 | Grip 0.00563 | Phase Family 100.00% | Ground 0.82cm | Target 100.00%
Epoch [19/30] | Batch [2800/2880] | Total 0.16597 | Pose 0.13391 | Grip 0.00010 | Phase Family 100.00% | Ground 0.82cm | Target 100.00%
Epoch [19/30] | Batch [2850/2880] | Total 0.17229 | Pose 0.13718 | Grip 0.00103 | Phase Family 100.00% | Ground 0.74cm | Target 100.00%
Epoch [19/30] | Train 0.17714 | Combined Val 0.24926 | Clean Val 0.22787 | XYZ 0.0160 | Grip 99.16% | Phase 97.41% | Family 99.32% | Ground 0.74cm | Target 100.00% | Select 0.34223 | Patience 5/8
Epoch [20/30] | Batch [1/2880] | Total 0.18662 | Pose 0.14743 | Grip 0.00199 | Phase Family 100.00% | Ground 0.58cm | Target 100.00%
Epoch [20/30] | Batch [50/2880] | Total 0.17935 | Pose 0.14119 | Grip 0.00536 | Phase Family 100.00% | Ground 0.74cm | Target 100.00%
Epoch [20/30] | Batch [100/2880] | Total 0.17081 | Pose 0.12635 | Grip 0.00243 | Phase Family 100.00% | Ground 0.71cm | Target 100.00%
Epoch [20/30] | Batch [150/2880] | Total 0.17569 | Pose 0.13932 | Grip 0.00656 | Phase Family 100.00% | Ground 0.72cm | Target 100.00%
Epoch [20/30] | Batch [200/2880] | Total 0.19980 | Pose 0.14489 | Grip 0.00723 | Phase Family 100.00% | Ground 0.84cm | Target 100.00%
Epoch [20/30] | Batch [250/2880] | Total 0.17951 | Pose 0.13150 | Grip 0.00522 | Phase Family 100.00% | Ground 0.80cm | Target 100.00%
Epoch [20/30] | Batch [300/2880] | Total 0.16300 | Pose 0.13155 | Grip 0.00193 | Phase Family 100.00% | Ground 0.66cm | Target 100.00%
Epoch [20/30] | Batch [350/2880] | Total 0.17832 | Pose 0.14792 | Grip 0.00213 | Phase Family 100.00% | Ground 0.76cm | Target 100.00%
Epoch [20/30] | Batch [400/2880] | Total 0.16138 | Pose 0.13234 | Grip 0.00216 | Phase Family 100.00% | Ground 0.75cm | Target 100.00%
Epoch [20/30] | Batch [450/2880] | Total 0.16669 | Pose 0.12605 | Grip 0.00352 | Phase Family 100.00% | Ground 0.81cm | Target 100.00%
Epoch [20/30] | Batch [500/2880] | Total 0.17043 | Pose 0.12118 | Grip 0.00569 | Phase Family 100.00% | Ground 0.77cm | Target 100.00%
Epoch [20/30] | Batch [550/2880] | Total 0.16643 | Pose 0.13577 | Grip 0.00090 | Phase Family 100.00% | Ground 0.73cm | Target 100.00%
Epoch [20/30] | Batch [600/2880] | Total 0.19090 | Pose 0.13677 | Grip 0.00040 | Phase Family 100.00% | Ground 0.69cm | Target 100.00%
Epoch [20/30] | Batch [650/2880] | Total 0.18049 | Pose 0.14220 | Grip 0.00640 | Phase Family 100.00% | Ground 0.70cm | Target 100.00%
Epoch [20/30] | Batch [700/2880] | Total 0.18492 | Pose 0.14832 | Grip 0.00004 | Phase Family 100.00% | Ground 0.88cm | Target 100.00%
Epoch [20/30] | Batch [750/2880] | Total 0.15470 | Pose 0.12730 | Grip 0.00107 | Phase Family 100.00% | Ground 0.72cm | Target 100.00%
Epoch [20/30] | Batch [800/2880] | Total 0.17306 | Pose 0.13304 | Grip 0.01093 | Phase Family 100.00% | Ground 0.86cm | Target 100.00%
Epoch [20/30] | Batch [850/2880] | Total 0.16635 | Pose 0.12438 | Grip 0.00204 | Phase Family 100.00% | Ground 0.64cm | Target 100.00%
Epoch [20/30] | Batch [900/2880] | Total 0.16425 | Pose 0.12763 | Grip 0.00462 | Phase Family 100.00% | Ground 0.80cm | Target 100.00%
Epoch [20/30] | Batch [950/2880] | Total 0.17968 | Pose 0.14723 | Grip 0.00228 | Phase Family 100.00% | Ground 0.79cm | Target 100.00%
Epoch [20/30] | Batch [1000/2880] | Total 0.17175 | Pose 0.13404 | Grip 0.00164 | Phase Family 100.00% | Ground 0.64cm | Target 100.00%
Epoch [20/30] | Batch [1050/2880] | Total 0.17654 | Pose 0.13284 | Grip 0.00449 | Phase Family 100.00% | Ground 0.76cm | Target 100.00%
Epoch [20/30] | Batch [1100/2880] | Total 0.19196 | Pose 0.14946 | Grip 0.00142 | Phase Family 100.00% | Ground 0.80cm | Target 100.00%
Epoch [20/30] | Batch [1150/2880] | Total 0.16853 | Pose 0.13610 | Grip 0.00182 | Phase Family 100.00% | Ground 0.69cm | Target 100.00%
Epoch [20/30] | Batch [1200/2880] | Total 0.14502 | Pose 0.11691 | Grip 0.00051 | Phase Family 100.00% | Ground 0.77cm | Target 100.00%
Epoch [20/30] | Batch [1250/2880] | Total 0.18092 | Pose 0.14102 | Grip 0.00163 | Phase Family 100.00% | Ground 0.69cm | Target 100.00%
Epoch [20/30] | Batch [1300/2880] | Total 0.15368 | Pose 0.12062 | Grip 0.00094 | Phase Family 100.00% | Ground 0.81cm | Target 100.00%
Epoch [20/30] | Batch [1350/2880] | Total 0.17249 | Pose 0.13174 | Grip 0.00771 | Phase Family 100.00% | Ground 0.74cm | Target 100.00%
Epoch [20/30] | Batch [1400/2880] | Total 0.19335 | Pose 0.14520 | Grip 0.00874 | Phase Family 100.00% | Ground 0.85cm | Target 100.00%
Epoch [20/30] | Batch [1450/2880] | Total 0.18910 | Pose 0.13971 | Grip 0.00214 | Phase Family 100.00% | Ground 0.67cm | Target 100.00%
Epoch [20/30] | Batch [1500/2880] | Total 0.17249 | Pose 0.13885 | Grip 0.00071 | Phase Family 100.00% | Ground 0.76cm | Target 100.00%
Epoch [20/30] | Batch [1550/2880] | Total 0.20514 | Pose 0.14920 | Grip 0.00382 | Phase Family 100.00% | Ground 0.81cm | Target 100.00%
Epoch [20/30] | Batch [1600/2880] | Total 0.17423 | Pose 0.13877 | Grip 0.00085 | Phase Family 100.00% | Ground 0.92cm | Target 100.00%
Epoch [20/30] | Batch [1650/2880] | Total 0.17251 | Pose 0.12851 | Grip 0.00034 | Phase Family 100.00% | Ground 0.83cm | Target 100.00%
Epoch [20/30] | Batch [1700/2880] | Total 0.19517 | Pose 0.15043 | Grip 0.00064 | Phase Family 100.00% | Ground 0.82cm | Target 100.00%
Epoch [20/30] | Batch [1750/2880] | Total 0.17813 | Pose 0.13845 | Grip 0.00489 | Phase Family 100.00% | Ground 0.66cm | Target 100.00%
Epoch [20/30] | Batch [1800/2880] | Total 0.19161 | Pose 0.13353 | Grip 0.00113 | Phase Family 100.00% | Ground 0.73cm | Target 100.00%
Epoch [20/30] | Batch [1850/2880] | Total 0.15362 | Pose 0.12933 | Grip 0.00052 | Phase Family 100.00% | Ground 0.75cm | Target 100.00%
Epoch [20/30] | Batch [1900/2880] | Total 0.17823 | Pose 0.13761 | Grip 0.00410 | Phase Family 100.00% | Ground 0.61cm | Target 100.00%
Epoch [20/30] | Batch [1950/2880] | Total 0.15448 | Pose 0.12657 | Grip 0.00023 | Phase Family 100.00% | Ground 0.77cm | Target 100.00%
Epoch [20/30] | Batch [2000/2880] | Total 0.17143 | Pose 0.13732 | Grip 0.00005 | Phase Family 100.00% | Ground 0.91cm | Target 100.00%
Epoch [20/30] | Batch [2050/2880] | Total 0.19143 | Pose 0.15357 | Grip 0.00021 | Phase Family 100.00% | Ground 0.66cm | Target 100.00%
Epoch [20/30] | Batch [2100/2880] | Total 0.15537 | Pose 0.12707 | Grip 0.00129 | Phase Family 100.00% | Ground 0.69cm | Target 100.00%
Epoch [20/30] | Batch [2150/2880] | Total 0.17845 | Pose 0.13337 | Grip 0.00066 | Phase Family 100.00% | Ground 0.69cm | Target 100.00%
Epoch [20/30] | Batch [2200/2880] | Total 0.16699 | Pose 0.13228 | Grip 0.00125 | Phase Family 100.00% | Ground 0.60cm | Target 100.00%
Epoch [20/30] | Batch [2250/2880] | Total 0.16650 | Pose 0.13055 | Grip 0.00207 | Phase Family 100.00% | Ground 0.93cm | Target 100.00%
Epoch [20/30] | Batch [2300/2880] | Total 0.18964 | Pose 0.13467 | Grip 0.00421 | Phase Family 100.00% | Ground 0.82cm | Target 100.00%
Epoch [20/30] | Batch [2350/2880] | Total 0.19411 | Pose 0.13249 | Grip 0.00063 | Phase Family 100.00% | Ground 0.88cm | Target 100.00%
Epoch [20/30] | Batch [2400/2880] | Total 0.15754 | Pose 0.12902 | Grip 0.00452 | Phase Family 100.00% | Ground 0.75cm | Target 100.00%
Epoch [20/30] | Batch [2450/2880] | Total 0.19049 | Pose 0.15206 | Grip 0.00640 | Phase Family 100.00% | Ground 0.87cm | Target 100.00%
Epoch [20/30] | Batch [2500/2880] | Total 0.14763 | Pose 0.11904 | Grip 0.00215 | Phase Family 100.00% | Ground 0.70cm | Target 100.00%
Epoch [20/30] | Batch [2550/2880] | Total 0.15692 | Pose 0.12972 | Grip 0.00031 | Phase Family 100.00% | Ground 0.73cm | Target 100.00%
Epoch [20/30] | Batch [2600/2880] | Total 0.17537 | Pose 0.12666 | Grip 0.00550 | Phase Family 100.00% | Ground 0.70cm | Target 100.00%
Epoch [20/30] | Batch [2650/2880] | Total 0.18110 | Pose 0.13355 | Grip 0.00426 | Phase Family 100.00% | Ground 0.63cm | Target 100.00%
Epoch [20/30] | Batch [2700/2880] | Total 0.16746 | Pose 0.13300 | Grip 0.00124 | Phase Family 100.00% | Ground 0.99cm | Target 100.00%
Epoch [20/30] | Batch [2750/2880] | Total 0.17107 | Pose 0.14049 | Grip 0.00197 | Phase Family 100.00% | Ground 0.79cm | Target 100.00%
Epoch [20/30] | Batch [2800/2880] | Total 0.17631 | Pose 0.13933 | Grip 0.00156 | Phase Family 100.00% | Ground 0.97cm | Target 100.00%
Epoch [20/30] | Batch [2850/2880] | Total 0.18094 | Pose 0.14216 | Grip 0.00152 | Phase Family 100.00% | Ground 0.84cm | Target 100.00%
Epoch [20/30] | Train 0.17619 | Combined Val 0.24842 | Clean Val 0.22719 | XYZ 0.0163 | Grip 99.22% | Phase 97.42% | Family 99.39% | Ground 0.75cm | Target 100.00% | Select 0.34293 | Patience 6/8
Epoch [21/30] | Batch [1/2880] | Total 0.16830 | Pose 0.13798 | Grip 0.00072 | Phase Family 100.00% | Ground 0.88cm | Target 100.00%
Epoch [21/30] | Batch [50/2880] | Total 0.18432 | Pose 0.15098 | Grip 0.00264 | Phase Family 100.00% | Ground 0.90cm | Target 100.00%
Epoch [21/30] | Batch [100/2880] | Total 0.19124 | Pose 0.15155 | Grip 0.00624 | Phase Family 100.00% | Ground 0.66cm | Target 100.00%
Epoch [21/30] | Batch [150/2880] | Total 0.17211 | Pose 0.12068 | Grip 0.00257 | Phase Family 100.00% | Ground 0.79cm | Target 100.00%
Epoch [21/30] | Batch [200/2880] | Total 0.21475 | Pose 0.16351 | Grip 0.01609 | Phase Family 100.00% | Ground 0.79cm | Target 100.00%
Epoch [21/30] | Batch [250/2880] | Total 0.16656 | Pose 0.12642 | Grip 0.00557 | Phase Family 100.00% | Ground 0.74cm | Target 100.00%
Epoch [21/30] | Batch [300/2880] | Total 0.14651 | Pose 0.11828 | Grip 0.00095 | Phase Family 100.00% | Ground 0.78cm | Target 100.00%
Epoch [21/30] | Batch [350/2880] | Total 0.20077 | Pose 0.14198 | Grip 0.00250 | Phase Family 100.00% | Ground 0.68cm | Target 100.00%
Epoch [21/30] | Batch [400/2880] | Total 0.18021 | Pose 0.14221 | Grip 0.00474 | Phase Family 100.00% | Ground 0.86cm | Target 100.00%
Epoch [21/30] | Batch [450/2880] | Total 0.17828 | Pose 0.12873 | Grip 0.00136 | Phase Family 100.00% | Ground 0.65cm | Target 100.00%
Epoch [21/30] | Batch [500/2880] | Total 0.21047 | Pose 0.13119 | Grip 0.00032 | Phase Family 100.00% | Ground 0.88cm | Target 100.00%
Epoch [21/30] | Batch [550/2880] | Total 0.21759 | Pose 0.15423 | Grip 0.00042 | Phase Family 100.00% | Ground 0.80cm | Target 100.00%
Epoch [21/30] | Batch [600/2880] | Total 0.15937 | Pose 0.12940 | Grip 0.00089 | Phase Family 100.00% | Ground 0.86cm | Target 100.00%
Epoch [21/30] | Batch [650/2880] | Total 0.15788 | Pose 0.12562 | Grip 0.00503 | Phase Family 100.00% | Ground 0.75cm | Target 100.00%
Epoch [21/30] | Batch [700/2880] | Total 0.17506 | Pose 0.14603 | Grip 0.00002 | Phase Family 100.00% | Ground 0.81cm | Target 100.00%
Epoch [21/30] | Batch [750/2880] | Total 0.17509 | Pose 0.13031 | Grip 0.00203 | Phase Family 100.00% | Ground 0.60cm | Target 100.00%
Epoch [21/30] | Batch [800/2880] | Total 0.18138 | Pose 0.13319 | Grip 0.00647 | Phase Family 100.00% | Ground 0.80cm | Target 100.00%
Epoch [21/30] | Batch [850/2880] | Total 0.16548 | Pose 0.13669 | Grip 0.00185 | Phase Family 100.00% | Ground 0.86cm | Target 100.00%
Epoch [21/30] | Batch [900/2880] | Total 0.16750 | Pose 0.13033 | Grip 0.00712 | Phase Family 100.00% | Ground 0.77cm | Target 100.00%
Epoch [21/30] | Batch [950/2880] | Total 0.18190 | Pose 0.13102 | Grip 0.00479 | Phase Family 100.00% | Ground 0.91cm | Target 100.00%
Epoch [21/30] | Batch [1000/2880] | Total 0.16925 | Pose 0.13519 | Grip 0.00447 | Phase Family 100.00% | Ground 0.84cm | Target 100.00%
Epoch [21/30] | Batch [1050/2880] | Total 0.17704 | Pose 0.13877 | Grip 0.00150 | Phase Family 100.00% | Ground 0.83cm | Target 100.00%
Epoch [21/30] | Batch [1100/2880] | Total 0.20000 | Pose 0.16403 | Grip 0.00216 | Phase Family 100.00% | Ground 0.81cm | Target 100.00%
Epoch [21/30] | Batch [1150/2880] | Total 0.18647 | Pose 0.14332 | Grip 0.00100 | Phase Family 100.00% | Ground 0.66cm | Target 100.00%
Epoch [21/30] | Batch [1200/2880] | Total 0.15235 | Pose 0.12679 | Grip 0.00178 | Phase Family 100.00% | Ground 0.84cm | Target 100.00%
Epoch [21/30] | Batch [1250/2880] | Total 0.17902 | Pose 0.12502 | Grip 0.00298 | Phase Family 100.00% | Ground 0.64cm | Target 100.00%
Epoch [21/30] | Batch [1300/2880] | Total 0.17297 | Pose 0.13925 | Grip 0.00270 | Phase Family 100.00% | Ground 0.80cm | Target 100.00%
Epoch [21/30] | Batch [1350/2880] | Total 0.17348 | Pose 0.13790 | Grip 0.00178 | Phase Family 100.00% | Ground 0.75cm | Target 100.00%
Epoch [21/30] | Batch [1400/2880] | Total 0.21819 | Pose 0.16405 | Grip 0.00763 | Phase Family 100.00% | Ground 0.73cm | Target 100.00%
Epoch [21/30] | Batch [1450/2880] | Total 0.21358 | Pose 0.14014 | Grip 0.00411 | Phase Family 100.00% | Ground 0.66cm | Target 100.00%
Epoch [21/30] | Batch [1500/2880] | Total 0.16327 | Pose 0.12697 | Grip 0.00022 | Phase Family 100.00% | Ground 0.69cm | Target 100.00%
Epoch [21/30] | Batch [1550/2880] | Total 0.17865 | Pose 0.12384 | Grip 0.00002 | Phase Family 100.00% | Ground 0.83cm | Target 100.00%
Epoch [21/30] | Batch [1600/2880] | Total 0.16322 | Pose 0.12612 | Grip 0.00237 | Phase Family 100.00% | Ground 0.72cm | Target 100.00%
Epoch [21/30] | Batch [1650/2880] | Total 0.16868 | Pose 0.13497 | Grip 0.00264 | Phase Family 100.00% | Ground 0.66cm | Target 100.00%
Epoch [21/30] | Batch [1700/2880] | Total 0.17838 | Pose 0.13762 | Grip 0.00008 | Phase Family 100.00% | Ground 0.88cm | Target 100.00%
Epoch [21/30] | Batch [1750/2880] | Total 0.17079 | Pose 0.12855 | Grip 0.01007 | Phase Family 100.00% | Ground 0.87cm | Target 100.00%
Epoch [21/30] | Batch [1800/2880] | Total 0.16035 | Pose 0.12618 | Grip 0.00057 | Phase Family 100.00% | Ground 0.94cm | Target 100.00%
Epoch [21/30] | Batch [1850/2880] | Total 0.19885 | Pose 0.16277 | Grip 0.00544 | Phase Family 100.00% | Ground 0.62cm | Target 100.00%
Epoch [21/30] | Batch [1900/2880] | Total 0.15730 | Pose 0.12301 | Grip 0.00022 | Phase Family 100.00% | Ground 0.89cm | Target 100.00%
Epoch [21/30] | Batch [1950/2880] | Total 0.17049 | Pose 0.13487 | Grip 0.00052 | Phase Family 100.00% | Ground 0.82cm | Target 100.00%
Epoch [21/30] | Batch [2000/2880] | Total 0.20115 | Pose 0.14059 | Grip 0.00757 | Phase Family 100.00% | Ground 0.78cm | Target 100.00%
Epoch [21/30] | Batch [2050/2880] | Total 0.18709 | Pose 0.13141 | Grip 0.00062 | Phase Family 100.00% | Ground 0.81cm | Target 100.00%
Epoch [21/30] | Batch [2100/2880] | Total 0.16605 | Pose 0.13524 | Grip 0.00118 | Phase Family 100.00% | Ground 0.67cm | Target 100.00%
Epoch [21/30] | Batch [2150/2880] | Total 0.18890 | Pose 0.13611 | Grip 0.00345 | Phase Family 100.00% | Ground 0.79cm | Target 100.00%
Epoch [21/30] | Batch [2200/2880] | Total 0.19397 | Pose 0.15120 | Grip 0.00819 | Phase Family 100.00% | Ground 0.66cm | Target 100.00%
Epoch [21/30] | Batch [2250/2880] | Total 0.17094 | Pose 0.13732 | Grip 0.00005 | Phase Family 100.00% | Ground 0.87cm | Target 100.00%
Epoch [21/30] | Batch [2300/2880] | Total 0.18374 | Pose 0.14332 | Grip 0.00003 | Phase Family 100.00% | Ground 0.79cm | Target 100.00%
Epoch [21/30] | Batch [2350/2880] | Total 0.16288 | Pose 0.13224 | Grip 0.00177 | Phase Family 100.00% | Ground 0.81cm | Target 100.00%
Epoch [21/30] | Batch [2400/2880] | Total 0.17886 | Pose 0.13199 | Grip 0.00618 | Phase Family 100.00% | Ground 0.65cm | Target 100.00%
Epoch [21/30] | Batch [2450/2880] | Total 0.17339 | Pose 0.13665 | Grip 0.00496 | Phase Family 100.00% | Ground 0.65cm | Target 100.00%
Epoch [21/30] | Batch [2500/2880] | Total 0.16057 | Pose 0.13348 | Grip 0.00030 | Phase Family 100.00% | Ground 0.66cm | Target 100.00%
Epoch [21/30] | Batch [2550/2880] | Total 0.15904 | Pose 0.11816 | Grip 0.00052 | Phase Family 100.00% | Ground 0.66cm | Target 100.00%
Epoch [21/30] | Batch [2600/2880] | Total 0.19173 | Pose 0.14530 | Grip 0.00248 | Phase Family 100.00% | Ground 0.66cm | Target 100.00%
Epoch [21/30] | Batch [2650/2880] | Total 0.16306 | Pose 0.12222 | Grip 0.00889 | Phase Family 100.00% | Ground 0.84cm | Target 100.00%
Epoch [21/30] | Batch [2700/2880] | Total 0.17994 | Pose 0.13148 | Grip 0.00263 | Phase Family 100.00% | Ground 0.77cm | Target 100.00%
Epoch [21/30] | Batch [2750/2880] | Total 0.17758 | Pose 0.13378 | Grip 0.00950 | Phase Family 100.00% | Ground 0.77cm | Target 100.00%
Epoch [21/30] | Batch [2800/2880] | Total 0.17010 | Pose 0.13123 | Grip 0.00037 | Phase Family 100.00% | Ground 0.91cm | Target 100.00%
Epoch [21/30] | Batch [2850/2880] | Total 0.18439 | Pose 0.13290 | Grip 0.00210 | Phase Family 100.00% | Ground 0.74cm | Target 100.00%
Epoch [21/30] | Train 0.17519 | Combined Val 0.24744 | Clean Val 0.22659 | XYZ 0.0160 | Grip 99.22% | Phase 97.47% | Family 99.37% | Ground 0.70cm | Target 100.00% | Select 0.34244 | Patience 7/8
Epoch [22/30] | Batch [1/2880] | Total 0.18504 | Pose 0.15212 | Grip 0.00035 | Phase Family 100.00% | Ground 0.71cm | Target 100.00%
Epoch [22/30] | Batch [50/2880] | Total 0.16914 | Pose 0.13658 | Grip 0.00272 | Phase Family 100.00% | Ground 0.79cm | Target 100.00%
Epoch [22/30] | Batch [100/2880] | Total 0.18608 | Pose 0.14710 | Grip 0.00026 | Phase Family 100.00% | Ground 0.64cm | Target 100.00%
Epoch [22/30] | Batch [150/2880] | Total 0.17446 | Pose 0.14269 | Grip 0.00008 | Phase Family 100.00% | Ground 0.84cm | Target 100.00%
Epoch [22/30] | Batch [200/2880] | Total 0.22660 | Pose 0.15033 | Grip 0.00293 | Phase Family 100.00% | Ground 0.73cm | Target 100.00%
Epoch [22/30] | Batch [250/2880] | Total 0.17671 | Pose 0.12897 | Grip 0.00313 | Phase Family 100.00% | Ground 0.92cm | Target 100.00%
Epoch [22/30] | Batch [300/2880] | Total 0.16055 | Pose 0.12949 | Grip 0.00011 | Phase Family 100.00% | Ground 0.95cm | Target 100.00%
Epoch [22/30] | Batch [350/2880] | Total 0.16497 | Pose 0.12373 | Grip 0.00028 | Phase Family 100.00% | Ground 0.78cm | Target 100.00%
Epoch [22/30] | Batch [400/2880] | Total 0.18490 | Pose 0.14683 | Grip 0.00017 | Phase Family 100.00% | Ground 0.90cm | Target 100.00%
Epoch [22/30] | Batch [450/2880] | Total 0.14181 | Pose 0.10959 | Grip 0.00110 | Phase Family 100.00% | Ground 0.92cm | Target 100.00%
Epoch [22/30] | Batch [500/2880] | Total 0.15884 | Pose 0.13185 | Grip 0.00105 | Phase Family 100.00% | Ground 0.67cm | Target 100.00%
Epoch [22/30] | Batch [550/2880] | Total 0.19586 | Pose 0.14039 | Grip 0.00437 | Phase Family 100.00% | Ground 0.81cm | Target 100.00%
Epoch [22/30] | Batch [600/2880] | Total 0.17604 | Pose 0.14355 | Grip 0.00266 | Phase Family 100.00% | Ground 0.82cm | Target 100.00%
Epoch [22/30] | Batch [650/2880] | Total 0.18922 | Pose 0.14529 | Grip 0.01005 | Phase Family 100.00% | Ground 0.87cm | Target 100.00%
Epoch [22/30] | Batch [700/2880] | Total 0.27578 | Pose 0.15260 | Grip 0.00085 | Phase Family 100.00% | Ground 0.82cm | Target 100.00%
Epoch [22/30] | Batch [750/2880] | Total 0.18412 | Pose 0.13287 | Grip 0.00245 | Phase Family 100.00% | Ground 0.89cm | Target 100.00%
Epoch [22/30] | Batch [800/2880] | Total 0.16296 | Pose 0.13067 | Grip 0.00257 | Phase Family 100.00% | Ground 0.86cm | Target 100.00%
Epoch [22/30] | Batch [850/2880] | Total 0.18508 | Pose 0.13842 | Grip 0.00227 | Phase Family 100.00% | Ground 0.71cm | Target 100.00%
Epoch [22/30] | Batch [900/2880] | Total 0.18102 | Pose 0.12866 | Grip 0.00253 | Phase Family 100.00% | Ground 0.76cm | Target 100.00%
Epoch [22/30] | Batch [950/2880] | Total 0.16160 | Pose 0.13117 | Grip 0.00139 | Phase Family 100.00% | Ground 0.91cm | Target 100.00%
Epoch [22/30] | Batch [1000/2880] | Total 0.18664 | Pose 0.13581 | Grip 0.00769 | Phase Family 100.00% | Ground 0.72cm | Target 100.00%
Epoch [22/30] | Batch [1050/2880] | Total 0.16445 | Pose 0.13064 | Grip 0.00433 | Phase Family 100.00% | Ground 0.68cm | Target 100.00%
Epoch [22/30] | Batch [1100/2880] | Total 0.16215 | Pose 0.13324 | Grip 0.00141 | Phase Family 100.00% | Ground 0.61cm | Target 100.00%
Epoch [22/30] | Batch [1150/2880] | Total 0.17317 | Pose 0.13490 | Grip 0.00665 | Phase Family 100.00% | Ground 0.73cm | Target 100.00%
Epoch [22/30] | Batch [1200/2880] | Total 0.14596 | Pose 0.12010 | Grip 0.00227 | Phase Family 100.00% | Ground 0.81cm | Target 100.00%
Epoch [22/30] | Batch [1250/2880] | Total 0.16083 | Pose 0.13066 | Grip 0.00157 | Phase Family 100.00% | Ground 0.67cm | Target 100.00%
Epoch [22/30] | Batch [1300/2880] | Total 0.18480 | Pose 0.14240 | Grip 0.00234 | Phase Family 100.00% | Ground 0.65cm | Target 100.00%
Epoch [22/30] | Batch [1350/2880] | Total 0.15157 | Pose 0.12659 | Grip 0.00009 | Phase Family 100.00% | Ground 0.76cm | Target 100.00%
Epoch [22/30] | Batch [1400/2880] | Total 0.15879 | Pose 0.12605 | Grip 0.00268 | Phase Family 100.00% | Ground 0.83cm | Target 100.00%
Epoch [22/30] | Batch [1450/2880] | Total 0.17038 | Pose 0.12638 | Grip 0.00316 | Phase Family 100.00% | Ground 0.92cm | Target 100.00%
Epoch [22/30] | Batch [1500/2880] | Total 0.15928 | Pose 0.12028 | Grip 0.00074 | Phase Family 100.00% | Ground 1.00cm | Target 100.00%
Epoch [22/30] | Batch [1550/2880] | Total 0.15562 | Pose 0.12076 | Grip 0.00236 | Phase Family 100.00% | Ground 0.77cm | Target 100.00%
Epoch [22/30] | Batch [1600/2880] | Total 0.16240 | Pose 0.13577 | Grip 0.00077 | Phase Family 100.00% | Ground 0.70cm | Target 100.00%
Epoch [22/30] | Batch [1650/2880] | Total 0.15594 | Pose 0.11866 | Grip 0.00208 | Phase Family 100.00% | Ground 0.92cm | Target 100.00%
Epoch [22/30] | Batch [1700/2880] | Total 0.15426 | Pose 0.12792 | Grip 0.00032 | Phase Family 100.00% | Ground 0.78cm | Target 100.00%
Epoch [22/30] | Batch [1750/2880] | Total 0.16371 | Pose 0.13250 | Grip 0.00061 | Phase Family 100.00% | Ground 0.79cm | Target 100.00%
Epoch [22/30] | Batch [1800/2880] | Total 0.16204 | Pose 0.13138 | Grip 0.00185 | Phase Family 100.00% | Ground 0.85cm | Target 100.00%
Epoch [22/30] | Batch [1850/2880] | Total 0.15631 | Pose 0.12864 | Grip 0.00034 | Phase Family 100.00% | Ground 0.71cm | Target 100.00%
Epoch [22/30] | Batch [1900/2880] | Total 0.17879 | Pose 0.13197 | Grip 0.00004 | Phase Family 100.00% | Ground 0.86cm | Target 100.00%
Epoch [22/30] | Batch [1950/2880] | Total 0.15577 | Pose 0.12271 | Grip 0.00333 | Phase Family 100.00% | Ground 0.75cm | Target 100.00%
Epoch [22/30] | Batch [2000/2880] | Total 0.16558 | Pose 0.13549 | Grip 0.00140 | Phase Family 100.00% | Ground 0.71cm | Target 100.00%
Epoch [22/30] | Batch [2050/2880] | Total 0.18437 | Pose 0.13499 | Grip 0.00626 | Phase Family 100.00% | Ground 0.89cm | Target 100.00%
Epoch [22/30] | Batch [2100/2880] | Total 0.18068 | Pose 0.13974 | Grip 0.00717 | Phase Family 100.00% | Ground 0.77cm | Target 100.00%
Epoch [22/30] | Batch [2150/2880] | Total 0.16142 | Pose 0.13138 | Grip 0.00389 | Phase Family 100.00% | Ground 0.67cm | Target 100.00%
Epoch [22/30] | Batch [2200/2880] | Total 0.14612 | Pose 0.11554 | Grip 0.00080 | Phase Family 100.00% | Ground 0.71cm | Target 100.00%
Epoch [22/30] | Batch [2250/2880] | Total 0.16484 | Pose 0.12134 | Grip 0.00183 | Phase Family 100.00% | Ground 0.86cm | Target 100.00%
Epoch [22/30] | Batch [2300/2880] | Total 0.16605 | Pose 0.13739 | Grip 0.00277 | Phase Family 100.00% | Ground 0.76cm | Target 100.00%
Epoch [22/30] | Batch [2350/2880] | Total 0.17386 | Pose 0.14103 | Grip 0.00143 | Phase Family 100.00% | Ground 0.86cm | Target 100.00%
Epoch [22/30] | Batch [2400/2880] | Total 0.16892 | Pose 0.12889 | Grip 0.00423 | Phase Family 100.00% | Ground 0.87cm | Target 100.00%
Epoch [22/30] | Batch [2450/2880] | Total 0.17855 | Pose 0.13779 | Grip 0.00789 | Phase Family 100.00% | Ground 0.73cm | Target 100.00%
Epoch [22/30] | Batch [2500/2880] | Total 0.17210 | Pose 0.13830 | Grip 0.00006 | Phase Family 100.00% | Ground 0.84cm | Target 100.00%
Epoch [22/30] | Batch [2550/2880] | Total 0.17718 | Pose 0.12675 | Grip 0.00108 | Phase Family 100.00% | Ground 0.91cm | Target 100.00%
Epoch [22/30] | Batch [2600/2880] | Total 0.16060 | Pose 0.12871 | Grip 0.00279 | Phase Family 100.00% | Ground 0.64cm | Target 100.00%
Epoch [22/30] | Batch [2650/2880] | Total 0.18050 | Pose 0.14565 | Grip 0.00040 | Phase Family 100.00% | Ground 0.71cm | Target 100.00%
Epoch [22/30] | Batch [2700/2880] | Total 0.15800 | Pose 0.12631 | Grip 0.00247 | Phase Family 100.00% | Ground 0.90cm | Target 100.00%
Epoch [22/30] | Batch [2750/2880] | Total 0.16864 | Pose 0.12518 | Grip 0.00368 | Phase Family 100.00% | Ground 0.71cm | Target 100.00%
Epoch [22/30] | Batch [2800/2880] | Total 0.20537 | Pose 0.14389 | Grip 0.00189 | Phase Family 100.00% | Ground 0.77cm | Target 100.00%
Epoch [22/30] | Batch [2850/2880] | Total 0.16862 | Pose 0.12169 | Grip 0.00523 | Phase Family 100.00% | Ground 0.77cm | Target 100.00%
Epoch [22/30] | Train 0.17397 | Combined Val 0.24868 | Clean Val 0.22785 | XYZ 0.0162 | Grip 99.20% | Phase 97.41% | Family 99.37% | Ground 0.73cm | Target 100.00% | Select 0.33734 | Patience 0/8
Epoch [23/30] | Batch [1/2880] | Total 0.16484 | Pose 0.13082 | Grip 0.00210 | Phase Family 100.00% | Ground 0.62cm | Target 100.00%
Epoch [23/30] | Batch [50/2880] | Total 0.15583 | Pose 0.12097 | Grip 0.00529 | Phase Family 100.00% | Ground 0.91cm | Target 100.00%
Epoch [23/30] | Batch [100/2880] | Total 0.17548 | Pose 0.14742 | Grip 0.00087 | Phase Family 100.00% | Ground 1.00cm | Target 100.00%
Epoch [23/30] | Batch [150/2880] | Total 0.15940 | Pose 0.13548 | Grip 0.00041 | Phase Family 100.00% | Ground 0.58cm | Target 100.00%
Epoch [23/30] | Batch [200/2880] | Total 0.17163 | Pose 0.12708 | Grip 0.00005 | Phase Family 100.00% | Ground 0.73cm | Target 100.00%
Epoch [23/30] | Batch [250/2880] | Total 0.17259 | Pose 0.13538 | Grip 0.00295 | Phase Family 100.00% | Ground 0.69cm | Target 100.00%
Epoch [23/30] | Batch [300/2880] | Total 0.16992 | Pose 0.13595 | Grip 0.00689 | Phase Family 100.00% | Ground 0.72cm | Target 100.00%
Epoch [23/30] | Batch [350/2880] | Total 0.17345 | Pose 0.14192 | Grip 0.00287 | Phase Family 100.00% | Ground 0.81cm | Target 100.00%
Epoch [23/30] | Batch [400/2880] | Total 0.19182 | Pose 0.13585 | Grip 0.00003 | Phase Family 100.00% | Ground 0.87cm | Target 100.00%
Epoch [23/30] | Batch [450/2880] | Total 0.17916 | Pose 0.12879 | Grip 0.00121 | Phase Family 100.00% | Ground 0.82cm | Target 100.00%
Epoch [23/30] | Batch [500/2880] | Total 0.16930 | Pose 0.13559 | Grip 0.00377 | Phase Family 100.00% | Ground 0.68cm | Target 100.00%
Epoch [23/30] | Batch [550/2880] | Total 0.16136 | Pose 0.13168 | Grip 0.00428 | Phase Family 100.00% | Ground 0.80cm | Target 100.00%
Epoch [23/30] | Batch [600/2880] | Total 0.15436 | Pose 0.11161 | Grip 0.00141 | Phase Family 100.00% | Ground 0.81cm | Target 100.00%
Epoch [23/30] | Batch [650/2880] | Total 0.16031 | Pose 0.13071 | Grip 0.00305 | Phase Family 100.00% | Ground 0.82cm | Target 100.00%
Epoch [23/30] | Batch [700/2880] | Total 0.17006 | Pose 0.12499 | Grip 0.00240 | Phase Family 100.00% | Ground 0.76cm | Target 100.00%
Epoch [23/30] | Batch [750/2880] | Total 0.16595 | Pose 0.14000 | Grip 0.00066 | Phase Family 100.00% | Ground 0.85cm | Target 100.00%
Epoch [23/30] | Batch [800/2880] | Total 0.15435 | Pose 0.12036 | Grip 0.00016 | Phase Family 100.00% | Ground 0.92cm | Target 100.00%
Epoch [23/30] | Batch [850/2880] | Total 0.20288 | Pose 0.13743 | Grip 0.00258 | Phase Family 100.00% | Ground 0.97cm | Target 100.00%
Epoch [23/30] | Batch [900/2880] | Total 0.17144 | Pose 0.13997 | Grip 0.00258 | Phase Family 100.00% | Ground 0.81cm | Target 100.00%
Epoch [23/30] | Batch [950/2880] | Total 0.16557 | Pose 0.13052 | Grip 0.00350 | Phase Family 100.00% | Ground 0.76cm | Target 100.00%
Epoch [23/30] | Batch [1000/2880] | Total 0.14732 | Pose 0.12105 | Grip 0.00035 | Phase Family 100.00% | Ground 0.66cm | Target 100.00%
Epoch [23/30] | Batch [1050/2880] | Total 0.15135 | Pose 0.12028 | Grip 0.00214 | Phase Family 100.00% | Ground 0.70cm | Target 100.00%
Epoch [23/30] | Batch [1100/2880] | Total 0.17615 | Pose 0.13860 | Grip 0.00279 | Phase Family 100.00% | Ground 0.72cm | Target 100.00%
Epoch [23/30] | Batch [1150/2880] | Total 0.16567 | Pose 0.12901 | Grip 0.00725 | Phase Family 100.00% | Ground 0.67cm | Target 100.00%
Epoch [23/30] | Batch [1200/2880] | Total 0.17394 | Pose 0.14141 | Grip 0.00502 | Phase Family 100.00% | Ground 0.79cm | Target 100.00%
Epoch [23/30] | Batch [1250/2880] | Total 0.16269 | Pose 0.13342 | Grip 0.00116 | Phase Family 100.00% | Ground 0.72cm | Target 100.00%
Epoch [23/30] | Batch [1300/2880] | Total 0.17218 | Pose 0.14318 | Grip 0.00132 | Phase Family 100.00% | Ground 0.63cm | Target 100.00%
Epoch [23/30] | Batch [1350/2880] | Total 0.19715 | Pose 0.15687 | Grip 0.00406 | Phase Family 100.00% | Ground 0.98cm | Target 100.00%
Epoch [23/30] | Batch [1400/2880] | Total 0.15750 | Pose 0.12720 | Grip 0.00083 | Phase Family 100.00% | Ground 0.84cm | Target 100.00%
Epoch [23/30] | Batch [1450/2880] | Total 0.15828 | Pose 0.12586 | Grip 0.00133 | Phase Family 100.00% | Ground 0.79cm | Target 100.00%
Epoch [23/30] | Batch [1500/2880] | Total 0.16189 | Pose 0.12833 | Grip 0.00120 | Phase Family 100.00% | Ground 0.75cm | Target 100.00%
Epoch [23/30] | Batch [1550/2880] | Total 0.17038 | Pose 0.13309 | Grip 0.01341 | Phase Family 100.00% | Ground 0.65cm | Target 100.00%
Epoch [23/30] | Batch [1600/2880] | Total 0.17831 | Pose 0.13361 | Grip 0.00163 | Phase Family 100.00% | Ground 0.70cm | Target 100.00%
Epoch [23/30] | Batch [1650/2880] | Total 0.16414 | Pose 0.12521 | Grip 0.00045 | Phase Family 100.00% | Ground 0.82cm | Target 100.00%
Epoch [23/30] | Batch [1700/2880] | Total 0.17603 | Pose 0.14514 | Grip 0.00083 | Phase Family 100.00% | Ground 0.68cm | Target 100.00%
Epoch [23/30] | Batch [1750/2880] | Total 0.18375 | Pose 0.14728 | Grip 0.00861 | Phase Family 100.00% | Ground 0.62cm | Target 100.00%
Epoch [23/30] | Batch [1800/2880] | Total 0.16326 | Pose 0.13604 | Grip 0.00072 | Phase Family 100.00% | Ground 0.74cm | Target 100.00%
Epoch [23/30] | Batch [1850/2880] | Total 0.17700 | Pose 0.13673 | Grip 0.00127 | Phase Family 100.00% | Ground 0.84cm | Target 100.00%
Epoch [23/30] | Batch [1900/2880] | Total 0.20742 | Pose 0.14191 | Grip 0.01059 | Phase Family 100.00% | Ground 0.80cm | Target 100.00%
Epoch [23/30] | Batch [1950/2880] | Total 0.15745 | Pose 0.12509 | Grip 0.00138 | Phase Family 100.00% | Ground 0.87cm | Target 100.00%
Epoch [23/30] | Batch [2000/2880] | Total 0.16865 | Pose 0.13133 | Grip 0.00343 | Phase Family 100.00% | Ground 0.74cm | Target 100.00%
Epoch [23/30] | Batch [2050/2880] | Total 0.18208 | Pose 0.14065 | Grip 0.01300 | Phase Family 100.00% | Ground 0.81cm | Target 100.00%
Epoch [23/30] | Batch [2100/2880] | Total 0.17056 | Pose 0.13765 | Grip 0.00021 | Phase Family 100.00% | Ground 0.87cm | Target 100.00%
Epoch [23/30] | Batch [2150/2880] | Total 0.17488 | Pose 0.14370 | Grip 0.00086 | Phase Family 100.00% | Ground 0.83cm | Target 100.00%
Epoch [23/30] | Batch [2200/2880] | Total 0.17651 | Pose 0.14254 | Grip 0.00180 | Phase Family 100.00% | Ground 0.85cm | Target 100.00%
Epoch [23/30] | Batch [2250/2880] | Total 0.17717 | Pose 0.14432 | Grip 0.00153 | Phase Family 100.00% | Ground 0.89cm | Target 100.00%
Epoch [23/30] | Batch [2300/2880] | Total 0.17343 | Pose 0.13539 | Grip 0.00126 | Phase Family 100.00% | Ground 0.57cm | Target 100.00%
Epoch [23/30] | Batch [2350/2880] | Total 0.16198 | Pose 0.13380 | Grip 0.00116 | Phase Family 100.00% | Ground 0.69cm | Target 100.00%
Epoch [23/30] | Batch [2400/2880] | Total 0.16095 | Pose 0.13188 | Grip 0.00434 | Phase Family 100.00% | Ground 0.81cm | Target 100.00%
Epoch [23/30] | Batch [2450/2880] | Total 0.14985 | Pose 0.11949 | Grip 0.00003 | Phase Family 100.00% | Ground 0.80cm | Target 100.00%
Epoch [23/30] | Batch [2500/2880] | Total 0.17574 | Pose 0.14210 | Grip 0.00312 | Phase Family 100.00% | Ground 0.73cm | Target 100.00%
Epoch [23/30] | Batch [2550/2880] | Total 0.13508 | Pose 0.11292 | Grip 0.00158 | Phase Family 100.00% | Ground 0.83cm | Target 100.00%
Epoch [23/30] | Batch [2600/2880] | Total 0.18808 | Pose 0.14458 | Grip 0.00216 | Phase Family 100.00% | Ground 0.82cm | Target 100.00%
Epoch [23/30] | Batch [2650/2880] | Total 0.19019 | Pose 0.14335 | Grip 0.00537 | Phase Family 100.00% | Ground 0.76cm | Target 100.00%
Epoch [23/30] | Batch [2700/2880] | Total 0.17375 | Pose 0.13459 | Grip 0.00331 | Phase Family 100.00% | Ground 0.95cm | Target 100.00%
Epoch [23/30] | Batch [2750/2880] | Total 0.18529 | Pose 0.13700 | Grip 0.00077 | Phase Family 100.00% | Ground 0.74cm | Target 100.00%
Epoch [23/30] | Batch [2800/2880] | Total 0.18226 | Pose 0.12436 | Grip 0.00014 | Phase Family 100.00% | Ground 1.04cm | Target 100.00%
Epoch [23/30] | Batch [2850/2880] | Total 0.16819 | Pose 0.13514 | Grip 0.00149 | Phase Family 100.00% | Ground 0.89cm | Target 100.00%
Epoch [23/30] | Train 0.17297 | Combined Val 0.24986 | Clean Val 0.22889 | XYZ 0.0158 | Grip 99.16% | Phase 97.47% | Family 99.35% | Ground 0.75cm | Target 100.00% | Select 0.34523 | Patience 1/8
Epoch [24/30] | Batch [1/2880] | Total 0.16117 | Pose 0.12394 | Grip 0.00078 | Phase Family 100.00% | Ground 0.67cm | Target 100.00%
Epoch [24/30] | Batch [50/2880] | Total 0.15490 | Pose 0.12504 | Grip 0.00290 | Phase Family 100.00% | Ground 0.72cm | Target 100.00%
Epoch [24/30] | Batch [100/2880] | Total 0.21223 | Pose 0.15898 | Grip 0.00230 | Phase Family 100.00% | Ground 0.90cm | Target 100.00%
Epoch [24/30] | Batch [150/2880] | Total 0.15209 | Pose 0.11670 | Grip 0.00598 | Phase Family 100.00% | Ground 0.61cm | Target 100.00%
Epoch [24/30] | Batch [200/2880] | Total 0.15173 | Pose 0.12525 | Grip 0.00384 | Phase Family 100.00% | Ground 0.53cm | Target 100.00%
Epoch [24/30] | Batch [250/2880] | Total 0.16995 | Pose 0.13784 | Grip 0.00390 | Phase Family 100.00% | Ground 0.73cm | Target 100.00%
Epoch [24/30] | Batch [300/2880] | Total 0.15943 | Pose 0.11919 | Grip 0.00293 | Phase Family 100.00% | Ground 0.74cm | Target 100.00%
Epoch [24/30] | Batch [350/2880] | Total 0.17948 | Pose 0.12878 | Grip 0.00477 | Phase Family 100.00% | Ground 0.65cm | Target 100.00%
Epoch [24/30] | Batch [400/2880] | Total 0.18941 | Pose 0.14346 | Grip 0.00157 | Phase Family 100.00% | Ground 0.59cm | Target 100.00%
Epoch [24/30] | Batch [450/2880] | Total 0.15732 | Pose 0.12808 | Grip 0.00036 | Phase Family 100.00% | Ground 0.68cm | Target 100.00%
Epoch [24/30] | Batch [500/2880] | Total 0.16725 | Pose 0.13758 | Grip 0.00041 | Phase Family 100.00% | Ground 0.74cm | Target 100.00%
Epoch [24/30] | Batch [550/2880] | Total 0.18265 | Pose 0.13607 | Grip 0.00548 | Phase Family 100.00% | Ground 0.92cm | Target 100.00%
Epoch [24/30] | Batch [600/2880] | Total 0.15679 | Pose 0.12729 | Grip 0.00158 | Phase Family 100.00% | Ground 0.68cm | Target 100.00%
Epoch [24/30] | Batch [650/2880] | Total 0.15259 | Pose 0.12523 | Grip 0.00247 | Phase Family 100.00% | Ground 0.78cm | Target 100.00%
Epoch [24/30] | Batch [700/2880] | Total 0.20768 | Pose 0.16235 | Grip 0.00213 | Phase Family 100.00% | Ground 0.77cm | Target 100.00%
Epoch [24/30] | Batch [750/2880] | Total 0.14813 | Pose 0.11924 | Grip 0.00379 | Phase Family 100.00% | Ground 0.74cm | Target 100.00%
Epoch [24/30] | Batch [800/2880] | Total 0.17365 | Pose 0.13016 | Grip 0.00432 | Phase Family 100.00% | Ground 0.81cm | Target 100.00%
Epoch [24/30] | Batch [850/2880] | Total 0.18315 | Pose 0.14560 | Grip 0.00280 | Phase Family 100.00% | Ground 0.78cm | Target 100.00%
Epoch [24/30] | Batch [900/2880] | Total 0.17847 | Pose 0.12697 | Grip 0.00436 | Phase Family 100.00% | Ground 0.91cm | Target 100.00%
Epoch [24/30] | Batch [950/2880] | Total 0.19626 | Pose 0.14196 | Grip 0.00052 | Phase Family 100.00% | Ground 0.84cm | Target 100.00%
Epoch [24/30] | Batch [1000/2880] | Total 0.18255 | Pose 0.14377 | Grip 0.00349 | Phase Family 100.00% | Ground 0.89cm | Target 100.00%
Epoch [24/30] | Batch [1050/2880] | Total 0.15338 | Pose 0.12581 | Grip 0.00024 | Phase Family 100.00% | Ground 0.48cm | Target 100.00%
Epoch [24/30] | Batch [1100/2880] | Total 0.16733 | Pose 0.13224 | Grip 0.00241 | Phase Family 100.00% | Ground 0.55cm | Target 100.00%
Epoch [24/30] | Batch [1150/2880] | Total 0.16250 | Pose 0.12831 | Grip 0.00019 | Phase Family 100.00% | Ground 0.63cm | Target 100.00%
Epoch [24/30] | Batch [1200/2880] | Total 0.16136 | Pose 0.13213 | Grip 0.00285 | Phase Family 100.00% | Ground 0.68cm | Target 100.00%
Epoch [24/30] | Batch [1250/2880] | Total 0.16434 | Pose 0.13026 | Grip 0.00007 | Phase Family 100.00% | Ground 0.79cm | Target 100.00%
Epoch [24/30] | Batch [1300/2880] | Total 0.15979 | Pose 0.12459 | Grip 0.00190 | Phase Family 100.00% | Ground 0.83cm | Target 100.00%
Epoch [24/30] | Batch [1350/2880] | Total 0.16637 | Pose 0.13551 | Grip 0.00309 | Phase Family 100.00% | Ground 0.69cm | Target 100.00%
Epoch [24/30] | Batch [1400/2880] | Total 0.17297 | Pose 0.13559 | Grip 0.00554 | Phase Family 100.00% | Ground 0.72cm | Target 100.00%
Epoch [24/30] | Batch [1450/2880] | Total 0.17042 | Pose 0.13673 | Grip 0.00348 | Phase Family 100.00% | Ground 0.67cm | Target 100.00%
Epoch [24/30] | Batch [1500/2880] | Total 0.16315 | Pose 0.13397 | Grip 0.00275 | Phase Family 100.00% | Ground 0.70cm | Target 100.00%
Epoch [24/30] | Batch [1550/2880] | Total 0.16474 | Pose 0.13226 | Grip 0.00380 | Phase Family 100.00% | Ground 0.70cm | Target 100.00%
Epoch [24/30] | Batch [1600/2880] | Total 0.19003 | Pose 0.12831 | Grip 0.00026 | Phase Family 100.00% | Ground 0.80cm | Target 100.00%
Epoch [24/30] | Batch [1650/2880] | Total 0.14809 | Pose 0.12056 | Grip 0.00025 | Phase Family 100.00% | Ground 0.79cm | Target 100.00%
Epoch [24/30] | Batch [1700/2880] | Total 0.18864 | Pose 0.13912 | Grip 0.00008 | Phase Family 100.00% | Ground 0.85cm | Target 100.00%
Epoch [24/30] | Batch [1750/2880] | Total 0.17106 | Pose 0.13318 | Grip 0.00531 | Phase Family 100.00% | Ground 0.73cm | Target 100.00%
Epoch [24/30] | Batch [1800/2880] | Total 0.16090 | Pose 0.13269 | Grip 0.00068 | Phase Family 100.00% | Ground 0.76cm | Target 100.00%
Epoch [24/30] | Batch [1850/2880] | Total 0.16268 | Pose 0.13394 | Grip 0.00105 | Phase Family 100.00% | Ground 0.79cm | Target 100.00%
Epoch [24/30] | Batch [1900/2880] | Total 0.28071 | Pose 0.17959 | Grip 0.00334 | Phase Family 100.00% | Ground 0.73cm | Target 100.00%
Epoch [24/30] | Batch [1950/2880] | Total 0.15588 | Pose 0.12849 | Grip 0.00138 | Phase Family 100.00% | Ground 0.71cm | Target 100.00%
Epoch [24/30] | Batch [2000/2880] | Total 0.18361 | Pose 0.14241 | Grip 0.00040 | Phase Family 100.00% | Ground 0.66cm | Target 100.00%
Epoch [24/30] | Batch [2050/2880] | Total 0.15221 | Pose 0.12732 | Grip 0.00171 | Phase Family 100.00% | Ground 0.76cm | Target 100.00%
Epoch [24/30] | Batch [2100/2880] | Total 0.15865 | Pose 0.12789 | Grip 0.00286 | Phase Family 100.00% | Ground 0.77cm | Target 100.00%
Epoch [24/30] | Batch [2150/2880] | Total 0.21084 | Pose 0.12435 | Grip 0.00575 | Phase Family 100.00% | Ground 0.86cm | Target 100.00%
Epoch [24/30] | Batch [2200/2880] | Total 0.18685 | Pose 0.15115 | Grip 0.00267 | Phase Family 100.00% | Ground 0.76cm | Target 100.00%
Epoch [24/30] | Batch [2250/2880] | Total 0.14207 | Pose 0.11850 | Grip 0.00052 | Phase Family 100.00% | Ground 0.92cm | Target 100.00%
Epoch [24/30] | Batch [2300/2880] | Total 0.17195 | Pose 0.13850 | Grip 0.00159 | Phase Family 100.00% | Ground 0.64cm | Target 100.00%
Epoch [24/30] | Batch [2350/2880] | Total 0.19515 | Pose 0.15718 | Grip 0.00198 | Phase Family 100.00% | Ground 0.93cm | Target 100.00%
Epoch [24/30] | Batch [2400/2880] | Total 0.15507 | Pose 0.12771 | Grip 0.00639 | Phase Family 100.00% | Ground 0.62cm | Target 100.00%
Epoch [24/30] | Batch [2450/2880] | Total 0.17505 | Pose 0.14512 | Grip 0.00011 | Phase Family 100.00% | Ground 0.65cm | Target 100.00%
Epoch [24/30] | Batch [2500/2880] | Total 0.15833 | Pose 0.12679 | Grip 0.00010 | Phase Family 100.00% | Ground 0.67cm | Target 100.00%
Epoch [24/30] | Batch [2550/2880] | Total 0.15537 | Pose 0.12438 | Grip 0.00038 | Phase Family 100.00% | Ground 0.75cm | Target 100.00%
Epoch [24/30] | Batch [2600/2880] | Total 0.17118 | Pose 0.12438 | Grip 0.00409 | Phase Family 100.00% | Ground 1.03cm | Target 100.00%
Epoch [24/30] | Batch [2650/2880] | Total 0.19869 | Pose 0.15672 | Grip 0.00137 | Phase Family 100.00% | Ground 0.76cm | Target 100.00%
Epoch [24/30] | Batch [2700/2880] | Total 0.17287 | Pose 0.12726 | Grip 0.00031 | Phase Family 100.00% | Ground 0.80cm | Target 100.00%
Epoch [24/30] | Batch [2750/2880] | Total 0.16074 | Pose 0.12988 | Grip 0.00194 | Phase Family 100.00% | Ground 0.91cm | Target 100.00%
Epoch [24/30] | Batch [2800/2880] | Total 0.18199 | Pose 0.14672 | Grip 0.00394 | Phase Family 100.00% | Ground 0.76cm | Target 100.00%
Epoch [24/30] | Batch [2850/2880] | Total 0.16670 | Pose 0.13537 | Grip 0.00085 | Phase Family 100.00% | Ground 0.81cm | Target 100.00%
Epoch [24/30] | Train 0.17226 | Combined Val 0.24877 | Clean Val 0.22791 | XYZ 0.0156 | Grip 99.17% | Phase 97.50% | Family 99.35% | Ground 0.74cm | Target 100.00% | Select 0.34292 | Patience 2/8
Epoch [25/30] | Batch [1/2880] | Total 0.16813 | Pose 0.13641 | Grip 0.00213 | Phase Family 100.00% | Ground 0.71cm | Target 100.00%
Epoch [25/30] | Batch [50/2880] | Total 0.17050 | Pose 0.13969 | Grip 0.00242 | Phase Family 100.00% | Ground 0.66cm | Target 100.00%
Epoch [25/30] | Batch [100/2880] | Total 0.16545 | Pose 0.13394 | Grip 0.00314 | Phase Family 100.00% | Ground 0.82cm | Target 100.00%
Epoch [25/30] | Batch [150/2880] | Total 0.16776 | Pose 0.13037 | Grip 0.00939 | Phase Family 100.00% | Ground 0.79cm | Target 100.00%
Epoch [25/30] | Batch [200/2880] | Total 0.18416 | Pose 0.13147 | Grip 0.00914 | Phase Family 100.00% | Ground 0.84cm | Target 100.00%
Epoch [25/30] | Batch [250/2880] | Total 0.18946 | Pose 0.14731 | Grip 0.00090 | Phase Family 100.00% | Ground 0.62cm | Target 100.00%
Epoch [25/30] | Batch [300/2880] | Total 0.15433 | Pose 0.12416 | Grip 0.00118 | Phase Family 100.00% | Ground 0.77cm | Target 100.00%
Epoch [25/30] | Batch [350/2880] | Total 0.18216 | Pose 0.13016 | Grip 0.00042 | Phase Family 100.00% | Ground 0.76cm | Target 100.00%
Epoch [25/30] | Batch [400/2880] | Total 0.19349 | Pose 0.15212 | Grip 0.00146 | Phase Family 100.00% | Ground 0.69cm | Target 100.00%
Epoch [25/30] | Batch [450/2880] | Total 0.20835 | Pose 0.13732 | Grip 0.00482 | Phase Family 100.00% | Ground 0.63cm | Target 100.00%
Epoch [25/30] | Batch [500/2880] | Total 0.15333 | Pose 0.12439 | Grip 0.00161 | Phase Family 100.00% | Ground 0.84cm | Target 100.00%
Epoch [25/30] | Batch [550/2880] | Total 0.15346 | Pose 0.12603 | Grip 0.00008 | Phase Family 100.00% | Ground 0.72cm | Target 100.00%
Epoch [25/30] | Batch [600/2880] | Total 0.17177 | Pose 0.12867 | Grip 0.00430 | Phase Family 100.00% | Ground 0.73cm | Target 100.00%
Epoch [25/30] | Batch [650/2880] | Total 0.16148 | Pose 0.12078 | Grip 0.00494 | Phase Family 100.00% | Ground 0.66cm | Target 100.00%
Epoch [25/30] | Batch [700/2880] | Total 0.15579 | Pose 0.12678 | Grip 0.00240 | Phase Family 100.00% | Ground 0.78cm | Target 100.00%
Epoch [25/30] | Batch [750/2880] | Total 0.16346 | Pose 0.13397 | Grip 0.00148 | Phase Family 100.00% | Ground 0.69cm | Target 100.00%
Epoch [25/30] | Batch [800/2880] | Total 0.16996 | Pose 0.13363 | Grip 0.00372 | Phase Family 100.00% | Ground 0.77cm | Target 100.00%
Epoch [25/30] | Batch [850/2880] | Total 0.16148 | Pose 0.13037 | Grip 0.00562 | Phase Family 100.00% | Ground 0.86cm | Target 100.00%
Epoch [25/30] | Batch [900/2880] | Total 0.16532 | Pose 0.13586 | Grip 0.00007 | Phase Family 100.00% | Ground 0.83cm | Target 100.00%
Epoch [25/30] | Batch [950/2880] | Total 0.17360 | Pose 0.13477 | Grip 0.00007 | Phase Family 100.00% | Ground 0.85cm | Target 100.00%
Epoch [25/30] | Batch [1000/2880] | Total 0.17471 | Pose 0.13203 | Grip 0.00039 | Phase Family 100.00% | Ground 0.80cm | Target 100.00%
Epoch [25/30] | Batch [1050/2880] | Total 0.17053 | Pose 0.12991 | Grip 0.00507 | Phase Family 100.00% | Ground 0.66cm | Target 100.00%
Epoch [25/30] | Batch [1100/2880] | Total 0.15792 | Pose 0.13132 | Grip 0.00198 | Phase Family 100.00% | Ground 0.76cm | Target 100.00%
Epoch [25/30] | Batch [1150/2880] | Total 0.16875 | Pose 0.12240 | Grip 0.00095 | Phase Family 100.00% | Ground 0.71cm | Target 100.00%
Epoch [25/30] | Batch [1200/2880] | Total 0.17886 | Pose 0.14012 | Grip 0.00280 | Phase Family 100.00% | Ground 0.77cm | Target 100.00%
Epoch [25/30] | Batch [1250/2880] | Total 0.16554 | Pose 0.13806 | Grip 0.00181 | Phase Family 100.00% | Ground 0.75cm | Target 100.00%
Epoch [25/30] | Batch [1300/2880] | Total 0.17293 | Pose 0.14633 | Grip 0.00037 | Phase Family 100.00% | Ground 0.86cm | Target 100.00%
Epoch [25/30] | Batch [1350/2880] | Total 0.16892 | Pose 0.13691 | Grip 0.00287 | Phase Family 100.00% | Ground 0.73cm | Target 100.00%
Epoch [25/30] | Batch [1400/2880] | Total 0.16734 | Pose 0.12983 | Grip 0.00070 | Phase Family 100.00% | Ground 0.77cm | Target 100.00%
Epoch [25/30] | Batch [1450/2880] | Total 0.18113 | Pose 0.14641 | Grip 0.00173 | Phase Family 100.00% | Ground 0.57cm | Target 100.00%
Epoch [25/30] | Batch [1500/2880] | Total 0.17537 | Pose 0.13328 | Grip 0.00901 | Phase Family 100.00% | Ground 0.72cm | Target 100.00%
Epoch [25/30] | Batch [1550/2880] | Total 0.18431 | Pose 0.13498 | Grip 0.00382 | Phase Family 100.00% | Ground 0.73cm | Target 100.00%
Epoch [25/30] | Batch [1600/2880] | Total 0.16796 | Pose 0.12881 | Grip 0.00088 | Phase Family 100.00% | Ground 0.76cm | Target 100.00%
Epoch [25/30] | Batch [1650/2880] | Total 0.16125 | Pose 0.13435 | Grip 0.00037 | Phase Family 100.00% | Ground 0.79cm | Target 100.00%
Epoch [25/30] | Batch [1700/2880] | Total 0.15810 | Pose 0.12759 | Grip 0.00308 | Phase Family 100.00% | Ground 0.70cm | Target 100.00%
Epoch [25/30] | Batch [1750/2880] | Total 0.17735 | Pose 0.13840 | Grip 0.00862 | Phase Family 100.00% | Ground 0.64cm | Target 100.00%
Epoch [25/30] | Batch [1800/2880] | Total 0.15831 | Pose 0.11858 | Grip 0.00564 | Phase Family 100.00% | Ground 0.83cm | Target 100.00%
Epoch [25/30] | Batch [1850/2880] | Total 0.17817 | Pose 0.13476 | Grip 0.00134 | Phase Family 100.00% | Ground 0.80cm | Target 100.00%
Epoch [25/30] | Batch [1900/2880] | Total 0.14559 | Pose 0.11722 | Grip 0.00010 | Phase Family 100.00% | Ground 0.67cm | Target 100.00%
Epoch [25/30] | Batch [1950/2880] | Total 0.14287 | Pose 0.10867 | Grip 0.00596 | Phase Family 100.00% | Ground 0.84cm | Target 100.00%
Epoch [25/30] | Batch [2000/2880] | Total 0.19925 | Pose 0.14399 | Grip 0.00037 | Phase Family 100.00% | Ground 0.83cm | Target 100.00%
Epoch [25/30] | Batch [2050/2880] | Total 0.15886 | Pose 0.12560 | Grip 0.00122 | Phase Family 100.00% | Ground 0.75cm | Target 100.00%
Epoch [25/30] | Batch [2100/2880] | Total 0.16640 | Pose 0.13026 | Grip 0.00476 | Phase Family 100.00% | Ground 0.73cm | Target 100.00%
Epoch [25/30] | Batch [2150/2880] | Total 0.17030 | Pose 0.13850 | Grip 0.00328 | Phase Family 100.00% | Ground 0.79cm | Target 100.00%
Epoch [25/30] | Batch [2200/2880] | Total 0.18640 | Pose 0.13994 | Grip 0.00152 | Phase Family 100.00% | Ground 0.75cm | Target 100.00%
Epoch [25/30] | Batch [2250/2880] | Total 0.17204 | Pose 0.11966 | Grip 0.00261 | Phase Family 100.00% | Ground 0.83cm | Target 100.00%
Epoch [25/30] | Batch [2300/2880] | Total 0.17155 | Pose 0.14457 | Grip 0.00077 | Phase Family 100.00% | Ground 0.77cm | Target 100.00%
Epoch [25/30] | Batch [2350/2880] | Total 0.16629 | Pose 0.11953 | Grip 0.00177 | Phase Family 100.00% | Ground 0.69cm | Target 100.00%
Epoch [25/30] | Batch [2400/2880] | Total 0.17984 | Pose 0.13345 | Grip 0.00995 | Phase Family 100.00% | Ground 0.77cm | Target 100.00%
Epoch [25/30] | Batch [2450/2880] | Total 0.19400 | Pose 0.14742 | Grip 0.00010 | Phase Family 100.00% | Ground 0.73cm | Target 100.00%
Epoch [25/30] | Batch [2500/2880] | Total 0.15212 | Pose 0.12736 | Grip 0.00004 | Phase Family 100.00% | Ground 0.76cm | Target 100.00%
Epoch [25/30] | Batch [2550/2880] | Total 0.14820 | Pose 0.11161 | Grip 0.01174 | Phase Family 100.00% | Ground 0.62cm | Target 100.00%
Epoch [25/30] | Batch [2600/2880] | Total 0.17057 | Pose 0.13260 | Grip 0.00287 | Phase Family 100.00% | Ground 0.76cm | Target 100.00%
Epoch [25/30] | Batch [2650/2880] | Total 0.17641 | Pose 0.14099 | Grip 0.00274 | Phase Family 100.00% | Ground 0.83cm | Target 100.00%
Epoch [25/30] | Batch [2700/2880] | Total 0.18474 | Pose 0.14080 | Grip 0.00010 | Phase Family 100.00% | Ground 0.64cm | Target 100.00%
Epoch [25/30] | Batch [2750/2880] | Total 0.16289 | Pose 0.13046 | Grip 0.00183 | Phase Family 100.00% | Ground 0.76cm | Target 100.00%
Epoch [25/30] | Batch [2800/2880] | Total 0.17158 | Pose 0.13645 | Grip 0.00303 | Phase Family 100.00% | Ground 0.73cm | Target 100.00%
Epoch [25/30] | Batch [2850/2880] | Total 0.16586 | Pose 0.13073 | Grip 0.00087 | Phase Family 100.00% | Ground 0.77cm | Target 100.00%
Epoch [25/30] | Train 0.17175 | Combined Val 0.24920 | Clean Val 0.22767 | XYZ 0.0155 | Grip 99.19% | Phase 97.55% | Family 99.37% | Ground 0.72cm | Target 100.00% | Select 0.34181 | Patience 3/8
Epoch [26/30] | Batch [1/2880] | Total 0.18744 | Pose 0.13309 | Grip 0.00031 | Phase Family 100.00% | Ground 0.91cm | Target 100.00%
Epoch [26/30] | Batch [50/2880] | Total 0.15897 | Pose 0.12669 | Grip 0.00032 | Phase Family 100.00% | Ground 0.78cm | Target 100.00%
Epoch [26/30] | Batch [100/2880] | Total 0.18298 | Pose 0.15166 | Grip 0.00217 | Phase Family 100.00% | Ground 0.71cm | Target 100.00%
Epoch [26/30] | Batch [150/2880] | Total 0.17747 | Pose 0.12752 | Grip 0.00065 | Phase Family 100.00% | Ground 0.68cm | Target 100.00%
Epoch [26/30] | Batch [200/2880] | Total 0.17296 | Pose 0.14344 | Grip 0.00234 | Phase Family 100.00% | Ground 0.68cm | Target 100.00%
Epoch [26/30] | Batch [250/2880] | Total 0.16265 | Pose 0.12288 | Grip 0.00176 | Phase Family 100.00% | Ground 0.77cm | Target 100.00%
Epoch [26/30] | Batch [300/2880] | Total 0.15564 | Pose 0.12376 | Grip 0.00562 | Phase Family 100.00% | Ground 0.65cm | Target 100.00%
Epoch [26/30] | Batch [350/2880] | Total 0.17490 | Pose 0.14210 | Grip 0.00279 | Phase Family 100.00% | Ground 0.85cm | Target 100.00%
Epoch [26/30] | Batch [400/2880] | Total 0.16090 | Pose 0.12532 | Grip 0.00292 | Phase Family 100.00% | Ground 0.83cm | Target 100.00%
Epoch [26/30] | Batch [450/2880] | Total 0.18200 | Pose 0.14222 | Grip 0.00171 | Phase Family 100.00% | Ground 0.87cm | Target 100.00%
Epoch [26/30] | Batch [500/2880] | Total 0.17496 | Pose 0.13783 | Grip 0.00789 | Phase Family 100.00% | Ground 0.68cm | Target 100.00%
Epoch [26/30] | Batch [550/2880] | Total 0.21524 | Pose 0.16599 | Grip 0.00523 | Phase Family 100.00% | Ground 0.71cm | Target 100.00%
Epoch [26/30] | Batch [600/2880] | Total 0.21595 | Pose 0.16721 | Grip 0.00270 | Phase Family 100.00% | Ground 0.69cm | Target 100.00%
Epoch [26/30] | Batch [650/2880] | Total 0.17207 | Pose 0.12569 | Grip 0.00201 | Phase Family 100.00% | Ground 0.67cm | Target 100.00%
Epoch [26/30] | Batch [700/2880] | Total 0.16052 | Pose 0.13268 | Grip 0.00090 | Phase Family 100.00% | Ground 0.78cm | Target 100.00%
Epoch [26/30] | Batch [750/2880] | Total 0.16747 | Pose 0.12429 | Grip 0.00042 | Phase Family 100.00% | Ground 0.76cm | Target 100.00%
Epoch [26/30] | Batch [800/2880] | Total 0.17519 | Pose 0.14047 | Grip 0.00350 | Phase Family 100.00% | Ground 0.90cm | Target 100.00%
Epoch [26/30] | Batch [850/2880] | Total 0.15497 | Pose 0.11903 | Grip 0.00133 | Phase Family 100.00% | Ground 0.83cm | Target 100.00%
Epoch [26/30] | Batch [900/2880] | Total 0.15488 | Pose 0.11591 | Grip 0.00304 | Phase Family 100.00% | Ground 0.74cm | Target 100.00%
Epoch [26/30] | Batch [950/2880] | Total 0.17987 | Pose 0.12990 | Grip 0.00311 | Phase Family 100.00% | Ground 0.62cm | Target 100.00%
Epoch [26/30] | Batch [1000/2880] | Total 0.20531 | Pose 0.16841 | Grip 0.00180 | Phase Family 100.00% | Ground 0.83cm | Target 100.00%
Epoch [26/30] | Batch [1050/2880] | Total 0.15644 | Pose 0.12376 | Grip 0.00066 | Phase Family 100.00% | Ground 0.70cm | Target 100.00%
Epoch [26/30] | Batch [1100/2880] | Total 0.17297 | Pose 0.14285 | Grip 0.00173 | Phase Family 100.00% | Ground 0.69cm | Target 100.00%
Epoch [26/30] | Batch [1150/2880] | Total 0.17196 | Pose 0.12491 | Grip 0.00123 | Phase Family 100.00% | Ground 0.78cm | Target 100.00%
Epoch [26/30] | Batch [1200/2880] | Total 0.16998 | Pose 0.13556 | Grip 0.00158 | Phase Family 100.00% | Ground 0.56cm | Target 100.00%
Epoch [26/30] | Batch [1250/2880] | Total 0.17760 | Pose 0.13960 | Grip 0.00379 | Phase Family 100.00% | Ground 0.65cm | Target 100.00%
Epoch [26/30] | Batch [1300/2880] | Total 0.18194 | Pose 0.13367 | Grip 0.00231 | Phase Family 100.00% | Ground 0.62cm | Target 100.00%
Epoch [26/30] | Batch [1350/2880] | Total 0.16122 | Pose 0.12956 | Grip 0.00236 | Phase Family 100.00% | Ground 0.82cm | Target 100.00%
Epoch [26/30] | Batch [1400/2880] | Total 0.18590 | Pose 0.14460 | Grip 0.00363 | Phase Family 100.00% | Ground 0.71cm | Target 100.00%
Epoch [26/30] | Batch [1450/2880] | Total 0.21331 | Pose 0.18076 | Grip 0.00084 | Phase Family 100.00% | Ground 0.76cm | Target 100.00%
Epoch [26/30] | Batch [1500/2880] | Total 0.15875 | Pose 0.13095 | Grip 0.00074 | Phase Family 100.00% | Ground 0.63cm | Target 100.00%
Epoch [26/30] | Batch [1550/2880] | Total 0.18557 | Pose 0.13459 | Grip 0.00656 | Phase Family 100.00% | Ground 0.64cm | Target 100.00%
Epoch [26/30] | Batch [1600/2880] | Total 0.16832 | Pose 0.12606 | Grip 0.00201 | Phase Family 100.00% | Ground 0.80cm | Target 100.00%
Epoch [26/30] | Batch [1650/2880] | Total 0.16293 | Pose 0.13353 | Grip 0.00144 | Phase Family 100.00% | Ground 0.65cm | Target 100.00%
Epoch [26/30] | Batch [1700/2880] | Total 0.17806 | Pose 0.14316 | Grip 0.00150 | Phase Family 100.00% | Ground 0.85cm | Target 100.00%
Epoch [26/30] | Batch [1750/2880] | Total 0.15749 | Pose 0.12700 | Grip 0.00008 | Phase Family 100.00% | Ground 0.77cm | Target 100.00%
Epoch [26/30] | Batch [1800/2880] | Total 0.16066 | Pose 0.13082 | Grip 0.00274 | Phase Family 100.00% | Ground 0.70cm | Target 100.00%
Epoch [26/30] | Batch [1850/2880] | Total 0.16135 | Pose 0.13421 | Grip 0.00076 | Phase Family 100.00% | Ground 0.83cm | Target 100.00%
Epoch [26/30] | Batch [1900/2880] | Total 0.21271 | Pose 0.17159 | Grip 0.00217 | Phase Family 100.00% | Ground 0.77cm | Target 100.00%
Epoch [26/30] | Batch [1950/2880] | Total 0.14512 | Pose 0.11845 | Grip 0.00028 | Phase Family 100.00% | Ground 0.74cm | Target 100.00%
Epoch [26/30] | Batch [2000/2880] | Total 0.17217 | Pose 0.12730 | Grip 0.00246 | Phase Family 100.00% | Ground 0.63cm | Target 100.00%
Epoch [26/30] | Batch [2050/2880] | Total 0.16001 | Pose 0.13061 | Grip 0.00050 | Phase Family 100.00% | Ground 0.70cm | Target 100.00%
Epoch [26/30] | Batch [2100/2880] | Total 0.14678 | Pose 0.11806 | Grip 0.00196 | Phase Family 100.00% | Ground 0.70cm | Target 100.00%
Epoch [26/30] | Batch [2150/2880] | Total 0.18366 | Pose 0.14725 | Grip 0.00385 | Phase Family 100.00% | Ground 0.78cm | Target 100.00%
Epoch [26/30] | Batch [2200/2880] | Total 0.23186 | Pose 0.14293 | Grip 0.00032 | Phase Family 100.00% | Ground 0.69cm | Target 100.00%
Epoch [26/30] | Batch [2250/2880] | Total 0.16006 | Pose 0.12810 | Grip 0.00217 | Phase Family 100.00% | Ground 0.77cm | Target 100.00%
Epoch [26/30] | Batch [2300/2880] | Total 0.18050 | Pose 0.13897 | Grip 0.00325 | Phase Family 100.00% | Ground 0.70cm | Target 100.00%
Epoch [26/30] | Batch [2350/2880] | Total 0.18358 | Pose 0.13432 | Grip 0.00043 | Phase Family 100.00% | Ground 0.79cm | Target 100.00%
Epoch [26/30] | Batch [2400/2880] | Total 0.15578 | Pose 0.12688 | Grip 0.00087 | Phase Family 100.00% | Ground 0.77cm | Target 100.00%
Epoch [26/30] | Batch [2450/2880] | Total 0.16064 | Pose 0.13315 | Grip 0.00077 | Phase Family 100.00% | Ground 0.75cm | Target 100.00%
Epoch [26/30] | Batch [2500/2880] | Total 0.16166 | Pose 0.13244 | Grip 0.00468 | Phase Family 100.00% | Ground 0.69cm | Target 100.00%
Epoch [26/30] | Batch [2550/2880] | Total 0.15656 | Pose 0.12213 | Grip 0.00139 | Phase Family 100.00% | Ground 0.79cm | Target 100.00%
Epoch [26/30] | Batch [2600/2880] | Total 0.19657 | Pose 0.14258 | Grip 0.00145 | Phase Family 100.00% | Ground 0.82cm | Target 100.00%
Epoch [26/30] | Batch [2650/2880] | Total 0.18669 | Pose 0.13778 | Grip 0.00099 | Phase Family 100.00% | Ground 0.72cm | Target 100.00%
Epoch [26/30] | Batch [2700/2880] | Total 0.15773 | Pose 0.12716 | Grip 0.00054 | Phase Family 100.00% | Ground 0.62cm | Target 100.00%
Epoch [26/30] | Batch [2750/2880] | Total 0.16818 | Pose 0.13166 | Grip 0.00162 | Phase Family 100.00% | Ground 0.89cm | Target 100.00%
Epoch [26/30] | Batch [2800/2880] | Total 0.21233 | Pose 0.16059 | Grip 0.00253 | Phase Family 100.00% | Ground 0.80cm | Target 100.00%
Epoch [26/30] | Batch [2850/2880] | Total 0.15627 | Pose 0.12975 | Grip 0.00334 | Phase Family 100.00% | Ground 0.66cm | Target 100.00%
Epoch [26/30] | Train 0.17121 | Combined Val 0.24974 | Clean Val 0.22850 | XYZ 0.0156 | Grip 99.19% | Phase 97.53% | Family 99.37% | Ground 0.74cm | Target 100.00% | Select 0.34422 | Patience 4/8
Epoch [27/30] | Batch [1/2880] | Total 0.15821 | Pose 0.12919 | Grip 0.00152 | Phase Family 100.00% | Ground 0.84cm | Target 100.00%
Epoch [27/30] | Batch [50/2880] | Total 0.14881 | Pose 0.12067 | Grip 0.00123 | Phase Family 100.00% | Ground 0.69cm | Target 100.00%
Epoch [27/30] | Batch [100/2880] | Total 0.14863 | Pose 0.11712 | Grip 0.00019 | Phase Family 100.00% | Ground 0.85cm | Target 100.00%
Epoch [27/30] | Batch [150/2880] | Total 0.16699 | Pose 0.13676 | Grip 0.00621 | Phase Family 100.00% | Ground 0.65cm | Target 100.00%
Epoch [27/30] | Batch [200/2880] | Total 0.18190 | Pose 0.12923 | Grip 0.01751 | Phase Family 100.00% | Ground 0.71cm | Target 100.00%
Epoch [27/30] | Batch [250/2880] | Total 0.15377 | Pose 0.12504 | Grip 0.00075 | Phase Family 100.00% | Ground 0.77cm | Target 100.00%
Epoch [27/30] | Batch [300/2880] | Total 0.14262 | Pose 0.11642 | Grip 0.00040 | Phase Family 100.00% | Ground 0.69cm | Target 100.00%
Epoch [27/30] | Batch [350/2880] | Total 0.15552 | Pose 0.12231 | Grip 0.00303 | Phase Family 100.00% | Ground 0.68cm | Target 100.00%
Epoch [27/30] | Batch [400/2880] | Total 0.17189 | Pose 0.13338 | Grip 0.00077 | Phase Family 100.00% | Ground 0.67cm | Target 100.00%
Epoch [27/30] | Batch [450/2880] | Total 0.16132 | Pose 0.12816 | Grip 0.00225 | Phase Family 100.00% | Ground 0.77cm | Target 100.00%
Epoch [27/30] | Batch [500/2880] | Total 0.16105 | Pose 0.12977 | Grip 0.00435 | Phase Family 100.00% | Ground 0.72cm | Target 100.00%
Epoch [27/30] | Batch [550/2880] | Total 0.17129 | Pose 0.12850 | Grip 0.00053 | Phase Family 100.00% | Ground 0.91cm | Target 100.00%
Epoch [27/30] | Batch [600/2880] | Total 0.15014 | Pose 0.12327 | Grip 0.00226 | Phase Family 100.00% | Ground 0.69cm | Target 100.00%
Epoch [27/30] | Batch [650/2880] | Total 0.17732 | Pose 0.14372 | Grip 0.00314 | Phase Family 100.00% | Ground 0.62cm | Target 100.00%
Epoch [27/30] | Batch [700/2880] | Total 0.17710 | Pose 0.12376 | Grip 0.01308 | Phase Family 100.00% | Ground 0.71cm | Target 100.00%
Epoch [27/30] | Batch [750/2880] | Total 0.22173 | Pose 0.12687 | Grip 0.00487 | Phase Family 100.00% | Ground 0.61cm | Target 100.00%
Epoch [27/30] | Batch [800/2880] | Total 0.16394 | Pose 0.11889 | Grip 0.00013 | Phase Family 100.00% | Ground 0.65cm | Target 100.00%
Epoch [27/30] | Batch [850/2880] | Total 0.16772 | Pose 0.13250 | Grip 0.00641 | Phase Family 100.00% | Ground 0.75cm | Target 100.00%
Epoch [27/30] | Batch [900/2880] | Total 0.16647 | Pose 0.13464 | Grip 0.00277 | Phase Family 100.00% | Ground 0.74cm | Target 100.00%
Epoch [27/30] | Batch [950/2880] | Total 0.15925 | Pose 0.12861 | Grip 0.00240 | Phase Family 100.00% | Ground 0.67cm | Target 100.00%
Epoch [27/30] | Batch [1000/2880] | Total 0.16192 | Pose 0.13156 | Grip 0.00290 | Phase Family 100.00% | Ground 0.62cm | Target 100.00%
Epoch [27/30] | Batch [1050/2880] | Total 0.16815 | Pose 0.13295 | Grip 0.00736 | Phase Family 100.00% | Ground 0.75cm | Target 100.00%
Epoch [27/30] | Batch [1100/2880] | Total 0.16093 | Pose 0.12970 | Grip 0.00125 | Phase Family 100.00% | Ground 0.74cm | Target 100.00%
Epoch [27/30] | Batch [1150/2880] | Total 0.17187 | Pose 0.12578 | Grip 0.00227 | Phase Family 100.00% | Ground 0.76cm | Target 100.00%
Epoch [27/30] | Batch [1200/2880] | Total 0.16828 | Pose 0.13214 | Grip 0.00135 | Phase Family 100.00% | Ground 0.75cm | Target 100.00%
Epoch [27/30] | Batch [1250/2880] | Total 0.16355 | Pose 0.13166 | Grip 0.00024 | Phase Family 100.00% | Ground 0.83cm | Target 100.00%
Epoch [27/30] | Batch [1300/2880] | Total 0.15830 | Pose 0.12285 | Grip 0.00033 | Phase Family 100.00% | Ground 0.92cm | Target 100.00%
Epoch [27/30] | Batch [1350/2880] | Total 0.18529 | Pose 0.14018 | Grip 0.00232 | Phase Family 100.00% | Ground 0.79cm | Target 100.00%
Epoch [27/30] | Batch [1400/2880] | Total 0.15426 | Pose 0.12118 | Grip 0.00125 | Phase Family 100.00% | Ground 0.59cm | Target 100.00%
Epoch [27/30] | Batch [1450/2880] | Total 0.18810 | Pose 0.15111 | Grip 0.00054 | Phase Family 100.00% | Ground 0.75cm | Target 100.00%
Epoch [27/30] | Batch [1500/2880] | Total 0.16518 | Pose 0.13446 | Grip 0.00115 | Phase Family 100.00% | Ground 0.65cm | Target 100.00%
Epoch [27/30] | Batch [1550/2880] | Total 0.18486 | Pose 0.13954 | Grip 0.01425 | Phase Family 100.00% | Ground 0.81cm | Target 100.00%
Epoch [27/30] | Batch [1600/2880] | Total 0.17099 | Pose 0.13145 | Grip 0.00721 | Phase Family 100.00% | Ground 0.77cm | Target 100.00%
Epoch [27/30] | Batch [1650/2880] | Total 0.15678 | Pose 0.12196 | Grip 0.00155 | Phase Family 100.00% | Ground 0.66cm | Target 100.00%
Epoch [27/30] | Batch [1700/2880] | Total 0.18036 | Pose 0.12433 | Grip 0.00118 | Phase Family 100.00% | Ground 1.00cm | Target 100.00%
Epoch [27/30] | Batch [1750/2880] | Total 0.17663 | Pose 0.14187 | Grip 0.00131 | Phase Family 100.00% | Ground 0.73cm | Target 100.00%
Epoch [27/30] | Batch [1800/2880] | Total 0.19604 | Pose 0.13691 | Grip 0.00855 | Phase Family 100.00% | Ground 1.05cm | Target 100.00%
Epoch [27/30] | Batch [1850/2880] | Total 0.15510 | Pose 0.12873 | Grip 0.00062 | Phase Family 100.00% | Ground 0.65cm | Target 100.00%
Epoch [27/30] | Batch [1900/2880] | Total 0.15246 | Pose 0.12410 | Grip 0.00120 | Phase Family 100.00% | Ground 0.83cm | Target 100.00%
Epoch [27/30] | Batch [1950/2880] | Total 0.15418 | Pose 0.12645 | Grip 0.00440 | Phase Family 100.00% | Ground 0.65cm | Target 100.00%
Epoch [27/30] | Batch [2000/2880] | Total 0.15001 | Pose 0.11863 | Grip 0.00233 | Phase Family 100.00% | Ground 0.67cm | Target 100.00%
Epoch [27/30] | Batch [2050/2880] | Total 0.18516 | Pose 0.13327 | Grip 0.00344 | Phase Family 100.00% | Ground 0.87cm | Target 100.00%
Epoch [27/30] | Batch [2100/2880] | Total 0.17805 | Pose 0.11162 | Grip 0.00288 | Phase Family 100.00% | Ground 0.78cm | Target 100.00%
Epoch [27/30] | Batch [2150/2880] | Total 0.16413 | Pose 0.12923 | Grip 0.00283 | Phase Family 100.00% | Ground 0.76cm | Target 100.00%
Epoch [27/30] | Batch [2200/2880] | Total 0.18892 | Pose 0.15013 | Grip 0.00647 | Phase Family 100.00% | Ground 0.90cm | Target 100.00%
Epoch [27/30] | Batch [2250/2880] | Total 0.15986 | Pose 0.12459 | Grip 0.00393 | Phase Family 100.00% | Ground 0.82cm | Target 100.00%
Epoch [27/30] | Batch [2300/2880] | Total 0.15189 | Pose 0.12285 | Grip 0.00625 | Phase Family 100.00% | Ground 0.60cm | Target 100.00%
Epoch [27/30] | Batch [2350/2880] | Total 0.16787 | Pose 0.13991 | Grip 0.00178 | Phase Family 100.00% | Ground 0.71cm | Target 100.00%
Epoch [27/30] | Batch [2400/2880] | Total 0.17464 | Pose 0.13121 | Grip 0.00642 | Phase Family 100.00% | Ground 0.75cm | Target 100.00%
Epoch [27/30] | Batch [2450/2880] | Total 0.18581 | Pose 0.12524 | Grip 0.00068 | Phase Family 100.00% | Ground 0.76cm | Target 100.00%
Epoch [27/30] | Batch [2500/2880] | Total 0.16822 | Pose 0.12442 | Grip 0.00706 | Phase Family 100.00% | Ground 0.67cm | Target 100.00%
Epoch [27/30] | Batch [2550/2880] | Total 0.15377 | Pose 0.12379 | Grip 0.00024 | Phase Family 100.00% | Ground 0.82cm | Target 100.00%
Epoch [27/30] | Batch [2600/2880] | Total 0.15778 | Pose 0.12928 | Grip 0.00125 | Phase Family 100.00% | Ground 0.66cm | Target 100.00%
Epoch [27/30] | Batch [2650/2880] | Total 0.16188 | Pose 0.12779 | Grip 0.00233 | Phase Family 100.00% | Ground 0.75cm | Target 100.00%
Epoch [27/30] | Batch [2700/2880] | Total 0.17775 | Pose 0.13284 | Grip 0.00264 | Phase Family 100.00% | Ground 0.79cm | Target 100.00%
Epoch [27/30] | Batch [2750/2880] | Total 0.17562 | Pose 0.14455 | Grip 0.00148 | Phase Family 100.00% | Ground 0.73cm | Target 100.00%
Epoch [27/30] | Batch [2800/2880] | Total 0.16224 | Pose 0.12004 | Grip 0.00609 | Phase Family 100.00% | Ground 0.94cm | Target 100.00%
Epoch [27/30] | Batch [2850/2880] | Total 0.16068 | Pose 0.12675 | Grip 0.00121 | Phase Family 100.00% | Ground 0.87cm | Target 100.00%
Epoch [27/30] | Train 0.17049 | Combined Val 0.24844 | Clean Val 0.22709 | XYZ 0.0156 | Grip 99.21% | Phase 97.56% | Family 99.37% | Ground 0.74cm | Target 100.00% | Select 0.34233 | Patience 5/8
Epoch [28/30] | Batch [1/2880] | Total 0.15875 | Pose 0.12520 | Grip 0.00229 | Phase Family 100.00% | Ground 0.98cm | Target 100.00%
Epoch [28/30] | Batch [50/2880] | Total 0.15951 | Pose 0.12321 | Grip 0.00074 | Phase Family 100.00% | Ground 0.82cm | Target 100.00%
Epoch [28/30] | Batch [100/2880] | Total 0.16376 | Pose 0.13365 | Grip 0.00017 | Phase Family 100.00% | Ground 0.77cm | Target 100.00%
Epoch [28/30] | Batch [150/2880] | Total 0.16944 | Pose 0.14167 | Grip 0.00172 | Phase Family 100.00% | Ground 0.75cm | Target 100.00%
Epoch [28/30] | Batch [200/2880] | Total 0.18657 | Pose 0.13665 | Grip 0.00194 | Phase Family 100.00% | Ground 0.98cm | Target 100.00%
Epoch [28/30] | Batch [250/2880] | Total 0.19914 | Pose 0.15933 | Grip 0.00131 | Phase Family 100.00% | Ground 0.77cm | Target 100.00%
Epoch [28/30] | Batch [300/2880] | Total 0.16858 | Pose 0.13080 | Grip 0.00109 | Phase Family 100.00% | Ground 0.70cm | Target 100.00%
Epoch [28/30] | Batch [350/2880] | Total 0.16213 | Pose 0.13253 | Grip 0.00218 | Phase Family 100.00% | Ground 0.75cm | Target 100.00%
Epoch [28/30] | Batch [400/2880] | Total 0.16910 | Pose 0.13715 | Grip 0.00003 | Phase Family 100.00% | Ground 0.78cm | Target 100.00%
Epoch [28/30] | Batch [450/2880] | Total 0.16454 | Pose 0.13147 | Grip 0.00132 | Phase Family 100.00% | Ground 0.83cm | Target 100.00%
Epoch [28/30] | Batch [500/2880] | Total 0.15857 | Pose 0.12555 | Grip 0.00696 | Phase Family 100.00% | Ground 0.69cm | Target 100.00%
Epoch [28/30] | Batch [550/2880] | Total 0.21140 | Pose 0.13825 | Grip 0.00067 | Phase Family 100.00% | Ground 0.86cm | Target 100.00%
Epoch [28/30] | Batch [600/2880] | Total 0.17246 | Pose 0.13266 | Grip 0.00332 | Phase Family 100.00% | Ground 0.94cm | Target 100.00%
Epoch [28/30] | Batch [650/2880] | Total 0.19423 | Pose 0.13792 | Grip 0.01909 | Phase Family 100.00% | Ground 0.72cm | Target 100.00%
Epoch [28/30] | Batch [700/2880] | Total 0.16281 | Pose 0.13431 | Grip 0.00075 | Phase Family 100.00% | Ground 0.70cm | Target 100.00%
Epoch [28/30] | Batch [750/2880] | Total 0.15161 | Pose 0.12283 | Grip 0.00377 | Phase Family 100.00% | Ground 0.57cm | Target 100.00%
Epoch [28/30] | Batch [800/2880] | Total 0.14655 | Pose 0.11893 | Grip 0.00018 | Phase Family 100.00% | Ground 0.81cm | Target 100.00%
Epoch [28/30] | Batch [850/2880] | Total 0.15757 | Pose 0.13196 | Grip 0.00046 | Phase Family 100.00% | Ground 0.81cm | Target 100.00%
Epoch [28/30] | Batch [900/2880] | Total 0.15852 | Pose 0.13044 | Grip 0.00448 | Phase Family 100.00% | Ground 0.71cm | Target 100.00%
Epoch [28/30] | Batch [950/2880] | Total 0.16027 | Pose 0.12870 | Grip 0.00171 | Phase Family 100.00% | Ground 0.83cm | Target 100.00%
Epoch [28/30] | Batch [1000/2880] | Total 0.17468 | Pose 0.13558 | Grip 0.00065 | Phase Family 100.00% | Ground 0.78cm | Target 100.00%
Epoch [28/30] | Batch [1050/2880] | Total 0.20320 | Pose 0.14535 | Grip 0.00329 | Phase Family 100.00% | Ground 0.71cm | Target 100.00%
Epoch [28/30] | Batch [1100/2880] | Total 0.18024 | Pose 0.14298 | Grip 0.00564 | Phase Family 100.00% | Ground 0.79cm | Target 100.00%
Epoch [28/30] | Batch [1150/2880] | Total 0.17188 | Pose 0.14086 | Grip 0.00156 | Phase Family 100.00% | Ground 0.71cm | Target 100.00%
Epoch [28/30] | Batch [1200/2880] | Total 0.17122 | Pose 0.12927 | Grip 0.00064 | Phase Family 100.00% | Ground 0.68cm | Target 100.00%
Epoch [28/30] | Batch [1250/2880] | Total 0.16745 | Pose 0.13644 | Grip 0.00494 | Phase Family 100.00% | Ground 0.63cm | Target 100.00%
Epoch [28/30] | Batch [1300/2880] | Total 0.15980 | Pose 0.12671 | Grip 0.00063 | Phase Family 100.00% | Ground 0.68cm | Target 100.00%
Epoch [28/30] | Batch [1350/2880] | Total 0.14879 | Pose 0.11953 | Grip 0.00085 | Phase Family 100.00% | Ground 0.61cm | Target 100.00%
Epoch [28/30] | Batch [1400/2880] | Total 0.17875 | Pose 0.13533 | Grip 0.00141 | Phase Family 100.00% | Ground 0.77cm | Target 100.00%
Epoch [28/30] | Batch [1450/2880] | Total 0.18251 | Pose 0.14764 | Grip 0.00436 | Phase Family 100.00% | Ground 0.70cm | Target 100.00%
Epoch [28/30] | Batch [1500/2880] | Total 0.16555 | Pose 0.12466 | Grip 0.00180 | Phase Family 100.00% | Ground 0.69cm | Target 100.00%
Epoch [28/30] | Batch [1550/2880] | Total 0.16196 | Pose 0.12382 | Grip 0.00078 | Phase Family 100.00% | Ground 1.03cm | Target 100.00%
Epoch [28/30] | Batch [1600/2880] | Total 0.18810 | Pose 0.14171 | Grip 0.00097 | Phase Family 100.00% | Ground 0.87cm | Target 100.00%
Epoch [28/30] | Batch [1650/2880] | Total 0.16106 | Pose 0.12735 | Grip 0.00194 | Phase Family 100.00% | Ground 0.71cm | Target 100.00%
Epoch [28/30] | Batch [1700/2880] | Total 0.15588 | Pose 0.12457 | Grip 0.00130 | Phase Family 100.00% | Ground 0.68cm | Target 100.00%
Epoch [28/30] | Batch [1750/2880] | Total 0.16875 | Pose 0.13289 | Grip 0.00114 | Phase Family 100.00% | Ground 0.75cm | Target 100.00%
Epoch [28/30] | Batch [1800/2880] | Total 0.15575 | Pose 0.13223 | Grip 0.00053 | Phase Family 100.00% | Ground 0.73cm | Target 100.00%
Epoch [28/30] | Batch [1850/2880] | Total 0.16491 | Pose 0.13428 | Grip 0.00139 | Phase Family 100.00% | Ground 0.77cm | Target 100.00%
Epoch [28/30] | Batch [1900/2880] | Total 0.17961 | Pose 0.15042 | Grip 0.00097 | Phase Family 100.00% | Ground 0.79cm | Target 100.00%
Epoch [28/30] | Batch [1950/2880] | Total 0.17478 | Pose 0.14218 | Grip 0.00187 | Phase Family 100.00% | Ground 0.77cm | Target 100.00%
Epoch [28/30] | Batch [2000/2880] | Total 0.17667 | Pose 0.14672 | Grip 0.00100 | Phase Family 100.00% | Ground 0.83cm | Target 100.00%
Epoch [28/30] | Batch [2050/2880] | Total 0.17979 | Pose 0.13484 | Grip 0.00443 | Phase Family 100.00% | Ground 0.74cm | Target 100.00%
Epoch [28/30] | Batch [2100/2880] | Total 0.16624 | Pose 0.13462 | Grip 0.00503 | Phase Family 100.00% | Ground 0.65cm | Target 100.00%
Epoch [28/30] | Batch [2150/2880] | Total 0.18150 | Pose 0.13238 | Grip 0.00254 | Phase Family 100.00% | Ground 0.64cm | Target 100.00%
Epoch [28/30] | Batch [2200/2880] | Total 0.17735 | Pose 0.13501 | Grip 0.00070 | Phase Family 100.00% | Ground 0.84cm | Target 100.00%
Epoch [28/30] | Batch [2250/2880] | Total 0.16883 | Pose 0.14110 | Grip 0.00299 | Phase Family 100.00% | Ground 0.69cm | Target 100.00%
Epoch [28/30] | Batch [2300/2880] | Total 0.17922 | Pose 0.14877 | Grip 0.00203 | Phase Family 100.00% | Ground 0.75cm | Target 100.00%
Epoch [28/30] | Batch [2350/2880] | Total 0.17583 | Pose 0.13812 | Grip 0.00498 | Phase Family 100.00% | Ground 0.80cm | Target 100.00%
Epoch [28/30] | Batch [2400/2880] | Total 0.15609 | Pose 0.12298 | Grip 0.00216 | Phase Family 100.00% | Ground 0.68cm | Target 100.00%
Epoch [28/30] | Batch [2450/2880] | Total 0.16495 | Pose 0.13511 | Grip 0.00229 | Phase Family 100.00% | Ground 0.74cm | Target 100.00%
Epoch [28/30] | Batch [2500/2880] | Total 0.17999 | Pose 0.15016 | Grip 0.00063 | Phase Family 100.00% | Ground 0.71cm | Target 100.00%
Epoch [28/30] | Batch [2550/2880] | Total 0.16286 | Pose 0.13347 | Grip 0.00043 | Phase Family 100.00% | Ground 0.73cm | Target 100.00%
Epoch [28/30] | Batch [2600/2880] | Total 0.17320 | Pose 0.13473 | Grip 0.00004 | Phase Family 100.00% | Ground 0.71cm | Target 100.00%
Epoch [28/30] | Batch [2650/2880] | Total 0.17782 | Pose 0.14499 | Grip 0.00056 | Phase Family 100.00% | Ground 0.81cm | Target 100.00%
Epoch [28/30] | Batch [2700/2880] | Total 0.15564 | Pose 0.12763 | Grip 0.00116 | Phase Family 100.00% | Ground 0.70cm | Target 100.00%
Epoch [28/30] | Batch [2750/2880] | Total 0.17149 | Pose 0.13618 | Grip 0.00021 | Phase Family 100.00% | Ground 0.73cm | Target 100.00%
Epoch [28/30] | Batch [2800/2880] | Total 0.16481 | Pose 0.13075 | Grip 0.00407 | Phase Family 100.00% | Ground 0.72cm | Target 100.00%
Epoch [28/30] | Batch [2850/2880] | Total 0.15826 | Pose 0.12083 | Grip 0.00153 | Phase Family 100.00% | Ground 0.76cm | Target 100.00%
Epoch [28/30] | Train 0.17035 | Combined Val 0.24878 | Clean Val 0.22742 | XYZ 0.0155 | Grip 99.20% | Phase 97.52% | Family 99.37% | Ground 0.73cm | Target 100.00% | Select 0.34162 | Patience 6/8
Epoch [29/30] | Batch [1/2880] | Total 0.17077 | Pose 0.13095 | Grip 0.00288 | Phase Family 100.00% | Ground 0.63cm | Target 100.00%
Epoch [29/30] | Batch [50/2880] | Total 0.18594 | Pose 0.14959 | Grip 0.00401 | Phase Family 100.00% | Ground 0.66cm | Target 100.00%
Epoch [29/30] | Batch [100/2880] | Total 0.18287 | Pose 0.14140 | Grip 0.00526 | Phase Family 100.00% | Ground 0.77cm | Target 100.00%
Epoch [29/30] | Batch [150/2880] | Total 0.17472 | Pose 0.14038 | Grip 0.00188 | Phase Family 100.00% | Ground 0.81cm | Target 100.00%
Epoch [29/30] | Batch [200/2880] | Total 0.15477 | Pose 0.12969 | Grip 0.00118 | Phase Family 100.00% | Ground 0.68cm | Target 100.00%
Epoch [29/30] | Batch [250/2880] | Total 0.16119 | Pose 0.13340 | Grip 0.00056 | Phase Family 100.00% | Ground 0.68cm | Target 100.00%
Epoch [29/30] | Batch [300/2880] | Total 0.15981 | Pose 0.12903 | Grip 0.00124 | Phase Family 100.00% | Ground 0.68cm | Target 100.00%
Epoch [29/30] | Batch [350/2880] | Total 0.20372 | Pose 0.17063 | Grip 0.00152 | Phase Family 100.00% | Ground 0.67cm | Target 100.00%
Epoch [29/30] | Batch [400/2880] | Total 0.16014 | Pose 0.13607 | Grip 0.00018 | Phase Family 100.00% | Ground 0.62cm | Target 100.00%
Epoch [29/30] | Batch [450/2880] | Total 0.16010 | Pose 0.12111 | Grip 0.00156 | Phase Family 100.00% | Ground 0.90cm | Target 100.00%
Epoch [29/30] | Batch [500/2880] | Total 0.18132 | Pose 0.13994 | Grip 0.00109 | Phase Family 100.00% | Ground 0.72cm | Target 100.00%
Epoch [29/30] | Batch [550/2880] | Total 0.17182 | Pose 0.14408 | Grip 0.00207 | Phase Family 100.00% | Ground 0.76cm | Target 100.00%
Epoch [29/30] | Batch [600/2880] | Total 0.17065 | Pose 0.13076 | Grip 0.00294 | Phase Family 100.00% | Ground 0.71cm | Target 100.00%
Epoch [29/30] | Batch [650/2880] | Total 0.16185 | Pose 0.13246 | Grip 0.00293 | Phase Family 100.00% | Ground 0.76cm | Target 100.00%
Epoch [29/30] | Batch [700/2880] | Total 0.16076 | Pose 0.12373 | Grip 0.00537 | Phase Family 100.00% | Ground 0.77cm | Target 100.00%
Epoch [29/30] | Batch [750/2880] | Total 0.15637 | Pose 0.12731 | Grip 0.00142 | Phase Family 100.00% | Ground 0.92cm | Target 100.00%
Epoch [29/30] | Batch [800/2880] | Total 0.19682 | Pose 0.17016 | Grip 0.00118 | Phase Family 100.00% | Ground 0.95cm | Target 100.00%
Epoch [29/30] | Batch [850/2880] | Total 0.16978 | Pose 0.12295 | Grip 0.00413 | Phase Family 100.00% | Ground 0.64cm | Target 100.00%
Epoch [29/30] | Batch [900/2880] | Total 0.15525 | Pose 0.12648 | Grip 0.00039 | Phase Family 100.00% | Ground 0.82cm | Target 100.00%
Epoch [29/30] | Batch [950/2880] | Total 0.18051 | Pose 0.13588 | Grip 0.00767 | Phase Family 100.00% | Ground 0.93cm | Target 100.00%
Epoch [29/30] | Batch [1000/2880] | Total 0.17419 | Pose 0.13677 | Grip 0.00161 | Phase Family 100.00% | Ground 0.80cm | Target 100.00%
Epoch [29/30] | Batch [1050/2880] | Total 0.15323 | Pose 0.12488 | Grip 0.00150 | Phase Family 100.00% | Ground 0.63cm | Target 100.00%
Epoch [29/30] | Batch [1100/2880] | Total 0.20099 | Pose 0.14839 | Grip 0.00460 | Phase Family 100.00% | Ground 0.58cm | Target 100.00%
Epoch [29/30] | Batch [1150/2880] | Total 0.16318 | Pose 0.12871 | Grip 0.00013 | Phase Family 100.00% | Ground 0.96cm | Target 100.00%
Epoch [29/30] | Batch [1200/2880] | Total 0.16498 | Pose 0.13356 | Grip 0.00106 | Phase Family 100.00% | Ground 0.97cm | Target 100.00%
Epoch [29/30] | Batch [1250/2880] | Total 0.20918 | Pose 0.18083 | Grip 0.00061 | Phase Family 100.00% | Ground 0.89cm | Target 100.00%
Epoch [29/30] | Batch [1300/2880] | Total 0.17620 | Pose 0.12653 | Grip 0.00064 | Phase Family 100.00% | Ground 0.81cm | Target 100.00%
Epoch [29/30] | Batch [1350/2880] | Total 0.15841 | Pose 0.13165 | Grip 0.00204 | Phase Family 100.00% | Ground 0.78cm | Target 100.00%
Epoch [29/30] | Batch [1400/2880] | Total 0.20676 | Pose 0.14829 | Grip 0.01027 | Phase Family 100.00% | Ground 0.70cm | Target 100.00%
Epoch [29/30] | Batch [1450/2880] | Total 0.19804 | Pose 0.14731 | Grip 0.00204 | Phase Family 100.00% | Ground 0.77cm | Target 100.00%
Epoch [29/30] | Batch [1500/2880] | Total 0.16549 | Pose 0.12451 | Grip 0.00012 | Phase Family 100.00% | Ground 0.71cm | Target 100.00%
Epoch [29/30] | Batch [1550/2880] | Total 0.16049 | Pose 0.12897 | Grip 0.00055 | Phase Family 100.00% | Ground 0.66cm | Target 100.00%
Epoch [29/30] | Batch [1600/2880] | Total 0.15117 | Pose 0.12366 | Grip 0.00046 | Phase Family 100.00% | Ground 0.75cm | Target 100.00%
Epoch [29/30] | Batch [1650/2880] | Total 0.18328 | Pose 0.14598 | Grip 0.00055 | Phase Family 100.00% | Ground 0.86cm | Target 100.00%
Epoch [29/30] | Batch [1700/2880] | Total 0.20194 | Pose 0.17113 | Grip 0.00264 | Phase Family 100.00% | Ground 0.81cm | Target 100.00%
Epoch [29/30] | Batch [1750/2880] | Total 0.17840 | Pose 0.12734 | Grip 0.00095 | Phase Family 100.00% | Ground 0.63cm | Target 100.00%
Epoch [29/30] | Batch [1800/2880] | Total 0.16620 | Pose 0.12217 | Grip 0.00237 | Phase Family 100.00% | Ground 0.77cm | Target 100.00%
Epoch [29/30] | Batch [1850/2880] | Total 0.18961 | Pose 0.13818 | Grip 0.00326 | Phase Family 100.00% | Ground 0.74cm | Target 100.00%
Epoch [29/30] | Batch [1900/2880] | Total 0.16319 | Pose 0.13115 | Grip 0.00406 | Phase Family 100.00% | Ground 0.65cm | Target 100.00%
Epoch [29/30] | Batch [1950/2880] | Total 0.17168 | Pose 0.12357 | Grip 0.00035 | Phase Family 100.00% | Ground 0.68cm | Target 100.00%
Epoch [29/30] | Batch [2000/2880] | Total 0.24104 | Pose 0.14204 | Grip 0.00258 | Phase Family 100.00% | Ground 0.73cm | Target 100.00%
Epoch [29/30] | Batch [2050/2880] | Total 0.18764 | Pose 0.15438 | Grip 0.00260 | Phase Family 100.00% | Ground 0.89cm | Target 100.00%
Epoch [29/30] | Batch [2100/2880] | Total 0.16615 | Pose 0.12160 | Grip 0.00499 | Phase Family 100.00% | Ground 0.98cm | Target 100.00%
Epoch [29/30] | Batch [2150/2880] | Total 0.16900 | Pose 0.13689 | Grip 0.00108 | Phase Family 100.00% | Ground 0.71cm | Target 100.00%
Epoch [29/30] | Batch [2200/2880] | Total 0.15546 | Pose 0.12525 | Grip 0.00242 | Phase Family 100.00% | Ground 0.73cm | Target 100.00%
Epoch [29/30] | Batch [2250/2880] | Total 0.16329 | Pose 0.13017 | Grip 0.00182 | Phase Family 100.00% | Ground 0.70cm | Target 100.00%
Epoch [29/30] | Batch [2300/2880] | Total 0.18998 | Pose 0.15518 | Grip 0.00055 | Phase Family 100.00% | Ground 0.72cm | Target 100.00%
Epoch [29/30] | Batch [2350/2880] | Total 0.16343 | Pose 0.13532 | Grip 0.00003 | Phase Family 100.00% | Ground 0.64cm | Target 100.00%
Epoch [29/30] | Batch [2400/2880] | Total 0.16549 | Pose 0.13015 | Grip 0.00246 | Phase Family 100.00% | Ground 0.78cm | Target 100.00%
Epoch [29/30] | Batch [2450/2880] | Total 0.17539 | Pose 0.13210 | Grip 0.00062 | Phase Family 100.00% | Ground 0.71cm | Target 100.00%
Epoch [29/30] | Batch [2500/2880] | Total 0.17486 | Pose 0.14226 | Grip 0.00009 | Phase Family 100.00% | Ground 0.87cm | Target 100.00%
Epoch [29/30] | Batch [2550/2880] | Total 0.16164 | Pose 0.12945 | Grip 0.00136 | Phase Family 100.00% | Ground 0.70cm | Target 100.00%
Epoch [29/30] | Batch [2600/2880] | Total 0.17110 | Pose 0.14030 | Grip 0.00044 | Phase Family 100.00% | Ground 0.73cm | Target 100.00%
Epoch [29/30] | Batch [2650/2880] | Total 0.16506 | Pose 0.13519 | Grip 0.00106 | Phase Family 100.00% | Ground 0.65cm | Target 100.00%
Epoch [29/30] | Batch [2700/2880] | Total 0.15454 | Pose 0.11642 | Grip 0.00448 | Phase Family 100.00% | Ground 0.89cm | Target 100.00%
Epoch [29/30] | Batch [2750/2880] | Total 0.17827 | Pose 0.14665 | Grip 0.00151 | Phase Family 100.00% | Ground 0.66cm | Target 100.00%
Epoch [29/30] | Batch [2800/2880] | Total 0.17134 | Pose 0.12928 | Grip 0.00449 | Phase Family 100.00% | Ground 0.73cm | Target 100.00%
Epoch [29/30] | Batch [2850/2880] | Total 0.15948 | Pose 0.13160 | Grip 0.00005 | Phase Family 100.00% | Ground 0.77cm | Target 100.00%
Epoch [29/30] | Train 0.16988 | Combined Val 0.24818 | Clean Val 0.22657 | XYZ 0.0155 | Grip 99.20% | Phase 97.55% | Family 99.38% | Ground 0.74cm | Target 100.00% | Select 0.34041 | Patience 7/8
Epoch [30/30] | Batch [1/2880] | Total 0.17122 | Pose 0.11967 | Grip 0.00166 | Phase Family 100.00% | Ground 0.66cm | Target 100.00%
Epoch [30/30] | Batch [50/2880] | Total 0.17531 | Pose 0.13882 | Grip 0.00144 | Phase Family 100.00% | Ground 0.84cm | Target 100.00%
Epoch [30/30] | Batch [100/2880] | Total 0.15677 | Pose 0.12409 | Grip 0.00044 | Phase Family 100.00% | Ground 0.68cm | Target 100.00%
Epoch [30/30] | Batch [150/2880] | Total 0.17776 | Pose 0.13364 | Grip 0.00030 | Phase Family 100.00% | Ground 0.76cm | Target 100.00%
Epoch [30/30] | Batch [200/2880] | Total 0.15490 | Pose 0.12419 | Grip 0.00466 | Phase Family 100.00% | Ground 0.71cm | Target 100.00%
Epoch [30/30] | Batch [250/2880] | Total 0.16164 | Pose 0.12521 | Grip 0.00013 | Phase Family 100.00% | Ground 0.72cm | Target 100.00%
Epoch [30/30] | Batch [300/2880] | Total 0.17952 | Pose 0.12869 | Grip 0.00227 | Phase Family 100.00% | Ground 0.85cm | Target 100.00%
Epoch [30/30] | Batch [350/2880] | Total 0.17194 | Pose 0.12661 | Grip 0.00384 | Phase Family 100.00% | Ground 0.68cm | Target 100.00%
Epoch [30/30] | Batch [400/2880] | Total 0.17452 | Pose 0.12872 | Grip 0.00197 | Phase Family 100.00% | Ground 1.03cm | Target 100.00%
Epoch [30/30] | Batch [450/2880] | Total 0.17191 | Pose 0.13396 | Grip 0.00014 | Phase Family 100.00% | Ground 0.77cm | Target 100.00%
Epoch [30/30] | Batch [500/2880] | Total 0.17430 | Pose 0.14088 | Grip 0.00380 | Phase Family 100.00% | Ground 0.73cm | Target 100.00%
Epoch [30/30] | Batch [550/2880] | Total 0.15801 | Pose 0.12315 | Grip 0.00508 | Phase Family 100.00% | Ground 0.76cm | Target 100.00%
Epoch [30/30] | Batch [600/2880] | Total 0.15822 | Pose 0.11771 | Grip 0.01154 | Phase Family 100.00% | Ground 0.75cm | Target 100.00%
Epoch [30/30] | Batch [650/2880] | Total 0.17294 | Pose 0.13031 | Grip 0.00579 | Phase Family 100.00% | Ground 0.63cm | Target 100.00%
Epoch [30/30] | Batch [700/2880] | Total 0.17979 | Pose 0.12649 | Grip 0.00583 | Phase Family 100.00% | Ground 0.89cm | Target 100.00%
Epoch [30/30] | Batch [750/2880] | Total 0.18733 | Pose 0.13748 | Grip 0.00195 | Phase Family 100.00% | Ground 0.75cm | Target 100.00%
Epoch [30/30] | Batch [800/2880] | Total 0.16788 | Pose 0.13384 | Grip 0.00024 | Phase Family 100.00% | Ground 0.77cm | Target 100.00%
Epoch [30/30] | Batch [850/2880] | Total 0.15619 | Pose 0.12514 | Grip 0.00330 | Phase Family 100.00% | Ground 0.60cm | Target 100.00%
Epoch [30/30] | Batch [900/2880] | Total 0.15592 | Pose 0.12717 | Grip 0.00222 | Phase Family 100.00% | Ground 0.78cm | Target 100.00%
Epoch [30/30] | Batch [950/2880] | Total 0.15869 | Pose 0.13103 | Grip 0.00017 | Phase Family 100.00% | Ground 0.81cm | Target 100.00%
Epoch [30/30] | Batch [1000/2880] | Total 0.16259 | Pose 0.13265 | Grip 0.00011 | Phase Family 100.00% | Ground 0.71cm | Target 100.00%
Epoch [30/30] | Batch [1050/2880] | Total 0.17782 | Pose 0.14365 | Grip 0.00616 | Phase Family 100.00% | Ground 0.91cm | Target 100.00%
Epoch [30/30] | Batch [1100/2880] | Total 0.16167 | Pose 0.13276 | Grip 0.00075 | Phase Family 100.00% | Ground 0.57cm | Target 100.00%
Epoch [30/30] | Batch [1150/2880] | Total 0.17390 | Pose 0.13513 | Grip 0.00266 | Phase Family 100.00% | Ground 0.76cm | Target 100.00%
Epoch [30/30] | Batch [1200/2880] | Total 0.15488 | Pose 0.12703 | Grip 0.00384 | Phase Family 100.00% | Ground 0.79cm | Target 100.00%
Epoch [30/30] | Batch [1250/2880] | Total 0.19200 | Pose 0.13020 | Grip 0.00333 | Phase Family 100.00% | Ground 0.64cm | Target 100.00%
Epoch [30/30] | Batch [1300/2880] | Total 0.18309 | Pose 0.13757 | Grip 0.00701 | Phase Family 100.00% | Ground 0.87cm | Target 100.00%
Epoch [30/30] | Batch [1350/2880] | Total 0.16311 | Pose 0.13261 | Grip 0.00087 | Phase Family 100.00% | Ground 0.70cm | Target 100.00%
Epoch [30/30] | Batch [1400/2880] | Total 0.17968 | Pose 0.12658 | Grip 0.00146 | Phase Family 100.00% | Ground 0.87cm | Target 100.00%
Epoch [30/30] | Batch [1450/2880] | Total 0.16750 | Pose 0.13225 | Grip 0.00029 | Phase Family 100.00% | Ground 0.77cm | Target 100.00%
Epoch [30/30] | Batch [1500/2880] | Total 0.15080 | Pose 0.12160 | Grip 0.00398 | Phase Family 100.00% | Ground 0.88cm | Target 100.00%
Epoch [30/30] | Batch [1550/2880] | Total 0.19445 | Pose 0.14793 | Grip 0.00009 | Phase Family 100.00% | Ground 0.68cm | Target 100.00%
Epoch [30/30] | Batch [1600/2880] | Total 0.16419 | Pose 0.13142 | Grip 0.00136 | Phase Family 100.00% | Ground 0.74cm | Target 100.00%
Epoch [30/30] | Batch [1650/2880] | Total 0.17503 | Pose 0.14302 | Grip 0.00271 | Phase Family 100.00% | Ground 0.98cm | Target 100.00%
Epoch [30/30] | Batch [1700/2880] | Total 0.15562 | Pose 0.12645 | Grip 0.00036 | Phase Family 100.00% | Ground 0.80cm | Target 100.00%
Epoch [30/30] | Batch [1750/2880] | Total 0.18187 | Pose 0.14409 | Grip 0.00284 | Phase Family 100.00% | Ground 0.70cm | Target 100.00%
Epoch [30/30] | Batch [1800/2880] | Total 0.16468 | Pose 0.13456 | Grip 0.00053 | Phase Family 100.00% | Ground 0.66cm | Target 100.00%
Epoch [30/30] | Batch [1850/2880] | Total 0.20058 | Pose 0.14208 | Grip 0.00018 | Phase Family 100.00% | Ground 0.84cm | Target 100.00%
Epoch [30/30] | Batch [1900/2880] | Total 0.16475 | Pose 0.13059 | Grip 0.00487 | Phase Family 100.00% | Ground 0.58cm | Target 100.00%
Epoch [30/30] | Batch [1950/2880] | Total 0.17062 | Pose 0.13657 | Grip 0.00155 | Phase Family 100.00% | Ground 0.68cm | Target 100.00%
Epoch [30/30] | Batch [2000/2880] | Total 0.16266 | Pose 0.13293 | Grip 0.00260 | Phase Family 100.00% | Ground 0.60cm | Target 100.00%
Epoch [30/30] | Batch [2050/2880] | Total 0.16881 | Pose 0.14225 | Grip 0.00039 | Phase Family 100.00% | Ground 0.84cm | Target 100.00%
Epoch [30/30] | Batch [2100/2880] | Total 0.15597 | Pose 0.12686 | Grip 0.00456 | Phase Family 100.00% | Ground 1.00cm | Target 100.00%
Epoch [30/30] | Batch [2150/2880] | Total 0.17584 | Pose 0.14269 | Grip 0.00117 | Phase Family 100.00% | Ground 0.69cm | Target 100.00%
Epoch [30/30] | Batch [2200/2880] | Total 0.16019 | Pose 0.12813 | Grip 0.00074 | Phase Family 100.00% | Ground 0.78cm | Target 100.00%
Epoch [30/30] | Batch [2250/2880] | Total 0.17013 | Pose 0.13874 | Grip 0.00352 | Phase Family 100.00% | Ground 0.82cm | Target 100.00%
Epoch [30/30] | Batch [2300/2880] | Total 0.14525 | Pose 0.11558 | Grip 0.00059 | Phase Family 100.00% | Ground 0.86cm | Target 100.00%
Epoch [30/30] | Batch [2350/2880] | Total 0.15598 | Pose 0.12780 | Grip 0.00049 | Phase Family 100.00% | Ground 0.64cm | Target 100.00%
Epoch [30/30] | Batch [2400/2880] | Total 0.14819 | Pose 0.11726 | Grip 0.00260 | Phase Family 100.00% | Ground 0.86cm | Target 100.00%
Epoch [30/30] | Batch [2450/2880] | Total 0.16144 | Pose 0.12593 | Grip 0.00225 | Phase Family 100.00% | Ground 0.67cm | Target 100.00%
Epoch [30/30] | Batch [2500/2880] | Total 0.16765 | Pose 0.13572 | Grip 0.00016 | Phase Family 100.00% | Ground 0.75cm | Target 100.00%
Epoch [30/30] | Batch [2550/2880] | Total 0.16235 | Pose 0.12748 | Grip 0.01031 | Phase Family 100.00% | Ground 0.64cm | Target 100.00%
Epoch [30/30] | Batch [2600/2880] | Total 0.16900 | Pose 0.11994 | Grip 0.00187 | Phase Family 100.00% | Ground 0.79cm | Target 100.00%
Epoch [30/30] | Batch [2650/2880] | Total 0.18211 | Pose 0.13598 | Grip 0.00002 | Phase Family 100.00% | Ground 0.77cm | Target 100.00%
Epoch [30/30] | Batch [2700/2880] | Total 0.15216 | Pose 0.12438 | Grip 0.00140 | Phase Family 100.00% | Ground 0.60cm | Target 100.00%
Epoch [30/30] | Batch [2750/2880] | Total 0.17618 | Pose 0.13143 | Grip 0.00476 | Phase Family 100.00% | Ground 0.81cm | Target 100.00%
Epoch [30/30] | Batch [2800/2880] | Total 0.17280 | Pose 0.12995 | Grip 0.00029 | Phase Family 100.00% | Ground 0.78cm | Target 100.00%
Epoch [30/30] | Batch [2850/2880] | Total 0.15340 | Pose 0.12301 | Grip 0.00622 | Phase Family 100.00% | Ground 0.79cm | Target 100.00%
Epoch [30/30] | Train 0.16972 | Combined Val 0.24732 | Clean Val 0.22587 | XYZ 0.0155 | Grip 99.20% | Phase 97.56% | Family 99.37% | Ground 0.74cm | Target 100.00% | Select 0.34041 | Patience 8/8
Early stopping triggered.
Best checkpoint: /tmp/users/3153782y/1349625/output/mini_vla_v3_best.pth
Evaluation policy: /tmp/users/3153782y/1349625/output/mini_vla_v3_policy.pth
Last checkpoint: /tmp/users/3153782y/1349625/output/mini_vla_v3_last.pth
Persistent training log: /tmp/users/3153782y/1349625/output/training_log_v3.csv
[robosuite WARNING] No private macro file found! (macros.py:57)
[robosuite WARNING] It is recommended to use a private macro file (macros.py:58)
[robosuite WARNING] To setup, run: python /users/3153782y/.conda/envs/vla310/lib/python3.10/site-packages/robosuite/scripts/setup_macros.py (macros.py:59)
[robosuite WARNING] Could not import robosuite_models. Some robots may not be available. If you want to use these robots, please install robosuite_models from source (https://github.com/ARISE-Initiative/robosuite_models) or through pip install. (__init__.py:30)
[robosuite WARNING] Could not load the mink-based whole-body IK. Make sure you install related import properly, otherwise you will not be able to use the default IK controller setting for GR1 robot. (__init__.py:40)
Using device: cuda
Execution mode: raw | privileged execution assistance: False
[robosuite INFO] Loading controller configuration from: /users/3153782y/.conda/envs/vla310/lib/python3.10/site-packages/robosuite/controllers/config/robots/default_panda.json (composite_controller_factory.py:121)
Episode 1/6: Pick up the green cylinder | ensemble=temporal
Ep 1 | Step 1/200 | XYZ [ 0.9    0.522 -0.43 ] | RPY [ 0.001  0.001 -0.001] | Grip -1 (0.00) | Phase 0->0 | Ground 1.3cm | Target C | PredXYZ [0.053 0.071 0.824] | TrueXYZ [0.05  0.058 0.822] | EEF [-0.099 -0.016  1.009] | ObjZ 0.822 | Up 1.00 | Hold 0/0 | Age 0 (1) | Resets 0 | Shield 0
Ep 1 | Step 50/200 | XYZ [ 0.02  -0.    -0.186] | RPY [0.    0.003 0.   ] | Grip -1 (0.00) | Phase 1->1 | Ground 1.0cm | Target C | PredXYZ [0.051 0.068 0.822] | TrueXYZ [0.05  0.058 0.822] | EEF [0.048 0.059 0.841] | ObjZ 0.822 | Up 1.00 | Hold 0/0 | Age 0 (1) | Resets 0 | Shield 0
Ep 1 | Step 78/200 | XYZ [ 0.004 -0.001  0.576] | RPY [0.    0.007 0.001] | Grip 1 (1.00) | Phase 3->3 | Ground 0.8cm | Target C | PredXYZ [0.055 0.064 0.867] | TrueXYZ [0.048 0.06  0.871] | EEF [0.048 0.06  0.868] | ObjZ 0.871 | Up 1.00 | Hold 5/0 | Age 0 (1) | Resets 2 | Shield 0
Ep 1 | Step 84/200 | XYZ [ 0.004 -0.     0.426] | RPY [0.001 0.006 0.001] | Grip 1 (1.00) | Phase 3->3 | Ground 0.8cm | Target C | PredXYZ [0.055 0.059 0.901] | TrueXYZ [0.046 0.06  0.906] | EEF [0.046 0.061 0.902] | ObjZ 0.906 | Up 1.00 | Hold 11/5 | Age 0 (1) | Resets 3 | Shield 0
Episode 1: Clean Success | failure=success | termination=success
Episode 2/6: Pick up the red cube | ensemble=temporal
Ep 2 | Step 1/200 | XYZ [ 0.805 -0.053 -0.424] | RPY [ 0.    -0.001  0.604] | Grip -1 (0.00) | Phase 0->0 | Ground 1.0cm | Target A | PredXYZ [ 0.021 -0.017  0.823] | TrueXYZ [ 0.029 -0.022  0.821] | EEF [-0.095 -0.008  1.009] | ObjZ 0.821 | Up 1.00 | Hold 0/0 | Age 0 (1) | Resets 0 | Shield 0
Ep 2 | Step 50/200 | XYZ [ 0.027  0.017 -0.16 ] | RPY [-0.001  0.003 -0.002] | Grip -1 (0.00) | Phase 1->1 | Ground 1.0cm | Target A | PredXYZ [ 0.021 -0.027  0.821] | TrueXYZ [ 0.029 -0.022  0.822] | EEF [ 0.026 -0.03   0.838] | ObjZ 0.822 | Up 1.00 | Hold 0/0 | Age 0 (1) | Resets 0 | Shield 0
Ep 2 | Step 77/200 | XYZ [0.006 0.002 0.569] | RPY [0.002 0.009 0.   ] | Grip 1 (1.00) | Phase 3->3 | Ground 0.9cm | Target A | PredXYZ [ 0.032 -0.029  0.869] | TrueXYZ [ 0.028 -0.022  0.872] | EEF [ 0.026 -0.025  0.871] | ObjZ 0.872 | Up 1.00 | Hold 5/0 | Age 0 (1) | Resets 3 | Shield 0
Ep 2 | Step 83/200 | XYZ [0.006 0.004 0.416] | RPY [ 0.001  0.007 -0.   ] | Grip 1 (1.00) | Phase 3->3 | Ground 1.0cm | Target A | PredXYZ [ 0.033 -0.02   0.908] | TrueXYZ [ 0.026 -0.021  0.906] | EEF [ 0.024 -0.024  0.905] | ObjZ 0.906 | Up 1.00 | Hold 11/5 | Age 0 (1) | Resets 6 | Shield 0
Episode 2: Clean Success | failure=success | termination=success
Scene rejected for ('push', 'A'): Deterministic push path is blocked by a distractor
Scene rejected for ('push', 'A'): Target is too close to the robot reference ray
Scene rejected for ('push', 'A'): Deterministic push path is blocked by a distractor
Episode 3/6: Push the red cube away from the robot | ensemble=temporal
Ep 3 | Step 1/200 | XYZ [-0.005  0.011 -0.627] | RPY [-0.002  0.002 -0.9  ] | Grip 1 (1.00) | Phase 5->5 | Ground 0.1cm | Target A | PredXYZ [-0.065 -0.081  0.823] | TrueXYZ [-0.065 -0.081  0.821] | EEF [-0.093 -0.011  1.021] | ObjZ 0.821 | Up 1.00 | Hold 0/0 | Age 0 (1) | Resets 0 | Shield 0
Ep 3 | Step 50/200 | XYZ [ 0.044 -0.02  -0.338] | RPY [ 0.004 -0.003  0.002] | Grip 1 (1.00) | Phase 6->6 | Ground 0.5cm | Target A | PredXYZ [-0.07  -0.082  0.821] | TrueXYZ [-0.065 -0.081  0.822] | EEF [-0.097  0.005  0.866] | ObjZ 0.822 | Up 1.00 | Hold 0/0 | Age 0 (1) | Resets 0 | Shield 0
Ep 3 | Step 97/200 | XYZ [-0.008  0.039  0.002] | RPY [-0.012  0.004 -0.008] | Grip 1 (1.00) | Phase 8->8 | Ground 0.6cm | Target A | PredXYZ [-0.04  -0.152  0.822] | TrueXYZ [-0.046 -0.149  0.822] | EEF [-0.055 -0.119  0.822] | ObjZ 0.822 | Up 1.00 | Hold 5/5 | Age 3 (4) | Resets 2 | Shield 0
Episode 3: Clean Success | failure=success | termination=success
Episode 4/6: Pick up the blue ball | ensemble=temporal
Ep 4 | Step 1/200 | XYZ [ 0.184  0.143 -0.36 ] | RPY [ 0.     0.    -0.001] | Grip -1 (0.00) | Phase 0->0 | Ground 0.7cm | Target B | PredXYZ [-0.089  0.009  0.827] | TrueXYZ [-0.082  0.006  0.826] | EEF [-0.111 -0.015  1.003] | ObjZ 0.826 | Up 1.00 | Hold 0/0 | Age 0 (1) | Resets 0 | Shield 0
Ep 4 | Step 50/200 | XYZ [ 0.02   0.01  -0.068] | RPY [-0.     0.002 -0.001] | Grip -1 (0.00) | Phase 1->1 | Ground 0.4cm | Target B | PredXYZ [-0.081  0.003  0.825] | TrueXYZ [-0.082  0.006  0.826] | EEF [-0.086  0.003  0.827] | ObjZ 0.826 | Up 1.00 | Hold 0/0 | Age 0 (1) | Resets 0 | Shield 0
Ep 4 | Step 67/200 | XYZ [ 0.009 -0.002  0.571] | RPY [-0.001  0.023 -0.   ] | Grip 1 (1.00) | Phase 3->3 | Ground 2.2cm | Target B | PredXYZ [-0.069  0.005  0.877] | TrueXYZ [-0.088  0.006  0.871] | EEF [-0.091  0.005  0.869] | ObjZ 0.871 | Up 1.00 | Hold 5/0 | Age 0 (1) | Resets 2 | Shield 0
Ep 4 | Step 73/200 | XYZ [ 0.008 -0.001  0.419] | RPY [-0.001  0.007 -0.001] | Grip 1 (1.00) | Phase 3->3 | Ground 2.1cm | Target B | PredXYZ [-0.073  0.007  0.914] | TrueXYZ [-0.089  0.005  0.906] | EEF [-0.092  0.004  0.904] | ObjZ 0.906 | Up 1.00 | Hold 11/5 | Age 0 (1) | Resets 4 | Shield 0
Episode 4: Clean Success | failure=success | termination=success
Scene rejected for ('push', 'C'): Deterministic push path is blocked by a distractor
Scene rejected for ('push', 'C'): Deterministic push path is blocked by a distractor
Scene rejected for ('push', 'C'): Deterministic push path is blocked by a distractor
Scene rejected for ('push', 'C'): Deterministic push path is blocked by a distractor
Scene rejected for ('push', 'C'): Deterministic push path is blocked by a distractor
Scene rejected for ('push', 'C'): Deterministic push path is blocked by a distractor
Scene rejected for ('push', 'C'): Deterministic push path is blocked by a distractor
Scene rejected for ('push', 'C'): Deterministic push path is blocked by a distractor
Scene rejected for ('push', 'C'): Deterministic push path is blocked by a distractor
Scene rejected for ('push', 'C'): Deterministic push path is blocked by a distractor
Scene rejected for ('push', 'C'): Target is too close to the robot reference ray
Scene rejected for ('push', 'C'): Deterministic push path is blocked by a distractor
Scene rejected for ('push', 'C'): Deterministic push path is blocked by a distractor
Scene rejected for ('push', 'C'): Deterministic push path is blocked by a distractor
Scene rejected for ('push', 'C'): Deterministic push path is blocked by a distractor
Episode 5/6: Push the green cylinder away from the robot | ensemble=temporal
Ep 5 | Step 1/200 | XYZ [ 0.004 -0.016 -0.578] | RPY [ 0.002  0.004 -0.9  ] | Grip 1 (1.00) | Phase 5->5 | Ground 1.4cm | Target C | PredXYZ [-0.099 -0.105  0.823] | TrueXYZ [-0.089 -0.095  0.822] | EEF [-0.092 -0.023  1.013] | ObjZ 0.822 | Up 1.00 | Hold 0/0 | Age 0 (1) | Resets 0 | Shield 0
Ep 5 | Step 50/200 | XYZ [ 0.028 -0.022 -0.212] | RPY [0.002 0.007 0.   ] | Grip 1 (1.00) | Phase 6->6 | Ground 0.9cm | Target C | PredXYZ [-0.086 -0.104  0.822] | TrueXYZ [-0.089 -0.095  0.822] | EEF [-0.096 -0.01   0.84 ] | ObjZ 0.822 | Up 1.00 | Hold 0/0 | Age 0 (1) | Resets 0 | Shield 0
Ep 5 | Step 87/200 | XYZ [0.008 0.068 0.005] | RPY [-0.014  0.002 -0.01 ] | Grip 1 (1.00) | Phase 8->8 | Ground 1.4cm | Target C | PredXYZ [-0.096 -0.184  0.822] | TrueXYZ [-0.085 -0.177  0.823] | EEF [-0.088 -0.139  0.818] | ObjZ 0.823 | Up 1.00 | Hold 5/5 | Age 3 (4) | Resets 3 | Shield 17
Episode 5: Clean Success | failure=success | termination=success
Scene rejected for ('push', 'B'): Deterministic push path is blocked by a distractor
Scene rejected for ('push', 'B'): Deterministic push path is blocked by a distractor
Scene rejected for ('push', 'B'): Deterministic push path leaves the safe workspace
Scene rejected for ('push', 'B'): Deterministic push path is blocked by a distractor
Episode 6/6: Push the blue ball away from the robot | ensemble=temporal
Ep 6 | Step 1/200 | XYZ [-0.002 -0.205 -0.571] | RPY [ 0.001  0.004 -0.9  ] | Grip 1 (1.00) | Phase 5->5 | Ground 1.0cm | Target B | PredXYZ [-0.114 -0.112  0.828] | TrueXYZ [-0.11  -0.102  0.826] | EEF [-0.097 -0.008  1.015] | ObjZ 0.826 | Up 1.00 | Hold 0/0 | Age 0 (1) | Resets 0 | Shield 0
Ep 6 | Step 50/200 | XYZ [ 0.022 -0.007 -0.074] | RPY [-0.001  0.003 -0.001] | Grip 1 (1.00) | Phase 6->6 | Ground 0.5cm | Target B | PredXYZ [-0.105 -0.101  0.826] | TrueXYZ [-0.11  -0.102  0.826] | EEF [-0.104 -0.016  0.834] | ObjZ 0.826 | Up 1.00 | Hold 0/0 | Age 0 (1) | Resets 0 | Shield 0
Ep 6 | Step 100/200 | XYZ [-0.01   0.332  0.085] | RPY [ 0.     0.014 -0.006] | Grip 1 (1.00) | Phase 5->5 | Ground 0.3cm | Target B | PredXYZ [-0.114 -0.147  0.826] | TrueXYZ [-0.115 -0.149  0.826] | EEF [-0.1   -0.135  0.918] | ObjZ 0.826 | Up 1.00 | Hold 0/0 | Age 3 (4) | Resets 1 | Shield 0
Ep 6 | Step 150/200 | XYZ [ 0.11  -0.853 -0.035] | RPY [0.019 0.013 0.016] | Grip 1 (1.00) | Phase 7->7 | Ground 1.0cm | Target B | PredXYZ [-0.125 -0.153  0.826] | TrueXYZ [-0.115 -0.149  0.826] | EEF [-0.117 -0.099  0.83 ] | ObjZ 0.826 | Up 1.00 | Hold 0/0 | Age 0 (1) | Resets 1 | Shield 0
Ep 6 | Step 159/200 | XYZ [-0.016  0.067 -0.007] | RPY [ 0.007 -0.017  0.01 ] | Grip 1 (1.00) | Phase 8->8 | Ground 1.3cm | Target B | PredXYZ [-0.12  -0.186  0.826] | TrueXYZ [-0.115 -0.204  0.826] | EEF [-0.102 -0.169  0.831] | ObjZ 0.826 | Up 1.00 | Hold 5/5 | Age 3 (4) | Resets 1 | Shield 0
Episode 6: Clean Success | failure=success | termination=success
{
  "episodes": 6,
  "visual_perturbation": "clean",
  "perturbation": "clean",
  "ensemble_mode": "temporal",
  "temporal_profile": "robust",
  "execution_mode": "raw",
  "uses_privileged_execution_assistance": false,
  "uses_privileged_perturbation_oracle": false,
  "score_scope": "policy_with_workspace_safety_only",
  "buckets": {
    "pick_A": {
      "episodes": 1,
      "task_success_rate": 1.0,
      "clean_success_rate": 1.0,
      "wrong_contact_rate": 0.0,
      "mean_steps": 83.0,
      "mean_grounding_error_cm": 0.6847983104365785,
      "mean_target_class_accuracy": 1.0,
      "mean_action_clip_rate": 0.0,
      "mean_safety_intervention_rate": 0.0,
      "mean_latest_only_rate": 0.6506024096385542,
      "strict_target_contact_rate": 1.0,
      "collateral_contact_rate": 0.0,
      "mean_oldest_prediction_age": 0.9759036144578314,
      "mean_grounding_shift_resets": 6.0,
      "minimum_target_uprightness": 0.9999758566909804,
      "failure_counts": {
        "success": 1
      }
    },
    "pick_B": {
      "episodes": 1,
      "task_success_rate": 1.0,
      "clean_success_rate": 1.0,
      "wrong_contact_rate": 0.0,
      "mean_steps": 73.0,
      "mean_grounding_error_cm": 0.7117513906527649,
      "mean_target_class_accuracy": 1.0,
      "mean_action_clip_rate": 0.0,
      "mean_safety_intervention_rate": 0.0,
      "mean_latest_only_rate": 0.7534246575342466,
      "strict_target_contact_rate": 1.0,
      "collateral_contact_rate": 0.0,
      "mean_oldest_prediction_age": 0.6575342465753424,
      "mean_grounding_shift_resets": 4.0,
      "minimum_target_uprightness": 1.0,
      "failure_counts": {
        "success": 1
      }
    },
    "pick_C": {
      "episodes": 1,
      "task_success_rate": 1.0,
      "clean_success_rate": 1.0,
      "wrong_contact_rate": 0.0,
      "mean_steps": 84.0,
      "mean_grounding_error_cm": 1.0029239873748814,
      "mean_target_class_accuracy": 1.0,
      "mean_action_clip_rate": 0.011904761904761904,
      "mean_safety_intervention_rate": 0.0,
      "mean_latest_only_rate": 0.6428571428571429,
      "strict_target_contact_rate": 1.0,
      "collateral_contact_rate": 0.0,
      "mean_oldest_prediction_age": 1.0,
      "mean_grounding_shift_resets": 3.0,
      "minimum_target_uprightness": 0.9999334077854201,
      "failure_counts": {
        "success": 1
      }
    },
    "push_A": {
      "episodes": 1,
      "task_success_rate": 1.0,
      "clean_success_rate": 1.0,
      "wrong_contact_rate": 0.0,
      "mean_steps": 97.0,
      "mean_grounding_error_cm": 0.6611929745741475,
      "mean_target_class_accuracy": 1.0,
      "mean_action_clip_rate": 0.13402061855670103,
      "mean_safety_intervention_rate": 0.0,
      "mean_latest_only_rate": 0.5360824742268041,
      "strict_target_contact_rate": 1.0,
      "collateral_contact_rate": 0.0,
      "mean_oldest_prediction_age": 1.3298969072164948,
      "mean_grounding_shift_resets": 2.0,
      "minimum_target_uprightness": 0.9998611186747439,
      "failure_counts": {
        "success": 1
      }
    },
    "push_B": {
      "episodes": 1,
      "task_success_rate": 1.0,
      "clean_success_rate": 1.0,
      "wrong_contact_rate": 0.0,
      "mean_steps": 159.0,
      "mean_grounding_error_cm": 0.6474934591456943,
      "mean_target_class_accuracy": 1.0,
      "mean_action_clip_rate": 0.18867924528301888,
      "mean_safety_intervention_rate": 0.0,
      "mean_latest_only_rate": 0.7861635220125787,
      "strict_target_contact_rate": 1.0,
      "collateral_contact_rate": 0.0,
      "mean_oldest_prediction_age": 0.6037735849056604,
      "mean_grounding_shift_resets": 1.0,
      "minimum_target_uprightness": 1.0,
      "failure_counts": {
        "success": 1
      }
    },
    "push_C": {
      "episodes": 1,
      "task_success_rate": 1.0,
      "clean_success_rate": 1.0,
      "wrong_contact_rate": 0.0,
      "mean_steps": 87.0,
      "mean_grounding_error_cm": 0.9134290441078476,
      "mean_target_class_accuracy": 1.0,
      "mean_action_clip_rate": 0.1839080459770115,
      "mean_safety_intervention_rate": 0.19540229885057472,
      "mean_latest_only_rate": 0.5747126436781609,
      "strict_target_contact_rate": 1.0,
      "collateral_contact_rate": 0.0,
      "mean_oldest_prediction_age": 1.206896551724138,
      "mean_grounding_shift_resets": 3.0,
      "minimum_target_uprightness": 0.9999618521919729,
      "failure_counts": {
        "success": 1
      }
    }
  },
  "overall": {
    "task_success_rate": 1.0,
    "clean_success_rate": 1.0,
    "wrong_contact_rate": 0.0,
    "mean_steps": 97.16666666666667,
    "mean_action_clip_rate": 0.08641877862024888,
    "mean_target_class_accuracy": 1.0,
    "mean_safety_intervention_rate": 0.03256704980842912,
    "mean_latest_only_rate": 0.6573071416579145,
    "strict_target_contact_rate": 1.0,
    "collateral_contact_rate": 0.0,
    "mean_oldest_prediction_age": 0.9623341508132445,
    "mean_grounding_shift_resets": 3.1666666666666665,
    "failure_counts": {
      "success": 6
    },
    "passed_80_percent_task_gate": true,
    "passed_80_percent_clean_gate": true,
    "passed_80_percent_gate": true
  }
}
Results: /tmp/users/3153782y/1349625/output/postflight_clean_v3.csv and /tmp/users/3153782y/1349625/output/postflight_clean_v3.json
V3 artifacts will be synchronized to /mnt/scratch/users/3153782y/VLA-Robustness-Eval/runs/v3_hpc_1349625
