benchmark_seed,perturbation_seed,level_cm,ensemble_mode,episode,scene_seed,task,instruction,v2_injected,v3_injected,v2_success,v3_success,v2_failure,v3_failure
20260801,20260802,0,temporal,1,1485225831,push_B,Push the blue ball away from the robot,0,0,0,0,insufficient_push_distance,recovery_limit
20260801,20260802,0,temporal,2,423671072,push_C,Push the green cylinder away from the robot,0,0,1,1,success,success
20260801,20260802,0,temporal,3,375455843,push_C,Push the green cylinder away from the robot,0,0,1,1,success,success
20260801,20260802,0,temporal,4,553518490,push_C,Push the green cylinder away from the robot,0,0,1,1,task_success_only,success
20260801,20260802,0,temporal,5,1506469058,pick_B,Pick up the blue ball,0,0,1,1,success,success
20260801,20260802,0,temporal,6,2061678707,push_C,Push the green cylinder away from the robot,0,0,1,1,success,success
20260801,20260802,0,temporal,7,1419313632,pick_B,Pick up the blue ball,0,0,1,1,success,success
20260801,20260802,0,temporal,8,1070560489,push_B,Push the blue ball away from the robot,0,0,1,1,success,success
20260801,20260802,0,temporal,9,1348464606,push_B,Push the blue ball away from the robot,0,0,0,0,target_not_contacted,insufficient_push_distance
20260801,20260802,0,temporal,10,1982507234,push_B,Push the blue ball away from the robot,0,0,1,1,success,success
20260801,20260802,0,temporal,11,1679153557,pick_A,Pick up the red cube,0,0,1,1,success,success
20260801,20260802,0,temporal,12,1255196262,push_A,Push the red cube away from the robot,0,0,1,1,success,success
20260801,20260802,0,temporal,13,1431197586,pick_B,Pick up the blue ball,0,0,1,1,success,success
20260801,20260802,0,temporal,14,2134975730,pick_B,Pick up the blue ball,0,0,1,1,success,success
20260801,20260802,0,temporal,15,751649339,pick_B,Pick up the blue ball,0,0,1,1,success,success
20260801,20260802,0,temporal,16,937821226,push_B,Push the blue ball away from the robot,0,0,1,1,success,success
20260801,20260802,0,temporal,17,340795577,pick_B,Pick up the blue ball,0,0,1,1,success,success
20260801,20260802,0,temporal,18,1519111428,pick_C,Pick up the green cylinder,0,0,1,1,success,success
20260801,20260802,0,temporal,19,205738177,pick_A,Pick up the red cube,0,0,1,1,success,success
20260801,20260802,0,temporal,20,1200166337,push_A,Push the red cube away from the robot,0,0,1,1,success,success
20260801,20260802,0,temporal,21,1240704403,pick_B,Pick up the blue ball,0,0,1,1,success,success
20260801,20260802,0,temporal,22,988635068,pick_A,Pick up the red cube,0,0,1,1,success,success
20260801,20260802,0,temporal,23,711297445,pick_C,Pick up the green cylinder,0,0,1,1,success,success
20260801,20260802,0,temporal,24,1643017557,push_A,Push the red cube away from the robot,0,0,1,1,success,success
20260801,20260802,0,temporal,25,2069655652,pick_A,Pick up the red cube,0,0,1,1,success,success
20260801,20260802,0,temporal,26,1940129737,push_C,Push the green cylinder away from the robot,0,0,1,1,success,success
20260801,20260802,0,temporal,27,2094903561,push_A,Push the red cube away from the robot,0,0,1,1,success,success
20260801,20260802,0,temporal,28,1947632996,push_B,Push the blue ball away from the robot,0,0,1,1,success,success
20260801,20260802,0,temporal,29,677252663,pick_A,Pick up the red cube,0,0,1,1,success,success
20260801,20260802,0,temporal,30,1357613382,push_A,Push the red cube away from the robot,0,0,1,1,success,success
20260801,20260802,0,temporal,31,322558925,push_C,Push the green cylinder away from the robot,0,0,0,1,insufficient_push_distance,success
20260801,20260802,0,temporal,32,1563891817,push_A,Push the red cube away from the robot,0,0,1,1,success,success
20260801,20260802,0,temporal,33,57000727,pick_A,Pick up the red cube,0,0,1,1,success,success
20260801,20260802,0,temporal,34,1736702307,push_B,Push the blue ball away from the robot,0,0,1,1,success,success
20260801,20260802,0,temporal,35,1294355395,pick_B,Pick up the blue ball,0,0,1,1,success,success
20260801,20260802,0,temporal,36,1662684910,push_A,Push the red cube away from the robot,0,0,1,1,success,success
20260801,20260802,0,temporal,37,1714462720,pick_A,Pick up the red cube,0,0,1,1,success,success
20260801,20260802,0,temporal,38,8882506,pick_C,Pick up the green cylinder,0,0,1,1,success,success
20260801,20260802,0,temporal,39,936234202,push_A,Push the red cube away from the robot,0,0,1,1,success,success
20260801,20260802,0,temporal,40,1675712970,push_B,Push the blue ball away from the robot,0,0,1,1,success,success
20260801,20260802,0,temporal,41,2038025009,pick_B,Pick up the blue ball,0,0,1,1,success,success
20260801,20260802,0,temporal,42,139315407,pick_A,Pick up the red cube,0,0,1,1,success,success
20260801,20260802,0,temporal,43,254320480,pick_C,Pick up the green cylinder,0,0,1,1,success,success
20260801,20260802,0,temporal,44,891626877,push_C,Push the green cylinder away from the robot,0,0,1,1,success,success
20260801,20260802,0,temporal,45,1500631811,pick_A,Pick up the red cube,0,0,1,1,success,success
20260801,20260802,0,temporal,46,1286127551,push_A,Push the red cube away from the robot,0,0,1,1,success,success
20260801,20260802,0,temporal,47,950405951,pick_C,Pick up the green cylinder,0,0,1,1,success,success
20260801,20260802,0,temporal,48,1636226172,pick_A,Pick up the red cube,0,0,1,1,success,success
20260801,20260802,0,temporal,49,497244317,pick_C,Pick up the green cylinder,0,0,1,1,success,success
20260801,20260802,0,temporal,50,1510784023,push_B,Push the blue ball away from the robot,0,0,1,1,success,success
20260801,20260802,0,temporal,51,869057764,push_C,Push the green cylinder away from the robot,0,0,1,1,success,success
20260801,20260802,0,temporal,52,2010421004,pick_C,Pick up the green cylinder,0,0,1,1,wrong_object_contact,success
20260801,20260802,0,temporal,53,1174929712,pick_C,Pick up the green cylinder,0,0,1,1,success,success
20260801,20260802,0,temporal,54,491312438,push_C,Push the green cylinder away from the robot,0,0,0,1,insufficient_push_distance,success
20260801,20260802,0,temporal,55,1969865608,push_C,Push the green cylinder away from the robot,0,0,1,1,success,success
20260801,20260802,0,temporal,56,1946662380,pick_C,Pick up the green cylinder,0,0,1,1,success,success
20260801,20260802,0,temporal,57,886771867,pick_B,Pick up the blue ball,0,0,1,1,success,success
20260801,20260802,0,temporal,58,1306754469,push_A,Push the red cube away from the robot,0,0,1,1,success,success
20260801,20260802,0,temporal,59,1495092352,pick_C,Pick up the green cylinder,0,0,1,1,success,success
20260801,20260802,0,temporal,60,1145732370,push_B,Push the blue ball away from the robot,0,0,1,1,success,success
20260811,20260812,0,temporal,1,1108291765,pick_B,Pick up the blue ball,0,0,1,1,success,success
20260811,20260812,0,temporal,2,597377677,pick_A,Pick up the red cube,0,0,1,1,success,success
20260811,20260812,0,temporal,3,627505086,push_C,Push the green cylinder away from the robot,0,0,1,1,success,success
20260811,20260812,0,temporal,4,1237221648,push_A,Push the red cube away from the robot,0,0,0,1,insufficient_push_distance,success
20260811,20260812,0,temporal,5,884968109,pick_B,Pick up the blue ball,0,0,1,1,success,success
20260811,20260812,0,temporal,6,950419073,pick_C,Pick up the green cylinder,0,0,1,1,success,success
20260811,20260812,0,temporal,7,1386785222,push_A,Push the red cube away from the robot,0,0,1,1,success,success
20260811,20260812,0,temporal,8,1647636036,push_A,Push the red cube away from the robot,0,0,1,1,success,success
20260811,20260812,0,temporal,9,709682685,pick_A,Pick up the red cube,0,0,1,1,success,success
20260811,20260812,0,temporal,10,947302754,pick_B,Pick up the blue ball,0,0,1,1,success,success
20260811,20260812,0,temporal,11,2115569061,push_A,Push the red cube away from the robot,0,0,1,1,success,success
20260811,20260812,0,temporal,12,242403568,push_B,Push the blue ball away from the robot,0,0,1,1,success,success
20260811,20260812,0,temporal,13,141437265,push_A,Push the red cube away from the robot,0,0,1,1,success,success
20260811,20260812,0,temporal,14,2039796682,pick_C,Pick up the green cylinder,0,0,1,1,success,success
20260811,20260812,0,temporal,15,69840060,pick_B,Pick up the blue ball,0,0,1,1,success,success
20260811,20260812,0,temporal,16,1943017295,push_A,Push the red cube away from the robot,0,0,1,1,success,success
20260811,20260812,0,temporal,17,2104894479,pick_C,Pick up the green cylinder,0,0,1,1,success,success
20260811,20260812,0,temporal,18,1132678512,pick_A,Pick up the red cube,0,0,1,1,success,success
20260811,20260812,0,temporal,19,665540359,pick_B,Pick up the blue ball,0,0,1,1,success,success
20260811,20260812,0,temporal,20,857946723,push_C,Push the green cylinder away from the robot,0,0,1,1,success,success
20260811,20260812,0,temporal,21,1340257999,pick_B,Pick up the blue ball,0,0,1,1,success,success
20260811,20260812,0,temporal,22,2084683216,pick_A,Pick up the red cube,0,0,1,1,success,success
20260811,20260812,0,temporal,23,1363560690,push_C,Push the green cylinder away from the robot,0,0,1,1,success,success
20260811,20260812,0,temporal,24,613602556,pick_A,Pick up the red cube,0,0,1,1,success,success
20260811,20260812,0,temporal,25,20673085,pick_B,Pick up the blue ball,0,0,1,1,success,success
20260811,20260812,0,temporal,26,287609370,pick_C,Pick up the green cylinder,0,0,0,1,grasp_failed_after_contact,success
20260811,20260812,0,temporal,27,1859882343,push_C,Push the green cylinder away from the robot,0,0,1,1,success,success
20260811,20260812,0,temporal,28,943077148,pick_B,Pick up the blue ball,0,0,1,1,success,success
20260811,20260812,0,temporal,29,1559064316,pick_B,Pick up the blue ball,0,0,1,1,success,success
20260811,20260812,0,temporal,30,1984652207,push_C,Push the green cylinder away from the robot,0,0,1,1,success,success
20260811,20260812,0,temporal,31,230134447,push_A,Push the red cube away from the robot,0,0,1,1,success,success
20260811,20260812,0,temporal,32,783789416,push_C,Push the green cylinder away from the robot,0,0,1,1,success,success
20260811,20260812,0,temporal,33,2001084263,push_C,Push the green cylinder away from the robot,0,0,0,1,insufficient_push_distance,success
20260811,20260812,0,temporal,34,1180781097,push_C,Push the green cylinder away from the robot,0,0,1,1,success,success
20260811,20260812,0,temporal,35,163966935,pick_C,Pick up the green cylinder,0,0,1,1,success,success
20260811,20260812,0,temporal,36,1837138281,pick_A,Pick up the red cube,0,0,1,1,success,success
20260811,20260812,0,temporal,37,780026865,pick_A,Pick up the red cube,0,0,1,1,success,success
20260811,20260812,0,temporal,38,1607092712,push_B,Push the blue ball away from the robot,0,0,1,1,success,success
20260811,20260812,0,temporal,39,1451266199,push_A,Push the red cube away from the robot,0,0,1,1,success,success
20260811,20260812,0,temporal,40,358756413,pick_C,Pick up the green cylinder,0,0,1,1,success,success
20260811,20260812,0,temporal,41,1421965644,push_B,Push the blue ball away from the robot,0,0,1,1,success,success
20260811,20260812,0,temporal,42,59016797,push_B,Push the blue ball away from the robot,0,0,0,0,insufficient_push_distance,recovery_limit
20260811,20260812,0,temporal,43,1302654236,pick_C,Pick up the green cylinder,0,0,1,1,success,success
20260811,20260812,0,temporal,44,384580899,push_B,Push the blue ball away from the robot,0,0,1,1,success,success
20260811,20260812,0,temporal,45,1011128636,push_C,Push the green cylinder away from the robot,0,0,0,1,insufficient_push_distance,success
20260811,20260812,0,temporal,46,296641795,pick_B,Pick up the blue ball,0,0,1,1,success,success
20260811,20260812,0,temporal,47,123843409,push_B,Push the blue ball away from the robot,0,0,1,1,success,success
20260811,20260812,0,temporal,48,134514525,push_A,Push the red cube away from the robot,0,0,1,1,success,success
20260811,20260812,0,temporal,49,277643107,push_B,Push the blue ball away from the robot,0,0,1,1,success,success
20260811,20260812,0,temporal,50,1980477288,pick_A,Pick up the red cube,0,0,1,1,success,success
20260811,20260812,0,temporal,51,1664468370,push_B,Push the blue ball away from the robot,0,0,1,1,success,success
20260811,20260812,0,temporal,52,1089264912,push_C,Push the green cylinder away from the robot,0,0,1,1,success,success
20260811,20260812,0,temporal,53,1025412360,pick_C,Pick up the green cylinder,0,0,0,1,target_toppled_before_grasp,success
20260811,20260812,0,temporal,54,730531494,pick_C,Pick up the green cylinder,0,0,1,1,success,success
20260811,20260812,0,temporal,55,1446152857,pick_A,Pick up the red cube,0,0,1,1,success,success
20260811,20260812,0,temporal,56,1446783571,push_B,Push the blue ball away from the robot,0,0,1,1,success,success
20260811,20260812,0,temporal,57,467683298,pick_A,Pick up the red cube,0,0,0,1,grasp_failed_after_contact,success
20260811,20260812,0,temporal,58,1944327625,pick_C,Pick up the green cylinder,0,0,1,1,success,success
20260811,20260812,0,temporal,59,803382679,push_B,Push the blue ball away from the robot,0,0,1,1,success,success
20260811,20260812,0,temporal,60,1586958513,push_A,Push the red cube away from the robot,0,0,1,1,success,success
20260801,20260802,1,temporal,1,1485225831,push_B,Push the blue ball away from the robot,1,1,0,1,insufficient_push_distance,success
20260801,20260802,1,temporal,2,423671072,push_C,Push the green cylinder away from the robot,1,1,1,1,success,success
20260801,20260802,1,temporal,3,375455843,push_C,Push the green cylinder away from the robot,1,1,1,1,success,success
20260801,20260802,1,temporal,4,553518490,push_C,Push the green cylinder away from the robot,1,1,1,1,success,success
20260801,20260802,1,temporal,5,1506469058,pick_B,Pick up the blue ball,1,1,1,1,success,success
20260801,20260802,1,temporal,6,2061678707,push_C,Push the green cylinder away from the robot,1,1,1,1,task_success_only,success
20260801,20260802,1,temporal,7,1419313632,pick_B,Pick up the blue ball,1,1,1,1,success,success
20260801,20260802,1,temporal,8,1070560489,push_B,Push the blue ball away from the robot,1,1,1,1,success,success
20260801,20260802,1,temporal,9,1348464606,push_B,Push the blue ball away from the robot,1,1,0,0,insufficient_push_distance,insufficient_push_distance
20260801,20260802,1,temporal,10,1982507234,push_B,Push the blue ball away from the robot,1,1,1,1,success,success
20260801,20260802,1,temporal,11,1679153557,pick_A,Pick up the red cube,1,1,1,1,success,success
20260801,20260802,1,temporal,12,1255196262,push_A,Push the red cube away from the robot,1,1,1,1,success,success
20260801,20260802,1,temporal,13,1431197586,pick_B,Pick up the blue ball,1,1,1,1,success,success
20260801,20260802,1,temporal,14,2134975730,pick_B,Pick up the blue ball,1,1,1,1,success,success
20260801,20260802,1,temporal,15,751649339,pick_B,Pick up the blue ball,1,1,1,1,success,success
20260801,20260802,1,temporal,16,937821226,push_B,Push the blue ball away from the robot,1,1,1,1,success,success
20260801,20260802,1,temporal,17,340795577,pick_B,Pick up the blue ball,1,1,1,1,success,success
20260801,20260802,1,temporal,18,1519111428,pick_C,Pick up the green cylinder,1,1,1,1,success,success
20260801,20260802,1,temporal,19,205738177,pick_A,Pick up the red cube,1,1,1,1,success,success
20260801,20260802,1,temporal,20,1200166337,push_A,Push the red cube away from the robot,1,1,1,1,success,success
20260801,20260802,1,temporal,21,1240704403,pick_B,Pick up the blue ball,1,1,1,1,success,success
20260801,20260802,1,temporal,22,988635068,pick_A,Pick up the red cube,1,1,1,1,success,success
20260801,20260802,1,temporal,23,711297445,pick_C,Pick up the green cylinder,1,1,1,1,success,success
20260801,20260802,1,temporal,24,1643017557,push_A,Push the red cube away from the robot,1,1,1,1,success,success
20260801,20260802,1,temporal,25,2069655652,pick_A,Pick up the red cube,1,1,1,1,success,success
20260801,20260802,1,temporal,26,1940129737,push_C,Push the green cylinder away from the robot,1,1,1,1,success,success
20260801,20260802,1,temporal,27,2094903561,push_A,Push the red cube away from the robot,1,1,1,1,success,success
20260801,20260802,1,temporal,28,1947632996,push_B,Push the blue ball away from the robot,1,1,1,1,success,success
20260801,20260802,1,temporal,29,677252663,pick_A,Pick up the red cube,1,1,1,1,success,success
20260801,20260802,1,temporal,30,1357613382,push_A,Push the red cube away from the robot,1,1,1,1,success,success
20260801,20260802,1,temporal,31,322558925,push_C,Push the green cylinder away from the robot,1,1,0,1,insufficient_push_distance,success
20260801,20260802,1,temporal,32,1563891817,push_A,Push the red cube away from the robot,1,1,1,1,success,success
20260801,20260802,1,temporal,33,57000727,pick_A,Pick up the red cube,1,1,1,1,success,success
20260801,20260802,1,temporal,34,1736702307,push_B,Push the blue ball away from the robot,1,1,1,1,success,success
20260801,20260802,1,temporal,35,1294355395,pick_B,Pick up the blue ball,1,1,1,1,success,success
20260801,20260802,1,temporal,36,1662684910,push_A,Push the red cube away from the robot,1,1,1,1,success,success
20260801,20260802,1,temporal,37,1714462720,pick_A,Pick up the red cube,1,1,1,1,success,success
20260801,20260802,1,temporal,38,8882506,pick_C,Pick up the green cylinder,1,1,1,1,success,success
20260801,20260802,1,temporal,39,936234202,push_A,Push the red cube away from the robot,1,1,1,1,success,success
20260801,20260802,1,temporal,40,1675712970,push_B,Push the blue ball away from the robot,1,1,1,1,success,success
20260801,20260802,1,temporal,41,2038025009,pick_B,Pick up the blue ball,1,1,1,1,success,success
20260801,20260802,1,temporal,42,139315407,pick_A,Pick up the red cube,1,1,1,1,success,success
20260801,20260802,1,temporal,43,254320480,pick_C,Pick up the green cylinder,1,1,1,1,success,success
20260801,20260802,1,temporal,44,891626877,push_C,Push the green cylinder away from the robot,1,1,1,1,success,success
20260801,20260802,1,temporal,45,1500631811,pick_A,Pick up the red cube,1,1,1,1,success,success
20260801,20260802,1,temporal,46,1286127551,push_A,Push the red cube away from the robot,1,1,1,1,success,success
20260801,20260802,1,temporal,47,950405951,pick_C,Pick up the green cylinder,1,1,1,1,success,success
20260801,20260802,1,temporal,48,1636226172,pick_A,Pick up the red cube,1,1,1,1,success,success
20260801,20260802,1,temporal,49,497244317,pick_C,Pick up the green cylinder,1,1,1,1,success,success
20260801,20260802,1,temporal,50,1510784023,push_B,Push the blue ball away from the robot,1,1,1,1,success,success
20260801,20260802,1,temporal,51,869057764,push_C,Push the green cylinder away from the robot,1,1,1,1,success,success
20260801,20260802,1,temporal,52,2010421004,pick_C,Pick up the green cylinder,1,1,1,1,wrong_object_contact,success
20260801,20260802,1,temporal,53,1174929712,pick_C,Pick up the green cylinder,1,1,1,1,success,success
20260801,20260802,1,temporal,54,491312438,push_C,Push the green cylinder away from the robot,1,1,0,1,insufficient_push_distance,success
20260801,20260802,1,temporal,55,1969865608,push_C,Push the green cylinder away from the robot,1,1,1,1,success,success
20260801,20260802,1,temporal,56,1946662380,pick_C,Pick up the green cylinder,1,1,1,1,success,success
20260801,20260802,1,temporal,57,886771867,pick_B,Pick up the blue ball,1,1,1,1,success,success
20260801,20260802,1,temporal,58,1306754469,push_A,Push the red cube away from the robot,1,1,1,1,success,success
20260801,20260802,1,temporal,59,1495092352,pick_C,Pick up the green cylinder,1,1,1,1,success,success
20260801,20260802,1,temporal,60,1145732370,push_B,Push the blue ball away from the robot,1,1,1,1,success,success
20260811,20260812,1,temporal,1,1108291765,pick_B,Pick up the blue ball,1,1,1,1,success,success
20260811,20260812,1,temporal,2,597377677,pick_A,Pick up the red cube,1,1,1,1,success,success
20260811,20260812,1,temporal,3,627505086,push_C,Push the green cylinder away from the robot,1,1,1,1,success,success
20260811,20260812,1,temporal,4,1237221648,push_A,Push the red cube away from the robot,1,1,1,1,success,success
20260811,20260812,1,temporal,5,884968109,pick_B,Pick up the blue ball,1,1,1,1,success,success
20260811,20260812,1,temporal,6,950419073,pick_C,Pick up the green cylinder,1,1,1,1,success,success
20260811,20260812,1,temporal,7,1386785222,push_A,Push the red cube away from the robot,1,1,1,1,success,success
20260811,20260812,1,temporal,8,1647636036,push_A,Push the red cube away from the robot,1,1,1,1,success,success
20260811,20260812,1,temporal,9,709682685,pick_A,Pick up the red cube,1,1,1,1,success,success
20260811,20260812,1,temporal,10,947302754,pick_B,Pick up the blue ball,1,1,1,1,success,success
20260811,20260812,1,temporal,11,2115569061,push_A,Push the red cube away from the robot,1,1,1,1,success,success
20260811,20260812,1,temporal,12,242403568,push_B,Push the blue ball away from the robot,1,1,1,1,success,success
20260811,20260812,1,temporal,13,141437265,push_A,Push the red cube away from the robot,1,1,1,1,success,success
20260811,20260812,1,temporal,14,2039796682,pick_C,Pick up the green cylinder,1,1,0,1,object_launched,success
20260811,20260812,1,temporal,15,69840060,pick_B,Pick up the blue ball,1,1,1,1,success,success
20260811,20260812,1,temporal,16,1943017295,push_A,Push the red cube away from the robot,1,1,0,1,insufficient_push_distance,success
20260811,20260812,1,temporal,17,2104894479,pick_C,Pick up the green cylinder,1,1,1,1,success,success
20260811,20260812,1,temporal,18,1132678512,pick_A,Pick up the red cube,1,1,1,1,success,success
20260811,20260812,1,temporal,19,665540359,pick_B,Pick up the blue ball,1,1,1,1,success,success
20260811,20260812,1,temporal,20,857946723,push_C,Push the green cylinder away from the robot,1,1,1,1,success,success
20260811,20260812,1,temporal,21,1340257999,pick_B,Pick up the blue ball,1,1,1,1,success,success
20260811,20260812,1,temporal,22,2084683216,pick_A,Pick up the red cube,1,1,1,1,success,success
20260811,20260812,1,temporal,23,1363560690,push_C,Push the green cylinder away from the robot,1,1,1,1,success,success
20260811,20260812,1,temporal,24,613602556,pick_A,Pick up the red cube,1,1,1,1,success,success
20260811,20260812,1,temporal,25,20673085,pick_B,Pick up the blue ball,1,1,1,1,success,success
20260811,20260812,1,temporal,26,287609370,pick_C,Pick up the green cylinder,1,1,0,1,target_toppled_before_grasp,success
20260811,20260812,1,temporal,27,1859882343,push_C,Push the green cylinder away from the robot,1,1,1,1,success,success
20260811,20260812,1,temporal,28,943077148,pick_B,Pick up the blue ball,1,1,1,1,success,success
20260811,20260812,1,temporal,29,1559064316,pick_B,Pick up the blue ball,1,1,1,1,success,success
20260811,20260812,1,temporal,30,1984652207,push_C,Push the green cylinder away from the robot,1,1,1,1,success,success
20260811,20260812,1,temporal,31,230134447,push_A,Push the red cube away from the robot,1,1,1,1,success,success
20260811,20260812,1,temporal,32,783789416,push_C,Push the green cylinder away from the robot,1,1,1,1,success,success
20260811,20260812,1,temporal,33,2001084263,push_C,Push the green cylinder away from the robot,1,1,1,1,success,success
20260811,20260812,1,temporal,34,1180781097,push_C,Push the green cylinder away from the robot,1,1,1,1,success,success
20260811,20260812,1,temporal,35,163966935,pick_C,Pick up the green cylinder,1,1,1,1,success,success
20260811,20260812,1,temporal,36,1837138281,pick_A,Pick up the red cube,1,1,1,1,success,success
20260811,20260812,1,temporal,37,780026865,pick_A,Pick up the red cube,1,1,1,1,success,success
20260811,20260812,1,temporal,38,1607092712,push_B,Push the blue ball away from the robot,1,1,1,1,success,success
20260811,20260812,1,temporal,39,1451266199,push_A,Push the red cube away from the robot,1,1,1,1,success,success
20260811,20260812,1,temporal,40,358756413,pick_C,Pick up the green cylinder,1,1,1,1,success,success
20260811,20260812,1,temporal,41,1421965644,push_B,Push the blue ball away from the robot,1,1,1,1,success,success
20260811,20260812,1,temporal,42,59016797,push_B,Push the blue ball away from the robot,1,1,0,0,insufficient_push_distance,recovery_limit
20260811,20260812,1,temporal,43,1302654236,pick_C,Pick up the green cylinder,1,1,1,1,success,success
20260811,20260812,1,temporal,44,384580899,push_B,Push the blue ball away from the robot,1,1,1,1,success,success
20260811,20260812,1,temporal,45,1011128636,push_C,Push the green cylinder away from the robot,1,1,0,1,insufficient_push_distance,success
20260811,20260812,1,temporal,46,296641795,pick_B,Pick up the blue ball,1,1,1,1,success,success
20260811,20260812,1,temporal,47,123843409,push_B,Push the blue ball away from the robot,1,1,1,1,success,success
20260811,20260812,1,temporal,48,134514525,push_A,Push the red cube away from the robot,1,1,1,1,success,success
20260811,20260812,1,temporal,49,277643107,push_B,Push the blue ball away from the robot,1,1,1,1,success,success
20260811,20260812,1,temporal,50,1980477288,pick_A,Pick up the red cube,1,1,1,1,success,success
20260811,20260812,1,temporal,51,1664468370,push_B,Push the blue ball away from the robot,1,1,1,1,success,success
20260811,20260812,1,temporal,52,1089264912,push_C,Push the green cylinder away from the robot,1,1,1,1,success,success
20260811,20260812,1,temporal,53,1025412360,pick_C,Pick up the green cylinder,1,1,0,1,grasp_failed_after_contact,success
20260811,20260812,1,temporal,54,730531494,pick_C,Pick up the green cylinder,1,1,1,1,success,success
20260811,20260812,1,temporal,55,1446152857,pick_A,Pick up the red cube,1,1,1,1,success,success
20260811,20260812,1,temporal,56,1446783571,push_B,Push the blue ball away from the robot,1,1,1,1,success,success
20260811,20260812,1,temporal,57,467683298,pick_A,Pick up the red cube,1,1,0,1,object_dropped,success
20260811,20260812,1,temporal,58,1944327625,pick_C,Pick up the green cylinder,1,1,1,1,success,success
20260811,20260812,1,temporal,59,803382679,push_B,Push the blue ball away from the robot,1,1,1,1,success,success
20260811,20260812,1,temporal,60,1586958513,push_A,Push the red cube away from the robot,1,1,1,1,success,success
20260801,20260802,2,temporal,1,1485225831,push_B,Push the blue ball away from the robot,1,1,0,1,insufficient_push_distance,success
20260801,20260802,2,temporal,2,423671072,push_C,Push the green cylinder away from the robot,1,1,1,1,success,success
20260801,20260802,2,temporal,3,375455843,push_C,Push the green cylinder away from the robot,1,1,1,1,success,success
20260801,20260802,2,temporal,4,553518490,push_C,Push the green cylinder away from the robot,1,1,1,1,success,success
20260801,20260802,2,temporal,5,1506469058,pick_B,Pick up the blue ball,1,1,1,1,success,success
20260801,20260802,2,temporal,6,2061678707,push_C,Push the green cylinder away from the robot,1,1,1,1,task_success_only,success
20260801,20260802,2,temporal,7,1419313632,pick_B,Pick up the blue ball,1,1,1,1,success,success
20260801,20260802,2,temporal,8,1070560489,push_B,Push the blue ball away from the robot,1,1,1,1,success,success
20260801,20260802,2,temporal,9,1348464606,push_B,Push the blue ball away from the robot,1,1,0,0,insufficient_push_distance,insufficient_push_distance
20260801,20260802,2,temporal,10,1982507234,push_B,Push the blue ball away from the robot,1,1,1,1,success,success
20260801,20260802,2,temporal,11,1679153557,pick_A,Pick up the red cube,1,1,1,1,success,success
20260801,20260802,2,temporal,12,1255196262,push_A,Push the red cube away from the robot,1,1,1,1,success,success
20260801,20260802,2,temporal,13,1431197586,pick_B,Pick up the blue ball,1,1,1,1,success,success
20260801,20260802,2,temporal,14,2134975730,pick_B,Pick up the blue ball,1,1,1,1,success,success
20260801,20260802,2,temporal,15,751649339,pick_B,Pick up the blue ball,1,1,1,1,success,success
20260801,20260802,2,temporal,16,937821226,push_B,Push the blue ball away from the robot,1,1,1,1,success,success
20260801,20260802,2,temporal,17,340795577,pick_B,Pick up the blue ball,1,1,1,1,success,success
20260801,20260802,2,temporal,18,1519111428,pick_C,Pick up the green cylinder,1,1,0,1,grasp_failed_after_contact,success
20260801,20260802,2,temporal,19,205738177,pick_A,Pick up the red cube,1,1,0,1,wrong_object_contact,success
20260801,20260802,2,temporal,20,1200166337,push_A,Push the red cube away from the robot,1,1,1,1,success,success
20260801,20260802,2,temporal,21,1240704403,pick_B,Pick up the blue ball,1,1,1,1,success,success
20260801,20260802,2,temporal,22,988635068,pick_A,Pick up the red cube,1,1,1,1,success,success
20260801,20260802,2,temporal,23,711297445,pick_C,Pick up the green cylinder,1,1,1,1,success,success
20260801,20260802,2,temporal,24,1643017557,push_A,Push the red cube away from the robot,1,1,1,1,success,success
20260801,20260802,2,temporal,25,2069655652,pick_A,Pick up the red cube,1,1,1,1,success,success
20260801,20260802,2,temporal,26,1940129737,push_C,Push the green cylinder away from the robot,1,1,1,1,success,success
20260801,20260802,2,temporal,27,2094903561,push_A,Push the red cube away from the robot,1,1,1,1,success,success
20260801,20260802,2,temporal,28,1947632996,push_B,Push the blue ball away from the robot,1,1,1,1,success,success
20260801,20260802,2,temporal,29,677252663,pick_A,Pick up the red cube,1,1,1,1,success,success
20260801,20260802,2,temporal,30,1357613382,push_A,Push the red cube away from the robot,1,1,1,1,success,success
20260801,20260802,2,temporal,31,322558925,push_C,Push the green cylinder away from the robot,1,1,1,1,success,success
20260801,20260802,2,temporal,32,1563891817,push_A,Push the red cube away from the robot,1,1,1,1,success,success
20260801,20260802,2,temporal,33,57000727,pick_A,Pick up the red cube,1,1,1,1,success,success
20260801,20260802,2,temporal,34,1736702307,push_B,Push the blue ball away from the robot,1,1,1,1,success,success
20260801,20260802,2,temporal,35,1294355395,pick_B,Pick up the blue ball,1,1,1,1,success,success
20260801,20260802,2,temporal,36,1662684910,push_A,Push the red cube away from the robot,1,1,1,1,success,success
20260801,20260802,2,temporal,37,1714462720,pick_A,Pick up the red cube,1,1,0,1,object_dropped,success
20260801,20260802,2,temporal,38,8882506,pick_C,Pick up the green cylinder,1,1,1,0,success,recovery_limit
20260801,20260802,2,temporal,39,936234202,push_A,Push the red cube away from the robot,1,1,0,1,insufficient_push_distance,success
20260801,20260802,2,temporal,40,1675712970,push_B,Push the blue ball away from the robot,1,1,1,1,success,success
20260801,20260802,2,temporal,41,2038025009,pick_B,Pick up the blue ball,1,1,1,1,success,success
20260801,20260802,2,temporal,42,139315407,pick_A,Pick up the red cube,1,1,1,1,success,success
20260801,20260802,2,temporal,43,254320480,pick_C,Pick up the green cylinder,1,1,1,1,success,success
20260801,20260802,2,temporal,44,891626877,push_C,Push the green cylinder away from the robot,1,1,1,1,success,success
20260801,20260802,2,temporal,45,1500631811,pick_A,Pick up the red cube,1,1,1,1,success,success
20260801,20260802,2,temporal,46,1286127551,push_A,Push the red cube away from the robot,1,1,0,1,insufficient_push_distance,success
20260801,20260802,2,temporal,47,950405951,pick_C,Pick up the green cylinder,1,1,1,1,success,success
20260801,20260802,2,temporal,48,1636226172,pick_A,Pick up the red cube,1,1,1,1,success,success
20260801,20260802,2,temporal,49,497244317,pick_C,Pick up the green cylinder,1,1,1,1,success,success
20260801,20260802,2,temporal,50,1510784023,push_B,Push the blue ball away from the robot,1,1,1,1,success,success
20260801,20260802,2,temporal,51,869057764,push_C,Push the green cylinder away from the robot,1,1,1,1,success,success
20260801,20260802,2,temporal,52,2010421004,pick_C,Pick up the green cylinder,1,1,0,1,wrong_object_contact,success
20260801,20260802,2,temporal,53,1174929712,pick_C,Pick up the green cylinder,1,1,1,1,success,success
20260801,20260802,2,temporal,54,491312438,push_C,Push the green cylinder away from the robot,1,1,0,1,insufficient_push_distance,success
20260801,20260802,2,temporal,55,1969865608,push_C,Push the green cylinder away from the robot,1,1,1,1,success,success
20260801,20260802,2,temporal,56,1946662380,pick_C,Pick up the green cylinder,1,1,0,1,wrong_object_contact,success
20260801,20260802,2,temporal,57,886771867,pick_B,Pick up the blue ball,1,1,1,1,success,success
20260801,20260802,2,temporal,58,1306754469,push_A,Push the red cube away from the robot,1,1,1,1,success,success
20260801,20260802,2,temporal,59,1495092352,pick_C,Pick up the green cylinder,1,1,1,1,success,success
20260801,20260802,2,temporal,60,1145732370,push_B,Push the blue ball away from the robot,1,1,1,1,success,success
20260811,20260812,2,temporal,1,1108291765,pick_B,Pick up the blue ball,1,1,1,1,success,success
20260811,20260812,2,temporal,2,597377677,pick_A,Pick up the red cube,1,1,1,1,success,success
20260811,20260812,2,temporal,3,627505086,push_C,Push the green cylinder away from the robot,1,1,1,1,success,success
20260811,20260812,2,temporal,4,1237221648,push_A,Push the red cube away from the robot,1,1,1,1,success,success
20260811,20260812,2,temporal,5,884968109,pick_B,Pick up the blue ball,1,1,1,1,success,success
20260811,20260812,2,temporal,6,950419073,pick_C,Pick up the green cylinder,1,1,1,1,success,success
20260811,20260812,2,temporal,7,1386785222,push_A,Push the red cube away from the robot,1,1,1,1,success,success
20260811,20260812,2,temporal,8,1647636036,push_A,Push the red cube away from the robot,1,1,1,1,success,success
20260811,20260812,2,temporal,9,709682685,pick_A,Pick up the red cube,1,1,1,1,success,success
20260811,20260812,2,temporal,10,947302754,pick_B,Pick up the blue ball,1,1,1,1,success,success
20260811,20260812,2,temporal,11,2115569061,push_A,Push the red cube away from the robot,1,1,1,1,success,success
20260811,20260812,2,temporal,12,242403568,push_B,Push the blue ball away from the robot,1,1,1,1,success,success
20260811,20260812,2,temporal,13,141437265,push_A,Push the red cube away from the robot,1,1,1,1,success,success
20260811,20260812,2,temporal,14,2039796682,pick_C,Pick up the green cylinder,1,1,0,1,wrong_object_contact,success
20260811,20260812,2,temporal,15,69840060,pick_B,Pick up the blue ball,1,1,1,1,success,success
20260811,20260812,2,temporal,16,1943017295,push_A,Push the red cube away from the robot,1,1,1,1,success,success
20260811,20260812,2,temporal,17,2104894479,pick_C,Pick up the green cylinder,1,1,1,1,success,success
20260811,20260812,2,temporal,18,1132678512,pick_A,Pick up the red cube,1,1,1,1,success,success
20260811,20260812,2,temporal,19,665540359,pick_B,Pick up the blue ball,1,1,1,1,success,success
20260811,20260812,2,temporal,20,857946723,push_C,Push the green cylinder away from the robot,1,1,1,1,success,success
20260811,20260812,2,temporal,21,1340257999,pick_B,Pick up the blue ball,1,1,1,1,success,success
20260811,20260812,2,temporal,22,2084683216,pick_A,Pick up the red cube,1,1,1,1,success,success
20260811,20260812,2,temporal,23,1363560690,push_C,Push the green cylinder away from the robot,1,1,1,1,success,success
20260811,20260812,2,temporal,24,613602556,pick_A,Pick up the red cube,1,1,1,1,success,success
20260811,20260812,2,temporal,25,20673085,pick_B,Pick up the blue ball,1,1,1,1,success,success
20260811,20260812,2,temporal,26,287609370,pick_C,Pick up the green cylinder,1,1,0,1,target_toppled_before_grasp,success
20260811,20260812,2,temporal,27,1859882343,push_C,Push the green cylinder away from the robot,1,1,1,1,success,success
20260811,20260812,2,temporal,28,943077148,pick_B,Pick up the blue ball,1,1,1,1,success,success
20260811,20260812,2,temporal,29,1559064316,pick_B,Pick up the blue ball,1,1,1,1,success,success
20260811,20260812,2,temporal,30,1984652207,push_C,Push the green cylinder away from the robot,1,1,1,1,success,success
20260811,20260812,2,temporal,31,230134447,push_A,Push the red cube away from the robot,1,1,1,1,success,success
20260811,20260812,2,temporal,32,783789416,push_C,Push the green cylinder away from the robot,1,1,1,1,success,success
20260811,20260812,2,temporal,33,2001084263,push_C,Push the green cylinder away from the robot,1,1,1,1,success,success
20260811,20260812,2,temporal,34,1180781097,push_C,Push the green cylinder away from the robot,1,1,1,1,success,success
20260811,20260812,2,temporal,35,163966935,pick_C,Pick up the green cylinder,1,1,1,1,success,success
20260811,20260812,2,temporal,36,1837138281,pick_A,Pick up the red cube,1,1,1,1,success,success
20260811,20260812,2,temporal,37,780026865,pick_A,Pick up the red cube,1,1,1,1,success,success
20260811,20260812,2,temporal,38,1607092712,push_B,Push the blue ball away from the robot,1,1,1,1,success,success
20260811,20260812,2,temporal,39,1451266199,push_A,Push the red cube away from the robot,1,1,0,1,insufficient_push_distance,success
20260811,20260812,2,temporal,40,358756413,pick_C,Pick up the green cylinder,1,1,1,1,success,success
20260811,20260812,2,temporal,41,1421965644,push_B,Push the blue ball away from the robot,1,1,1,1,success,success
20260811,20260812,2,temporal,42,59016797,push_B,Push the blue ball away from the robot,1,1,0,0,insufficient_push_distance,insufficient_push_distance
20260811,20260812,2,temporal,43,1302654236,pick_C,Pick up the green cylinder,1,1,1,1,success,success
20260811,20260812,2,temporal,44,384580899,push_B,Push the blue ball away from the robot,1,1,1,1,success,success
20260811,20260812,2,temporal,45,1011128636,push_C,Push the green cylinder away from the robot,1,1,0,1,insufficient_push_distance,success
20260811,20260812,2,temporal,46,296641795,pick_B,Pick up the blue ball,1,1,1,1,success,success
20260811,20260812,2,temporal,47,123843409,push_B,Push the blue ball away from the robot,1,1,1,1,success,success
20260811,20260812,2,temporal,48,134514525,push_A,Push the red cube away from the robot,1,1,1,1,success,success
20260811,20260812,2,temporal,49,277643107,push_B,Push the blue ball away from the robot,1,1,1,1,success,success
20260811,20260812,2,temporal,50,1980477288,pick_A,Pick up the red cube,1,1,1,1,success,success
20260811,20260812,2,temporal,51,1664468370,push_B,Push the blue ball away from the robot,1,1,1,1,success,success
20260811,20260812,2,temporal,52,1089264912,push_C,Push the green cylinder away from the robot,1,1,1,1,success,success
20260811,20260812,2,temporal,53,1025412360,pick_C,Pick up the green cylinder,1,1,0,1,grasp_failed_after_contact,success
20260811,20260812,2,temporal,54,730531494,pick_C,Pick up the green cylinder,1,1,1,1,success,success
20260811,20260812,2,temporal,55,1446152857,pick_A,Pick up the red cube,1,1,1,1,success,success
20260811,20260812,2,temporal,56,1446783571,push_B,Push the blue ball away from the robot,1,1,1,1,success,success
20260811,20260812,2,temporal,57,467683298,pick_A,Pick up the red cube,1,1,1,1,success,success
20260811,20260812,2,temporal,58,1944327625,pick_C,Pick up the green cylinder,1,1,1,1,success,success
20260811,20260812,2,temporal,59,803382679,push_B,Push the blue ball away from the robot,1,1,1,1,success,success
20260811,20260812,2,temporal,60,1586958513,push_A,Push the red cube away from the robot,1,1,1,1,success,success
20260801,20260802,3,temporal,1,1485225831,push_B,Push the blue ball away from the robot,1,1,0,0,target_not_contacted,recovery_limit
20260801,20260802,3,temporal,2,423671072,push_C,Push the green cylinder away from the robot,1,1,1,1,success,success
20260801,20260802,3,temporal,3,375455843,push_C,Push the green cylinder away from the robot,1,1,1,1,success,success
20260801,20260802,3,temporal,4,553518490,push_C,Push the green cylinder away from the robot,1,1,1,1,success,success
20260801,20260802,3,temporal,5,1506469058,pick_B,Pick up the blue ball,1,1,0,1,wrong_object_contact,success
20260801,20260802,3,temporal,6,2061678707,push_C,Push the green cylinder away from the robot,1,1,1,1,success,success
20260801,20260802,3,temporal,7,1419313632,pick_B,Pick up the blue ball,1,1,1,1,success,success
20260801,20260802,3,temporal,8,1070560489,push_B,Push the blue ball away from the robot,1,1,1,1,success,success
20260801,20260802,3,temporal,9,1348464606,push_B,Push the blue ball away from the robot,1,1,0,0,insufficient_push_distance,insufficient_push_distance
20260801,20260802,3,temporal,10,1982507234,push_B,Push the blue ball away from the robot,1,1,1,1,success,success
20260801,20260802,3,temporal,11,1679153557,pick_A,Pick up the red cube,1,1,1,1,success,success
20260801,20260802,3,temporal,12,1255196262,push_A,Push the red cube away from the robot,1,1,1,1,success,success
20260801,20260802,3,temporal,13,1431197586,pick_B,Pick up the blue ball,1,1,0,1,wrong_object_contact,success
20260801,20260802,3,temporal,14,2134975730,pick_B,Pick up the blue ball,1,1,0,1,grasp_failed_after_contact,success
20260801,20260802,3,temporal,15,751649339,pick_B,Pick up the blue ball,1,1,0,1,grasp_failed_after_contact,success
20260801,20260802,3,temporal,16,937821226,push_B,Push the blue ball away from the robot,1,1,1,1,success,success
20260801,20260802,3,temporal,17,340795577,pick_B,Pick up the blue ball,1,1,0,1,grasp_failed_after_contact,success
20260801,20260802,3,temporal,18,1519111428,pick_C,Pick up the green cylinder,1,1,0,1,wrong_object_contact,success
20260801,20260802,3,temporal,19,205738177,pick_A,Pick up the red cube,1,1,0,1,wrong_object_contact,success
20260801,20260802,3,temporal,20,1200166337,push_A,Push the red cube away from the robot,1,1,1,1,success,success
20260801,20260802,3,temporal,21,1240704403,pick_B,Pick up the blue ball,1,1,0,1,wrong_object_contact,success
20260801,20260802,3,temporal,22,988635068,pick_A,Pick up the red cube,1,1,0,1,object_dropped,success
20260801,20260802,3,temporal,23,711297445,pick_C,Pick up the green cylinder,1,1,1,1,success,success
20260801,20260802,3,temporal,24,1643017557,push_A,Push the red cube away from the robot,1,1,0,1,insufficient_push_distance,success
20260801,20260802,3,temporal,25,2069655652,pick_A,Pick up the red cube,1,1,1,1,success,success
20260801,20260802,3,temporal,26,1940129737,push_C,Push the green cylinder away from the robot,1,1,1,1,success,success
20260801,20260802,3,temporal,27,2094903561,push_A,Push the red cube away from the robot,1,1,1,0,success,insufficient_push_distance
20260801,20260802,3,temporal,28,1947632996,push_B,Push the blue ball away from the robot,1,1,0,1,insufficient_push_distance,success
20260801,20260802,3,temporal,29,677252663,pick_A,Pick up the red cube,1,1,1,1,success,success
20260801,20260802,3,temporal,30,1357613382,push_A,Push the red cube away from the robot,1,1,1,1,success,success
20260801,20260802,3,temporal,31,322558925,push_C,Push the green cylinder away from the robot,1,1,1,1,success,success
20260801,20260802,3,temporal,32,1563891817,push_A,Push the red cube away from the robot,1,1,1,1,success,success
20260801,20260802,3,temporal,33,57000727,pick_A,Pick up the red cube,1,1,1,1,success,success
20260801,20260802,3,temporal,34,1736702307,push_B,Push the blue ball away from the robot,1,1,1,1,success,success
20260801,20260802,3,temporal,35,1294355395,pick_B,Pick up the blue ball,1,1,1,1,success,success
20260801,20260802,3,temporal,36,1662684910,push_A,Push the red cube away from the robot,1,1,1,1,success,success
20260801,20260802,3,temporal,37,1714462720,pick_A,Pick up the red cube,1,1,0,1,grasp_failed_after_contact,success
20260801,20260802,3,temporal,38,8882506,pick_C,Pick up the green cylinder,1,1,0,1,target_toppled_before_grasp,success
20260801,20260802,3,temporal,39,936234202,push_A,Push the red cube away from the robot,1,1,0,1,insufficient_push_distance,success
20260801,20260802,3,temporal,40,1675712970,push_B,Push the blue ball away from the robot,1,1,0,0,insufficient_push_distance,insufficient_push_distance
20260801,20260802,3,temporal,41,2038025009,pick_B,Pick up the blue ball,1,1,0,1,grasp_failed_after_contact,success
20260801,20260802,3,temporal,42,139315407,pick_A,Pick up the red cube,1,1,0,1,wrong_object_contact,success
20260801,20260802,3,temporal,43,254320480,pick_C,Pick up the green cylinder,1,1,1,1,success,success
20260801,20260802,3,temporal,44,891626877,push_C,Push the green cylinder away from the robot,1,1,1,1,success,success
20260801,20260802,3,temporal,45,1500631811,pick_A,Pick up the red cube,1,1,0,1,grasp_failed_after_contact,success
20260801,20260802,3,temporal,46,1286127551,push_A,Push the red cube away from the robot,1,1,1,1,success,success
20260801,20260802,3,temporal,47,950405951,pick_C,Pick up the green cylinder,1,1,0,1,wrong_object_contact,success
20260801,20260802,3,temporal,48,1636226172,pick_A,Pick up the red cube,1,1,1,1,success,success
20260801,20260802,3,temporal,49,497244317,pick_C,Pick up the green cylinder,1,1,0,1,grasp_failed_after_contact,success
20260801,20260802,3,temporal,50,1510784023,push_B,Push the blue ball away from the robot,1,1,1,1,success,success
20260801,20260802,3,temporal,51,869057764,push_C,Push the green cylinder away from the robot,1,1,1,1,success,success
20260801,20260802,3,temporal,52,2010421004,pick_C,Pick up the green cylinder,1,1,0,1,wrong_object_contact,success
20260801,20260802,3,temporal,53,1174929712,pick_C,Pick up the green cylinder,1,1,0,1,target_toppled_before_grasp,success
20260801,20260802,3,temporal,54,491312438,push_C,Push the green cylinder away from the robot,1,1,0,1,insufficient_push_distance,success
20260801,20260802,3,temporal,55,1969865608,push_C,Push the green cylinder away from the robot,1,1,1,1,success,success
20260801,20260802,3,temporal,56,1946662380,pick_C,Pick up the green cylinder,1,1,0,1,wrong_object_contact,success
20260801,20260802,3,temporal,57,886771867,pick_B,Pick up the blue ball,1,1,1,1,success,success
20260801,20260802,3,temporal,58,1306754469,push_A,Push the red cube away from the robot,1,1,0,1,insufficient_push_distance,success
20260801,20260802,3,temporal,59,1495092352,pick_C,Pick up the green cylinder,1,1,0,1,grasp_failed_after_contact,success
20260801,20260802,3,temporal,60,1145732370,push_B,Push the blue ball away from the robot,1,1,1,1,success,success
20260811,20260812,3,temporal,1,1108291765,pick_B,Pick up the blue ball,1,1,1,1,success,success
20260811,20260812,3,temporal,2,597377677,pick_A,Pick up the red cube,1,1,1,1,success,success
20260811,20260812,3,temporal,3,627505086,push_C,Push the green cylinder away from the robot,1,1,1,1,success,success
20260811,20260812,3,temporal,4,1237221648,push_A,Push the red cube away from the robot,1,1,1,1,success,success
20260811,20260812,3,temporal,5,884968109,pick_B,Pick up the blue ball,1,1,0,1,missed_grasp,success
20260811,20260812,3,temporal,6,950419073,pick_C,Pick up the green cylinder,1,1,0,1,target_toppled_before_grasp,success
20260811,20260812,3,temporal,7,1386785222,push_A,Push the red cube away from the robot,1,1,0,1,insufficient_push_distance,success
20260811,20260812,3,temporal,8,1647636036,push_A,Push the red cube away from the robot,1,1,1,1,success,success
20260811,20260812,3,temporal,9,709682685,pick_A,Pick up the red cube,1,1,1,1,success,success
20260811,20260812,3,temporal,10,947302754,pick_B,Pick up the blue ball,1,1,1,1,success,success
20260811,20260812,3,temporal,11,2115569061,push_A,Push the red cube away from the robot,1,1,0,1,insufficient_push_distance,success
20260811,20260812,3,temporal,12,242403568,push_B,Push the blue ball away from the robot,1,1,1,1,success,success
20260811,20260812,3,temporal,13,141437265,push_A,Push the red cube away from the robot,1,1,0,1,insufficient_push_distance,success
20260811,20260812,3,temporal,14,2039796682,pick_C,Pick up the green cylinder,1,1,0,1,wrong_object_contact,success
20260811,20260812,3,temporal,15,69840060,pick_B,Pick up the blue ball,1,1,0,1,grasp_failed_after_contact,success
20260811,20260812,3,temporal,16,1943017295,push_A,Push the red cube away from the robot,1,1,1,1,success,success
20260811,20260812,3,temporal,17,2104894479,pick_C,Pick up the green cylinder,1,1,1,1,success,success
20260811,20260812,3,temporal,18,1132678512,pick_A,Pick up the red cube,1,1,1,1,success,success
20260811,20260812,3,temporal,19,665540359,pick_B,Pick up the blue ball,1,1,0,1,wrong_object_contact,success
20260811,20260812,3,temporal,20,857946723,push_C,Push the green cylinder away from the robot,1,1,1,1,success,success
20260811,20260812,3,temporal,21,1340257999,pick_B,Pick up the blue ball,1,1,1,1,success,success
20260811,20260812,3,temporal,22,2084683216,pick_A,Pick up the red cube,1,1,1,1,success,success
20260811,20260812,3,temporal,23,1363560690,push_C,Push the green cylinder away from the robot,1,1,1,1,success,success
20260811,20260812,3,temporal,24,613602556,pick_A,Pick up the red cube,1,1,1,1,success,success
20260811,20260812,3,temporal,25,20673085,pick_B,Pick up the blue ball,1,1,1,1,success,success
20260811,20260812,3,temporal,26,287609370,pick_C,Pick up the green cylinder,1,1,0,1,grasp_failed_after_contact,success
20260811,20260812,3,temporal,27,1859882343,push_C,Push the green cylinder away from the robot,1,1,1,1,success,success
20260811,20260812,3,temporal,28,943077148,pick_B,Pick up the blue ball,1,1,0,1,wrong_object_contact,success
20260811,20260812,3,temporal,29,1559064316,pick_B,Pick up the blue ball,1,1,1,1,success,success
20260811,20260812,3,temporal,30,1984652207,push_C,Push the green cylinder away from the robot,1,1,1,0,success,lateral_push_error
20260811,20260812,3,temporal,31,230134447,push_A,Push the red cube away from the robot,1,1,1,1,success,success
20260811,20260812,3,temporal,32,783789416,push_C,Push the green cylinder away from the robot,1,1,0,1,insufficient_push_distance,success
20260811,20260812,3,temporal,33,2001084263,push_C,Push the green cylinder away from the robot,1,1,0,1,wrong_object_contact,success
20260811,20260812,3,temporal,34,1180781097,push_C,Push the green cylinder away from the robot,1,1,1,1,success,success
20260811,20260812,3,temporal,35,163966935,pick_C,Pick up the green cylinder,1,1,1,1,success,success
20260811,20260812,3,temporal,36,1837138281,pick_A,Pick up the red cube,1,1,1,1,success,success
20260811,20260812,3,temporal,37,780026865,pick_A,Pick up the red cube,1,1,1,1,success,success
20260811,20260812,3,temporal,38,1607092712,push_B,Push the blue ball away from the robot,1,1,0,0,insufficient_push_distance,insufficient_push_distance
20260811,20260812,3,temporal,39,1451266199,push_A,Push the red cube away from the robot,1,1,0,1,insufficient_push_distance,success
20260811,20260812,3,temporal,40,358756413,pick_C,Pick up the green cylinder,1,1,1,1,success,success
20260811,20260812,3,temporal,41,1421965644,push_B,Push the blue ball away from the robot,1,1,1,1,success,success
20260811,20260812,3,temporal,42,59016797,push_B,Push the blue ball away from the robot,1,1,0,0,recovery_limit,insufficient_push_distance
20260811,20260812,3,temporal,43,1302654236,pick_C,Pick up the green cylinder,1,1,0,1,grasp_failed_after_contact,success
20260811,20260812,3,temporal,44,384580899,push_B,Push the blue ball away from the robot,1,1,1,1,success,success
20260811,20260812,3,temporal,45,1011128636,push_C,Push the green cylinder away from the robot,1,1,0,1,insufficient_push_distance,success
20260811,20260812,3,temporal,46,296641795,pick_B,Pick up the blue ball,1,1,0,1,grasp_failed_after_contact,success
20260811,20260812,3,temporal,47,123843409,push_B,Push the blue ball away from the robot,1,1,1,1,success,success
20260811,20260812,3,temporal,48,134514525,push_A,Push the red cube away from the robot,1,1,1,1,success,success
20260811,20260812,3,temporal,49,277643107,push_B,Push the blue ball away from the robot,1,1,1,1,success,success
20260811,20260812,3,temporal,50,1980477288,pick_A,Pick up the red cube,1,1,0,1,grasp_failed_after_contact,success
20260811,20260812,3,temporal,51,1664468370,push_B,Push the blue ball away from the robot,1,1,1,1,success,success
20260811,20260812,3,temporal,52,1089264912,push_C,Push the green cylinder away from the robot,1,1,1,1,success,success
20260811,20260812,3,temporal,53,1025412360,pick_C,Pick up the green cylinder,1,1,0,1,object_launched,success
20260811,20260812,3,temporal,54,730531494,pick_C,Pick up the green cylinder,1,1,0,1,target_toppled_before_grasp,success
20260811,20260812,3,temporal,55,1446152857,pick_A,Pick up the red cube,1,1,0,1,grasp_failed_after_contact,success
20260811,20260812,3,temporal,56,1446783571,push_B,Push the blue ball away from the robot,1,1,1,1,success,success
20260811,20260812,3,temporal,57,467683298,pick_A,Pick up the red cube,1,1,1,1,success,success
20260811,20260812,3,temporal,58,1944327625,pick_C,Pick up the green cylinder,1,1,0,1,grasp_failed_after_contact,success
20260811,20260812,3,temporal,59,803382679,push_B,Push the blue ball away from the robot,1,1,1,1,success,success
20260811,20260812,3,temporal,60,1586958513,push_A,Push the red cube away from the robot,1,1,1,1,success,success
20260801,20260802,4,temporal,1,1485225831,push_B,Push the blue ball away from the robot,1,1,0,0,target_not_contacted,target_not_contacted
20260801,20260802,4,temporal,2,423671072,push_C,Push the green cylinder away from the robot,1,1,1,1,success,success
20260801,20260802,4,temporal,3,375455843,push_C,Push the green cylinder away from the robot,1,1,0,1,insufficient_push_distance,success
20260801,20260802,4,temporal,4,553518490,push_C,Push the green cylinder away from the robot,1,1,1,1,success,success
20260801,20260802,4,temporal,5,1506469058,pick_B,Pick up the blue ball,1,1,0,1,wrong_object_contact,success
20260801,20260802,4,temporal,6,2061678707,push_C,Push the green cylinder away from the robot,1,1,1,1,success,success
20260801,20260802,4,temporal,7,1419313632,pick_B,Pick up the blue ball,1,1,0,1,wrong_object_contact,success
20260801,20260802,4,temporal,8,1070560489,push_B,Push the blue ball away from the robot,1,1,1,1,success,success
20260801,20260802,4,temporal,9,1348464606,push_B,Push the blue ball away from the robot,1,1,0,0,insufficient_push_distance,insufficient_push_distance
20260801,20260802,4,temporal,10,1982507234,push_B,Push the blue ball away from the robot,1,1,0,1,insufficient_push_distance,success
20260801,20260802,4,temporal,11,1679153557,pick_A,Pick up the red cube,1,1,0,1,object_dropped,success
20260801,20260802,4,temporal,12,1255196262,push_A,Push the red cube away from the robot,1,1,1,1,success,success
20260801,20260802,4,temporal,13,1431197586,pick_B,Pick up the blue ball,1,1,0,1,wrong_object_contact,success
20260801,20260802,4,temporal,14,2134975730,pick_B,Pick up the blue ball,1,1,0,1,grasp_failed_after_contact,success
20260801,20260802,4,temporal,15,751649339,pick_B,Pick up the blue ball,1,1,0,1,grasp_failed_after_contact,success
20260801,20260802,4,temporal,16,937821226,push_B,Push the blue ball away from the robot,1,1,0,1,insufficient_push_distance,success
20260801,20260802,4,temporal,17,340795577,pick_B,Pick up the blue ball,1,1,0,1,grasp_failed_after_contact,success
20260801,20260802,4,temporal,18,1519111428,pick_C,Pick up the green cylinder,1,1,0,0,wrong_object_contact,wrong_object_contact
20260801,20260802,4,temporal,19,205738177,pick_A,Pick up the red cube,1,1,0,1,grasp_failed_after_contact,success
20260801,20260802,4,temporal,20,1200166337,push_A,Push the red cube away from the robot,1,1,1,1,success,success
20260801,20260802,4,temporal,21,1240704403,pick_B,Pick up the blue ball,1,1,0,1,wrong_object_contact,success
20260801,20260802,4,temporal,22,988635068,pick_A,Pick up the red cube,1,1,0,1,grasp_failed_after_contact,success
20260801,20260802,4,temporal,23,711297445,pick_C,Pick up the green cylinder,1,1,1,1,success,success
20260801,20260802,4,temporal,24,1643017557,push_A,Push the red cube away from the robot,1,1,1,1,success,success
20260801,20260802,4,temporal,25,2069655652,pick_A,Pick up the red cube,1,1,0,1,grasp_failed_after_contact,success
20260801,20260802,4,temporal,26,1940129737,push_C,Push the green cylinder away from the robot,1,1,0,0,insufficient_push_distance,insufficient_push_distance
20260801,20260802,4,temporal,27,2094903561,push_A,Push the red cube away from the robot,1,1,1,0,success,insufficient_push_distance
20260801,20260802,4,temporal,28,1947632996,push_B,Push the blue ball away from the robot,1,1,0,1,insufficient_push_distance,success
20260801,20260802,4,temporal,29,677252663,pick_A,Pick up the red cube,1,1,0,1,grasp_failed_after_contact,task_success_only
20260801,20260802,4,temporal,30,1357613382,push_A,Push the red cube away from the robot,1,1,1,1,success,success
20260801,20260802,4,temporal,31,322558925,push_C,Push the green cylinder away from the robot,1,1,1,1,success,success
20260801,20260802,4,temporal,32,1563891817,push_A,Push the red cube away from the robot,1,1,1,1,success,success
20260801,20260802,4,temporal,33,57000727,pick_A,Pick up the red cube,1,1,1,1,success,success
20260801,20260802,4,temporal,34,1736702307,push_B,Push the blue ball away from the robot,1,1,0,1,insufficient_push_distance,success
20260801,20260802,4,temporal,35,1294355395,pick_B,Pick up the blue ball,1,1,0,1,grasp_failed_after_contact,success
20260801,20260802,4,temporal,36,1662684910,push_A,Push the red cube away from the robot,1,1,1,1,success,success
20260801,20260802,4,temporal,37,1714462720,pick_A,Pick up the red cube,1,1,0,1,grasp_failed_after_contact,success
20260801,20260802,4,temporal,38,8882506,pick_C,Pick up the green cylinder,1,1,0,1,target_toppled_before_grasp,success
20260801,20260802,4,temporal,39,936234202,push_A,Push the red cube away from the robot,1,1,0,1,insufficient_push_distance,success
20260801,20260802,4,temporal,40,1675712970,push_B,Push the blue ball away from the robot,1,1,0,0,insufficient_push_distance,insufficient_push_distance
20260801,20260802,4,temporal,41,2038025009,pick_B,Pick up the blue ball,1,1,0,1,grasp_failed_after_contact,success
20260801,20260802,4,temporal,42,139315407,pick_A,Pick up the red cube,1,1,0,1,grasp_failed_after_contact,success
20260801,20260802,4,temporal,43,254320480,pick_C,Pick up the green cylinder,1,1,1,1,success,success
20260801,20260802,4,temporal,44,891626877,push_C,Push the green cylinder away from the robot,1,1,1,1,task_success_only,success
20260801,20260802,4,temporal,45,1500631811,pick_A,Pick up the red cube,1,1,0,1,grasp_failed_after_contact,success
20260801,20260802,4,temporal,46,1286127551,push_A,Push the red cube away from the robot,1,1,1,1,success,success
20260801,20260802,4,temporal,47,950405951,pick_C,Pick up the green cylinder,1,1,0,1,grasp_failed_after_contact,success
20260801,20260802,4,temporal,48,1636226172,pick_A,Pick up the red cube,1,1,1,1,success,success
20260801,20260802,4,temporal,49,497244317,pick_C,Pick up the green cylinder,1,1,0,1,grasp_failed_after_contact,success
20260801,20260802,4,temporal,50,1510784023,push_B,Push the blue ball away from the robot,1,1,1,1,success,success
20260801,20260802,4,temporal,51,869057764,push_C,Push the green cylinder away from the robot,1,1,1,1,success,success
20260801,20260802,4,temporal,52,2010421004,pick_C,Pick up the green cylinder,1,1,0,1,wrong_object_contact,success
20260801,20260802,4,temporal,53,1174929712,pick_C,Pick up the green cylinder,1,1,0,1,grasp_failed_after_contact,success
20260801,20260802,4,temporal,54,491312438,push_C,Push the green cylinder away from the robot,1,1,0,1,insufficient_push_distance,success
20260801,20260802,4,temporal,55,1969865608,push_C,Push the green cylinder away from the robot,1,1,1,1,success,success
20260801,20260802,4,temporal,56,1946662380,pick_C,Pick up the green cylinder,1,1,0,1,wrong_object_contact,success
20260801,20260802,4,temporal,57,886771867,pick_B,Pick up the blue ball,1,1,0,1,grasp_failed_after_contact,success
20260801,20260802,4,temporal,58,1306754469,push_A,Push the red cube away from the robot,1,1,1,1,success,success
20260801,20260802,4,temporal,59,1495092352,pick_C,Pick up the green cylinder,1,1,0,1,target_toppled_before_grasp,success
20260801,20260802,4,temporal,60,1145732370,push_B,Push the blue ball away from the robot,1,1,1,1,success,success
20260811,20260812,4,temporal,1,1108291765,pick_B,Pick up the blue ball,1,1,0,1,grasp_failed_after_contact,success
20260811,20260812,4,temporal,2,597377677,pick_A,Pick up the red cube,1,1,1,1,success,success
20260811,20260812,4,temporal,3,627505086,push_C,Push the green cylinder away from the robot,1,1,1,1,success,success
20260811,20260812,4,temporal,4,1237221648,push_A,Push the red cube away from the robot,1,1,1,1,success,success
20260811,20260812,4,temporal,5,884968109,pick_B,Pick up the blue ball,1,1,0,1,missed_grasp,success
20260811,20260812,4,temporal,6,950419073,pick_C,Pick up the green cylinder,1,1,0,1,insufficient_lift,success
20260811,20260812,4,temporal,7,1386785222,push_A,Push the red cube away from the robot,1,1,1,1,success,success
20260811,20260812,4,temporal,8,1647636036,push_A,Push the red cube away from the robot,1,1,0,1,insufficient_push_distance,success
20260811,20260812,4,temporal,9,709682685,pick_A,Pick up the red cube,1,1,0,1,grasp_failed_after_contact,success
20260811,20260812,4,temporal,10,947302754,pick_B,Pick up the blue ball,1,1,1,1,success,success
20260811,20260812,4,temporal,11,2115569061,push_A,Push the red cube away from the robot,1,1,0,1,insufficient_push_distance,success
20260811,20260812,4,temporal,12,242403568,push_B,Push the blue ball away from the robot,1,1,1,1,success,success
20260811,20260812,4,temporal,13,141437265,push_A,Push the red cube away from the robot,1,1,0,1,insufficient_push_distance,success
20260811,20260812,4,temporal,14,2039796682,pick_C,Pick up the green cylinder,1,1,0,1,target_toppled_before_grasp,success
20260811,20260812,4,temporal,15,69840060,pick_B,Pick up the blue ball,1,1,0,1,grasp_failed_after_contact,success
20260811,20260812,4,temporal,16,1943017295,push_A,Push the red cube away from the robot,1,1,1,1,success,success
20260811,20260812,4,temporal,17,2104894479,pick_C,Pick up the green cylinder,1,1,0,1,target_toppled_before_grasp,success
20260811,20260812,4,temporal,18,1132678512,pick_A,Pick up the red cube,1,1,0,1,grasp_failed_after_contact,success
20260811,20260812,4,temporal,19,665540359,pick_B,Pick up the blue ball,1,1,0,0,wrong_object_contact,wrong_object_contact
20260811,20260812,4,temporal,20,857946723,push_C,Push the green cylinder away from the robot,1,1,1,1,success,success
20260811,20260812,4,temporal,21,1340257999,pick_B,Pick up the blue ball,1,1,0,1,grasp_failed_after_contact,success
20260811,20260812,4,temporal,22,2084683216,pick_A,Pick up the red cube,1,1,0,1,grasp_failed_after_contact,success
20260811,20260812,4,temporal,23,1363560690,push_C,Push the green cylinder away from the robot,1,1,1,1,success,success
20260811,20260812,4,temporal,24,613602556,pick_A,Pick up the red cube,1,1,0,1,object_dropped,success
20260811,20260812,4,temporal,25,20673085,pick_B,Pick up the blue ball,1,1,1,1,success,success
20260811,20260812,4,temporal,26,287609370,pick_C,Pick up the green cylinder,1,1,0,1,wrong_object_contact,success
20260811,20260812,4,temporal,27,1859882343,push_C,Push the green cylinder away from the robot,1,1,0,1,insufficient_push_distance,success
20260811,20260812,4,temporal,28,943077148,pick_B,Pick up the blue ball,1,1,0,1,wrong_object_contact,success
20260811,20260812,4,temporal,29,1559064316,pick_B,Pick up the blue ball,1,1,0,1,grasp_failed_after_contact,success
20260811,20260812,4,temporal,30,1984652207,push_C,Push the green cylinder away from the robot,1,1,1,1,success,success
20260811,20260812,4,temporal,31,230134447,push_A,Push the red cube away from the robot,1,1,0,1,insufficient_push_distance,success
20260811,20260812,4,temporal,32,783789416,push_C,Push the green cylinder away from the robot,1,1,0,1,insufficient_push_distance,success
20260811,20260812,4,temporal,33,2001084263,push_C,Push the green cylinder away from the robot,1,1,0,1,wrong_object_contact,success
20260811,20260812,4,temporal,34,1180781097,push_C,Push the green cylinder away from the robot,1,1,1,1,success,success
20260811,20260812,4,temporal,35,163966935,pick_C,Pick up the green cylinder,1,1,1,1,success,success
20260811,20260812,4,temporal,36,1837138281,pick_A,Pick up the red cube,1,1,1,1,success,success
20260811,20260812,4,temporal,37,780026865,pick_A,Pick up the red cube,1,1,0,1,grasp_failed_after_contact,success
20260811,20260812,4,temporal,38,1607092712,push_B,Push the blue ball away from the robot,1,1,0,0,insufficient_push_distance,recovery_limit
20260811,20260812,4,temporal,39,1451266199,push_A,Push the red cube away from the robot,1,1,0,1,insufficient_push_distance,success
20260811,20260812,4,temporal,40,358756413,pick_C,Pick up the green cylinder,1,1,0,1,grasp_failed_after_contact,success
20260811,20260812,4,temporal,41,1421965644,push_B,Push the blue ball away from the robot,1,1,1,1,success,success
20260811,20260812,4,temporal,42,59016797,push_B,Push the blue ball away from the robot,1,1,0,0,insufficient_push_distance,insufficient_push_distance
20260811,20260812,4,temporal,43,1302654236,pick_C,Pick up the green cylinder,1,1,0,1,insufficient_lift,success
20260811,20260812,4,temporal,44,384580899,push_B,Push the blue ball away from the robot,1,1,1,1,success,success
20260811,20260812,4,temporal,45,1011128636,push_C,Push the green cylinder away from the robot,1,1,0,1,insufficient_push_distance,success
20260811,20260812,4,temporal,46,296641795,pick_B,Pick up the blue ball,1,1,0,1,grasp_failed_after_contact,success
20260811,20260812,4,temporal,47,123843409,push_B,Push the blue ball away from the robot,1,1,1,1,success,success
20260811,20260812,4,temporal,48,134514525,push_A,Push the red cube away from the robot,1,1,1,1,success,success
20260811,20260812,4,temporal,49,277643107,push_B,Push the blue ball away from the robot,1,1,1,1,success,success
20260811,20260812,4,temporal,50,1980477288,pick_A,Pick up the red cube,1,1,0,1,grasp_failed_after_contact,success
20260811,20260812,4,temporal,51,1664468370,push_B,Push the blue ball away from the robot,1,1,1,1,success,success
20260811,20260812,4,temporal,52,1089264912,push_C,Push the green cylinder away from the robot,1,1,1,0,success,insufficient_push_distance
20260811,20260812,4,temporal,53,1025412360,pick_C,Pick up the green cylinder,1,1,0,1,grasp_failed_after_contact,success
20260811,20260812,4,temporal,54,730531494,pick_C,Pick up the green cylinder,1,1,0,1,grasp_failed_after_contact,success
20260811,20260812,4,temporal,55,1446152857,pick_A,Pick up the red cube,1,1,0,1,grasp_failed_after_contact,success
20260811,20260812,4,temporal,56,1446783571,push_B,Push the blue ball away from the robot,1,1,1,0,success,insufficient_push_distance
20260811,20260812,4,temporal,57,467683298,pick_A,Pick up the red cube,1,1,1,1,success,success
20260811,20260812,4,temporal,58,1944327625,pick_C,Pick up the green cylinder,1,1,0,1,grasp_failed_after_contact,success
20260811,20260812,4,temporal,59,803382679,push_B,Push the blue ball away from the robot,1,1,1,1,success,success
20260811,20260812,4,temporal,60,1586958513,push_A,Push the red cube away from the robot,1,1,1,1,success,success
20260801,20260802,5,temporal,1,1485225831,push_B,Push the blue ball away from the robot,1,1,0,0,target_not_contacted,target_not_contacted
20260801,20260802,5,temporal,2,423671072,push_C,Push the green cylinder away from the robot,1,1,1,1,success,success
20260801,20260802,5,temporal,3,375455843,push_C,Push the green cylinder away from the robot,1,1,1,1,success,success
20260801,20260802,5,temporal,4,553518490,push_C,Push the green cylinder away from the robot,1,1,1,1,success,success
20260801,20260802,5,temporal,5,1506469058,pick_B,Pick up the blue ball,1,1,0,1,grasp_failed_after_contact,success
20260801,20260802,5,temporal,6,2061678707,push_C,Push the green cylinder away from the robot,1,1,1,1,success,success
20260801,20260802,5,temporal,7,1419313632,pick_B,Pick up the blue ball,1,1,0,1,wrong_object_contact,success
20260801,20260802,5,temporal,8,1070560489,push_B,Push the blue ball away from the robot,1,1,0,1,insufficient_push_distance,success
20260801,20260802,5,temporal,9,1348464606,push_B,Push the blue ball away from the robot,1,1,0,0,insufficient_push_distance,insufficient_push_distance
20260801,20260802,5,temporal,10,1982507234,push_B,Push the blue ball away from the robot,1,1,0,1,insufficient_push_distance,success
20260801,20260802,5,temporal,11,1679153557,pick_A,Pick up the red cube,1,1,0,1,object_dropped,success
20260801,20260802,5,temporal,12,1255196262,push_A,Push the red cube away from the robot,1,1,1,1,success,success
20260801,20260802,5,temporal,13,1431197586,pick_B,Pick up the blue ball,1,1,0,1,wrong_object_contact,success
20260801,20260802,5,temporal,14,2134975730,pick_B,Pick up the blue ball,1,1,0,1,grasp_failed_after_contact,success
20260801,20260802,5,temporal,15,751649339,pick_B,Pick up the blue ball,1,1,0,1,grasp_failed_after_contact,success
20260801,20260802,5,temporal,16,937821226,push_B,Push the blue ball away from the robot,1,1,0,1,insufficient_push_distance,success
20260801,20260802,5,temporal,17,340795577,pick_B,Pick up the blue ball,1,1,0,1,missed_grasp,success
20260801,20260802,5,temporal,18,1519111428,pick_C,Pick up the green cylinder,1,1,0,0,wrong_object_contact,recovery_limit
20260801,20260802,5,temporal,19,205738177,pick_A,Pick up the red cube,1,1,0,1,grasp_failed_after_contact,success
20260801,20260802,5,temporal,20,1200166337,push_A,Push the red cube away from the robot,1,1,1,1,success,success
20260801,20260802,5,temporal,21,1240704403,pick_B,Pick up the blue ball,1,1,0,1,grasp_failed_after_contact,success
20260801,20260802,5,temporal,22,988635068,pick_A,Pick up the red cube,1,1,0,1,grasp_failed_after_contact,success
20260801,20260802,5,temporal,23,711297445,pick_C,Pick up the green cylinder,1,1,1,1,success,success
20260801,20260802,5,temporal,24,1643017557,push_A,Push the red cube away from the robot,1,1,1,1,success,success
20260801,20260802,5,temporal,25,2069655652,pick_A,Pick up the red cube,1,1,0,1,missed_grasp,success
20260801,20260802,5,temporal,26,1940129737,push_C,Push the green cylinder away from the robot,1,1,0,0,insufficient_push_distance,insufficient_push_distance
20260801,20260802,5,temporal,27,2094903561,push_A,Push the red cube away from the robot,1,1,1,0,success,insufficient_push_distance
20260801,20260802,5,temporal,28,1947632996,push_B,Push the blue ball away from the robot,1,1,0,1,insufficient_push_distance,success
20260801,20260802,5,temporal,29,677252663,pick_A,Pick up the red cube,1,1,0,0,grasp_failed_after_contact,wrong_object_contact
20260801,20260802,5,temporal,30,1357613382,push_A,Push the red cube away from the robot,1,1,1,1,success,success
20260801,20260802,5,temporal,31,322558925,push_C,Push the green cylinder away from the robot,1,1,1,1,success,success
20260801,20260802,5,temporal,32,1563891817,push_A,Push the red cube away from the robot,1,1,1,1,success,success
20260801,20260802,5,temporal,33,57000727,pick_A,Pick up the red cube,1,1,0,1,wrong_object_contact,success
20260801,20260802,5,temporal,34,1736702307,push_B,Push the blue ball away from the robot,1,1,0,1,insufficient_push_distance,success
20260801,20260802,5,temporal,35,1294355395,pick_B,Pick up the blue ball,1,1,0,1,grasp_failed_after_contact,success
20260801,20260802,5,temporal,36,1662684910,push_A,Push the red cube away from the robot,1,1,0,0,insufficient_push_distance,recovery_limit
20260801,20260802,5,temporal,37,1714462720,pick_A,Pick up the red cube,1,1,0,1,grasp_failed_after_contact,success
20260801,20260802,5,temporal,38,8882506,pick_C,Pick up the green cylinder,1,1,1,1,success,success
20260801,20260802,5,temporal,39,936234202,push_A,Push the red cube away from the robot,1,1,0,1,recovery_limit,success
20260801,20260802,5,temporal,40,1675712970,push_B,Push the blue ball away from the robot,1,1,0,0,insufficient_push_distance,target_not_contacted
20260801,20260802,5,temporal,41,2038025009,pick_B,Pick up the blue ball,1,1,0,1,grasp_failed_after_contact,success
20260801,20260802,5,temporal,42,139315407,pick_A,Pick up the red cube,1,1,0,1,grasp_failed_after_contact,success
20260801,20260802,5,temporal,43,254320480,pick_C,Pick up the green cylinder,1,1,0,1,gripper_never_closed,success
20260801,20260802,5,temporal,44,891626877,push_C,Push the green cylinder away from the robot,1,1,0,1,insufficient_push_distance,success
20260801,20260802,5,temporal,45,1500631811,pick_A,Pick up the red cube,1,1,0,1,grasp_failed_after_contact,success
20260801,20260802,5,temporal,46,1286127551,push_A,Push the red cube away from the robot,1,1,1,1,success,success
20260801,20260802,5,temporal,47,950405951,pick_C,Pick up the green cylinder,1,1,0,1,target_toppled_before_grasp,success
20260801,20260802,5,temporal,48,1636226172,pick_A,Pick up the red cube,1,1,0,1,grasp_failed_after_contact,success
20260801,20260802,5,temporal,49,497244317,pick_C,Pick up the green cylinder,1,1,0,1,grasp_failed_after_contact,success
20260801,20260802,5,temporal,50,1510784023,push_B,Push the blue ball away from the robot,1,1,1,1,success,success
20260801,20260802,5,temporal,51,869057764,push_C,Push the green cylinder away from the robot,1,1,0,1,insufficient_push_distance,success
20260801,20260802,5,temporal,52,2010421004,pick_C,Pick up the green cylinder,1,1,0,1,wrong_object_contact,success
20260801,20260802,5,temporal,53,1174929712,pick_C,Pick up the green cylinder,1,1,0,1,grasp_failed_after_contact,success
20260801,20260802,5,temporal,54,491312438,push_C,Push the green cylinder away from the robot,1,1,0,1,insufficient_push_distance,success
20260801,20260802,5,temporal,55,1969865608,push_C,Push the green cylinder away from the robot,1,1,0,1,insufficient_push_distance,success
20260801,20260802,5,temporal,56,1946662380,pick_C,Pick up the green cylinder,1,1,0,1,wrong_object_contact,success
20260801,20260802,5,temporal,57,886771867,pick_B,Pick up the blue ball,1,1,0,1,grasp_failed_after_contact,success
20260801,20260802,5,temporal,58,1306754469,push_A,Push the red cube away from the robot,1,1,1,1,success,success
20260801,20260802,5,temporal,59,1495092352,pick_C,Pick up the green cylinder,1,1,0,1,grasp_failed_after_contact,success
20260801,20260802,5,temporal,60,1145732370,push_B,Push the blue ball away from the robot,1,1,1,1,success,success
20260811,20260812,5,temporal,1,1108291765,pick_B,Pick up the blue ball,1,1,0,1,grasp_failed_after_contact,success
20260811,20260812,5,temporal,2,597377677,pick_A,Pick up the red cube,1,1,0,1,grasp_failed_after_contact,success
20260811,20260812,5,temporal,3,627505086,push_C,Push the green cylinder away from the robot,1,1,1,1,success,success
20260811,20260812,5,temporal,4,1237221648,push_A,Push the red cube away from the robot,1,1,1,1,success,success
20260811,20260812,5,temporal,5,884968109,pick_B,Pick up the blue ball,1,1,0,1,wrong_object_contact,success
20260811,20260812,5,temporal,6,950419073,pick_C,Pick up the green cylinder,1,1,0,1,grasp_failed_after_contact,success
20260811,20260812,5,temporal,7,1386785222,push_A,Push the red cube away from the robot,1,1,0,1,insufficient_push_distance,success
20260811,20260812,5,temporal,8,1647636036,push_A,Push the red cube away from the robot,1,1,0,1,insufficient_push_distance,success
20260811,20260812,5,temporal,9,709682685,pick_A,Pick up the red cube,1,1,0,0,grasp_failed_after_contact,insufficient_lift
20260811,20260812,5,temporal,10,947302754,pick_B,Pick up the blue ball,1,1,1,1,success,success
20260811,20260812,5,temporal,11,2115569061,push_A,Push the red cube away from the robot,1,1,0,1,insufficient_push_distance,success
20260811,20260812,5,temporal,12,242403568,push_B,Push the blue ball away from the robot,1,1,1,1,success,success
20260811,20260812,5,temporal,13,141437265,push_A,Push the red cube away from the robot,1,1,0,1,insufficient_push_distance,success
20260811,20260812,5,temporal,14,2039796682,pick_C,Pick up the green cylinder,1,1,0,0,target_toppled_before_grasp,gripper_never_closed
20260811,20260812,5,temporal,15,69840060,pick_B,Pick up the blue ball,1,1,0,1,grasp_failed_after_contact,success
20260811,20260812,5,temporal,16,1943017295,push_A,Push the red cube away from the robot,1,1,0,1,insufficient_push_distance,success
20260811,20260812,5,temporal,17,2104894479,pick_C,Pick up the green cylinder,1,1,0,1,grasp_failed_after_contact,success
20260811,20260812,5,temporal,18,1132678512,pick_A,Pick up the red cube,1,1,0,1,grasp_failed_after_contact,success
20260811,20260812,5,temporal,19,665540359,pick_B,Pick up the blue ball,1,1,0,1,wrong_object_contact,success
20260811,20260812,5,temporal,20,857946723,push_C,Push the green cylinder away from the robot,1,1,0,1,wrong_object_contact,success
20260811,20260812,5,temporal,21,1340257999,pick_B,Pick up the blue ball,1,1,0,1,missed_grasp,success
20260811,20260812,5,temporal,22,2084683216,pick_A,Pick up the red cube,1,1,0,1,grasp_failed_after_contact,success
20260811,20260812,5,temporal,23,1363560690,push_C,Push the green cylinder away from the robot,1,1,1,1,success,success
20260811,20260812,5,temporal,24,613602556,pick_A,Pick up the red cube,1,1,0,1,grasp_failed_after_contact,success
20260811,20260812,5,temporal,25,20673085,pick_B,Pick up the blue ball,1,1,0,1,grasp_failed_after_contact,success
20260811,20260812,5,temporal,26,287609370,pick_C,Pick up the green cylinder,1,1,0,1,wrong_object_contact,success
20260811,20260812,5,temporal,27,1859882343,push_C,Push the green cylinder away from the robot,1,1,0,1,insufficient_push_distance,success
20260811,20260812,5,temporal,28,943077148,pick_B,Pick up the blue ball,1,1,0,1,wrong_object_contact,success
20260811,20260812,5,temporal,29,1559064316,pick_B,Pick up the blue ball,1,1,0,1,grasp_failed_after_contact,success
20260811,20260812,5,temporal,30,1984652207,push_C,Push the green cylinder away from the robot,1,1,0,1,insufficient_push_distance,success
20260811,20260812,5,temporal,31,230134447,push_A,Push the red cube away from the robot,1,1,0,1,insufficient_push_distance,success
20260811,20260812,5,temporal,32,783789416,push_C,Push the green cylinder away from the robot,1,1,0,0,insufficient_push_distance,insufficient_push_distance
20260811,20260812,5,temporal,33,2001084263,push_C,Push the green cylinder away from the robot,1,1,0,1,wrong_object_contact,success
20260811,20260812,5,temporal,34,1180781097,push_C,Push the green cylinder away from the robot,1,1,1,1,success,success
20260811,20260812,5,temporal,35,163966935,pick_C,Pick up the green cylinder,1,1,0,1,grasp_failed_after_contact,success
20260811,20260812,5,temporal,36,1837138281,pick_A,Pick up the red cube,1,1,0,1,object_dropped,success
20260811,20260812,5,temporal,37,780026865,pick_A,Pick up the red cube,1,1,0,1,grasp_failed_after_contact,success
20260811,20260812,5,temporal,38,1607092712,push_B,Push the blue ball away from the robot,1,1,0,0,insufficient_push_distance,recovery_limit
20260811,20260812,5,temporal,39,1451266199,push_A,Push the red cube away from the robot,1,1,0,1,insufficient_push_distance,success
20260811,20260812,5,temporal,40,358756413,pick_C,Pick up the green cylinder,1,1,0,1,grasp_failed_after_contact,success
20260811,20260812,5,temporal,41,1421965644,push_B,Push the blue ball away from the robot,1,1,1,1,success,success
20260811,20260812,5,temporal,42,59016797,push_B,Push the blue ball away from the robot,1,1,0,0,insufficient_push_distance,insufficient_push_distance
20260811,20260812,5,temporal,43,1302654236,pick_C,Pick up the green cylinder,1,1,0,1,workspace_stall,success
20260811,20260812,5,temporal,44,384580899,push_B,Push the blue ball away from the robot,1,1,1,1,success,success
20260811,20260812,5,temporal,45,1011128636,push_C,Push the green cylinder away from the robot,1,1,0,1,insufficient_push_distance,success
20260811,20260812,5,temporal,46,296641795,pick_B,Pick up the blue ball,1,1,0,1,grasp_failed_after_contact,success
20260811,20260812,5,temporal,47,123843409,push_B,Push the blue ball away from the robot,1,1,1,1,success,success
20260811,20260812,5,temporal,48,134514525,push_A,Push the red cube away from the robot,1,1,1,1,success,success
20260811,20260812,5,temporal,49,277643107,push_B,Push the blue ball away from the robot,1,1,1,1,success,success
20260811,20260812,5,temporal,50,1980477288,pick_A,Pick up the red cube,1,1,0,1,grasp_failed_after_contact,success
20260811,20260812,5,temporal,51,1664468370,push_B,Push the blue ball away from the robot,1,1,1,1,success,success
20260811,20260812,5,temporal,52,1089264912,push_C,Push the green cylinder away from the robot,1,1,0,0,insufficient_push_distance,insufficient_push_distance
20260811,20260812,5,temporal,53,1025412360,pick_C,Pick up the green cylinder,1,1,0,1,grasp_failed_after_contact,success
20260811,20260812,5,temporal,54,730531494,pick_C,Pick up the green cylinder,1,1,0,1,grasp_failed_after_contact,success
20260811,20260812,5,temporal,55,1446152857,pick_A,Pick up the red cube,1,1,0,1,grasp_failed_after_contact,success
20260811,20260812,5,temporal,56,1446783571,push_B,Push the blue ball away from the robot,1,1,1,0,success,recovery_limit
20260811,20260812,5,temporal,57,467683298,pick_A,Pick up the red cube,1,1,1,1,success,success
20260811,20260812,5,temporal,58,1944327625,pick_C,Pick up the green cylinder,1,1,0,1,grasp_failed_after_contact,success
20260811,20260812,5,temporal,59,803382679,push_B,Push the blue ball away from the robot,1,1,1,1,success,success
20260811,20260812,5,temporal,60,1586958513,push_A,Push the red cube away from the robot,1,1,1,1,success,success
20260801,20260802,6,temporal,1,1485225831,push_B,Push the blue ball away from the robot,1,1,0,0,target_not_contacted,recovery_limit
20260801,20260802,6,temporal,2,423671072,push_C,Push the green cylinder away from the robot,1,1,1,1,success,success
20260801,20260802,6,temporal,3,375455843,push_C,Push the green cylinder away from the robot,1,1,0,1,recovery_limit,success
20260801,20260802,6,temporal,4,553518490,push_C,Push the green cylinder away from the robot,1,1,1,1,success,success
20260801,20260802,6,temporal,5,1506469058,pick_B,Pick up the blue ball,1,1,0,1,grasp_failed_after_contact,success
20260801,20260802,6,temporal,6,2061678707,push_C,Push the green cylinder away from the robot,1,1,1,0,task_success_only,lateral_push_error
20260801,20260802,6,temporal,7,1419313632,pick_B,Pick up the blue ball,1,1,0,1,wrong_object_contact,success
20260801,20260802,6,temporal,8,1070560489,push_B,Push the blue ball away from the robot,1,1,0,1,target_not_contacted,success
20260801,20260802,6,temporal,9,1348464606,push_B,Push the blue ball away from the robot,1,1,0,0,insufficient_push_distance,insufficient_push_distance
20260801,20260802,6,temporal,10,1982507234,push_B,Push the blue ball away from the robot,1,1,0,1,insufficient_push_distance,success
20260801,20260802,6,temporal,11,1679153557,pick_A,Pick up the red cube,1,1,0,1,grasp_failed_after_contact,success
20260801,20260802,6,temporal,12,1255196262,push_A,Push the red cube away from the robot,1,1,0,1,insufficient_push_distance,success
20260801,20260802,6,temporal,13,1431197586,pick_B,Pick up the blue ball,1,1,0,1,wrong_object_contact,success
20260801,20260802,6,temporal,14,2134975730,pick_B,Pick up the blue ball,1,1,0,1,missed_grasp,success
20260801,20260802,6,temporal,15,751649339,pick_B,Pick up the blue ball,1,1,0,1,grasp_failed_after_contact,success
20260801,20260802,6,temporal,16,937821226,push_B,Push the blue ball away from the robot,1,1,0,1,insufficient_push_distance,success
20260801,20260802,6,temporal,17,340795577,pick_B,Pick up the blue ball,1,1,0,1,missed_grasp,success
20260801,20260802,6,temporal,18,1519111428,pick_C,Pick up the green cylinder,1,1,0,1,target_toppled_before_grasp,success
20260801,20260802,6,temporal,19,205738177,pick_A,Pick up the red cube,1,1,0,1,grasp_failed_after_contact,success
20260801,20260802,6,temporal,20,1200166337,push_A,Push the red cube away from the robot,1,1,1,1,success,success
20260801,20260802,6,temporal,21,1240704403,pick_B,Pick up the blue ball,1,1,0,1,grasp_failed_after_contact,success
20260801,20260802,6,temporal,22,988635068,pick_A,Pick up the red cube,1,1,0,1,grasp_failed_after_contact,success
20260801,20260802,6,temporal,23,711297445,pick_C,Pick up the green cylinder,1,1,0,1,grasp_failed_after_contact,success
20260801,20260802,6,temporal,24,1643017557,push_A,Push the red cube away from the robot,1,1,1,1,success,success
20260801,20260802,6,temporal,25,2069655652,pick_A,Pick up the red cube,1,1,0,1,grasp_failed_after_contact,success
20260801,20260802,6,temporal,26,1940129737,push_C,Push the green cylinder away from the robot,1,1,0,0,insufficient_push_distance,insufficient_push_distance
20260801,20260802,6,temporal,27,2094903561,push_A,Push the red cube away from the robot,1,1,0,0,target_not_contacted,insufficient_push_distance
20260801,20260802,6,temporal,28,1947632996,push_B,Push the blue ball away from the robot,1,1,0,1,insufficient_push_distance,success
20260801,20260802,6,temporal,29,677252663,pick_A,Pick up the red cube,1,1,0,0,grasp_failed_after_contact,wrong_object_contact
20260801,20260802,6,temporal,30,1357613382,push_A,Push the red cube away from the robot,1,1,0,1,insufficient_push_distance,success
20260801,20260802,6,temporal,31,322558925,push_C,Push the green cylinder away from the robot,1,1,1,1,success,success
20260801,20260802,6,temporal,32,1563891817,push_A,Push the red cube away from the robot,1,1,0,1,insufficient_push_distance,success
20260801,20260802,6,temporal,33,57000727,pick_A,Pick up the red cube,1,1,0,0,grasp_failed_after_contact,insufficient_lift
20260801,20260802,6,temporal,34,1736702307,push_B,Push the blue ball away from the robot,1,1,0,1,insufficient_push_distance,success
20260801,20260802,6,temporal,35,1294355395,pick_B,Pick up the blue ball,1,1,0,1,grasp_failed_after_contact,success
20260801,20260802,6,temporal,36,1662684910,push_A,Push the red cube away from the robot,1,1,1,1,success,success
20260801,20260802,6,temporal,37,1714462720,pick_A,Pick up the red cube,1,1,0,1,grasp_failed_after_contact,success
20260801,20260802,6,temporal,38,8882506,pick_C,Pick up the green cylinder,1,1,0,1,object_launched,success
20260801,20260802,6,temporal,39,936234202,push_A,Push the red cube away from the robot,1,1,0,1,insufficient_push_distance,success
20260801,20260802,6,temporal,40,1675712970,push_B,Push the blue ball away from the robot,1,1,0,0,insufficient_push_distance,insufficient_push_distance
20260801,20260802,6,temporal,41,2038025009,pick_B,Pick up the blue ball,1,1,0,1,missed_grasp,success
20260801,20260802,6,temporal,42,139315407,pick_A,Pick up the red cube,1,1,0,1,grasp_failed_after_contact,success
20260801,20260802,6,temporal,43,254320480,pick_C,Pick up the green cylinder,1,1,0,1,gripper_never_closed,success
20260801,20260802,6,temporal,44,891626877,push_C,Push the green cylinder away from the robot,1,1,0,1,insufficient_push_distance,success
20260801,20260802,6,temporal,45,1500631811,pick_A,Pick up the red cube,1,1,0,1,grasp_failed_after_contact,success
20260801,20260802,6,temporal,46,1286127551,push_A,Push the red cube away from the robot,1,1,1,1,success,success
20260801,20260802,6,temporal,47,950405951,pick_C,Pick up the green cylinder,1,1,0,1,grasp_failed_after_contact,success
20260801,20260802,6,temporal,48,1636226172,pick_A,Pick up the red cube,1,1,0,1,grasp_failed_after_contact,success
20260801,20260802,6,temporal,49,497244317,pick_C,Pick up the green cylinder,1,1,0,1,missed_grasp,success
20260801,20260802,6,temporal,50,1510784023,push_B,Push the blue ball away from the robot,1,1,1,1,success,success
20260801,20260802,6,temporal,51,869057764,push_C,Push the green cylinder away from the robot,1,1,1,1,task_success_only,success
20260801,20260802,6,temporal,52,2010421004,pick_C,Pick up the green cylinder,1,1,0,1,wrong_object_contact,success
20260801,20260802,6,temporal,53,1174929712,pick_C,Pick up the green cylinder,1,1,0,1,grasp_failed_after_contact,success
20260801,20260802,6,temporal,54,491312438,push_C,Push the green cylinder away from the robot,1,1,0,1,insufficient_push_distance,success
20260801,20260802,6,temporal,55,1969865608,push_C,Push the green cylinder away from the robot,1,1,0,1,insufficient_push_distance,success
20260801,20260802,6,temporal,56,1946662380,pick_C,Pick up the green cylinder,1,1,0,0,wrong_object_contact,recovery_limit
20260801,20260802,6,temporal,57,886771867,pick_B,Pick up the blue ball,1,1,0,1,grasp_failed_after_contact,success
20260801,20260802,6,temporal,58,1306754469,push_A,Push the red cube away from the robot,1,1,1,1,success,success
20260801,20260802,6,temporal,59,1495092352,pick_C,Pick up the green cylinder,1,1,0,1,grasp_failed_after_contact,success
20260801,20260802,6,temporal,60,1145732370,push_B,Push the blue ball away from the robot,1,1,0,1,insufficient_push_distance,success
20260811,20260812,6,temporal,1,1108291765,pick_B,Pick up the blue ball,1,1,0,1,grasp_failed_after_contact,success
20260811,20260812,6,temporal,2,597377677,pick_A,Pick up the red cube,1,1,0,1,grasp_failed_after_contact,success
20260811,20260812,6,temporal,3,627505086,push_C,Push the green cylinder away from the robot,1,1,1,1,task_success_only,success
20260811,20260812,6,temporal,4,1237221648,push_A,Push the red cube away from the robot,1,1,1,1,success,success
20260811,20260812,6,temporal,5,884968109,pick_B,Pick up the blue ball,1,1,0,1,wrong_object_contact,success
20260811,20260812,6,temporal,6,950419073,pick_C,Pick up the green cylinder,1,1,0,1,grasp_failed_after_contact,success
20260811,20260812,6,temporal,7,1386785222,push_A,Push the red cube away from the robot,1,1,1,1,success,success
20260811,20260812,6,temporal,8,1647636036,push_A,Push the red cube away from the robot,1,1,0,1,insufficient_push_distance,success
20260811,20260812,6,temporal,9,709682685,pick_A,Pick up the red cube,1,1,0,0,missed_grasp,grasp_failed_after_contact
20260811,20260812,6,temporal,10,947302754,pick_B,Pick up the blue ball,1,1,1,1,success,success
20260811,20260812,6,temporal,11,2115569061,push_A,Push the red cube away from the robot,1,1,0,1,insufficient_push_distance,success
20260811,20260812,6,temporal,12,242403568,push_B,Push the blue ball away from the robot,1,1,1,1,success,success
20260811,20260812,6,temporal,13,141437265,push_A,Push the red cube away from the robot,1,1,0,1,insufficient_push_distance,success
20260811,20260812,6,temporal,14,2039796682,pick_C,Pick up the green cylinder,1,1,0,1,wrong_object_contact,success
20260811,20260812,6,temporal,15,69840060,pick_B,Pick up the blue ball,1,1,0,1,grasp_failed_after_contact,success
20260811,20260812,6,temporal,16,1943017295,push_A,Push the red cube away from the robot,1,1,1,1,success,success
20260811,20260812,6,temporal,17,2104894479,pick_C,Pick up the green cylinder,1,1,0,1,grasp_failed_after_contact,success
20260811,20260812,6,temporal,18,1132678512,pick_A,Pick up the red cube,1,1,0,1,grasp_failed_after_contact,success
20260811,20260812,6,temporal,19,665540359,pick_B,Pick up the blue ball,1,1,0,1,wrong_object_contact,success
20260811,20260812,6,temporal,20,857946723,push_C,Push the green cylinder away from the robot,1,1,0,1,target_not_contacted,success
20260811,20260812,6,temporal,21,1340257999,pick_B,Pick up the blue ball,1,1,0,1,missed_grasp,success
20260811,20260812,6,temporal,22,2084683216,pick_A,Pick up the red cube,1,1,0,1,grasp_failed_after_contact,success
20260811,20260812,6,temporal,23,1363560690,push_C,Push the green cylinder away from the robot,1,1,1,1,success,success
20260811,20260812,6,temporal,24,613602556,pick_A,Pick up the red cube,1,1,0,1,grasp_failed_after_contact,success
20260811,20260812,6,temporal,25,20673085,pick_B,Pick up the blue ball,1,1,0,1,grasp_failed_after_contact,success
20260811,20260812,6,temporal,26,287609370,pick_C,Pick up the green cylinder,1,1,0,0,wrong_object_contact,recovery_limit
20260811,20260812,6,temporal,27,1859882343,push_C,Push the green cylinder away from the robot,1,1,0,0,insufficient_push_distance,insufficient_push_distance
20260811,20260812,6,temporal,28,943077148,pick_B,Pick up the blue ball,1,1,0,1,wrong_object_contact,success
20260811,20260812,6,temporal,29,1559064316,pick_B,Pick up the blue ball,1,1,0,1,grasp_failed_after_contact,success
20260811,20260812,6,temporal,30,1984652207,push_C,Push the green cylinder away from the robot,1,1,0,1,insufficient_push_distance,success
20260811,20260812,6,temporal,31,230134447,push_A,Push the red cube away from the robot,1,1,0,0,insufficient_push_distance,recovery_limit
20260811,20260812,6,temporal,32,783789416,push_C,Push the green cylinder away from the robot,1,1,0,0,insufficient_push_distance,recovery_limit
20260811,20260812,6,temporal,33,2001084263,push_C,Push the green cylinder away from the robot,1,1,0,1,wrong_object_contact,success
20260811,20260812,6,temporal,34,1180781097,push_C,Push the green cylinder away from the robot,1,1,0,1,insufficient_push_distance,success
20260811,20260812,6,temporal,35,163966935,pick_C,Pick up the green cylinder,1,1,0,1,missed_grasp,success
20260811,20260812,6,temporal,36,1837138281,pick_A,Pick up the red cube,1,1,0,1,grasp_failed_after_contact,success
20260811,20260812,6,temporal,37,780026865,pick_A,Pick up the red cube,1,1,0,1,grasp_failed_after_contact,success
20260811,20260812,6,temporal,38,1607092712,push_B,Push the blue ball away from the robot,1,1,0,0,insufficient_push_distance,target_not_contacted
20260811,20260812,6,temporal,39,1451266199,push_A,Push the red cube away from the robot,1,1,0,1,insufficient_push_distance,success
20260811,20260812,6,temporal,40,358756413,pick_C,Pick up the green cylinder,1,1,0,1,target_toppled_before_grasp,success
20260811,20260812,6,temporal,41,1421965644,push_B,Push the blue ball away from the robot,1,1,1,1,success,success
20260811,20260812,6,temporal,42,59016797,push_B,Push the blue ball away from the robot,1,1,0,0,recovery_limit,insufficient_push_distance
20260811,20260812,6,temporal,43,1302654236,pick_C,Pick up the green cylinder,1,1,0,1,workspace_stall,success
20260811,20260812,6,temporal,44,384580899,push_B,Push the blue ball away from the robot,1,1,1,1,success,success
20260811,20260812,6,temporal,45,1011128636,push_C,Push the green cylinder away from the robot,1,1,0,1,insufficient_push_distance,success
20260811,20260812,6,temporal,46,296641795,pick_B,Pick up the blue ball,1,1,0,1,grasp_failed_after_contact,success
20260811,20260812,6,temporal,47,123843409,push_B,Push the blue ball away from the robot,1,1,1,1,success,success
20260811,20260812,6,temporal,48,134514525,push_A,Push the red cube away from the robot,1,1,0,0,insufficient_push_distance,insufficient_push_distance
20260811,20260812,6,temporal,49,277643107,push_B,Push the blue ball away from the robot,1,1,1,1,success,success
20260811,20260812,6,temporal,50,1980477288,pick_A,Pick up the red cube,1,1,0,1,grasp_failed_after_contact,success
20260811,20260812,6,temporal,51,1664468370,push_B,Push the blue ball away from the robot,1,1,1,1,success,success
20260811,20260812,6,temporal,52,1089264912,push_C,Push the green cylinder away from the robot,1,1,0,0,insufficient_push_distance,target_not_contacted
20260811,20260812,6,temporal,53,1025412360,pick_C,Pick up the green cylinder,1,1,0,1,grasp_failed_after_contact,success
20260811,20260812,6,temporal,54,730531494,pick_C,Pick up the green cylinder,1,1,0,1,missed_grasp,success
20260811,20260812,6,temporal,55,1446152857,pick_A,Pick up the red cube,1,1,0,1,grasp_failed_after_contact,success
20260811,20260812,6,temporal,56,1446783571,push_B,Push the blue ball away from the robot,1,1,1,0,success,recovery_limit
20260811,20260812,6,temporal,57,467683298,pick_A,Pick up the red cube,1,1,1,1,success,success
20260811,20260812,6,temporal,58,1944327625,pick_C,Pick up the green cylinder,1,1,0,1,missed_grasp,success
20260811,20260812,6,temporal,59,803382679,push_B,Push the blue ball away from the robot,1,1,1,1,success,success
20260811,20260812,6,temporal,60,1586958513,push_A,Push the red cube away from the robot,1,1,0,0,target_not_contacted,target_not_contacted
20260801,20260802,7,temporal,1,1485225831,push_B,Push the blue ball away from the robot,1,1,0,0,target_not_contacted,recovery_limit
20260801,20260802,7,temporal,2,423671072,push_C,Push the green cylinder away from the robot,1,1,0,1,insufficient_push_distance,success
20260801,20260802,7,temporal,3,375455843,push_C,Push the green cylinder away from the robot,1,1,1,1,success,success
20260801,20260802,7,temporal,4,553518490,push_C,Push the green cylinder away from the robot,1,1,1,1,success,success
20260801,20260802,7,temporal,5,1506469058,pick_B,Pick up the blue ball,1,1,0,1,missed_grasp,success
20260801,20260802,7,temporal,6,2061678707,push_C,Push the green cylinder away from the robot,1,1,1,1,success,success
20260801,20260802,7,temporal,7,1419313632,pick_B,Pick up the blue ball,1,1,0,1,wrong_object_contact,success
20260801,20260802,7,temporal,8,1070560489,push_B,Push the blue ball away from the robot,1,1,0,1,target_not_contacted,success
20260801,20260802,7,temporal,9,1348464606,push_B,Push the blue ball away from the robot,1,1,0,0,insufficient_push_distance,insufficient_push_distance
20260801,20260802,7,temporal,10,1982507234,push_B,Push the blue ball away from the robot,1,1,0,1,insufficient_push_distance,success
20260801,20260802,7,temporal,11,1679153557,pick_A,Pick up the red cube,1,1,0,1,grasp_failed_after_contact,success
20260801,20260802,7,temporal,12,1255196262,push_A,Push the red cube away from the robot,1,1,1,1,success,success
20260801,20260802,7,temporal,13,1431197586,pick_B,Pick up the blue ball,1,1,0,1,wrong_object_contact,success
20260801,20260802,7,temporal,14,2134975730,pick_B,Pick up the blue ball,1,1,0,1,missed_grasp,success
20260801,20260802,7,temporal,15,751649339,pick_B,Pick up the blue ball,1,1,0,1,grasp_failed_after_contact,success
20260801,20260802,7,temporal,16,937821226,push_B,Push the blue ball away from the robot,1,1,0,1,insufficient_push_distance,success
20260801,20260802,7,temporal,17,340795577,pick_B,Pick up the blue ball,1,1,0,1,missed_grasp,success
20260801,20260802,7,temporal,18,1519111428,pick_C,Pick up the green cylinder,1,1,0,1,target_toppled_before_grasp,success
20260801,20260802,7,temporal,19,205738177,pick_A,Pick up the red cube,1,1,0,1,grasp_failed_after_contact,success
20260801,20260802,7,temporal,20,1200166337,push_A,Push the red cube away from the robot,1,1,0,1,insufficient_push_distance,success
20260801,20260802,7,temporal,21,1240704403,pick_B,Pick up the blue ball,1,1,0,1,missed_grasp,success
20260801,20260802,7,temporal,22,988635068,pick_A,Pick up the red cube,1,1,0,0,grasp_failed_after_contact,insufficient_lift
20260801,20260802,7,temporal,23,711297445,pick_C,Pick up the green cylinder,1,1,0,1,object_launched,success
20260801,20260802,7,temporal,24,1643017557,push_A,Push the red cube away from the robot,1,1,0,1,insufficient_push_distance,success
20260801,20260802,7,temporal,25,2069655652,pick_A,Pick up the red cube,1,1,0,1,missed_grasp,success
20260801,20260802,7,temporal,26,1940129737,push_C,Push the green cylinder away from the robot,1,1,0,0,target_not_contacted,insufficient_push_distance
20260801,20260802,7,temporal,27,2094903561,push_A,Push the red cube away from the robot,1,1,0,0,target_not_contacted,insufficient_push_distance
20260801,20260802,7,temporal,28,1947632996,push_B,Push the blue ball away from the robot,1,1,0,0,recovery_limit,insufficient_push_distance
20260801,20260802,7,temporal,29,677252663,pick_A,Pick up the red cube,1,1,0,0,missed_grasp,gripper_never_closed
20260801,20260802,7,temporal,30,1357613382,push_A,Push the red cube away from the robot,1,1,0,1,insufficient_push_distance,success
20260801,20260802,7,temporal,31,322558925,push_C,Push the green cylinder away from the robot,1,1,1,1,success,success
20260801,20260802,7,temporal,32,1563891817,push_A,Push the red cube away from the robot,1,1,1,1,success,success
20260801,20260802,7,temporal,33,57000727,pick_A,Pick up the red cube,1,1,0,1,missed_grasp,task_success_only
20260801,20260802,7,temporal,34,1736702307,push_B,Push the blue ball away from the robot,1,1,0,1,target_not_contacted,success
20260801,20260802,7,temporal,35,1294355395,pick_B,Pick up the blue ball,1,1,0,1,missed_grasp,success
20260801,20260802,7,temporal,36,1662684910,push_A,Push the red cube away from the robot,1,1,1,0,success,target_not_contacted
20260801,20260802,7,temporal,37,1714462720,pick_A,Pick up the red cube,1,1,0,0,missed_grasp,gripper_never_closed
20260801,20260802,7,temporal,38,8882506,pick_C,Pick up the green cylinder,1,1,0,1,target_toppled_before_grasp,success
20260801,20260802,7,temporal,39,936234202,push_A,Push the red cube away from the robot,1,1,0,1,insufficient_push_distance,success
20260801,20260802,7,temporal,40,1675712970,push_B,Push the blue ball away from the robot,1,1,0,0,target_not_contacted,insufficient_push_distance
20260801,20260802,7,temporal,41,2038025009,pick_B,Pick up the blue ball,1,1,0,1,missed_grasp,success
20260801,20260802,7,temporal,42,139315407,pick_A,Pick up the red cube,1,1,0,1,grasp_failed_after_contact,success
20260801,20260802,7,temporal,43,254320480,pick_C,Pick up the green cylinder,1,1,0,1,wrong_object_contact,success
20260801,20260802,7,temporal,44,891626877,push_C,Push the green cylinder away from the robot,1,1,0,1,insufficient_push_distance,success
20260801,20260802,7,temporal,45,1500631811,pick_A,Pick up the red cube,1,1,0,1,missed_grasp,success
20260801,20260802,7,temporal,46,1286127551,push_A,Push the red cube away from the robot,1,1,1,1,success,success
20260801,20260802,7,temporal,47,950405951,pick_C,Pick up the green cylinder,1,1,0,1,grasp_failed_after_contact,success
20260801,20260802,7,temporal,48,1636226172,pick_A,Pick up the red cube,1,1,0,1,grasp_failed_after_contact,success
20260801,20260802,7,temporal,49,497244317,pick_C,Pick up the green cylinder,1,1,0,1,missed_grasp,success
20260801,20260802,7,temporal,50,1510784023,push_B,Push the blue ball away from the robot,1,1,1,1,success,success
20260801,20260802,7,temporal,51,869057764,push_C,Push the green cylinder away from the robot,1,1,1,1,success,task_success_only
20260801,20260802,7,temporal,52,2010421004,pick_C,Pick up the green cylinder,1,1,0,1,wrong_object_contact,success
20260801,20260802,7,temporal,53,1174929712,pick_C,Pick up the green cylinder,1,1,0,1,grasp_failed_after_contact,success
20260801,20260802,7,temporal,54,491312438,push_C,Push the green cylinder away from the robot,1,1,0,1,insufficient_push_distance,success
20260801,20260802,7,temporal,55,1969865608,push_C,Push the green cylinder away from the robot,1,1,0,1,insufficient_push_distance,success
20260801,20260802,7,temporal,56,1946662380,pick_C,Pick up the green cylinder,1,1,0,0,wrong_object_contact,gripper_never_closed
20260801,20260802,7,temporal,57,886771867,pick_B,Pick up the blue ball,1,1,0,1,wrong_object_contact,success
20260801,20260802,7,temporal,58,1306754469,push_A,Push the red cube away from the robot,1,1,0,1,insufficient_push_distance,success
20260801,20260802,7,temporal,59,1495092352,pick_C,Pick up the green cylinder,1,1,0,1,grasp_failed_after_contact,success
20260801,20260802,7,temporal,60,1145732370,push_B,Push the blue ball away from the robot,1,1,1,1,success,success
20260811,20260812,7,temporal,1,1108291765,pick_B,Pick up the blue ball,1,1,0,1,grasp_failed_after_contact,success
20260811,20260812,7,temporal,2,597377677,pick_A,Pick up the red cube,1,1,0,1,grasp_failed_after_contact,success
20260811,20260812,7,temporal,3,627505086,push_C,Push the green cylinder away from the robot,1,1,1,0,success,recovery_limit
20260811,20260812,7,temporal,4,1237221648,push_A,Push the red cube away from the robot,1,1,1,1,success,success
20260811,20260812,7,temporal,5,884968109,pick_B,Pick up the blue ball,1,1,0,1,wrong_object_contact,success
20260811,20260812,7,temporal,6,950419073,pick_C,Pick up the green cylinder,1,1,0,1,grasp_failed_after_contact,success
20260811,20260812,7,temporal,7,1386785222,push_A,Push the red cube away from the robot,1,1,0,1,insufficient_push_distance,success
20260811,20260812,7,temporal,8,1647636036,push_A,Push the red cube away from the robot,1,1,0,1,insufficient_push_distance,success
20260811,20260812,7,temporal,9,709682685,pick_A,Pick up the red cube,1,1,0,0,missed_grasp,recovery_limit
20260811,20260812,7,temporal,10,947302754,pick_B,Pick up the blue ball,1,1,1,1,success,success
20260811,20260812,7,temporal,11,2115569061,push_A,Push the red cube away from the robot,1,1,0,0,insufficient_push_distance,target_not_contacted
20260811,20260812,7,temporal,12,242403568,push_B,Push the blue ball away from the robot,1,1,1,1,success,success
20260811,20260812,7,temporal,13,141437265,push_A,Push the red cube away from the robot,1,1,1,1,success,success
20260811,20260812,7,temporal,14,2039796682,pick_C,Pick up the green cylinder,1,1,0,1,wrong_object_contact,success
20260811,20260812,7,temporal,15,69840060,pick_B,Pick up the blue ball,1,1,0,1,grasp_failed_after_contact,success
20260811,20260812,7,temporal,16,1943017295,push_A,Push the red cube away from the robot,1,1,0,1,insufficient_push_distance,success
20260811,20260812,7,temporal,17,2104894479,pick_C,Pick up the green cylinder,1,1,0,1,grasp_failed_after_contact,success
20260811,20260812,7,temporal,18,1132678512,pick_A,Pick up the red cube,1,1,0,1,object_dropped,success
20260811,20260812,7,temporal,19,665540359,pick_B,Pick up the blue ball,1,1,0,1,wrong_object_contact,success
20260811,20260812,7,temporal,20,857946723,push_C,Push the green cylinder away from the robot,1,1,0,1,target_not_contacted,success
20260811,20260812,7,temporal,21,1340257999,pick_B,Pick up the blue ball,1,1,0,1,missed_grasp,success
20260811,20260812,7,temporal,22,2084683216,pick_A,Pick up the red cube,1,1,0,1,grasp_failed_after_contact,success
20260811,20260812,7,temporal,23,1363560690,push_C,Push the green cylinder away from the robot,1,1,0,1,insufficient_push_distance,task_success_only
20260811,20260812,7,temporal,24,613602556,pick_A,Pick up the red cube,1,1,0,1,grasp_failed_after_contact,success
20260811,20260812,7,temporal,25,20673085,pick_B,Pick up the blue ball,1,1,0,0,missed_grasp,recovery_limit
20260811,20260812,7,temporal,26,287609370,pick_C,Pick up the green cylinder,1,1,0,1,wrong_object_contact,success
20260811,20260812,7,temporal,27,1859882343,push_C,Push the green cylinder away from the robot,1,1,0,0,insufficient_push_distance,insufficient_push_distance
20260811,20260812,7,temporal,28,943077148,pick_B,Pick up the blue ball,1,1,0,1,missed_grasp,success
20260811,20260812,7,temporal,29,1559064316,pick_B,Pick up the blue ball,1,1,0,1,missed_grasp,success
20260811,20260812,7,temporal,30,1984652207,push_C,Push the green cylinder away from the robot,1,1,0,1,insufficient_push_distance,success
20260811,20260812,7,temporal,31,230134447,push_A,Push the red cube away from the robot,1,1,1,1,success,success
20260811,20260812,7,temporal,32,783789416,push_C,Push the green cylinder away from the robot,1,1,0,0,insufficient_push_distance,recovery_limit
20260811,20260812,7,temporal,33,2001084263,push_C,Push the green cylinder away from the robot,1,1,0,1,wrong_object_contact,success
20260811,20260812,7,temporal,34,1180781097,push_C,Push the green cylinder away from the robot,1,1,0,1,insufficient_push_distance,success
20260811,20260812,7,temporal,35,163966935,pick_C,Pick up the green cylinder,1,1,0,1,grasp_failed_after_contact,success
20260811,20260812,7,temporal,36,1837138281,pick_A,Pick up the red cube,1,1,0,1,wrong_object_contact,success
20260811,20260812,7,temporal,37,780026865,pick_A,Pick up the red cube,1,1,0,1,grasp_failed_after_contact,success
20260811,20260812,7,temporal,38,1607092712,push_B,Push the blue ball away from the robot,1,1,0,0,insufficient_push_distance,target_not_contacted
20260811,20260812,7,temporal,39,1451266199,push_A,Push the red cube away from the robot,1,1,0,1,insufficient_push_distance,success
20260811,20260812,7,temporal,40,358756413,pick_C,Pick up the green cylinder,1,1,0,1,object_launched,success
20260811,20260812,7,temporal,41,1421965644,push_B,Push the blue ball away from the robot,1,1,1,1,success,success
20260811,20260812,7,temporal,42,59016797,push_B,Push the blue ball away from the robot,1,1,0,0,insufficient_push_distance,insufficient_push_distance
20260811,20260812,7,temporal,43,1302654236,pick_C,Pick up the green cylinder,1,1,0,1,grasp_failed_after_contact,success
20260811,20260812,7,temporal,44,384580899,push_B,Push the blue ball away from the robot,1,1,1,1,success,success
20260811,20260812,7,temporal,45,1011128636,push_C,Push the green cylinder away from the robot,1,1,0,1,insufficient_push_distance,success
20260811,20260812,7,temporal,46,296641795,pick_B,Pick up the blue ball,1,1,0,1,grasp_failed_after_contact,success
20260811,20260812,7,temporal,47,123843409,push_B,Push the blue ball away from the robot,1,1,1,1,success,success
20260811,20260812,7,temporal,48,134514525,push_A,Push the red cube away from the robot,1,1,0,0,insufficient_push_distance,insufficient_push_distance
20260811,20260812,7,temporal,49,277643107,push_B,Push the blue ball away from the robot,1,1,0,1,recovery_limit,success
20260811,20260812,7,temporal,50,1980477288,pick_A,Pick up the red cube,1,1,0,1,grasp_failed_after_contact,success
20260811,20260812,7,temporal,51,1664468370,push_B,Push the blue ball away from the robot,1,1,1,1,success,success
20260811,20260812,7,temporal,52,1089264912,push_C,Push the green cylinder away from the robot,1,1,0,0,insufficient_push_distance,insufficient_push_distance
20260811,20260812,7,temporal,53,1025412360,pick_C,Pick up the green cylinder,1,1,0,1,grasp_failed_after_contact,success
20260811,20260812,7,temporal,54,730531494,pick_C,Pick up the green cylinder,1,1,0,0,missed_grasp,insufficient_lift
20260811,20260812,7,temporal,55,1446152857,pick_A,Pick up the red cube,1,1,0,1,grasp_failed_after_contact,success
20260811,20260812,7,temporal,56,1446783571,push_B,Push the blue ball away from the robot,1,1,1,0,success,recovery_limit
20260811,20260812,7,temporal,57,467683298,pick_A,Pick up the red cube,1,1,1,1,success,success
20260811,20260812,7,temporal,58,1944327625,pick_C,Pick up the green cylinder,1,1,0,0,missed_grasp,gripper_never_closed
20260811,20260812,7,temporal,59,803382679,push_B,Push the blue ball away from the robot,1,1,1,1,success,success
20260811,20260812,7,temporal,60,1586958513,push_A,Push the red cube away from the robot,1,1,0,1,workspace_stall,success
20260801,20260802,8,temporal,1,1485225831,push_B,Push the blue ball away from the robot,1,1,0,0,target_not_contacted,recovery_limit
20260801,20260802,8,temporal,2,423671072,push_C,Push the green cylinder away from the robot,1,1,1,0,task_success_only,insufficient_push_distance
20260801,20260802,8,temporal,3,375455843,push_C,Push the green cylinder away from the robot,1,1,0,1,insufficient_push_distance,success
20260801,20260802,8,temporal,4,553518490,push_C,Push the green cylinder away from the robot,1,1,0,1,insufficient_push_distance,success
20260801,20260802,8,temporal,5,1506469058,pick_B,Pick up the blue ball,1,1,0,1,missed_grasp,success
20260801,20260802,8,temporal,6,2061678707,push_C,Push the green cylinder away from the robot,1,1,1,1,success,success
20260801,20260802,8,temporal,7,1419313632,pick_B,Pick up the blue ball,1,1,0,1,workspace_stall,success
20260801,20260802,8,temporal,8,1070560489,push_B,Push the blue ball away from the robot,1,1,0,0,target_not_contacted,insufficient_push_distance
20260801,20260802,8,temporal,9,1348464606,push_B,Push the blue ball away from the robot,1,1,0,0,insufficient_push_distance,insufficient_push_distance
20260801,20260802,8,temporal,10,1982507234,push_B,Push the blue ball away from the robot,1,1,0,1,recovery_limit,success
20260801,20260802,8,temporal,11,1679153557,pick_A,Pick up the red cube,1,1,0,1,grasp_failed_after_contact,success
20260801,20260802,8,temporal,12,1255196262,push_A,Push the red cube away from the robot,1,1,1,1,success,success
20260801,20260802,8,temporal,13,1431197586,pick_B,Pick up the blue ball,1,1,0,1,wrong_object_contact,success
20260801,20260802,8,temporal,14,2134975730,pick_B,Pick up the blue ball,1,1,0,1,missed_grasp,success
20260801,20260802,8,temporal,15,751649339,pick_B,Pick up the blue ball,1,1,0,1,grasp_failed_after_contact,success
20260801,20260802,8,temporal,16,937821226,push_B,Push the blue ball away from the robot,1,1,0,1,target_not_contacted,success
20260801,20260802,8,temporal,17,340795577,pick_B,Pick up the blue ball,1,1,0,1,missed_grasp,success
20260801,20260802,8,temporal,18,1519111428,pick_C,Pick up the green cylinder,1,1,0,1,wrong_object_contact,success
20260801,20260802,8,temporal,19,205738177,pick_A,Pick up the red cube,1,1,0,1,wrong_object_contact,success
20260801,20260802,8,temporal,20,1200166337,push_A,Push the red cube away from the robot,1,1,0,1,insufficient_push_distance,success
20260801,20260802,8,temporal,21,1240704403,pick_B,Pick up the blue ball,1,1,0,1,wrong_object_contact,success
20260801,20260802,8,temporal,22,988635068,pick_A,Pick up the red cube,1,1,0,1,grasp_failed_after_contact,success
20260801,20260802,8,temporal,23,711297445,pick_C,Pick up the green cylinder,1,1,0,1,grasp_failed_after_contact,success
20260801,20260802,8,temporal,24,1643017557,push_A,Push the red cube away from the robot,1,1,0,1,insufficient_push_distance,success
20260801,20260802,8,temporal,25,2069655652,pick_A,Pick up the red cube,1,1,0,1,missed_grasp,success
20260801,20260802,8,temporal,26,1940129737,push_C,Push the green cylinder away from the robot,1,1,0,0,target_not_contacted,insufficient_push_distance
20260801,20260802,8,temporal,27,2094903561,push_A,Push the red cube away from the robot,1,1,0,0,insufficient_push_distance,target_not_contacted
20260801,20260802,8,temporal,28,1947632996,push_B,Push the blue ball away from the robot,1,1,0,1,recovery_limit,success
20260801,20260802,8,temporal,29,677252663,pick_A,Pick up the red cube,1,1,0,0,missed_grasp,gripper_never_closed
20260801,20260802,8,temporal,30,1357613382,push_A,Push the red cube away from the robot,1,1,0,1,insufficient_push_distance,success
20260801,20260802,8,temporal,31,322558925,push_C,Push the green cylinder away from the robot,1,1,1,1,success,success
20260801,20260802,8,temporal,32,1563891817,push_A,Push the red cube away from the robot,1,1,1,1,success,success
20260801,20260802,8,temporal,33,57000727,pick_A,Pick up the red cube,1,1,0,0,missed_grasp,recovery_limit
20260801,20260802,8,temporal,34,1736702307,push_B,Push the blue ball away from the robot,1,1,0,1,target_not_contacted,success
20260801,20260802,8,temporal,35,1294355395,pick_B,Pick up the blue ball,1,1,0,1,grasp_failed_after_contact,success
20260801,20260802,8,temporal,36,1662684910,push_A,Push the red cube away from the robot,1,1,0,0,workspace_stall,target_not_contacted
20260801,20260802,8,temporal,37,1714462720,pick_A,Pick up the red cube,1,1,0,0,missed_grasp,gripper_never_closed
20260801,20260802,8,temporal,38,8882506,pick_C,Pick up the green cylinder,1,1,0,1,grasp_failed_after_contact,success
20260801,20260802,8,temporal,39,936234202,push_A,Push the red cube away from the robot,1,1,0,0,insufficient_push_distance,recovery_limit
20260801,20260802,8,temporal,40,1675712970,push_B,Push the blue ball away from the robot,1,1,0,0,target_not_contacted,recovery_limit
20260801,20260802,8,temporal,41,2038025009,pick_B,Pick up the blue ball,1,1,0,1,missed_grasp,success
20260801,20260802,8,temporal,42,139315407,pick_A,Pick up the red cube,1,1,0,1,grasp_failed_after_contact,success
20260801,20260802,8,temporal,43,254320480,pick_C,Pick up the green cylinder,1,1,0,1,wrong_object_contact,success
20260801,20260802,8,temporal,44,891626877,push_C,Push the green cylinder away from the robot,1,1,0,1,insufficient_push_distance,success
20260801,20260802,8,temporal,45,1500631811,pick_A,Pick up the red cube,1,1,0,1,missed_grasp,success
20260801,20260802,8,temporal,46,1286127551,push_A,Push the red cube away from the robot,1,1,0,1,insufficient_push_distance,success
20260801,20260802,8,temporal,47,950405951,pick_C,Pick up the green cylinder,1,1,0,1,grasp_failed_after_contact,success
20260801,20260802,8,temporal,48,1636226172,pick_A,Pick up the red cube,1,1,0,1,grasp_failed_after_contact,success
20260801,20260802,8,temporal,49,497244317,pick_C,Pick up the green cylinder,1,1,0,1,missed_grasp,success
20260801,20260802,8,temporal,50,1510784023,push_B,Push the blue ball away from the robot,1,1,1,1,success,success
20260801,20260802,8,temporal,51,869057764,push_C,Push the green cylinder away from the robot,1,1,1,1,success,success
20260801,20260802,8,temporal,52,2010421004,pick_C,Pick up the green cylinder,1,1,0,1,wrong_object_contact,success
20260801,20260802,8,temporal,53,1174929712,pick_C,Pick up the green cylinder,1,1,0,1,missed_grasp,success
20260801,20260802,8,temporal,54,491312438,push_C,Push the green cylinder away from the robot,1,1,0,1,target_not_contacted,success
20260801,20260802,8,temporal,55,1969865608,push_C,Push the green cylinder away from the robot,1,1,0,1,insufficient_push_distance,success
20260801,20260802,8,temporal,56,1946662380,pick_C,Pick up the green cylinder,1,1,0,0,grasp_failed_after_contact,gripper_never_closed
20260801,20260802,8,temporal,57,886771867,pick_B,Pick up the blue ball,1,1,0,1,grasp_failed_after_contact,success
20260801,20260802,8,temporal,58,1306754469,push_A,Push the red cube away from the robot,1,1,1,1,success,success
20260801,20260802,8,temporal,59,1495092352,pick_C,Pick up the green cylinder,1,1,0,1,grasp_failed_after_contact,success
20260801,20260802,8,temporal,60,1145732370,push_B,Push the blue ball away from the robot,1,1,0,1,recovery_limit,success
20260811,20260812,8,temporal,1,1108291765,pick_B,Pick up the blue ball,1,1,0,1,grasp_failed_after_contact,success
20260811,20260812,8,temporal,2,597377677,pick_A,Pick up the red cube,1,1,0,1,grasp_failed_after_contact,success
20260811,20260812,8,temporal,3,627505086,push_C,Push the green cylinder away from the robot,1,1,1,0,success,insufficient_push_distance
20260811,20260812,8,temporal,4,1237221648,push_A,Push the red cube away from the robot,1,1,0,1,insufficient_push_distance,success
20260811,20260812,8,temporal,5,884968109,pick_B,Pick up the blue ball,1,1,0,1,wrong_object_contact,success
20260811,20260812,8,temporal,6,950419073,pick_C,Pick up the green cylinder,1,1,0,1,object_launched,success
20260811,20260812,8,temporal,7,1386785222,push_A,Push the red cube away from the robot,1,1,0,0,recovery_limit,insufficient_push_distance
20260811,20260812,8,temporal,8,1647636036,push_A,Push the red cube away from the robot,1,1,1,1,success,success
20260811,20260812,8,temporal,9,709682685,pick_A,Pick up the red cube,1,1,0,0,missed_grasp,gripper_never_closed
20260811,20260812,8,temporal,10,947302754,pick_B,Pick up the blue ball,1,1,1,1,success,success
20260811,20260812,8,temporal,11,2115569061,push_A,Push the red cube away from the robot,1,1,1,0,success,insufficient_push_distance
20260811,20260812,8,temporal,12,242403568,push_B,Push the blue ball away from the robot,1,1,0,1,insufficient_push_distance,success
20260811,20260812,8,temporal,13,141437265,push_A,Push the red cube away from the robot,1,1,1,1,success,success
20260811,20260812,8,temporal,14,2039796682,pick_C,Pick up the green cylinder,1,1,0,1,wrong_object_contact,success
20260811,20260812,8,temporal,15,69840060,pick_B,Pick up the blue ball,1,1,0,1,grasp_failed_after_contact,success
20260811,20260812,8,temporal,16,1943017295,push_A,Push the red cube away from the robot,1,1,0,0,insufficient_push_distance,insufficient_push_distance
20260811,20260812,8,temporal,17,2104894479,pick_C,Pick up the green cylinder,1,1,0,1,grasp_failed_after_contact,success
20260811,20260812,8,temporal,18,1132678512,pick_A,Pick up the red cube,1,1,0,1,grasp_failed_after_contact,success
20260811,20260812,8,temporal,19,665540359,pick_B,Pick up the blue ball,1,1,0,1,wrong_object_contact,success
20260811,20260812,8,temporal,20,857946723,push_C,Push the green cylinder away from the robot,1,1,0,1,target_not_contacted,success
20260811,20260812,8,temporal,21,1340257999,pick_B,Pick up the blue ball,1,1,0,1,missed_grasp,success
20260811,20260812,8,temporal,22,2084683216,pick_A,Pick up the red cube,1,1,0,1,grasp_failed_after_contact,success
20260811,20260812,8,temporal,23,1363560690,push_C,Push the green cylinder away from the robot,1,1,0,1,insufficient_push_distance,task_success_only
20260811,20260812,8,temporal,24,613602556,pick_A,Pick up the red cube,1,1,0,1,grasp_failed_after_contact,success
20260811,20260812,8,temporal,25,20673085,pick_B,Pick up the blue ball,1,1,0,1,missed_grasp,success
20260811,20260812,8,temporal,26,287609370,pick_C,Pick up the green cylinder,1,1,0,0,wrong_object_contact,insufficient_lift
20260811,20260812,8,temporal,27,1859882343,push_C,Push the green cylinder away from the robot,1,1,0,1,insufficient_push_distance,success
20260811,20260812,8,temporal,28,943077148,pick_B,Pick up the blue ball,1,1,0,1,wrong_object_contact,success
20260811,20260812,8,temporal,29,1559064316,pick_B,Pick up the blue ball,1,1,0,1,grasp_failed_after_contact,success
20260811,20260812,8,temporal,30,1984652207,push_C,Push the green cylinder away from the robot,1,1,0,1,insufficient_push_distance,success
20260811,20260812,8,temporal,31,230134447,push_A,Push the red cube away from the robot,1,1,1,0,success,insufficient_push_distance
20260811,20260812,8,temporal,32,783789416,push_C,Push the green cylinder away from the robot,1,1,0,0,insufficient_push_distance,insufficient_push_distance
20260811,20260812,8,temporal,33,2001084263,push_C,Push the green cylinder away from the robot,1,1,0,0,wrong_object_contact,insufficient_push_distance
20260811,20260812,8,temporal,34,1180781097,push_C,Push the green cylinder away from the robot,1,1,1,1,success,success
20260811,20260812,8,temporal,35,163966935,pick_C,Pick up the green cylinder,1,1,0,1,grasp_failed_after_contact,success
20260811,20260812,8,temporal,36,1837138281,pick_A,Pick up the red cube,1,1,0,1,object_dropped,success
20260811,20260812,8,temporal,37,780026865,pick_A,Pick up the red cube,1,1,0,1,grasp_failed_after_contact,success
20260811,20260812,8,temporal,38,1607092712,push_B,Push the blue ball away from the robot,1,1,0,0,target_not_contacted,insufficient_push_distance
20260811,20260812,8,temporal,39,1451266199,push_A,Push the red cube away from the robot,1,1,0,1,insufficient_push_distance,success
20260811,20260812,8,temporal,40,358756413,pick_C,Pick up the green cylinder,1,1,0,1,grasp_failed_after_contact,success
20260811,20260812,8,temporal,41,1421965644,push_B,Push the blue ball away from the robot,1,1,0,0,target_not_contacted,recovery_limit
20260811,20260812,8,temporal,42,59016797,push_B,Push the blue ball away from the robot,1,1,0,0,target_not_contacted,insufficient_push_distance
20260811,20260812,8,temporal,43,1302654236,pick_C,Pick up the green cylinder,1,1,0,1,grasp_failed_after_contact,success
20260811,20260812,8,temporal,44,384580899,push_B,Push the blue ball away from the robot,1,1,1,1,success,success
20260811,20260812,8,temporal,45,1011128636,push_C,Push the green cylinder away from the robot,1,1,1,1,success,success
20260811,20260812,8,temporal,46,296641795,pick_B,Pick up the blue ball,1,1,0,1,grasp_failed_after_contact,success
20260811,20260812,8,temporal,47,123843409,push_B,Push the blue ball away from the robot,1,1,0,1,insufficient_push_distance,success
20260811,20260812,8,temporal,48,134514525,push_A,Push the red cube away from the robot,1,1,1,0,success,recovery_limit
20260811,20260812,8,temporal,49,277643107,push_B,Push the blue ball away from the robot,1,1,0,1,insufficient_push_distance,success
20260811,20260812,8,temporal,50,1980477288,pick_A,Pick up the red cube,1,1,0,1,target_not_reached,success
20260811,20260812,8,temporal,51,1664468370,push_B,Push the blue ball away from the robot,1,1,1,1,success,success
20260811,20260812,8,temporal,52,1089264912,push_C,Push the green cylinder away from the robot,1,1,0,0,insufficient_push_distance,insufficient_push_distance
20260811,20260812,8,temporal,53,1025412360,pick_C,Pick up the green cylinder,1,1,0,1,wrong_object_contact,success
20260811,20260812,8,temporal,54,730531494,pick_C,Pick up the green cylinder,1,1,0,0,missed_grasp,insufficient_lift
20260811,20260812,8,temporal,55,1446152857,pick_A,Pick up the red cube,1,1,0,1,grasp_failed_after_contact,success
20260811,20260812,8,temporal,56,1446783571,push_B,Push the blue ball away from the robot,1,1,0,1,target_not_contacted,success
20260811,20260812,8,temporal,57,467683298,pick_A,Pick up the red cube,1,1,0,1,grasp_failed_after_contact,success
20260811,20260812,8,temporal,58,1944327625,pick_C,Pick up the green cylinder,1,1,0,0,missed_grasp,gripper_never_closed
20260811,20260812,8,temporal,59,803382679,push_B,Push the blue ball away from the robot,1,1,1,1,success,success
20260811,20260812,8,temporal,60,1586958513,push_A,Push the red cube away from the robot,1,1,0,0,workspace_stall,target_not_contacted
20260801,20260802,0,latest-only,1,1485225831,push_B,Push the blue ball away from the robot,0,0,0,0,insufficient_push_distance,recovery_limit
20260801,20260802,0,latest-only,2,423671072,push_C,Push the green cylinder away from the robot,0,0,1,1,success,success
20260801,20260802,0,latest-only,3,375455843,push_C,Push the green cylinder away from the robot,0,0,1,1,success,success
20260801,20260802,0,latest-only,4,553518490,push_C,Push the green cylinder away from the robot,0,0,1,1,success,success
20260801,20260802,0,latest-only,5,1506469058,pick_B,Pick up the blue ball,0,0,1,1,success,success
20260801,20260802,0,latest-only,6,2061678707,push_C,Push the green cylinder away from the robot,0,0,1,1,success,success
20260801,20260802,0,latest-only,7,1419313632,pick_B,Pick up the blue ball,0,0,1,1,success,success
20260801,20260802,0,latest-only,8,1070560489,push_B,Push the blue ball away from the robot,0,0,1,1,success,success
20260801,20260802,0,latest-only,9,1348464606,push_B,Push the blue ball away from the robot,0,0,0,0,insufficient_push_distance,insufficient_push_distance
20260801,20260802,0,latest-only,10,1982507234,push_B,Push the blue ball away from the robot,0,0,1,1,success,success
20260801,20260802,0,latest-only,11,1679153557,pick_A,Pick up the red cube,0,0,1,1,success,success
20260801,20260802,0,latest-only,12,1255196262,push_A,Push the red cube away from the robot,0,0,1,1,success,success
20260801,20260802,0,latest-only,13,1431197586,pick_B,Pick up the blue ball,0,0,1,1,success,success
20260801,20260802,0,latest-only,14,2134975730,pick_B,Pick up the blue ball,0,0,1,1,success,success
20260801,20260802,0,latest-only,15,751649339,pick_B,Pick up the blue ball,0,0,1,1,success,success
20260801,20260802,0,latest-only,16,937821226,push_B,Push the blue ball away from the robot,0,0,1,1,success,success
20260801,20260802,0,latest-only,17,340795577,pick_B,Pick up the blue ball,0,0,1,1,success,success
20260801,20260802,0,latest-only,18,1519111428,pick_C,Pick up the green cylinder,0,0,1,1,success,success
20260801,20260802,0,latest-only,19,205738177,pick_A,Pick up the red cube,0,0,1,1,success,success
20260801,20260802,0,latest-only,20,1200166337,push_A,Push the red cube away from the robot,0,0,1,1,success,success
20260801,20260802,0,latest-only,21,1240704403,pick_B,Pick up the blue ball,0,0,1,1,success,success
20260801,20260802,0,latest-only,22,988635068,pick_A,Pick up the red cube,0,0,1,1,success,success
20260801,20260802,0,latest-only,23,711297445,pick_C,Pick up the green cylinder,0,0,1,1,success,success
20260801,20260802,0,latest-only,24,1643017557,push_A,Push the red cube away from the robot,0,0,1,1,success,success
20260801,20260802,0,latest-only,25,2069655652,pick_A,Pick up the red cube,0,0,1,1,success,success
20260801,20260802,0,latest-only,26,1940129737,push_C,Push the green cylinder away from the robot,0,0,1,1,success,success
20260801,20260802,0,latest-only,27,2094903561,push_A,Push the red cube away from the robot,0,0,1,1,success,success
20260801,20260802,0,latest-only,28,1947632996,push_B,Push the blue ball away from the robot,0,0,1,1,success,success
20260801,20260802,0,latest-only,29,677252663,pick_A,Pick up the red cube,0,0,1,1,success,success
20260801,20260802,0,latest-only,30,1357613382,push_A,Push the red cube away from the robot,0,0,1,1,success,success
20260801,20260802,0,latest-only,31,322558925,push_C,Push the green cylinder away from the robot,0,0,0,1,target_not_contacted,success
20260801,20260802,0,latest-only,32,1563891817,push_A,Push the red cube away from the robot,0,0,1,1,success,success
20260801,20260802,0,latest-only,33,57000727,pick_A,Pick up the red cube,0,0,1,1,success,success
20260801,20260802,0,latest-only,34,1736702307,push_B,Push the blue ball away from the robot,0,0,1,1,success,success
20260801,20260802,0,latest-only,35,1294355395,pick_B,Pick up the blue ball,0,0,1,1,success,success
20260801,20260802,0,latest-only,36,1662684910,push_A,Push the red cube away from the robot,0,0,1,1,success,success
20260801,20260802,0,latest-only,37,1714462720,pick_A,Pick up the red cube,0,0,1,1,success,success
20260801,20260802,0,latest-only,38,8882506,pick_C,Pick up the green cylinder,0,0,1,1,success,success
20260801,20260802,0,latest-only,39,936234202,push_A,Push the red cube away from the robot,0,0,1,1,success,success
20260801,20260802,0,latest-only,40,1675712970,push_B,Push the blue ball away from the robot,0,0,1,1,success,success
20260801,20260802,0,latest-only,41,2038025009,pick_B,Pick up the blue ball,0,0,1,1,success,success
20260801,20260802,0,latest-only,42,139315407,pick_A,Pick up the red cube,0,0,1,1,success,success
20260801,20260802,0,latest-only,43,254320480,pick_C,Pick up the green cylinder,0,0,1,1,success,success
20260801,20260802,0,latest-only,44,891626877,push_C,Push the green cylinder away from the robot,0,0,1,1,success,success
20260801,20260802,0,latest-only,45,1500631811,pick_A,Pick up the red cube,0,0,1,1,success,success
20260801,20260802,0,latest-only,46,1286127551,push_A,Push the red cube away from the robot,0,0,1,1,success,success
20260801,20260802,0,latest-only,47,950405951,pick_C,Pick up the green cylinder,0,0,1,1,success,success
20260801,20260802,0,latest-only,48,1636226172,pick_A,Pick up the red cube,0,0,1,1,success,success
20260801,20260802,0,latest-only,49,497244317,pick_C,Pick up the green cylinder,0,0,1,1,success,success
20260801,20260802,0,latest-only,50,1510784023,push_B,Push the blue ball away from the robot,0,0,1,1,success,success
20260801,20260802,0,latest-only,51,869057764,push_C,Push the green cylinder away from the robot,0,0,1,1,success,success
20260801,20260802,0,latest-only,52,2010421004,pick_C,Pick up the green cylinder,0,0,1,1,wrong_object_contact,success
20260801,20260802,0,latest-only,53,1174929712,pick_C,Pick up the green cylinder,0,0,1,1,success,success
20260801,20260802,0,latest-only,54,491312438,push_C,Push the green cylinder away from the robot,0,0,0,1,insufficient_push_distance,success
20260801,20260802,0,latest-only,55,1969865608,push_C,Push the green cylinder away from the robot,0,0,1,1,success,success
20260801,20260802,0,latest-only,56,1946662380,pick_C,Pick up the green cylinder,0,0,1,1,success,success
20260801,20260802,0,latest-only,57,886771867,pick_B,Pick up the blue ball,0,0,1,1,success,success
20260801,20260802,0,latest-only,58,1306754469,push_A,Push the red cube away from the robot,0,0,1,1,success,success
20260801,20260802,0,latest-only,59,1495092352,pick_C,Pick up the green cylinder,0,0,1,1,success,success
20260801,20260802,0,latest-only,60,1145732370,push_B,Push the blue ball away from the robot,0,0,1,1,success,success
20260811,20260812,0,latest-only,1,1108291765,pick_B,Pick up the blue ball,0,0,1,1,success,success
20260811,20260812,0,latest-only,2,597377677,pick_A,Pick up the red cube,0,0,1,1,success,success
20260811,20260812,0,latest-only,3,627505086,push_C,Push the green cylinder away from the robot,0,0,1,1,success,success
20260811,20260812,0,latest-only,4,1237221648,push_A,Push the red cube away from the robot,0,0,0,1,insufficient_push_distance,success
20260811,20260812,0,latest-only,5,884968109,pick_B,Pick up the blue ball,0,0,1,1,success,success
20260811,20260812,0,latest-only,6,950419073,pick_C,Pick up the green cylinder,0,0,1,1,success,success
20260811,20260812,0,latest-only,7,1386785222,push_A,Push the red cube away from the robot,0,0,1,1,success,success
20260811,20260812,0,latest-only,8,1647636036,push_A,Push the red cube away from the robot,0,0,1,1,success,success
20260811,20260812,0,latest-only,9,709682685,pick_A,Pick up the red cube,0,0,1,1,success,success
20260811,20260812,0,latest-only,10,947302754,pick_B,Pick up the blue ball,0,0,1,1,success,success
20260811,20260812,0,latest-only,11,2115569061,push_A,Push the red cube away from the robot,0,0,1,1,success,success
20260811,20260812,0,latest-only,12,242403568,push_B,Push the blue ball away from the robot,0,0,1,1,success,success
20260811,20260812,0,latest-only,13,141437265,push_A,Push the red cube away from the robot,0,0,1,1,success,success
20260811,20260812,0,latest-only,14,2039796682,pick_C,Pick up the green cylinder,0,0,1,1,success,success
20260811,20260812,0,latest-only,15,69840060,pick_B,Pick up the blue ball,0,0,1,1,success,success
20260811,20260812,0,latest-only,16,1943017295,push_A,Push the red cube away from the robot,0,0,1,1,success,success
20260811,20260812,0,latest-only,17,2104894479,pick_C,Pick up the green cylinder,0,0,1,1,success,success
20260811,20260812,0,latest-only,18,1132678512,pick_A,Pick up the red cube,0,0,1,1,success,success
20260811,20260812,0,latest-only,19,665540359,pick_B,Pick up the blue ball,0,0,1,1,success,success
20260811,20260812,0,latest-only,20,857946723,push_C,Push the green cylinder away from the robot,0,0,1,1,success,success
20260811,20260812,0,latest-only,21,1340257999,pick_B,Pick up the blue ball,0,0,1,1,success,success
20260811,20260812,0,latest-only,22,2084683216,pick_A,Pick up the red cube,0,0,1,1,success,success
20260811,20260812,0,latest-only,23,1363560690,push_C,Push the green cylinder away from the robot,0,0,1,1,success,success
20260811,20260812,0,latest-only,24,613602556,pick_A,Pick up the red cube,0,0,1,1,success,success
20260811,20260812,0,latest-only,25,20673085,pick_B,Pick up the blue ball,0,0,1,1,success,success
20260811,20260812,0,latest-only,26,287609370,pick_C,Pick up the green cylinder,0,0,1,1,success,success
20260811,20260812,0,latest-only,27,1859882343,push_C,Push the green cylinder away from the robot,0,0,1,1,success,success
20260811,20260812,0,latest-only,28,943077148,pick_B,Pick up the blue ball,0,0,1,1,success,success
20260811,20260812,0,latest-only,29,1559064316,pick_B,Pick up the blue ball,0,0,1,1,success,success
20260811,20260812,0,latest-only,30,1984652207,push_C,Push the green cylinder away from the robot,0,0,1,1,success,success
20260811,20260812,0,latest-only,31,230134447,push_A,Push the red cube away from the robot,0,0,1,1,success,success
20260811,20260812,0,latest-only,32,783789416,push_C,Push the green cylinder away from the robot,0,0,1,1,success,success
20260811,20260812,0,latest-only,33,2001084263,push_C,Push the green cylinder away from the robot,0,0,0,1,insufficient_push_distance,success
20260811,20260812,0,latest-only,34,1180781097,push_C,Push the green cylinder away from the robot,0,0,1,1,success,success
20260811,20260812,0,latest-only,35,163966935,pick_C,Pick up the green cylinder,0,0,1,1,success,success
20260811,20260812,0,latest-only,36,1837138281,pick_A,Pick up the red cube,0,0,1,1,success,success
20260811,20260812,0,latest-only,37,780026865,pick_A,Pick up the red cube,0,0,1,1,success,success
20260811,20260812,0,latest-only,38,1607092712,push_B,Push the blue ball away from the robot,0,0,1,1,success,success
20260811,20260812,0,latest-only,39,1451266199,push_A,Push the red cube away from the robot,0,0,0,1,insufficient_push_distance,success
20260811,20260812,0,latest-only,40,358756413,pick_C,Pick up the green cylinder,0,0,1,1,success,success
20260811,20260812,0,latest-only,41,1421965644,push_B,Push the blue ball away from the robot,0,0,1,1,success,success
20260811,20260812,0,latest-only,42,59016797,push_B,Push the blue ball away from the robot,0,0,0,0,insufficient_push_distance,recovery_limit
20260811,20260812,0,latest-only,43,1302654236,pick_C,Pick up the green cylinder,0,0,1,1,success,success
20260811,20260812,0,latest-only,44,384580899,push_B,Push the blue ball away from the robot,0,0,1,1,success,success
20260811,20260812,0,latest-only,45,1011128636,push_C,Push the green cylinder away from the robot,0,0,0,1,insufficient_push_distance,success
20260811,20260812,0,latest-only,46,296641795,pick_B,Pick up the blue ball,0,0,1,1,success,success
20260811,20260812,0,latest-only,47,123843409,push_B,Push the blue ball away from the robot,0,0,1,1,success,success
20260811,20260812,0,latest-only,48,134514525,push_A,Push the red cube away from the robot,0,0,1,1,success,success
20260811,20260812,0,latest-only,49,277643107,push_B,Push the blue ball away from the robot,0,0,1,1,success,success
20260811,20260812,0,latest-only,50,1980477288,pick_A,Pick up the red cube,0,0,1,1,success,success
20260811,20260812,0,latest-only,51,1664468370,push_B,Push the blue ball away from the robot,0,0,1,1,success,success
20260811,20260812,0,latest-only,52,1089264912,push_C,Push the green cylinder away from the robot,0,0,1,1,success,success
20260811,20260812,0,latest-only,53,1025412360,pick_C,Pick up the green cylinder,0,0,0,1,object_launched,success
20260811,20260812,0,latest-only,54,730531494,pick_C,Pick up the green cylinder,0,0,1,1,success,success
20260811,20260812,0,latest-only,55,1446152857,pick_A,Pick up the red cube,0,0,1,1,success,success
20260811,20260812,0,latest-only,56,1446783571,push_B,Push the blue ball away from the robot,0,0,1,1,success,success
20260811,20260812,0,latest-only,57,467683298,pick_A,Pick up the red cube,0,0,0,1,grasp_failed_after_contact,success
20260811,20260812,0,latest-only,58,1944327625,pick_C,Pick up the green cylinder,0,0,1,1,success,success
20260811,20260812,0,latest-only,59,803382679,push_B,Push the blue ball away from the robot,0,0,1,1,success,success
20260811,20260812,0,latest-only,60,1586958513,push_A,Push the red cube away from the robot,0,0,1,1,success,success
20260801,20260802,1,latest-only,1,1485225831,push_B,Push the blue ball away from the robot,1,1,0,1,insufficient_push_distance,success
20260801,20260802,1,latest-only,2,423671072,push_C,Push the green cylinder away from the robot,1,1,1,1,success,success
20260801,20260802,1,latest-only,3,375455843,push_C,Push the green cylinder away from the robot,1,1,1,1,success,success
20260801,20260802,1,latest-only,4,553518490,push_C,Push the green cylinder away from the robot,1,1,1,1,success,success
20260801,20260802,1,latest-only,5,1506469058,pick_B,Pick up the blue ball,1,1,1,1,success,success
20260801,20260802,1,latest-only,6,2061678707,push_C,Push the green cylinder away from the robot,1,1,1,1,success,success
20260801,20260802,1,latest-only,7,1419313632,pick_B,Pick up the blue ball,1,1,1,1,success,success
20260801,20260802,1,latest-only,8,1070560489,push_B,Push the blue ball away from the robot,1,1,0,1,insufficient_push_distance,success
20260801,20260802,1,latest-only,9,1348464606,push_B,Push the blue ball away from the robot,1,1,0,0,insufficient_push_distance,insufficient_push_distance
20260801,20260802,1,latest-only,10,1982507234,push_B,Push the blue ball away from the robot,1,1,1,1,success,success
20260801,20260802,1,latest-only,11,1679153557,pick_A,Pick up the red cube,1,1,1,1,success,success
20260801,20260802,1,latest-only,12,1255196262,push_A,Push the red cube away from the robot,1,1,1,1,success,success
20260801,20260802,1,latest-only,13,1431197586,pick_B,Pick up the blue ball,1,1,1,1,success,success
20260801,20260802,1,latest-only,14,2134975730,pick_B,Pick up the blue ball,1,1,1,1,success,success
20260801,20260802,1,latest-only,15,751649339,pick_B,Pick up the blue ball,1,1,1,1,success,success
20260801,20260802,1,latest-only,16,937821226,push_B,Push the blue ball away from the robot,1,1,1,1,success,success
20260801,20260802,1,latest-only,17,340795577,pick_B,Pick up the blue ball,1,1,1,1,success,success
20260801,20260802,1,latest-only,18,1519111428,pick_C,Pick up the green cylinder,1,1,1,1,success,success
20260801,20260802,1,latest-only,19,205738177,pick_A,Pick up the red cube,1,1,1,1,success,success
20260801,20260802,1,latest-only,20,1200166337,push_A,Push the red cube away from the robot,1,1,1,1,success,success
20260801,20260802,1,latest-only,21,1240704403,pick_B,Pick up the blue ball,1,1,1,1,success,success
20260801,20260802,1,latest-only,22,988635068,pick_A,Pick up the red cube,1,1,1,1,success,success
20260801,20260802,1,latest-only,23,711297445,pick_C,Pick up the green cylinder,1,1,1,1,success,success
20260801,20260802,1,latest-only,24,1643017557,push_A,Push the red cube away from the robot,1,1,1,1,success,success
20260801,20260802,1,latest-only,25,2069655652,pick_A,Pick up the red cube,1,1,1,1,success,success
20260801,20260802,1,latest-only,26,1940129737,push_C,Push the green cylinder away from the robot,1,1,0,1,insufficient_push_distance,success
20260801,20260802,1,latest-only,27,2094903561,push_A,Push the red cube away from the robot,1,1,1,1,success,success
20260801,20260802,1,latest-only,28,1947632996,push_B,Push the blue ball away from the robot,1,1,1,1,success,success
20260801,20260802,1,latest-only,29,677252663,pick_A,Pick up the red cube,1,1,1,1,success,success
20260801,20260802,1,latest-only,30,1357613382,push_A,Push the red cube away from the robot,1,1,1,1,success,success
20260801,20260802,1,latest-only,31,322558925,push_C,Push the green cylinder away from the robot,0,1,0,1,target_not_contacted,success
20260801,20260802,1,latest-only,32,1563891817,push_A,Push the red cube away from the robot,1,1,1,1,success,success
20260801,20260802,1,latest-only,33,57000727,pick_A,Pick up the red cube,1,1,1,1,success,success
20260801,20260802,1,latest-only,34,1736702307,push_B,Push the blue ball away from the robot,1,1,1,1,success,success
20260801,20260802,1,latest-only,35,1294355395,pick_B,Pick up the blue ball,1,1,1,1,success,success
20260801,20260802,1,latest-only,36,1662684910,push_A,Push the red cube away from the robot,1,1,1,1,success,success
20260801,20260802,1,latest-only,37,1714462720,pick_A,Pick up the red cube,1,1,1,1,success,success
20260801,20260802,1,latest-only,38,8882506,pick_C,Pick up the green cylinder,1,1,1,1,success,success
20260801,20260802,1,latest-only,39,936234202,push_A,Push the red cube away from the robot,1,1,1,1,success,success
20260801,20260802,1,latest-only,40,1675712970,push_B,Push the blue ball away from the robot,1,1,1,1,success,success
20260801,20260802,1,latest-only,41,2038025009,pick_B,Pick up the blue ball,1,1,1,1,success,success
20260801,20260802,1,latest-only,42,139315407,pick_A,Pick up the red cube,1,1,1,1,success,success
20260801,20260802,1,latest-only,43,254320480,pick_C,Pick up the green cylinder,1,1,1,1,success,success
20260801,20260802,1,latest-only,44,891626877,push_C,Push the green cylinder away from the robot,1,1,1,1,success,success
20260801,20260802,1,latest-only,45,1500631811,pick_A,Pick up the red cube,1,1,1,1,success,success
20260801,20260802,1,latest-only,46,1286127551,push_A,Push the red cube away from the robot,1,1,1,1,success,success
20260801,20260802,1,latest-only,47,950405951,pick_C,Pick up the green cylinder,1,1,1,1,success,success
20260801,20260802,1,latest-only,48,1636226172,pick_A,Pick up the red cube,1,1,1,1,success,success
20260801,20260802,1,latest-only,49,497244317,pick_C,Pick up the green cylinder,1,1,1,1,success,success
20260801,20260802,1,latest-only,50,1510784023,push_B,Push the blue ball away from the robot,1,1,1,1,success,success
20260801,20260802,1,latest-only,51,869057764,push_C,Push the green cylinder away from the robot,1,1,1,1,success,success
20260801,20260802,1,latest-only,52,2010421004,pick_C,Pick up the green cylinder,1,1,1,1,wrong_object_contact,success
20260801,20260802,1,latest-only,53,1174929712,pick_C,Pick up the green cylinder,1,1,1,1,success,success
20260801,20260802,1,latest-only,54,491312438,push_C,Push the green cylinder away from the robot,1,1,0,1,insufficient_push_distance,success
20260801,20260802,1,latest-only,55,1969865608,push_C,Push the green cylinder away from the robot,1,1,1,1,success,success
20260801,20260802,1,latest-only,56,1946662380,pick_C,Pick up the green cylinder,1,1,1,1,success,success
20260801,20260802,1,latest-only,57,886771867,pick_B,Pick up the blue ball,1,1,1,1,success,success
20260801,20260802,1,latest-only,58,1306754469,push_A,Push the red cube away from the robot,1,1,1,1,success,success
20260801,20260802,1,latest-only,59,1495092352,pick_C,Pick up the green cylinder,1,1,1,1,success,success
20260801,20260802,1,latest-only,60,1145732370,push_B,Push the blue ball away from the robot,1,1,1,1,success,success
20260811,20260812,1,latest-only,1,1108291765,pick_B,Pick up the blue ball,1,1,1,1,success,success
20260811,20260812,1,latest-only,2,597377677,pick_A,Pick up the red cube,1,1,1,1,success,success
20260811,20260812,1,latest-only,3,627505086,push_C,Push the green cylinder away from the robot,1,1,1,1,success,success
20260811,20260812,1,latest-only,4,1237221648,push_A,Push the red cube away from the robot,1,1,0,1,insufficient_push_distance,success
20260811,20260812,1,latest-only,5,884968109,pick_B,Pick up the blue ball,1,1,1,1,success,success
20260811,20260812,1,latest-only,6,950419073,pick_C,Pick up the green cylinder,1,1,1,1,success,success
20260811,20260812,1,latest-only,7,1386785222,push_A,Push the red cube away from the robot,1,1,1,1,success,success
20260811,20260812,1,latest-only,8,1647636036,push_A,Push the red cube away from the robot,1,1,1,1,success,success
20260811,20260812,1,latest-only,9,709682685,pick_A,Pick up the red cube,1,1,1,1,success,success
20260811,20260812,1,latest-only,10,947302754,pick_B,Pick up the blue ball,1,1,1,1,success,success
20260811,20260812,1,latest-only,11,2115569061,push_A,Push the red cube away from the robot,1,1,1,1,success,success
20260811,20260812,1,latest-only,12,242403568,push_B,Push the blue ball away from the robot,1,1,1,1,success,success
20260811,20260812,1,latest-only,13,141437265,push_A,Push the red cube away from the robot,1,1,1,1,success,success
20260811,20260812,1,latest-only,14,2039796682,pick_C,Pick up the green cylinder,1,1,1,1,success,success
20260811,20260812,1,latest-only,15,69840060,pick_B,Pick up the blue ball,1,1,1,1,success,success
20260811,20260812,1,latest-only,16,1943017295,push_A,Push the red cube away from the robot,1,1,1,1,success,success
20260811,20260812,1,latest-only,17,2104894479,pick_C,Pick up the green cylinder,1,1,1,1,success,success
20260811,20260812,1,latest-only,18,1132678512,pick_A,Pick up the red cube,1,1,1,1,success,success
20260811,20260812,1,latest-only,19,665540359,pick_B,Pick up the blue ball,1,1,1,1,success,success
20260811,20260812,1,latest-only,20,857946723,push_C,Push the green cylinder away from the robot,1,1,1,1,success,success
20260811,20260812,1,latest-only,21,1340257999,pick_B,Pick up the blue ball,1,1,1,1,success,success
20260811,20260812,1,latest-only,22,2084683216,pick_A,Pick up the red cube,1,1,1,1,success,success
20260811,20260812,1,latest-only,23,1363560690,push_C,Push the green cylinder away from the robot,1,1,1,1,success,success
20260811,20260812,1,latest-only,24,613602556,pick_A,Pick up the red cube,1,1,1,1,success,success
20260811,20260812,1,latest-only,25,20673085,pick_B,Pick up the blue ball,1,1,1,1,success,success
20260811,20260812,1,latest-only,26,287609370,pick_C,Pick up the green cylinder,1,1,0,1,object_launched,success
20260811,20260812,1,latest-only,27,1859882343,push_C,Push the green cylinder away from the robot,1,1,1,1,success,success
20260811,20260812,1,latest-only,28,943077148,pick_B,Pick up the blue ball,1,1,1,1,success,success
20260811,20260812,1,latest-only,29,1559064316,pick_B,Pick up the blue ball,1,1,1,1,success,success
20260811,20260812,1,latest-only,30,1984652207,push_C,Push the green cylinder away from the robot,1,1,1,1,success,success
20260811,20260812,1,latest-only,31,230134447,push_A,Push the red cube away from the robot,1,1,1,1,success,success
20260811,20260812,1,latest-only,32,783789416,push_C,Push the green cylinder away from the robot,1,1,1,1,success,success
20260811,20260812,1,latest-only,33,2001084263,push_C,Push the green cylinder away from the robot,1,1,0,1,insufficient_push_distance,success
20260811,20260812,1,latest-only,34,1180781097,push_C,Push the green cylinder away from the robot,1,1,1,1,success,success
20260811,20260812,1,latest-only,35,163966935,pick_C,Pick up the green cylinder,1,1,1,1,success,success
20260811,20260812,1,latest-only,36,1837138281,pick_A,Pick up the red cube,1,1,1,1,success,success
20260811,20260812,1,latest-only,37,780026865,pick_A,Pick up the red cube,1,1,1,1,success,success
20260811,20260812,1,latest-only,38,1607092712,push_B,Push the blue ball away from the robot,1,1,1,1,success,success
20260811,20260812,1,latest-only,39,1451266199,push_A,Push the red cube away from the robot,1,1,1,1,success,success
20260811,20260812,1,latest-only,40,358756413,pick_C,Pick up the green cylinder,1,1,1,1,success,success
20260811,20260812,1,latest-only,41,1421965644,push_B,Push the blue ball away from the robot,1,1,1,1,success,success
20260811,20260812,1,latest-only,42,59016797,push_B,Push the blue ball away from the robot,1,1,0,0,insufficient_push_distance,recovery_limit
20260811,20260812,1,latest-only,43,1302654236,pick_C,Pick up the green cylinder,1,1,1,1,success,success
20260811,20260812,1,latest-only,44,384580899,push_B,Push the blue ball away from the robot,1,1,1,1,success,success
20260811,20260812,1,latest-only,45,1011128636,push_C,Push the green cylinder away from the robot,1,1,0,1,insufficient_push_distance,success
20260811,20260812,1,latest-only,46,296641795,pick_B,Pick up the blue ball,1,1,1,1,success,success
20260811,20260812,1,latest-only,47,123843409,push_B,Push the blue ball away from the robot,1,1,1,1,success,success
20260811,20260812,1,latest-only,48,134514525,push_A,Push the red cube away from the robot,1,1,1,1,success,success
20260811,20260812,1,latest-only,49,277643107,push_B,Push the blue ball away from the robot,1,1,1,1,success,success
20260811,20260812,1,latest-only,50,1980477288,pick_A,Pick up the red cube,1,1,1,1,success,success
20260811,20260812,1,latest-only,51,1664468370,push_B,Push the blue ball away from the robot,1,1,1,1,success,success
20260811,20260812,1,latest-only,52,1089264912,push_C,Push the green cylinder away from the robot,1,1,1,1,success,success
20260811,20260812,1,latest-only,53,1025412360,pick_C,Pick up the green cylinder,1,1,0,1,grasp_failed_after_contact,success
20260811,20260812,1,latest-only,54,730531494,pick_C,Pick up the green cylinder,1,1,1,1,success,success
20260811,20260812,1,latest-only,55,1446152857,pick_A,Pick up the red cube,1,1,1,1,success,success
20260811,20260812,1,latest-only,56,1446783571,push_B,Push the blue ball away from the robot,1,1,1,1,success,success
20260811,20260812,1,latest-only,57,467683298,pick_A,Pick up the red cube,1,1,0,1,object_dropped,success
20260811,20260812,1,latest-only,58,1944327625,pick_C,Pick up the green cylinder,1,1,1,1,success,success
20260811,20260812,1,latest-only,59,803382679,push_B,Push the blue ball away from the robot,1,1,1,1,success,success
20260811,20260812,1,latest-only,60,1586958513,push_A,Push the red cube away from the robot,1,1,1,1,success,success
20260801,20260802,2,latest-only,1,1485225831,push_B,Push the blue ball away from the robot,1,1,0,0,insufficient_push_distance,recovery_limit
20260801,20260802,2,latest-only,2,423671072,push_C,Push the green cylinder away from the robot,1,1,1,1,success,success
20260801,20260802,2,latest-only,3,375455843,push_C,Push the green cylinder away from the robot,1,1,1,1,success,success
20260801,20260802,2,latest-only,4,553518490,push_C,Push the green cylinder away from the robot,1,1,0,1,wrong_object_contact,success
20260801,20260802,2,latest-only,5,1506469058,pick_B,Pick up the blue ball,1,1,1,1,success,success
20260801,20260802,2,latest-only,6,2061678707,push_C,Push the green cylinder away from the robot,1,1,1,1,task_success_only,success
20260801,20260802,2,latest-only,7,1419313632,pick_B,Pick up the blue ball,1,1,1,1,success,success
20260801,20260802,2,latest-only,8,1070560489,push_B,Push the blue ball away from the robot,1,1,1,1,success,success
20260801,20260802,2,latest-only,9,1348464606,push_B,Push the blue ball away from the robot,1,1,0,0,recovery_limit,insufficient_push_distance
20260801,20260802,2,latest-only,10,1982507234,push_B,Push the blue ball away from the robot,1,1,1,1,success,success
20260801,20260802,2,latest-only,11,1679153557,pick_A,Pick up the red cube,1,1,1,1,success,success
20260801,20260802,2,latest-only,12,1255196262,push_A,Push the red cube away from the robot,1,1,1,1,success,success
20260801,20260802,2,latest-only,13,1431197586,pick_B,Pick up the blue ball,1,1,1,1,success,success
20260801,20260802,2,latest-only,14,2134975730,pick_B,Pick up the blue ball,1,1,1,1,success,success
20260801,20260802,2,latest-only,15,751649339,pick_B,Pick up the blue ball,1,1,1,1,success,success
20260801,20260802,2,latest-only,16,937821226,push_B,Push the blue ball away from the robot,1,1,1,1,success,success
20260801,20260802,2,latest-only,17,340795577,pick_B,Pick up the blue ball,1,1,1,1,success,success
20260801,20260802,2,latest-only,18,1519111428,pick_C,Pick up the green cylinder,1,1,0,1,target_toppled_before_grasp,success
20260801,20260802,2,latest-only,19,205738177,pick_A,Pick up the red cube,1,1,0,1,grasp_failed_after_contact,success
20260801,20260802,2,latest-only,20,1200166337,push_A,Push the red cube away from the robot,1,1,1,1,success,success
20260801,20260802,2,latest-only,21,1240704403,pick_B,Pick up the blue ball,1,1,1,1,success,success
20260801,20260802,2,latest-only,22,988635068,pick_A,Pick up the red cube,1,1,1,1,success,success
20260801,20260802,2,latest-only,23,711297445,pick_C,Pick up the green cylinder,1,1,1,1,success,success
20260801,20260802,2,latest-only,24,1643017557,push_A,Push the red cube away from the robot,1,1,1,1,success,success
20260801,20260802,2,latest-only,25,2069655652,pick_A,Pick up the red cube,1,1,1,1,success,success
20260801,20260802,2,latest-only,26,1940129737,push_C,Push the green cylinder away from the robot,1,1,0,0,insufficient_push_distance,insufficient_push_distance
20260801,20260802,2,latest-only,27,2094903561,push_A,Push the red cube away from the robot,1,1,1,1,success,success
20260801,20260802,2,latest-only,28,1947632996,push_B,Push the blue ball away from the robot,1,1,1,1,success,success
20260801,20260802,2,latest-only,29,677252663,pick_A,Pick up the red cube,1,1,1,1,success,success
20260801,20260802,2,latest-only,30,1357613382,push_A,Push the red cube away from the robot,1,1,1,1,success,success
20260801,20260802,2,latest-only,31,322558925,push_C,Push the green cylinder away from the robot,0,1,0,1,target_not_contacted,success
20260801,20260802,2,latest-only,32,1563891817,push_A,Push the red cube away from the robot,1,1,1,1,success,success
20260801,20260802,2,latest-only,33,57000727,pick_A,Pick up the red cube,1,1,1,1,success,success
20260801,20260802,2,latest-only,34,1736702307,push_B,Push the blue ball away from the robot,1,1,1,1,success,success
20260801,20260802,2,latest-only,35,1294355395,pick_B,Pick up the blue ball,1,1,1,1,success,success
20260801,20260802,2,latest-only,36,1662684910,push_A,Push the red cube away from the robot,1,1,1,1,success,success
20260801,20260802,2,latest-only,37,1714462720,pick_A,Pick up the red cube,1,1,1,1,success,success
20260801,20260802,2,latest-only,38,8882506,pick_C,Pick up the green cylinder,1,1,1,1,success,success
20260801,20260802,2,latest-only,39,936234202,push_A,Push the red cube away from the robot,1,1,0,1,insufficient_push_distance,success
20260801,20260802,2,latest-only,40,1675712970,push_B,Push the blue ball away from the robot,1,1,1,1,success,success
20260801,20260802,2,latest-only,41,2038025009,pick_B,Pick up the blue ball,1,1,1,1,success,success
20260801,20260802,2,latest-only,42,139315407,pick_A,Pick up the red cube,1,1,0,1,grasp_failed_after_contact,success
20260801,20260802,2,latest-only,43,254320480,pick_C,Pick up the green cylinder,1,1,1,1,success,success
20260801,20260802,2,latest-only,44,891626877,push_C,Push the green cylinder away from the robot,1,1,1,1,success,success
20260801,20260802,2,latest-only,45,1500631811,pick_A,Pick up the red cube,1,1,0,1,grasp_failed_after_contact,success
20260801,20260802,2,latest-only,46,1286127551,push_A,Push the red cube away from the robot,1,1,0,1,insufficient_push_distance,success
20260801,20260802,2,latest-only,47,950405951,pick_C,Pick up the green cylinder,1,1,1,1,success,success
20260801,20260802,2,latest-only,48,1636226172,pick_A,Pick up the red cube,1,1,1,1,success,success
20260801,20260802,2,latest-only,49,497244317,pick_C,Pick up the green cylinder,1,1,0,1,grasp_failed_after_contact,success
20260801,20260802,2,latest-only,50,1510784023,push_B,Push the blue ball away from the robot,1,1,1,1,success,success
20260801,20260802,2,latest-only,51,869057764,push_C,Push the green cylinder away from the robot,1,1,1,1,task_success_only,success
20260801,20260802,2,latest-only,52,2010421004,pick_C,Pick up the green cylinder,1,1,0,1,wrong_object_contact,success
20260801,20260802,2,latest-only,53,1174929712,pick_C,Pick up the green cylinder,1,1,1,1,success,success
20260801,20260802,2,latest-only,54,491312438,push_C,Push the green cylinder away from the robot,1,1,0,1,insufficient_push_distance,success
20260801,20260802,2,latest-only,55,1969865608,push_C,Push the green cylinder away from the robot,1,1,1,1,success,success
20260801,20260802,2,latest-only,56,1946662380,pick_C,Pick up the green cylinder,1,1,0,1,wrong_object_contact,success
20260801,20260802,2,latest-only,57,886771867,pick_B,Pick up the blue ball,1,1,1,1,success,success
20260801,20260802,2,latest-only,58,1306754469,push_A,Push the red cube away from the robot,1,1,1,1,success,success
20260801,20260802,2,latest-only,59,1495092352,pick_C,Pick up the green cylinder,1,1,1,1,success,success
20260801,20260802,2,latest-only,60,1145732370,push_B,Push the blue ball away from the robot,1,1,1,1,success,success
20260811,20260812,2,latest-only,1,1108291765,pick_B,Pick up the blue ball,1,1,1,1,success,success
20260811,20260812,2,latest-only,2,597377677,pick_A,Pick up the red cube,1,1,1,1,success,success
20260811,20260812,2,latest-only,3,627505086,push_C,Push the green cylinder away from the robot,1,1,1,1,success,success
20260811,20260812,2,latest-only,4,1237221648,push_A,Push the red cube away from the robot,1,1,1,1,success,success
20260811,20260812,2,latest-only,5,884968109,pick_B,Pick up the blue ball,1,1,1,1,success,success
20260811,20260812,2,latest-only,6,950419073,pick_C,Pick up the green cylinder,1,1,1,1,success,success
20260811,20260812,2,latest-only,7,1386785222,push_A,Push the red cube away from the robot,1,1,1,1,success,success
20260811,20260812,2,latest-only,8,1647636036,push_A,Push the red cube away from the robot,1,1,1,1,success,success
20260811,20260812,2,latest-only,9,709682685,pick_A,Pick up the red cube,1,1,1,1,success,success
20260811,20260812,2,latest-only,10,947302754,pick_B,Pick up the blue ball,1,1,1,1,success,success
20260811,20260812,2,latest-only,11,2115569061,push_A,Push the red cube away from the robot,1,1,1,1,success,success
20260811,20260812,2,latest-only,12,242403568,push_B,Push the blue ball away from the robot,1,1,1,1,success,success
20260811,20260812,2,latest-only,13,141437265,push_A,Push the red cube away from the robot,1,1,1,1,success,success
20260811,20260812,2,latest-only,14,2039796682,pick_C,Pick up the green cylinder,1,1,0,1,wrong_object_contact,success
20260811,20260812,2,latest-only,15,69840060,pick_B,Pick up the blue ball,1,1,1,1,success,success
20260811,20260812,2,latest-only,16,1943017295,push_A,Push the red cube away from the robot,1,1,1,1,success,success
20260811,20260812,2,latest-only,17,2104894479,pick_C,Pick up the green cylinder,1,1,1,1,success,success
20260811,20260812,2,latest-only,18,1132678512,pick_A,Pick up the red cube,1,1,1,1,success,success
20260811,20260812,2,latest-only,19,665540359,pick_B,Pick up the blue ball,1,1,1,1,success,success
20260811,20260812,2,latest-only,20,857946723,push_C,Push the green cylinder away from the robot,1,1,1,1,success,success
20260811,20260812,2,latest-only,21,1340257999,pick_B,Pick up the blue ball,1,1,1,1,success,success
20260811,20260812,2,latest-only,22,2084683216,pick_A,Pick up the red cube,1,1,1,1,success,success
20260811,20260812,2,latest-only,23,1363560690,push_C,Push the green cylinder away from the robot,1,1,1,1,success,success
20260811,20260812,2,latest-only,24,613602556,pick_A,Pick up the red cube,1,1,1,1,success,success
20260811,20260812,2,latest-only,25,20673085,pick_B,Pick up the blue ball,1,1,1,1,success,success
20260811,20260812,2,latest-only,26,287609370,pick_C,Pick up the green cylinder,1,1,0,1,target_toppled_before_grasp,success
20260811,20260812,2,latest-only,27,1859882343,push_C,Push the green cylinder away from the robot,1,1,1,1,success,success
20260811,20260812,2,latest-only,28,943077148,pick_B,Pick up the blue ball,1,1,1,1,success,success
20260811,20260812,2,latest-only,29,1559064316,pick_B,Pick up the blue ball,1,1,1,1,success,success
20260811,20260812,2,latest-only,30,1984652207,push_C,Push the green cylinder away from the robot,1,1,1,1,success,success
20260811,20260812,2,latest-only,31,230134447,push_A,Push the red cube away from the robot,1,1,1,1,success,success
20260811,20260812,2,latest-only,32,783789416,push_C,Push the green cylinder away from the robot,1,1,0,1,insufficient_push_distance,success
20260811,20260812,2,latest-only,33,2001084263,push_C,Push the green cylinder away from the robot,1,1,1,1,success,success
20260811,20260812,2,latest-only,34,1180781097,push_C,Push the green cylinder away from the robot,1,1,1,1,success,success
20260811,20260812,2,latest-only,35,163966935,pick_C,Pick up the green cylinder,1,1,1,1,success,success
20260811,20260812,2,latest-only,36,1837138281,pick_A,Pick up the red cube,1,1,1,1,success,success
20260811,20260812,2,latest-only,37,780026865,pick_A,Pick up the red cube,1,1,1,1,success,success
20260811,20260812,2,latest-only,38,1607092712,push_B,Push the blue ball away from the robot,1,1,1,1,success,success
20260811,20260812,2,latest-only,39,1451266199,push_A,Push the red cube away from the robot,1,1,0,1,insufficient_push_distance,success
20260811,20260812,2,latest-only,40,358756413,pick_C,Pick up the green cylinder,1,1,1,1,success,success
20260811,20260812,2,latest-only,41,1421965644,push_B,Push the blue ball away from the robot,1,1,1,1,success,success
20260811,20260812,2,latest-only,42,59016797,push_B,Push the blue ball away from the robot,1,1,0,0,insufficient_push_distance,insufficient_push_distance
20260811,20260812,2,latest-only,43,1302654236,pick_C,Pick up the green cylinder,1,1,1,1,success,success
20260811,20260812,2,latest-only,44,384580899,push_B,Push the blue ball away from the robot,1,1,1,1,success,success
20260811,20260812,2,latest-only,45,1011128636,push_C,Push the green cylinder away from the robot,1,1,0,1,insufficient_push_distance,success
20260811,20260812,2,latest-only,46,296641795,pick_B,Pick up the blue ball,1,1,1,1,success,success
20260811,20260812,2,latest-only,47,123843409,push_B,Push the blue ball away from the robot,1,1,1,1,success,success
20260811,20260812,2,latest-only,48,134514525,push_A,Push the red cube away from the robot,1,1,1,1,success,success
20260811,20260812,2,latest-only,49,277643107,push_B,Push the blue ball away from the robot,1,1,1,1,success,success
20260811,20260812,2,latest-only,50,1980477288,pick_A,Pick up the red cube,1,1,1,1,success,success
20260811,20260812,2,latest-only,51,1664468370,push_B,Push the blue ball away from the robot,1,1,1,1,success,success
20260811,20260812,2,latest-only,52,1089264912,push_C,Push the green cylinder away from the robot,1,1,1,0,success,insufficient_push_distance
20260811,20260812,2,latest-only,53,1025412360,pick_C,Pick up the green cylinder,1,1,0,1,grasp_failed_after_contact,success
20260811,20260812,2,latest-only,54,730531494,pick_C,Pick up the green cylinder,1,1,1,1,success,success
20260811,20260812,2,latest-only,55,1446152857,pick_A,Pick up the red cube,1,1,1,1,success,success
20260811,20260812,2,latest-only,56,1446783571,push_B,Push the blue ball away from the robot,1,1,1,1,success,success
20260811,20260812,2,latest-only,57,467683298,pick_A,Pick up the red cube,1,1,1,1,success,success
20260811,20260812,2,latest-only,58,1944327625,pick_C,Pick up the green cylinder,1,1,1,1,success,success
20260811,20260812,2,latest-only,59,803382679,push_B,Push the blue ball away from the robot,1,1,1,1,success,success
20260811,20260812,2,latest-only,60,1586958513,push_A,Push the red cube away from the robot,1,1,1,1,success,success
20260801,20260802,3,latest-only,1,1485225831,push_B,Push the blue ball away from the robot,1,1,0,0,target_not_contacted,recovery_limit
20260801,20260802,3,latest-only,2,423671072,push_C,Push the green cylinder away from the robot,1,1,1,1,success,success
20260801,20260802,3,latest-only,3,375455843,push_C,Push the green cylinder away from the robot,1,1,1,1,success,success
20260801,20260802,3,latest-only,4,553518490,push_C,Push the green cylinder away from the robot,1,1,1,1,success,success
20260801,20260802,3,latest-only,5,1506469058,pick_B,Pick up the blue ball,1,1,0,1,grasp_failed_after_contact,success
20260801,20260802,3,latest-only,6,2061678707,push_C,Push the green cylinder away from the robot,1,1,1,1,success,success
20260801,20260802,3,latest-only,7,1419313632,pick_B,Pick up the blue ball,1,1,1,1,success,success
20260801,20260802,3,latest-only,8,1070560489,push_B,Push the blue ball away from the robot,1,1,1,1,success,success
20260801,20260802,3,latest-only,9,1348464606,push_B,Push the blue ball away from the robot,1,1,0,0,insufficient_push_distance,insufficient_push_distance
20260801,20260802,3,latest-only,10,1982507234,push_B,Push the blue ball away from the robot,1,1,1,1,success,success
20260801,20260802,3,latest-only,11,1679153557,pick_A,Pick up the red cube,1,1,1,1,success,success
20260801,20260802,3,latest-only,12,1255196262,push_A,Push the red cube away from the robot,1,1,1,1,success,success
20260801,20260802,3,latest-only,13,1431197586,pick_B,Pick up the blue ball,1,1,0,1,wrong_object_contact,success
20260801,20260802,3,latest-only,14,2134975730,pick_B,Pick up the blue ball,1,1,0,1,grasp_failed_after_contact,success
20260801,20260802,3,latest-only,15,751649339,pick_B,Pick up the blue ball,1,1,0,1,grasp_failed_after_contact,success
20260801,20260802,3,latest-only,16,937821226,push_B,Push the blue ball away from the robot,1,1,1,1,success,success
20260801,20260802,3,latest-only,17,340795577,pick_B,Pick up the blue ball,1,1,0,1,grasp_failed_after_contact,success
20260801,20260802,3,latest-only,18,1519111428,pick_C,Pick up the green cylinder,1,1,0,0,object_launched,gripper_never_closed
20260801,20260802,3,latest-only,19,205738177,pick_A,Pick up the red cube,1,1,0,1,grasp_failed_after_contact,success
20260801,20260802,3,latest-only,20,1200166337,push_A,Push the red cube away from the robot,1,1,1,1,success,success
20260801,20260802,3,latest-only,21,1240704403,pick_B,Pick up the blue ball,1,1,0,1,wrong_object_contact,success
20260801,20260802,3,latest-only,22,988635068,pick_A,Pick up the red cube,1,1,0,1,object_dropped,success
20260801,20260802,3,latest-only,23,711297445,pick_C,Pick up the green cylinder,1,1,1,1,success,success
20260801,20260802,3,latest-only,24,1643017557,push_A,Push the red cube away from the robot,1,1,0,1,insufficient_push_distance,success
20260801,20260802,3,latest-only,25,2069655652,pick_A,Pick up the red cube,1,1,1,1,success,success
20260801,20260802,3,latest-only,26,1940129737,push_C,Push the green cylinder away from the robot,1,1,0,0,target_not_contacted,insufficient_push_distance
20260801,20260802,3,latest-only,27,2094903561,push_A,Push the red cube away from the robot,1,1,1,0,success,insufficient_push_distance
20260801,20260802,3,latest-only,28,1947632996,push_B,Push the blue ball away from the robot,1,1,1,1,success,success
20260801,20260802,3,latest-only,29,677252663,pick_A,Pick up the red cube,1,1,1,1,success,success
20260801,20260802,3,latest-only,30,1357613382,push_A,Push the red cube away from the robot,1,1,1,1,success,success
20260801,20260802,3,latest-only,31,322558925,push_C,Push the green cylinder away from the robot,0,1,0,1,target_not_contacted,success
20260801,20260802,3,latest-only,32,1563891817,push_A,Push the red cube away from the robot,1,1,1,1,success,success
20260801,20260802,3,latest-only,33,57000727,pick_A,Pick up the red cube,1,1,1,1,success,success
20260801,20260802,3,latest-only,34,1736702307,push_B,Push the blue ball away from the robot,1,1,1,1,success,success
20260801,20260802,3,latest-only,35,1294355395,pick_B,Pick up the blue ball,1,1,1,1,success,success
20260801,20260802,3,latest-only,36,1662684910,push_A,Push the red cube away from the robot,1,1,1,1,success,success
20260801,20260802,3,latest-only,37,1714462720,pick_A,Pick up the red cube,1,1,1,1,success,success
20260801,20260802,3,latest-only,38,8882506,pick_C,Pick up the green cylinder,1,1,0,1,target_toppled_before_grasp,success
20260801,20260802,3,latest-only,39,936234202,push_A,Push the red cube away from the robot,1,1,0,1,insufficient_push_distance,success
20260801,20260802,3,latest-only,40,1675712970,push_B,Push the blue ball away from the robot,1,1,0,0,recovery_limit,insufficient_push_distance
20260801,20260802,3,latest-only,41,2038025009,pick_B,Pick up the blue ball,1,1,1,1,success,success
20260801,20260802,3,latest-only,42,139315407,pick_A,Pick up the red cube,1,1,0,1,grasp_failed_after_contact,success
20260801,20260802,3,latest-only,43,254320480,pick_C,Pick up the green cylinder,1,1,1,1,success,success
20260801,20260802,3,latest-only,44,891626877,push_C,Push the green cylinder away from the robot,1,1,1,1,success,success
20260801,20260802,3,latest-only,45,1500631811,pick_A,Pick up the red cube,1,1,0,1,grasp_failed_after_contact,success
20260801,20260802,3,latest-only,46,1286127551,push_A,Push the red cube away from the robot,1,1,0,1,insufficient_push_distance,success
20260801,20260802,3,latest-only,47,950405951,pick_C,Pick up the green cylinder,1,1,0,1,wrong_object_contact,success
20260801,20260802,3,latest-only,48,1636226172,pick_A,Pick up the red cube,1,1,1,1,success,success
20260801,20260802,3,latest-only,49,497244317,pick_C,Pick up the green cylinder,1,1,0,1,grasp_failed_after_contact,success
20260801,20260802,3,latest-only,50,1510784023,push_B,Push the blue ball away from the robot,1,1,1,1,success,success
20260801,20260802,3,latest-only,51,869057764,push_C,Push the green cylinder away from the robot,1,1,1,1,success,success
20260801,20260802,3,latest-only,52,2010421004,pick_C,Pick up the green cylinder,1,1,0,1,wrong_object_contact,success
20260801,20260802,3,latest-only,53,1174929712,pick_C,Pick up the green cylinder,1,1,0,1,grasp_failed_after_contact,success
20260801,20260802,3,latest-only,54,491312438,push_C,Push the green cylinder away from the robot,1,1,0,1,insufficient_push_distance,success
20260801,20260802,3,latest-only,55,1969865608,push_C,Push the green cylinder away from the robot,1,1,1,1,success,success
20260801,20260802,3,latest-only,56,1946662380,pick_C,Pick up the green cylinder,1,1,0,1,wrong_object_contact,success
20260801,20260802,3,latest-only,57,886771867,pick_B,Pick up the blue ball,1,1,1,1,success,success
20260801,20260802,3,latest-only,58,1306754469,push_A,Push the red cube away from the robot,1,1,0,1,insufficient_push_distance,success
20260801,20260802,3,latest-only,59,1495092352,pick_C,Pick up the green cylinder,1,1,0,1,wrong_object_contact,success
20260801,20260802,3,latest-only,60,1145732370,push_B,Push the blue ball away from the robot,1,1,1,1,success,success
20260811,20260812,3,latest-only,1,1108291765,pick_B,Pick up the blue ball,1,1,1,1,success,success
20260811,20260812,3,latest-only,2,597377677,pick_A,Pick up the red cube,1,1,1,1,success,success
20260811,20260812,3,latest-only,3,627505086,push_C,Push the green cylinder away from the robot,1,1,1,1,success,success
20260811,20260812,3,latest-only,4,1237221648,push_A,Push the red cube away from the robot,1,1,1,1,success,success
20260811,20260812,3,latest-only,5,884968109,pick_B,Pick up the blue ball,1,1,1,1,success,success
20260811,20260812,3,latest-only,6,950419073,pick_C,Pick up the green cylinder,1,1,1,1,success,success
20260811,20260812,3,latest-only,7,1386785222,push_A,Push the red cube away from the robot,1,1,1,1,success,success
20260811,20260812,3,latest-only,8,1647636036,push_A,Push the red cube away from the robot,1,1,1,1,success,success
20260811,20260812,3,latest-only,9,709682685,pick_A,Pick up the red cube,1,1,1,1,success,success
20260811,20260812,3,latest-only,10,947302754,pick_B,Pick up the blue ball,1,1,1,1,success,success
20260811,20260812,3,latest-only,11,2115569061,push_A,Push the red cube away from the robot,1,1,1,1,success,success
20260811,20260812,3,latest-only,12,242403568,push_B,Push the blue ball away from the robot,1,1,1,1,success,success
20260811,20260812,3,latest-only,13,141437265,push_A,Push the red cube away from the robot,1,1,0,1,insufficient_push_distance,success
20260811,20260812,3,latest-only,14,2039796682,pick_C,Pick up the green cylinder,1,1,0,1,target_toppled_before_grasp,success
20260811,20260812,3,latest-only,15,69840060,pick_B,Pick up the blue ball,1,1,0,1,grasp_failed_after_contact,success
20260811,20260812,3,latest-only,16,1943017295,push_A,Push the red cube away from the robot,1,1,1,1,success,success
20260811,20260812,3,latest-only,17,2104894479,pick_C,Pick up the green cylinder,1,1,1,1,success,success
20260811,20260812,3,latest-only,18,1132678512,pick_A,Pick up the red cube,1,1,1,1,success,success
20260811,20260812,3,latest-only,19,665540359,pick_B,Pick up the blue ball,1,1,0,1,wrong_object_contact,success
20260811,20260812,3,latest-only,20,857946723,push_C,Push the green cylinder away from the robot,1,1,1,1,success,success
20260811,20260812,3,latest-only,21,1340257999,pick_B,Pick up the blue ball,1,1,0,1,grasp_failed_after_contact,success
20260811,20260812,3,latest-only,22,2084683216,pick_A,Pick up the red cube,1,1,1,1,success,success
20260811,20260812,3,latest-only,23,1363560690,push_C,Push the green cylinder away from the robot,1,1,1,1,success,success
20260811,20260812,3,latest-only,24,613602556,pick_A,Pick up the red cube,1,1,1,1,success,success
20260811,20260812,3,latest-only,25,20673085,pick_B,Pick up the blue ball,1,1,1,1,success,success
20260811,20260812,3,latest-only,26,287609370,pick_C,Pick up the green cylinder,1,1,0,1,grasp_failed_after_contact,success
20260811,20260812,3,latest-only,27,1859882343,push_C,Push the green cylinder away from the robot,1,1,1,1,success,success
20260811,20260812,3,latest-only,28,943077148,pick_B,Pick up the blue ball,1,1,0,1,wrong_object_contact,success
20260811,20260812,3,latest-only,29,1559064316,pick_B,Pick up the blue ball,1,1,1,1,success,success
20260811,20260812,3,latest-only,30,1984652207,push_C,Push the green cylinder away from the robot,1,1,1,1,success,task_success_only
20260811,20260812,3,latest-only,31,230134447,push_A,Push the red cube away from the robot,1,1,1,1,success,success
20260811,20260812,3,latest-only,32,783789416,push_C,Push the green cylinder away from the robot,1,1,0,1,insufficient_push_distance,success
20260811,20260812,3,latest-only,33,2001084263,push_C,Push the green cylinder away from the robot,1,1,0,1,wrong_object_contact,success
20260811,20260812,3,latest-only,34,1180781097,push_C,Push the green cylinder away from the robot,1,1,1,1,success,success
20260811,20260812,3,latest-only,35,163966935,pick_C,Pick up the green cylinder,1,1,1,1,success,success
20260811,20260812,3,latest-only,36,1837138281,pick_A,Pick up the red cube,1,1,1,1,success,success
20260811,20260812,3,latest-only,37,780026865,pick_A,Pick up the red cube,1,1,1,1,success,success
20260811,20260812,3,latest-only,38,1607092712,push_B,Push the blue ball away from the robot,1,1,0,0,insufficient_push_distance,insufficient_push_distance
20260811,20260812,3,latest-only,39,1451266199,push_A,Push the red cube away from the robot,1,1,0,1,insufficient_push_distance,success
20260811,20260812,3,latest-only,40,358756413,pick_C,Pick up the green cylinder,1,1,1,1,success,success
20260811,20260812,3,latest-only,41,1421965644,push_B,Push the blue ball away from the robot,1,1,1,1,success,success
20260811,20260812,3,latest-only,42,59016797,push_B,Push the blue ball away from the robot,1,1,0,0,insufficient_push_distance,insufficient_push_distance
20260811,20260812,3,latest-only,43,1302654236,pick_C,Pick up the green cylinder,1,1,0,1,grasp_failed_after_contact,success
20260811,20260812,3,latest-only,44,384580899,push_B,Push the blue ball away from the robot,1,1,1,1,success,success
20260811,20260812,3,latest-only,45,1011128636,push_C,Push the green cylinder away from the robot,1,1,0,1,insufficient_push_distance,success
20260811,20260812,3,latest-only,46,296641795,pick_B,Pick up the blue ball,1,1,0,1,grasp_failed_after_contact,success
20260811,20260812,3,latest-only,47,123843409,push_B,Push the blue ball away from the robot,1,1,1,1,success,success
20260811,20260812,3,latest-only,48,134514525,push_A,Push the red cube away from the robot,1,1,1,1,success,success
20260811,20260812,3,latest-only,49,277643107,push_B,Push the blue ball away from the robot,1,1,1,1,success,success
20260811,20260812,3,latest-only,50,1980477288,pick_A,Pick up the red cube,1,1,1,1,success,success
20260811,20260812,3,latest-only,51,1664468370,push_B,Push the blue ball away from the robot,1,1,1,1,success,success
20260811,20260812,3,latest-only,52,1089264912,push_C,Push the green cylinder away from the robot,1,1,1,0,success,insufficient_push_distance
20260811,20260812,3,latest-only,53,1025412360,pick_C,Pick up the green cylinder,1,1,0,1,object_launched,success
20260811,20260812,3,latest-only,54,730531494,pick_C,Pick up the green cylinder,1,1,0,1,target_toppled_before_grasp,success
20260811,20260812,3,latest-only,55,1446152857,pick_A,Pick up the red cube,1,1,0,1,grasp_failed_after_contact,success
20260811,20260812,3,latest-only,56,1446783571,push_B,Push the blue ball away from the robot,1,1,1,1,success,success
20260811,20260812,3,latest-only,57,467683298,pick_A,Pick up the red cube,1,1,1,1,success,success
20260811,20260812,3,latest-only,58,1944327625,pick_C,Pick up the green cylinder,1,1,0,1,grasp_failed_after_contact,success
20260811,20260812,3,latest-only,59,803382679,push_B,Push the blue ball away from the robot,1,1,1,1,success,success
20260811,20260812,3,latest-only,60,1586958513,push_A,Push the red cube away from the robot,1,1,1,1,success,success
20260801,20260802,4,latest-only,1,1485225831,push_B,Push the blue ball away from the robot,1,1,0,0,target_not_contacted,target_not_contacted
20260801,20260802,4,latest-only,2,423671072,push_C,Push the green cylinder away from the robot,1,1,1,1,success,success
20260801,20260802,4,latest-only,3,375455843,push_C,Push the green cylinder away from the robot,1,1,1,1,success,success
20260801,20260802,4,latest-only,4,553518490,push_C,Push the green cylinder away from the robot,1,1,1,1,success,success
20260801,20260802,4,latest-only,5,1506469058,pick_B,Pick up the blue ball,1,1,0,1,grasp_failed_after_contact,success
20260801,20260802,4,latest-only,6,2061678707,push_C,Push the green cylinder away from the robot,1,1,1,1,success,success
20260801,20260802,4,latest-only,7,1419313632,pick_B,Pick up the blue ball,1,1,0,1,wrong_object_contact,success
20260801,20260802,4,latest-only,8,1070560489,push_B,Push the blue ball away from the robot,1,1,1,1,success,success
20260801,20260802,4,latest-only,9,1348464606,push_B,Push the blue ball away from the robot,1,1,0,0,insufficient_push_distance,insufficient_push_distance
20260801,20260802,4,latest-only,10,1982507234,push_B,Push the blue ball away from the robot,1,1,0,1,insufficient_push_distance,success
20260801,20260802,4,latest-only,11,1679153557,pick_A,Pick up the red cube,1,1,0,1,grasp_failed_after_contact,success
20260801,20260802,4,latest-only,12,1255196262,push_A,Push the red cube away from the robot,1,1,1,1,success,success
20260801,20260802,4,latest-only,13,1431197586,pick_B,Pick up the blue ball,1,1,0,1,wrong_object_contact,success
20260801,20260802,4,latest-only,14,2134975730,pick_B,Pick up the blue ball,1,1,0,1,grasp_failed_after_contact,success
20260801,20260802,4,latest-only,15,751649339,pick_B,Pick up the blue ball,1,1,0,1,grasp_failed_after_contact,success
20260801,20260802,4,latest-only,16,937821226,push_B,Push the blue ball away from the robot,1,1,0,1,insufficient_push_distance,success
20260801,20260802,4,latest-only,17,340795577,pick_B,Pick up the blue ball,1,1,0,1,grasp_failed_after_contact,success
20260801,20260802,4,latest-only,18,1519111428,pick_C,Pick up the green cylinder,1,1,0,1,target_toppled_before_grasp,success
20260801,20260802,4,latest-only,19,205738177,pick_A,Pick up the red cube,1,1,0,1,grasp_failed_after_contact,success
20260801,20260802,4,latest-only,20,1200166337,push_A,Push the red cube away from the robot,1,1,1,1,success,success
20260801,20260802,4,latest-only,21,1240704403,pick_B,Pick up the blue ball,1,1,0,1,wrong_object_contact,success
20260801,20260802,4,latest-only,22,988635068,pick_A,Pick up the red cube,1,1,0,1,grasp_failed_after_contact,success
20260801,20260802,4,latest-only,23,711297445,pick_C,Pick up the green cylinder,1,1,1,1,success,success
20260801,20260802,4,latest-only,24,1643017557,push_A,Push the red cube away from the robot,1,1,0,1,insufficient_push_distance,success
20260801,20260802,4,latest-only,25,2069655652,pick_A,Pick up the red cube,1,1,0,1,grasp_failed_after_contact,success
20260801,20260802,4,latest-only,26,1940129737,push_C,Push the green cylinder away from the robot,1,1,0,0,target_not_contacted,insufficient_push_distance
20260801,20260802,4,latest-only,27,2094903561,push_A,Push the red cube away from the robot,1,1,1,1,success,success
20260801,20260802,4,latest-only,28,1947632996,push_B,Push the blue ball away from the robot,1,1,1,1,success,success
20260801,20260802,4,latest-only,29,677252663,pick_A,Pick up the red cube,1,1,0,0,grasp_failed_after_contact,insufficient_lift
20260801,20260802,4,latest-only,30,1357613382,push_A,Push the red cube away from the robot,1,1,1,1,success,success
20260801,20260802,4,latest-only,31,322558925,push_C,Push the green cylinder away from the robot,0,1,0,1,target_not_contacted,success
20260801,20260802,4,latest-only,32,1563891817,push_A,Push the red cube away from the robot,1,1,1,1,success,success
20260801,20260802,4,latest-only,33,57000727,pick_A,Pick up the red cube,1,1,1,1,success,success
20260801,20260802,4,latest-only,34,1736702307,push_B,Push the blue ball away from the robot,1,1,0,1,insufficient_push_distance,success
20260801,20260802,4,latest-only,35,1294355395,pick_B,Pick up the blue ball,1,1,0,1,grasp_failed_after_contact,success
20260801,20260802,4,latest-only,36,1662684910,push_A,Push the red cube away from the robot,1,1,1,1,success,success
20260801,20260802,4,latest-only,37,1714462720,pick_A,Pick up the red cube,1,1,0,1,grasp_failed_after_contact,success
20260801,20260802,4,latest-only,38,8882506,pick_C,Pick up the green cylinder,1,1,0,1,wrong_object_contact,success
20260801,20260802,4,latest-only,39,936234202,push_A,Push the red cube away from the robot,1,1,0,1,insufficient_push_distance,success
20260801,20260802,4,latest-only,40,1675712970,push_B,Push the blue ball away from the robot,1,1,0,0,insufficient_push_distance,insufficient_push_distance
20260801,20260802,4,latest-only,41,2038025009,pick_B,Pick up the blue ball,1,1,1,1,success,success
20260801,20260802,4,latest-only,42,139315407,pick_A,Pick up the red cube,1,1,0,1,grasp_failed_after_contact,success
20260801,20260802,4,latest-only,43,254320480,pick_C,Pick up the green cylinder,1,1,0,1,target_toppled_before_grasp,success
20260801,20260802,4,latest-only,44,891626877,push_C,Push the green cylinder away from the robot,1,1,1,1,task_success_only,success
20260801,20260802,4,latest-only,45,1500631811,pick_A,Pick up the red cube,1,1,0,1,wrong_object_contact,success
20260801,20260802,4,latest-only,46,1286127551,push_A,Push the red cube away from the robot,1,1,1,1,success,success
20260801,20260802,4,latest-only,47,950405951,pick_C,Pick up the green cylinder,1,1,0,1,grasp_failed_after_contact,success
20260801,20260802,4,latest-only,48,1636226172,pick_A,Pick up the red cube,1,1,1,1,success,success
20260801,20260802,4,latest-only,49,497244317,pick_C,Pick up the green cylinder,1,1,0,1,grasp_failed_after_contact,success
20260801,20260802,4,latest-only,50,1510784023,push_B,Push the blue ball away from the robot,1,1,1,1,success,success
20260801,20260802,4,latest-only,51,869057764,push_C,Push the green cylinder away from the robot,1,1,1,1,success,success
20260801,20260802,4,latest-only,52,2010421004,pick_C,Pick up the green cylinder,1,1,0,1,wrong_object_contact,success
20260801,20260802,4,latest-only,53,1174929712,pick_C,Pick up the green cylinder,1,1,0,1,grasp_failed_after_contact,success
20260801,20260802,4,latest-only,54,491312438,push_C,Push the green cylinder away from the robot,1,1,0,1,insufficient_push_distance,success
20260801,20260802,4,latest-only,55,1969865608,push_C,Push the green cylinder away from the robot,1,1,1,1,success,success
20260801,20260802,4,latest-only,56,1946662380,pick_C,Pick up the green cylinder,1,1,0,1,wrong_object_contact,success
20260801,20260802,4,latest-only,57,886771867,pick_B,Pick up the blue ball,1,1,0,1,grasp_failed_after_contact,success
20260801,20260802,4,latest-only,58,1306754469,push_A,Push the red cube away from the robot,1,1,1,1,success,success
20260801,20260802,4,latest-only,59,1495092352,pick_C,Pick up the green cylinder,1,1,0,1,target_toppled_before_grasp,success
20260801,20260802,4,latest-only,60,1145732370,push_B,Push the blue ball away from the robot,1,1,1,1,success,success
20260811,20260812,4,latest-only,1,1108291765,pick_B,Pick up the blue ball,1,1,0,1,grasp_failed_after_contact,success
20260811,20260812,4,latest-only,2,597377677,pick_A,Pick up the red cube,1,1,1,1,success,success
20260811,20260812,4,latest-only,3,627505086,push_C,Push the green cylinder away from the robot,1,1,1,1,success,success
20260811,20260812,4,latest-only,4,1237221648,push_A,Push the red cube away from the robot,1,1,1,1,success,success
20260811,20260812,4,latest-only,5,884968109,pick_B,Pick up the blue ball,1,1,1,1,success,success
20260811,20260812,4,latest-only,6,950419073,pick_C,Pick up the green cylinder,1,1,1,1,success,success
20260811,20260812,4,latest-only,7,1386785222,push_A,Push the red cube away from the robot,1,1,1,1,success,success
20260811,20260812,4,latest-only,8,1647636036,push_A,Push the red cube away from the robot,1,1,1,1,success,success
20260811,20260812,4,latest-only,9,709682685,pick_A,Pick up the red cube,1,1,0,0,grasp_failed_after_contact,grasp_failed_after_contact
20260811,20260812,4,latest-only,10,947302754,pick_B,Pick up the blue ball,1,1,1,1,success,success
20260811,20260812,4,latest-only,11,2115569061,push_A,Push the red cube away from the robot,1,1,0,1,insufficient_push_distance,success
20260811,20260812,4,latest-only,12,242403568,push_B,Push the blue ball away from the robot,1,1,1,1,success,success
20260811,20260812,4,latest-only,13,141437265,push_A,Push the red cube away from the robot,1,1,0,1,insufficient_push_distance,success
20260811,20260812,4,latest-only,14,2039796682,pick_C,Pick up the green cylinder,1,1,0,0,grasp_failed_after_contact,recovery_limit
20260811,20260812,4,latest-only,15,69840060,pick_B,Pick up the blue ball,1,1,0,1,grasp_failed_after_contact,success
20260811,20260812,4,latest-only,16,1943017295,push_A,Push the red cube away from the robot,1,1,1,1,success,success
20260811,20260812,4,latest-only,17,2104894479,pick_C,Pick up the green cylinder,1,1,0,1,target_toppled_before_grasp,success
20260811,20260812,4,latest-only,18,1132678512,pick_A,Pick up the red cube,1,1,0,1,object_dropped,success
20260811,20260812,4,latest-only,19,665540359,pick_B,Pick up the blue ball,1,1,0,0,wrong_object_contact,wrong_object_contact
20260811,20260812,4,latest-only,20,857946723,push_C,Push the green cylinder away from the robot,1,1,0,1,wrong_object_contact,success
20260811,20260812,4,latest-only,21,1340257999,pick_B,Pick up the blue ball,1,1,0,1,grasp_failed_after_contact,success
20260811,20260812,4,latest-only,22,2084683216,pick_A,Pick up the red cube,1,1,0,1,grasp_failed_after_contact,success
20260811,20260812,4,latest-only,23,1363560690,push_C,Push the green cylinder away from the robot,1,1,1,1,success,success
20260811,20260812,4,latest-only,24,613602556,pick_A,Pick up the red cube,1,1,0,1,object_dropped,success
20260811,20260812,4,latest-only,25,20673085,pick_B,Pick up the blue ball,1,1,1,1,success,success
20260811,20260812,4,latest-only,26,287609370,pick_C,Pick up the green cylinder,1,1,0,1,wrong_object_contact,success
20260811,20260812,4,latest-only,27,1859882343,push_C,Push the green cylinder away from the robot,1,1,0,1,insufficient_push_distance,success
20260811,20260812,4,latest-only,28,943077148,pick_B,Pick up the blue ball,1,1,0,1,wrong_object_contact,success
20260811,20260812,4,latest-only,29,1559064316,pick_B,Pick up the blue ball,1,1,1,1,success,success
20260811,20260812,4,latest-only,30,1984652207,push_C,Push the green cylinder away from the robot,1,1,0,1,insufficient_push_distance,task_success_only
20260811,20260812,4,latest-only,31,230134447,push_A,Push the red cube away from the robot,1,1,0,1,insufficient_push_distance,success
20260811,20260812,4,latest-only,32,783789416,push_C,Push the green cylinder away from the robot,1,1,0,1,insufficient_push_distance,success
20260811,20260812,4,latest-only,33,2001084263,push_C,Push the green cylinder away from the robot,1,1,0,1,wrong_object_contact,success
20260811,20260812,4,latest-only,34,1180781097,push_C,Push the green cylinder away from the robot,1,1,1,1,success,success
20260811,20260812,4,latest-only,35,163966935,pick_C,Pick up the green cylinder,1,1,1,1,success,success
20260811,20260812,4,latest-only,36,1837138281,pick_A,Pick up the red cube,1,1,1,1,success,success
20260811,20260812,4,latest-only,37,780026865,pick_A,Pick up the red cube,1,1,1,1,success,success
20260811,20260812,4,latest-only,38,1607092712,push_B,Push the blue ball away from the robot,1,1,0,0,insufficient_push_distance,insufficient_push_distance
20260811,20260812,4,latest-only,39,1451266199,push_A,Push the red cube away from the robot,1,1,0,1,insufficient_push_distance,success
20260811,20260812,4,latest-only,40,358756413,pick_C,Pick up the green cylinder,1,1,0,1,target_toppled_before_grasp,success
20260811,20260812,4,latest-only,41,1421965644,push_B,Push the blue ball away from the robot,1,1,1,1,success,success
20260811,20260812,4,latest-only,42,59016797,push_B,Push the blue ball away from the robot,1,1,0,0,insufficient_push_distance,insufficient_push_distance
20260811,20260812,4,latest-only,43,1302654236,pick_C,Pick up the green cylinder,1,1,0,1,insufficient_lift,success
20260811,20260812,4,latest-only,44,384580899,push_B,Push the blue ball away from the robot,1,1,1,1,success,success
20260811,20260812,4,latest-only,45,1011128636,push_C,Push the green cylinder away from the robot,1,1,0,1,insufficient_push_distance,success
20260811,20260812,4,latest-only,46,296641795,pick_B,Pick up the blue ball,1,1,0,1,grasp_failed_after_contact,success
20260811,20260812,4,latest-only,47,123843409,push_B,Push the blue ball away from the robot,1,1,1,1,success,success
20260811,20260812,4,latest-only,48,134514525,push_A,Push the red cube away from the robot,1,1,1,1,success,success
20260811,20260812,4,latest-only,49,277643107,push_B,Push the blue ball away from the robot,1,1,1,1,success,success
20260811,20260812,4,latest-only,50,1980477288,pick_A,Pick up the red cube,1,1,1,1,success,success
20260811,20260812,4,latest-only,51,1664468370,push_B,Push the blue ball away from the robot,1,1,1,1,success,success
20260811,20260812,4,latest-only,52,1089264912,push_C,Push the green cylinder away from the robot,1,1,1,0,success,insufficient_push_distance
20260811,20260812,4,latest-only,53,1025412360,pick_C,Pick up the green cylinder,1,1,0,1,target_toppled_before_grasp,success
20260811,20260812,4,latest-only,54,730531494,pick_C,Pick up the green cylinder,1,1,0,1,grasp_failed_after_contact,success
20260811,20260812,4,latest-only,55,1446152857,pick_A,Pick up the red cube,1,1,0,1,grasp_failed_after_contact,success
20260811,20260812,4,latest-only,56,1446783571,push_B,Push the blue ball away from the robot,1,1,1,0,success,insufficient_push_distance
20260811,20260812,4,latest-only,57,467683298,pick_A,Pick up the red cube,1,1,1,1,success,success
20260811,20260812,4,latest-only,58,1944327625,pick_C,Pick up the green cylinder,1,1,0,1,grasp_failed_after_contact,success
20260811,20260812,4,latest-only,59,803382679,push_B,Push the blue ball away from the robot,1,1,1,1,success,success
20260811,20260812,4,latest-only,60,1586958513,push_A,Push the red cube away from the robot,1,1,1,1,success,success
20260801,20260802,5,latest-only,1,1485225831,push_B,Push the blue ball away from the robot,1,1,0,0,target_not_contacted,target_not_contacted
20260801,20260802,5,latest-only,2,423671072,push_C,Push the green cylinder away from the robot,1,1,1,1,success,success
20260801,20260802,5,latest-only,3,375455843,push_C,Push the green cylinder away from the robot,1,1,1,1,success,success
20260801,20260802,5,latest-only,4,553518490,push_C,Push the green cylinder away from the robot,1,1,0,1,insufficient_push_distance,success
20260801,20260802,5,latest-only,5,1506469058,pick_B,Pick up the blue ball,1,1,0,1,grasp_failed_after_contact,success
20260801,20260802,5,latest-only,6,2061678707,push_C,Push the green cylinder away from the robot,1,1,1,1,task_success_only,success
20260801,20260802,5,latest-only,7,1419313632,pick_B,Pick up the blue ball,1,1,0,1,workspace_stall,success
20260801,20260802,5,latest-only,8,1070560489,push_B,Push the blue ball away from the robot,1,1,1,1,success,success
20260801,20260802,5,latest-only,9,1348464606,push_B,Push the blue ball away from the robot,1,1,0,0,recovery_limit,insufficient_push_distance
20260801,20260802,5,latest-only,10,1982507234,push_B,Push the blue ball away from the robot,1,1,0,1,insufficient_push_distance,success
20260801,20260802,5,latest-only,11,1679153557,pick_A,Pick up the red cube,1,1,0,1,grasp_failed_after_contact,success
20260801,20260802,5,latest-only,12,1255196262,push_A,Push the red cube away from the robot,1,1,1,1,success,success
20260801,20260802,5,latest-only,13,1431197586,pick_B,Pick up the blue ball,1,1,0,1,wrong_object_contact,success
20260801,20260802,5,latest-only,14,2134975730,pick_B,Pick up the blue ball,1,1,0,1,grasp_failed_after_contact,success
20260801,20260802,5,latest-only,15,751649339,pick_B,Pick up the blue ball,1,1,0,1,grasp_failed_after_contact,success
20260801,20260802,5,latest-only,16,937821226,push_B,Push the blue ball away from the robot,1,1,0,1,insufficient_push_distance,success
20260801,20260802,5,latest-only,17,340795577,pick_B,Pick up the blue ball,1,1,0,1,missed_grasp,success
20260801,20260802,5,latest-only,18,1519111428,pick_C,Pick up the green cylinder,1,1,0,1,object_launched,success
20260801,20260802,5,latest-only,19,205738177,pick_A,Pick up the red cube,1,1,0,1,wrong_object_contact,success
20260801,20260802,5,latest-only,20,1200166337,push_A,Push the red cube away from the robot,1,1,1,1,success,success
20260801,20260802,5,latest-only,21,1240704403,pick_B,Pick up the blue ball,1,1,0,1,wrong_object_contact,success
20260801,20260802,5,latest-only,22,988635068,pick_A,Pick up the red cube,1,1,1,1,success,success
20260801,20260802,5,latest-only,23,711297445,pick_C,Pick up the green cylinder,1,1,0,1,object_dropped,success
20260801,20260802,5,latest-only,24,1643017557,push_A,Push the red cube away from the robot,1,1,1,1,success,success
20260801,20260802,5,latest-only,25,2069655652,pick_A,Pick up the red cube,1,1,0,1,grasp_failed_after_contact,success
20260801,20260802,5,latest-only,26,1940129737,push_C,Push the green cylinder away from the robot,1,1,0,0,target_not_contacted,insufficient_push_distance
20260801,20260802,5,latest-only,27,2094903561,push_A,Push the red cube away from the robot,1,1,0,0,target_not_contacted,insufficient_push_distance
20260801,20260802,5,latest-only,28,1947632996,push_B,Push the blue ball away from the robot,1,1,0,1,recovery_limit,success
20260801,20260802,5,latest-only,29,677252663,pick_A,Pick up the red cube,1,1,0,0,grasp_failed_after_contact,wrong_object_contact
20260801,20260802,5,latest-only,30,1357613382,push_A,Push the red cube away from the robot,1,1,0,1,wrong_object_contact,success
20260801,20260802,5,latest-only,31,322558925,push_C,Push the green cylinder away from the robot,0,1,0,1,target_not_contacted,success
20260801,20260802,5,latest-only,32,1563891817,push_A,Push the red cube away from the robot,1,1,1,1,success,success
20260801,20260802,5,latest-only,33,57000727,pick_A,Pick up the red cube,1,1,0,1,wrong_object_contact,success
20260801,20260802,5,latest-only,34,1736702307,push_B,Push the blue ball away from the robot,1,1,0,1,insufficient_push_distance,success
20260801,20260802,5,latest-only,35,1294355395,pick_B,Pick up the blue ball,1,1,0,1,missed_grasp,success
20260801,20260802,5,latest-only,36,1662684910,push_A,Push the red cube away from the robot,1,1,0,0,insufficient_push_distance,recovery_limit
20260801,20260802,5,latest-only,37,1714462720,pick_A,Pick up the red cube,1,1,0,1,grasp_failed_after_contact,success
20260801,20260802,5,latest-only,38,8882506,pick_C,Pick up the green cylinder,1,1,0,1,object_launched,success
20260801,20260802,5,latest-only,39,936234202,push_A,Push the red cube away from the robot,1,1,0,1,insufficient_push_distance,success
20260801,20260802,5,latest-only,40,1675712970,push_B,Push the blue ball away from the robot,1,1,0,0,insufficient_push_distance,recovery_limit
20260801,20260802,5,latest-only,41,2038025009,pick_B,Pick up the blue ball,1,1,1,1,success,success
20260801,20260802,5,latest-only,42,139315407,pick_A,Pick up the red cube,1,1,0,1,grasp_failed_after_contact,success
20260801,20260802,5,latest-only,43,254320480,pick_C,Pick up the green cylinder,1,1,0,1,gripper_never_closed,success
20260801,20260802,5,latest-only,44,891626877,push_C,Push the green cylinder away from the robot,1,1,0,1,insufficient_push_distance,success
20260801,20260802,5,latest-only,45,1500631811,pick_A,Pick up the red cube,1,1,0,1,wrong_object_contact,success
20260801,20260802,5,latest-only,46,1286127551,push_A,Push the red cube away from the robot,1,1,1,1,success,success
20260801,20260802,5,latest-only,47,950405951,pick_C,Pick up the green cylinder,1,1,0,1,wrong_object_contact,success
20260801,20260802,5,latest-only,48,1636226172,pick_A,Pick up the red cube,1,1,0,1,grasp_failed_after_contact,success
20260801,20260802,5,latest-only,49,497244317,pick_C,Pick up the green cylinder,1,1,0,1,grasp_failed_after_contact,success
20260801,20260802,5,latest-only,50,1510784023,push_B,Push the blue ball away from the robot,1,1,1,1,success,success
20260801,20260802,5,latest-only,51,869057764,push_C,Push the green cylinder away from the robot,1,1,1,1,success,success
20260801,20260802,5,latest-only,52,2010421004,pick_C,Pick up the green cylinder,1,1,0,1,wrong_object_contact,success
20260801,20260802,5,latest-only,53,1174929712,pick_C,Pick up the green cylinder,1,1,0,1,wrong_object_contact,success
20260801,20260802,5,latest-only,54,491312438,push_C,Push the green cylinder away from the robot,1,1,0,1,insufficient_push_distance,success
20260801,20260802,5,latest-only,55,1969865608,push_C,Push the green cylinder away from the robot,1,1,0,1,insufficient_push_distance,success
20260801,20260802,5,latest-only,56,1946662380,pick_C,Pick up the green cylinder,1,1,0,1,wrong_object_contact,success
20260801,20260802,5,latest-only,57,886771867,pick_B,Pick up the blue ball,1,1,0,1,grasp_failed_after_contact,success
20260801,20260802,5,latest-only,58,1306754469,push_A,Push the red cube away from the robot,1,1,1,1,success,success
20260801,20260802,5,latest-only,59,1495092352,pick_C,Pick up the green cylinder,1,1,0,1,grasp_failed_after_contact,success
20260801,20260802,5,latest-only,60,1145732370,push_B,Push the blue ball away from the robot,1,1,0,1,insufficient_push_distance,success
20260811,20260812,5,latest-only,1,1108291765,pick_B,Pick up the blue ball,1,1,0,1,grasp_failed_after_contact,success
20260811,20260812,5,latest-only,2,597377677,pick_A,Pick up the red cube,1,1,0,1,grasp_failed_after_contact,success
20260811,20260812,5,latest-only,3,627505086,push_C,Push the green cylinder away from the robot,1,1,1,1,success,success
20260811,20260812,5,latest-only,4,1237221648,push_A,Push the red cube away from the robot,1,1,1,1,success,success
20260811,20260812,5,latest-only,5,884968109,pick_B,Pick up the blue ball,1,1,1,1,success,success
20260811,20260812,5,latest-only,6,950419073,pick_C,Pick up the green cylinder,1,1,0,1,object_launched,success
20260811,20260812,5,latest-only,7,1386785222,push_A,Push the red cube away from the robot,1,1,1,1,success,success
20260811,20260812,5,latest-only,8,1647636036,push_A,Push the red cube away from the robot,1,1,1,1,success,success
20260811,20260812,5,latest-only,9,709682685,pick_A,Pick up the red cube,1,1,0,0,grasp_failed_after_contact,insufficient_lift
20260811,20260812,5,latest-only,10,947302754,pick_B,Pick up the blue ball,1,1,1,1,success,success
20260811,20260812,5,latest-only,11,2115569061,push_A,Push the red cube away from the robot,1,1,0,1,insufficient_push_distance,success
20260811,20260812,5,latest-only,12,242403568,push_B,Push the blue ball away from the robot,1,1,1,1,success,success
20260811,20260812,5,latest-only,13,141437265,push_A,Push the red cube away from the robot,1,1,0,1,insufficient_push_distance,success
20260811,20260812,5,latest-only,14,2039796682,pick_C,Pick up the green cylinder,1,1,0,0,wrong_object_contact,gripper_never_closed
20260811,20260812,5,latest-only,15,69840060,pick_B,Pick up the blue ball,1,1,0,1,grasp_failed_after_contact,success
20260811,20260812,5,latest-only,16,1943017295,push_A,Push the red cube away from the robot,1,1,0,1,insufficient_push_distance,success
20260811,20260812,5,latest-only,17,2104894479,pick_C,Pick up the green cylinder,1,1,0,1,grasp_failed_after_contact,success
20260811,20260812,5,latest-only,18,1132678512,pick_A,Pick up the red cube,1,1,0,1,grasp_failed_after_contact,success
20260811,20260812,5,latest-only,19,665540359,pick_B,Pick up the blue ball,1,1,0,1,wrong_object_contact,success
20260811,20260812,5,latest-only,20,857946723,push_C,Push the green cylinder away from the robot,1,1,0,1,wrong_object_contact,success
20260811,20260812,5,latest-only,21,1340257999,pick_B,Pick up the blue ball,1,1,0,1,missed_grasp,success
20260811,20260812,5,latest-only,22,2084683216,pick_A,Pick up the red cube,1,1,0,1,grasp_failed_after_contact,success
20260811,20260812,5,latest-only,23,1363560690,push_C,Push the green cylinder away from the robot,1,1,0,0,insufficient_push_distance,insufficient_push_distance
20260811,20260812,5,latest-only,24,613602556,pick_A,Pick up the red cube,1,1,0,1,grasp_failed_after_contact,success
20260811,20260812,5,latest-only,25,20673085,pick_B,Pick up the blue ball,1,1,0,1,grasp_failed_after_contact,success
20260811,20260812,5,latest-only,26,287609370,pick_C,Pick up the green cylinder,1,1,0,1,wrong_object_contact,success
20260811,20260812,5,latest-only,27,1859882343,push_C,Push the green cylinder away from the robot,1,1,0,1,insufficient_push_distance,success
20260811,20260812,5,latest-only,28,943077148,pick_B,Pick up the blue ball,1,1,0,1,missed_grasp,success
20260811,20260812,5,latest-only,29,1559064316,pick_B,Pick up the blue ball,1,1,0,1,grasp_failed_after_contact,success
20260811,20260812,5,latest-only,30,1984652207,push_C,Push the green cylinder away from the robot,1,1,0,1,insufficient_push_distance,success
20260811,20260812,5,latest-only,31,230134447,push_A,Push the red cube away from the robot,1,1,0,1,insufficient_push_distance,success
20260811,20260812,5,latest-only,32,783789416,push_C,Push the green cylinder away from the robot,1,1,0,0,insufficient_push_distance,recovery_limit
20260811,20260812,5,latest-only,33,2001084263,push_C,Push the green cylinder away from the robot,1,1,0,1,insufficient_push_distance,success
20260811,20260812,5,latest-only,34,1180781097,push_C,Push the green cylinder away from the robot,1,1,1,1,success,success
20260811,20260812,5,latest-only,35,163966935,pick_C,Pick up the green cylinder,1,1,0,1,grasp_failed_after_contact,success
20260811,20260812,5,latest-only,36,1837138281,pick_A,Pick up the red cube,1,1,1,1,success,success
20260811,20260812,5,latest-only,37,780026865,pick_A,Pick up the red cube,1,1,0,1,grasp_failed_after_contact,success
20260811,20260812,5,latest-only,38,1607092712,push_B,Push the blue ball away from the robot,1,1,0,0,insufficient_push_distance,recovery_limit
20260811,20260812,5,latest-only,39,1451266199,push_A,Push the red cube away from the robot,1,1,0,1,insufficient_push_distance,success
20260811,20260812,5,latest-only,40,358756413,pick_C,Pick up the green cylinder,1,1,0,1,grasp_failed_after_contact,success
20260811,20260812,5,latest-only,41,1421965644,push_B,Push the blue ball away from the robot,1,1,1,1,success,success
20260811,20260812,5,latest-only,42,59016797,push_B,Push the blue ball away from the robot,1,1,0,0,insufficient_push_distance,insufficient_push_distance
20260811,20260812,5,latest-only,43,1302654236,pick_C,Pick up the green cylinder,1,1,1,1,success,success
20260811,20260812,5,latest-only,44,384580899,push_B,Push the blue ball away from the robot,1,1,1,1,success,success
20260811,20260812,5,latest-only,45,1011128636,push_C,Push the green cylinder away from the robot,1,1,0,1,insufficient_push_distance,success
20260811,20260812,5,latest-only,46,296641795,pick_B,Pick up the blue ball,1,1,0,1,grasp_failed_after_contact,success
20260811,20260812,5,latest-only,47,123843409,push_B,Push the blue ball away from the robot,1,1,1,1,success,success
20260811,20260812,5,latest-only,48,134514525,push_A,Push the red cube away from the robot,1,1,1,1,success,success
20260811,20260812,5,latest-only,49,277643107,push_B,Push the blue ball away from the robot,1,1,1,1,success,success
20260811,20260812,5,latest-only,50,1980477288,pick_A,Pick up the red cube,1,1,1,1,success,success
20260811,20260812,5,latest-only,51,1664468370,push_B,Push the blue ball away from the robot,1,1,1,1,success,success
20260811,20260812,5,latest-only,52,1089264912,push_C,Push the green cylinder away from the robot,1,1,0,0,insufficient_push_distance,insufficient_push_distance
20260811,20260812,5,latest-only,53,1025412360,pick_C,Pick up the green cylinder,1,1,0,1,grasp_failed_after_contact,success
20260811,20260812,5,latest-only,54,730531494,pick_C,Pick up the green cylinder,1,1,0,1,grasp_failed_after_contact,success
20260811,20260812,5,latest-only,55,1446152857,pick_A,Pick up the red cube,1,1,0,1,grasp_failed_after_contact,success
20260811,20260812,5,latest-only,56,1446783571,push_B,Push the blue ball away from the robot,1,1,1,0,success,recovery_limit
20260811,20260812,5,latest-only,57,467683298,pick_A,Pick up the red cube,1,1,1,1,success,success
20260811,20260812,5,latest-only,58,1944327625,pick_C,Pick up the green cylinder,1,1,0,1,grasp_failed_after_contact,success
20260811,20260812,5,latest-only,59,803382679,push_B,Push the blue ball away from the robot,1,1,1,1,success,success
20260811,20260812,5,latest-only,60,1586958513,push_A,Push the red cube away from the robot,1,1,1,1,success,success
20260801,20260802,6,latest-only,1,1485225831,push_B,Push the blue ball away from the robot,1,1,0,0,target_not_contacted,target_not_contacted
20260801,20260802,6,latest-only,2,423671072,push_C,Push the green cylinder away from the robot,1,1,1,1,success,success
20260801,20260802,6,latest-only,3,375455843,push_C,Push the green cylinder away from the robot,1,1,1,1,success,success
20260801,20260802,6,latest-only,4,553518490,push_C,Push the green cylinder away from the robot,1,1,1,1,success,success
20260801,20260802,6,latest-only,5,1506469058,pick_B,Pick up the blue ball,1,1,0,1,grasp_failed_after_contact,success
20260801,20260802,6,latest-only,6,2061678707,push_C,Push the green cylinder away from the robot,1,1,0,1,insufficient_push_distance,success
20260801,20260802,6,latest-only,7,1419313632,pick_B,Pick up the blue ball,1,1,0,1,wrong_object_contact,success
20260801,20260802,6,latest-only,8,1070560489,push_B,Push the blue ball away from the robot,1,1,0,1,target_not_contacted,success
20260801,20260802,6,latest-only,9,1348464606,push_B,Push the blue ball away from the robot,1,1,0,0,insufficient_push_distance,insufficient_push_distance
20260801,20260802,6,latest-only,10,1982507234,push_B,Push the blue ball away from the robot,1,1,0,1,insufficient_push_distance,success
20260801,20260802,6,latest-only,11,1679153557,pick_A,Pick up the red cube,1,1,0,1,grasp_failed_after_contact,success
20260801,20260802,6,latest-only,12,1255196262,push_A,Push the red cube away from the robot,1,1,0,1,insufficient_push_distance,success
20260801,20260802,6,latest-only,13,1431197586,pick_B,Pick up the blue ball,1,1,0,1,wrong_object_contact,success
20260801,20260802,6,latest-only,14,2134975730,pick_B,Pick up the blue ball,1,1,0,1,wrong_object_contact,success
20260801,20260802,6,latest-only,15,751649339,pick_B,Pick up the blue ball,1,1,0,1,grasp_failed_after_contact,success
20260801,20260802,6,latest-only,16,937821226,push_B,Push the blue ball away from the robot,1,1,0,1,insufficient_push_distance,success
20260801,20260802,6,latest-only,17,340795577,pick_B,Pick up the blue ball,1,1,0,1,missed_grasp,success
20260801,20260802,6,latest-only,18,1519111428,pick_C,Pick up the green cylinder,1,1,0,1,wrong_object_contact,success
20260801,20260802,6,latest-only,19,205738177,pick_A,Pick up the red cube,1,1,0,1,grasp_failed_after_contact,success
20260801,20260802,6,latest-only,20,1200166337,push_A,Push the red cube away from the robot,1,1,1,1,success,success
20260801,20260802,6,latest-only,21,1240704403,pick_B,Pick up the blue ball,1,1,0,1,wrong_object_contact,success
20260801,20260802,6,latest-only,22,988635068,pick_A,Pick up the red cube,1,1,0,1,grasp_failed_after_contact,success
20260801,20260802,6,latest-only,23,711297445,pick_C,Pick up the green cylinder,1,1,0,1,grasp_failed_after_contact,success
20260801,20260802,6,latest-only,24,1643017557,push_A,Push the red cube away from the robot,1,1,0,1,recovery_limit,success
20260801,20260802,6,latest-only,25,2069655652,pick_A,Pick up the red cube,1,1,0,1,grasp_failed_after_contact,success
20260801,20260802,6,latest-only,26,1940129737,push_C,Push the green cylinder away from the robot,1,1,0,0,target_not_contacted,insufficient_push_distance
20260801,20260802,6,latest-only,27,2094903561,push_A,Push the red cube away from the robot,1,1,0,0,target_not_contacted,insufficient_push_distance
20260801,20260802,6,latest-only,28,1947632996,push_B,Push the blue ball away from the robot,1,1,0,1,insufficient_push_distance,success
20260801,20260802,6,latest-only,29,677252663,pick_A,Pick up the red cube,1,1,0,0,grasp_failed_after_contact,gripper_never_closed
20260801,20260802,6,latest-only,30,1357613382,push_A,Push the red cube away from the robot,1,1,0,1,insufficient_push_distance,success
20260801,20260802,6,latest-only,31,322558925,push_C,Push the green cylinder away from the robot,0,1,0,1,target_not_contacted,success
20260801,20260802,6,latest-only,32,1563891817,push_A,Push the red cube away from the robot,1,1,0,1,insufficient_push_distance,success
20260801,20260802,6,latest-only,33,57000727,pick_A,Pick up the red cube,1,1,0,1,grasp_failed_after_contact,success
20260801,20260802,6,latest-only,34,1736702307,push_B,Push the blue ball away from the robot,1,1,0,1,insufficient_push_distance,success
20260801,20260802,6,latest-only,35,1294355395,pick_B,Pick up the blue ball,1,1,0,1,grasp_failed_after_contact,success
20260801,20260802,6,latest-only,36,1662684910,push_A,Push the red cube away from the robot,1,1,1,1,success,success
20260801,20260802,6,latest-only,37,1714462720,pick_A,Pick up the red cube,1,1,0,1,missed_grasp,success
20260801,20260802,6,latest-only,38,8882506,pick_C,Pick up the green cylinder,1,1,0,1,object_launched,success
20260801,20260802,6,latest-only,39,936234202,push_A,Push the red cube away from the robot,1,1,0,1,insufficient_push_distance,success
20260801,20260802,6,latest-only,40,1675712970,push_B,Push the blue ball away from the robot,1,1,0,0,insufficient_push_distance,insufficient_push_distance
20260801,20260802,6,latest-only,41,2038025009,pick_B,Pick up the blue ball,1,1,1,1,success,success
20260801,20260802,6,latest-only,42,139315407,pick_A,Pick up the red cube,1,1,0,1,grasp_failed_after_contact,success
20260801,20260802,6,latest-only,43,254320480,pick_C,Pick up the green cylinder,1,1,0,1,gripper_never_closed,success
20260801,20260802,6,latest-only,44,891626877,push_C,Push the green cylinder away from the robot,1,1,1,1,task_success_only,success
20260801,20260802,6,latest-only,45,1500631811,pick_A,Pick up the red cube,1,1,0,1,wrong_object_contact,success
20260801,20260802,6,latest-only,46,1286127551,push_A,Push the red cube away from the robot,1,1,1,1,success,success
20260801,20260802,6,latest-only,47,950405951,pick_C,Pick up the green cylinder,1,1,0,1,wrong_object_contact,success
20260801,20260802,6,latest-only,48,1636226172,pick_A,Pick up the red cube,1,1,0,1,grasp_failed_after_contact,success
20260801,20260802,6,latest-only,49,497244317,pick_C,Pick up the green cylinder,1,1,0,1,missed_grasp,success
20260801,20260802,6,latest-only,50,1510784023,push_B,Push the blue ball away from the robot,1,1,1,1,success,success
20260801,20260802,6,latest-only,51,869057764,push_C,Push the green cylinder away from the robot,1,1,1,1,success,success
20260801,20260802,6,latest-only,52,2010421004,pick_C,Pick up the green cylinder,1,1,0,1,wrong_object_contact,success
20260801,20260802,6,latest-only,53,1174929712,pick_C,Pick up the green cylinder,1,1,0,1,grasp_failed_after_contact,success
20260801,20260802,6,latest-only,54,491312438,push_C,Push the green cylinder away from the robot,1,1,0,1,insufficient_push_distance,success
20260801,20260802,6,latest-only,55,1969865608,push_C,Push the green cylinder away from the robot,1,1,0,1,insufficient_push_distance,success
20260801,20260802,6,latest-only,56,1946662380,pick_C,Pick up the green cylinder,1,1,0,1,wrong_object_contact,success
20260801,20260802,6,latest-only,57,886771867,pick_B,Pick up the blue ball,1,1,0,1,grasp_failed_after_contact,success
20260801,20260802,6,latest-only,58,1306754469,push_A,Push the red cube away from the robot,1,1,1,1,success,success
20260801,20260802,6,latest-only,59,1495092352,pick_C,Pick up the green cylinder,1,1,0,1,target_toppled_before_grasp,success
20260801,20260802,6,latest-only,60,1145732370,push_B,Push the blue ball away from the robot,1,1,0,1,insufficient_push_distance,success
20260811,20260812,6,latest-only,1,1108291765,pick_B,Pick up the blue ball,1,1,0,1,grasp_failed_after_contact,success
20260811,20260812,6,latest-only,2,597377677,pick_A,Pick up the red cube,1,1,0,1,grasp_failed_after_contact,success
20260811,20260812,6,latest-only,3,627505086,push_C,Push the green cylinder away from the robot,1,1,1,1,task_success_only,success
20260811,20260812,6,latest-only,4,1237221648,push_A,Push the red cube away from the robot,1,1,1,1,success,success
20260811,20260812,6,latest-only,5,884968109,pick_B,Pick up the blue ball,1,1,1,1,success,success
20260811,20260812,6,latest-only,6,950419073,pick_C,Pick up the green cylinder,1,1,0,1,wrong_object_contact,success
20260811,20260812,6,latest-only,7,1386785222,push_A,Push the red cube away from the robot,1,1,1,1,success,success
20260811,20260812,6,latest-only,8,1647636036,push_A,Push the red cube away from the robot,1,1,1,1,success,success
20260811,20260812,6,latest-only,9,709682685,pick_A,Pick up the red cube,1,1,0,0,missed_grasp,grasp_failed_after_contact
20260811,20260812,6,latest-only,10,947302754,pick_B,Pick up the blue ball,1,1,1,1,success,success
20260811,20260812,6,latest-only,11,2115569061,push_A,Push the red cube away from the robot,1,1,0,1,workspace_stall,success
20260811,20260812,6,latest-only,12,242403568,push_B,Push the blue ball away from the robot,1,1,1,1,success,success
20260811,20260812,6,latest-only,13,141437265,push_A,Push the red cube away from the robot,1,1,0,1,insufficient_push_distance,success
20260811,20260812,6,latest-only,14,2039796682,pick_C,Pick up the green cylinder,1,1,0,1,wrong_object_contact,success
20260811,20260812,6,latest-only,15,69840060,pick_B,Pick up the blue ball,1,1,0,1,grasp_failed_after_contact,success
20260811,20260812,6,latest-only,16,1943017295,push_A,Push the red cube away from the robot,1,1,0,1,insufficient_push_distance,success
20260811,20260812,6,latest-only,17,2104894479,pick_C,Pick up the green cylinder,1,1,0,1,grasp_failed_after_contact,success
20260811,20260812,6,latest-only,18,1132678512,pick_A,Pick up the red cube,1,1,0,1,grasp_failed_after_contact,success
20260811,20260812,6,latest-only,19,665540359,pick_B,Pick up the blue ball,1,1,0,1,wrong_object_contact,success
20260811,20260812,6,latest-only,20,857946723,push_C,Push the green cylinder away from the robot,1,1,0,1,target_not_contacted,success
20260811,20260812,6,latest-only,21,1340257999,pick_B,Pick up the blue ball,1,1,0,1,missed_grasp,success
20260811,20260812,6,latest-only,22,2084683216,pick_A,Pick up the red cube,1,1,0,1,grasp_failed_after_contact,success
20260811,20260812,6,latest-only,23,1363560690,push_C,Push the green cylinder away from the robot,1,1,0,0,insufficient_push_distance,insufficient_push_distance
20260811,20260812,6,latest-only,24,613602556,pick_A,Pick up the red cube,1,1,0,1,grasp_failed_after_contact,success
20260811,20260812,6,latest-only,25,20673085,pick_B,Pick up the blue ball,1,1,0,1,grasp_failed_after_contact,success
20260811,20260812,6,latest-only,26,287609370,pick_C,Pick up the green cylinder,1,1,0,1,wrong_object_contact,success
20260811,20260812,6,latest-only,27,1859882343,push_C,Push the green cylinder away from the robot,1,1,0,0,insufficient_push_distance,insufficient_push_distance
20260811,20260812,6,latest-only,28,943077148,pick_B,Pick up the blue ball,1,1,0,1,wrong_object_contact,success
20260811,20260812,6,latest-only,29,1559064316,pick_B,Pick up the blue ball,1,1,0,1,grasp_failed_after_contact,success
20260811,20260812,6,latest-only,30,1984652207,push_C,Push the green cylinder away from the robot,1,1,0,1,insufficient_push_distance,success
20260811,20260812,6,latest-only,31,230134447,push_A,Push the red cube away from the robot,1,1,0,1,insufficient_push_distance,success
20260811,20260812,6,latest-only,32,783789416,push_C,Push the green cylinder away from the robot,1,1,0,0,insufficient_push_distance,insufficient_push_distance
20260811,20260812,6,latest-only,33,2001084263,push_C,Push the green cylinder away from the robot,1,1,0,1,insufficient_push_distance,success
20260811,20260812,6,latest-only,34,1180781097,push_C,Push the green cylinder away from the robot,1,1,0,1,insufficient_push_distance,success
20260811,20260812,6,latest-only,35,163966935,pick_C,Pick up the green cylinder,1,1,0,1,missed_grasp,success
20260811,20260812,6,latest-only,36,1837138281,pick_A,Pick up the red cube,1,1,0,1,wrong_object_contact,success
20260811,20260812,6,latest-only,37,780026865,pick_A,Pick up the red cube,1,1,0,1,grasp_failed_after_contact,success
20260811,20260812,6,latest-only,38,1607092712,push_B,Push the blue ball away from the robot,1,1,0,0,insufficient_push_distance,target_not_contacted
20260811,20260812,6,latest-only,39,1451266199,push_A,Push the red cube away from the robot,1,1,0,1,insufficient_push_distance,success
20260811,20260812,6,latest-only,40,358756413,pick_C,Pick up the green cylinder,1,1,0,1,target_toppled_before_grasp,success
20260811,20260812,6,latest-only,41,1421965644,push_B,Push the blue ball away from the robot,1,1,1,1,success,success
20260811,20260812,6,latest-only,42,59016797,push_B,Push the blue ball away from the robot,1,1,0,0,insufficient_push_distance,insufficient_push_distance
20260811,20260812,6,latest-only,43,1302654236,pick_C,Pick up the green cylinder,1,1,0,1,workspace_stall,success
20260811,20260812,6,latest-only,44,384580899,push_B,Push the blue ball away from the robot,1,1,1,1,success,success
20260811,20260812,6,latest-only,45,1011128636,push_C,Push the green cylinder away from the robot,1,1,0,1,insufficient_push_distance,success
20260811,20260812,6,latest-only,46,296641795,pick_B,Pick up the blue ball,1,1,0,1,grasp_failed_after_contact,success
20260811,20260812,6,latest-only,47,123843409,push_B,Push the blue ball away from the robot,1,1,1,1,success,success
20260811,20260812,6,latest-only,48,134514525,push_A,Push the red cube away from the robot,1,1,0,0,insufficient_push_distance,insufficient_push_distance
20260811,20260812,6,latest-only,49,277643107,push_B,Push the blue ball away from the robot,1,1,1,1,success,success
20260811,20260812,6,latest-only,50,1980477288,pick_A,Pick up the red cube,1,1,1,1,success,success
20260811,20260812,6,latest-only,51,1664468370,push_B,Push the blue ball away from the robot,1,1,1,1,success,success
20260811,20260812,6,latest-only,52,1089264912,push_C,Push the green cylinder away from the robot,1,1,0,0,insufficient_push_distance,target_not_contacted
20260811,20260812,6,latest-only,53,1025412360,pick_C,Pick up the green cylinder,1,1,0,1,grasp_failed_after_contact,success
20260811,20260812,6,latest-only,54,730531494,pick_C,Pick up the green cylinder,1,1,0,0,missed_grasp,insufficient_lift
20260811,20260812,6,latest-only,55,1446152857,pick_A,Pick up the red cube,1,1,0,1,grasp_failed_after_contact,success
20260811,20260812,6,latest-only,56,1446783571,push_B,Push the blue ball away from the robot,1,1,0,0,target_not_contacted,recovery_limit
20260811,20260812,6,latest-only,57,467683298,pick_A,Pick up the red cube,1,1,1,1,success,success
20260811,20260812,6,latest-only,58,1944327625,pick_C,Pick up the green cylinder,1,1,0,1,missed_grasp,success
20260811,20260812,6,latest-only,59,803382679,push_B,Push the blue ball away from the robot,1,1,1,1,success,success
20260811,20260812,6,latest-only,60,1586958513,push_A,Push the red cube away from the robot,1,1,0,0,target_not_contacted,target_not_contacted
20260801,20260802,7,latest-only,1,1485225831,push_B,Push the blue ball away from the robot,1,1,0,0,target_not_contacted,recovery_limit
20260801,20260802,7,latest-only,2,423671072,push_C,Push the green cylinder away from the robot,1,1,0,1,insufficient_push_distance,success
20260801,20260802,7,latest-only,3,375455843,push_C,Push the green cylinder away from the robot,1,1,1,1,success,success
20260801,20260802,7,latest-only,4,553518490,push_C,Push the green cylinder away from the robot,1,1,1,1,success,success
20260801,20260802,7,latest-only,5,1506469058,pick_B,Pick up the blue ball,1,1,0,1,missed_grasp,success
20260801,20260802,7,latest-only,6,2061678707,push_C,Push the green cylinder away from the robot,1,1,0,1,insufficient_push_distance,success
20260801,20260802,7,latest-only,7,1419313632,pick_B,Pick up the blue ball,1,1,0,1,wrong_object_contact,success
20260801,20260802,7,latest-only,8,1070560489,push_B,Push the blue ball away from the robot,1,1,0,0,target_not_contacted,insufficient_push_distance
20260801,20260802,7,latest-only,9,1348464606,push_B,Push the blue ball away from the robot,1,1,0,0,target_not_contacted,insufficient_push_distance
20260801,20260802,7,latest-only,10,1982507234,push_B,Push the blue ball away from the robot,1,1,0,1,insufficient_push_distance,success
20260801,20260802,7,latest-only,11,1679153557,pick_A,Pick up the red cube,1,1,0,1,grasp_failed_after_contact,success
20260801,20260802,7,latest-only,12,1255196262,push_A,Push the red cube away from the robot,1,1,1,1,success,success
20260801,20260802,7,latest-only,13,1431197586,pick_B,Pick up the blue ball,1,1,0,1,grasp_failed_after_contact,success
20260801,20260802,7,latest-only,14,2134975730,pick_B,Pick up the blue ball,1,1,0,1,wrong_object_contact,success
20260801,20260802,7,latest-only,15,751649339,pick_B,Pick up the blue ball,1,1,0,1,grasp_failed_after_contact,success
20260801,20260802,7,latest-only,16,937821226,push_B,Push the blue ball away from the robot,1,1,0,1,insufficient_push_distance,success
20260801,20260802,7,latest-only,17,340795577,pick_B,Pick up the blue ball,1,1,0,1,missed_grasp,success
20260801,20260802,7,latest-only,18,1519111428,pick_C,Pick up the green cylinder,1,1,0,1,grasp_failed_after_contact,success
20260801,20260802,7,latest-only,19,205738177,pick_A,Pick up the red cube,1,1,0,1,grasp_failed_after_contact,success
20260801,20260802,7,latest-only,20,1200166337,push_A,Push the red cube away from the robot,1,1,1,1,success,success
20260801,20260802,7,latest-only,21,1240704403,pick_B,Pick up the blue ball,1,1,0,1,missed_grasp,success
20260801,20260802,7,latest-only,22,988635068,pick_A,Pick up the red cube,1,1,0,1,grasp_failed_after_contact,success
20260801,20260802,7,latest-only,23,711297445,pick_C,Pick up the green cylinder,1,1,0,1,grasp_failed_after_contact,success
20260801,20260802,7,latest-only,24,1643017557,push_A,Push the red cube away from the robot,1,1,0,1,insufficient_push_distance,success
20260801,20260802,7,latest-only,25,2069655652,pick_A,Pick up the red cube,1,1,0,1,missed_grasp,success
20260801,20260802,7,latest-only,26,1940129737,push_C,Push the green cylinder away from the robot,1,1,0,0,insufficient_push_distance,insufficient_push_distance
20260801,20260802,7,latest-only,27,2094903561,push_A,Push the red cube away from the robot,1,1,0,0,target_not_contacted,target_not_contacted
20260801,20260802,7,latest-only,28,1947632996,push_B,Push the blue ball away from the robot,1,1,0,0,insufficient_push_distance,insufficient_push_distance
20260801,20260802,7,latest-only,29,677252663,pick_A,Pick up the red cube,1,1,0,0,missed_grasp,gripper_never_closed
20260801,20260802,7,latest-only,30,1357613382,push_A,Push the red cube away from the robot,1,1,0,1,insufficient_push_distance,success
20260801,20260802,7,latest-only,31,322558925,push_C,Push the green cylinder away from the robot,0,1,0,1,target_not_contacted,success
20260801,20260802,7,latest-only,32,1563891817,push_A,Push the red cube away from the robot,1,1,1,1,success,success
20260801,20260802,7,latest-only,33,57000727,pick_A,Pick up the red cube,1,1,0,1,missed_grasp,task_success_only
20260801,20260802,7,latest-only,34,1736702307,push_B,Push the blue ball away from the robot,1,1,0,1,insufficient_push_distance,success
20260801,20260802,7,latest-only,35,1294355395,pick_B,Pick up the blue ball,1,1,0,1,grasp_failed_after_contact,success
20260801,20260802,7,latest-only,36,1662684910,push_A,Push the red cube away from the robot,1,1,1,0,success,target_not_contacted
20260801,20260802,7,latest-only,37,1714462720,pick_A,Pick up the red cube,1,1,0,0,missed_grasp,insufficient_lift
20260801,20260802,7,latest-only,38,8882506,pick_C,Pick up the green cylinder,1,1,0,1,grasp_failed_after_contact,success
20260801,20260802,7,latest-only,39,936234202,push_A,Push the red cube away from the robot,1,1,0,1,insufficient_push_distance,success
20260801,20260802,7,latest-only,40,1675712970,push_B,Push the blue ball away from the robot,1,1,0,0,target_not_contacted,recovery_limit
20260801,20260802,7,latest-only,41,2038025009,pick_B,Pick up the blue ball,1,1,1,1,success,success
20260801,20260802,7,latest-only,42,139315407,pick_A,Pick up the red cube,1,1,0,0,grasp_failed_after_contact,gripper_never_closed
20260801,20260802,7,latest-only,43,254320480,pick_C,Pick up the green cylinder,1,1,0,1,wrong_object_contact,success
20260801,20260802,7,latest-only,44,891626877,push_C,Push the green cylinder away from the robot,1,1,0,1,insufficient_push_distance,success
20260801,20260802,7,latest-only,45,1500631811,pick_A,Pick up the red cube,1,1,0,1,wrong_object_contact,success
20260801,20260802,7,latest-only,46,1286127551,push_A,Push the red cube away from the robot,1,1,1,1,success,success
20260801,20260802,7,latest-only,47,950405951,pick_C,Pick up the green cylinder,1,1,0,1,grasp_failed_after_contact,success
20260801,20260802,7,latest-only,48,1636226172,pick_A,Pick up the red cube,1,1,0,1,grasp_failed_after_contact,success
20260801,20260802,7,latest-only,49,497244317,pick_C,Pick up the green cylinder,1,1,0,1,missed_grasp,success
20260801,20260802,7,latest-only,50,1510784023,push_B,Push the blue ball away from the robot,1,1,1,1,success,success
20260801,20260802,7,latest-only,51,869057764,push_C,Push the green cylinder away from the robot,1,1,1,1,success,success
20260801,20260802,7,latest-only,52,2010421004,pick_C,Pick up the green cylinder,1,1,0,1,wrong_object_contact,success
20260801,20260802,7,latest-only,53,1174929712,pick_C,Pick up the green cylinder,1,1,0,1,missed_grasp,success
20260801,20260802,7,latest-only,54,491312438,push_C,Push the green cylinder away from the robot,1,1,0,1,insufficient_push_distance,success
20260801,20260802,7,latest-only,55,1969865608,push_C,Push the green cylinder away from the robot,1,1,0,1,insufficient_push_distance,success
20260801,20260802,7,latest-only,56,1946662380,pick_C,Pick up the green cylinder,1,1,0,0,wrong_object_contact,wrong_object_contact
20260801,20260802,7,latest-only,57,886771867,pick_B,Pick up the blue ball,1,1,0,1,wrong_object_contact,success
20260801,20260802,7,latest-only,58,1306754469,push_A,Push the red cube away from the robot,1,1,0,1,insufficient_push_distance,success
20260801,20260802,7,latest-only,59,1495092352,pick_C,Pick up the green cylinder,1,1,0,1,target_toppled_before_grasp,success
20260801,20260802,7,latest-only,60,1145732370,push_B,Push the blue ball away from the robot,1,1,1,1,success,success
20260811,20260812,7,latest-only,1,1108291765,pick_B,Pick up the blue ball,1,1,0,1,grasp_failed_after_contact,success
20260811,20260812,7,latest-only,2,597377677,pick_A,Pick up the red cube,1,1,0,1,grasp_failed_after_contact,success
20260811,20260812,7,latest-only,3,627505086,push_C,Push the green cylinder away from the robot,1,1,1,1,success,success
20260811,20260812,7,latest-only,4,1237221648,push_A,Push the red cube away from the robot,1,1,0,1,insufficient_push_distance,success
20260811,20260812,7,latest-only,5,884968109,pick_B,Pick up the blue ball,1,1,1,1,success,success
20260811,20260812,7,latest-only,6,950419073,pick_C,Pick up the green cylinder,1,1,0,1,grasp_failed_after_contact,success
20260811,20260812,7,latest-only,7,1386785222,push_A,Push the red cube away from the robot,1,1,0,1,insufficient_push_distance,success
20260811,20260812,7,latest-only,8,1647636036,push_A,Push the red cube away from the robot,1,1,0,1,insufficient_push_distance,success
20260811,20260812,7,latest-only,9,709682685,pick_A,Pick up the red cube,1,1,0,0,missed_grasp,gripper_never_closed
20260811,20260812,7,latest-only,10,947302754,pick_B,Pick up the blue ball,1,1,1,1,success,success
20260811,20260812,7,latest-only,11,2115569061,push_A,Push the red cube away from the robot,1,1,0,0,insufficient_push_distance,target_not_contacted
20260811,20260812,7,latest-only,12,242403568,push_B,Push the blue ball away from the robot,1,1,1,1,success,success
20260811,20260812,7,latest-only,13,141437265,push_A,Push the red cube away from the robot,1,1,1,1,success,success
20260811,20260812,7,latest-only,14,2039796682,pick_C,Pick up the green cylinder,1,1,0,1,grasp_failed_after_contact,success
20260811,20260812,7,latest-only,15,69840060,pick_B,Pick up the blue ball,1,1,0,1,grasp_failed_after_contact,success
20260811,20260812,7,latest-only,16,1943017295,push_A,Push the red cube away from the robot,1,1,1,1,success,success
20260811,20260812,7,latest-only,17,2104894479,pick_C,Pick up the green cylinder,1,1,0,1,grasp_failed_after_contact,success
20260811,20260812,7,latest-only,18,1132678512,pick_A,Pick up the red cube,1,1,0,1,grasp_failed_after_contact,success
20260811,20260812,7,latest-only,19,665540359,pick_B,Pick up the blue ball,1,1,0,1,wrong_object_contact,success
20260811,20260812,7,latest-only,20,857946723,push_C,Push the green cylinder away from the robot,1,1,0,1,target_not_contacted,success
20260811,20260812,7,latest-only,21,1340257999,pick_B,Pick up the blue ball,1,1,0,1,missed_grasp,success
20260811,20260812,7,latest-only,22,2084683216,pick_A,Pick up the red cube,1,1,0,1,grasp_failed_after_contact,success
20260811,20260812,7,latest-only,23,1363560690,push_C,Push the green cylinder away from the robot,1,1,0,1,insufficient_push_distance,success
20260811,20260812,7,latest-only,24,613602556,pick_A,Pick up the red cube,1,1,0,1,grasp_failed_after_contact,success
20260811,20260812,7,latest-only,25,20673085,pick_B,Pick up the blue ball,1,1,0,0,grasp_failed_after_contact,recovery_limit
20260811,20260812,7,latest-only,26,287609370,pick_C,Pick up the green cylinder,1,1,0,1,wrong_object_contact,success
20260811,20260812,7,latest-only,27,1859882343,push_C,Push the green cylinder away from the robot,1,1,0,1,insufficient_push_distance,success
20260811,20260812,7,latest-only,28,943077148,pick_B,Pick up the blue ball,1,1,0,1,missed_grasp,success
20260811,20260812,7,latest-only,29,1559064316,pick_B,Pick up the blue ball,1,1,0,1,missed_grasp,success
20260811,20260812,7,latest-only,30,1984652207,push_C,Push the green cylinder away from the robot,1,1,0,0,insufficient_push_distance,insufficient_push_distance
20260811,20260812,7,latest-only,31,230134447,push_A,Push the red cube away from the robot,1,1,1,1,success,success
20260811,20260812,7,latest-only,32,783789416,push_C,Push the green cylinder away from the robot,1,1,0,0,insufficient_push_distance,recovery_limit
20260811,20260812,7,latest-only,33,2001084263,push_C,Push the green cylinder away from the robot,1,1,0,1,wrong_object_contact,success
20260811,20260812,7,latest-only,34,1180781097,push_C,Push the green cylinder away from the robot,1,1,0,1,insufficient_push_distance,success
20260811,20260812,7,latest-only,35,163966935,pick_C,Pick up the green cylinder,1,1,0,1,grasp_failed_after_contact,success
20260811,20260812,7,latest-only,36,1837138281,pick_A,Pick up the red cube,1,1,0,1,wrong_object_contact,success
20260811,20260812,7,latest-only,37,780026865,pick_A,Pick up the red cube,1,1,0,1,grasp_failed_after_contact,success
20260811,20260812,7,latest-only,38,1607092712,push_B,Push the blue ball away from the robot,1,1,0,0,target_not_contacted,recovery_limit
20260811,20260812,7,latest-only,39,1451266199,push_A,Push the red cube away from the robot,1,1,0,1,insufficient_push_distance,success
20260811,20260812,7,latest-only,40,358756413,pick_C,Pick up the green cylinder,1,1,0,1,target_toppled_before_grasp,success
20260811,20260812,7,latest-only,41,1421965644,push_B,Push the blue ball away from the robot,1,1,1,1,success,success
20260811,20260812,7,latest-only,42,59016797,push_B,Push the blue ball away from the robot,1,1,0,0,target_not_contacted,insufficient_push_distance
20260811,20260812,7,latest-only,43,1302654236,pick_C,Pick up the green cylinder,1,1,0,1,grasp_failed_after_contact,success
20260811,20260812,7,latest-only,44,384580899,push_B,Push the blue ball away from the robot,1,1,1,1,success,success
20260811,20260812,7,latest-only,45,1011128636,push_C,Push the green cylinder away from the robot,1,1,0,1,target_not_contacted,success
20260811,20260812,7,latest-only,46,296641795,pick_B,Pick up the blue ball,1,1,0,1,grasp_failed_after_contact,success
20260811,20260812,7,latest-only,47,123843409,push_B,Push the blue ball away from the robot,1,1,1,1,success,success
20260811,20260812,7,latest-only,48,134514525,push_A,Push the red cube away from the robot,1,1,0,0,insufficient_push_distance,insufficient_push_distance
20260811,20260812,7,latest-only,49,277643107,push_B,Push the blue ball away from the robot,1,1,1,1,success,success
20260811,20260812,7,latest-only,50,1980477288,pick_A,Pick up the red cube,1,1,0,1,grasp_failed_after_contact,success
20260811,20260812,7,latest-only,51,1664468370,push_B,Push the blue ball away from the robot,1,1,1,1,success,success
20260811,20260812,7,latest-only,52,1089264912,push_C,Push the green cylinder away from the robot,1,1,0,0,insufficient_push_distance,target_not_contacted
20260811,20260812,7,latest-only,53,1025412360,pick_C,Pick up the green cylinder,1,1,0,1,grasp_failed_after_contact,success
20260811,20260812,7,latest-only,54,730531494,pick_C,Pick up the green cylinder,1,1,0,0,missed_grasp,insufficient_lift
20260811,20260812,7,latest-only,55,1446152857,pick_A,Pick up the red cube,1,1,0,1,grasp_failed_after_contact,success
20260811,20260812,7,latest-only,56,1446783571,push_B,Push the blue ball away from the robot,1,1,0,0,target_not_contacted,recovery_limit
20260811,20260812,7,latest-only,57,467683298,pick_A,Pick up the red cube,1,1,1,1,success,success
20260811,20260812,7,latest-only,58,1944327625,pick_C,Pick up the green cylinder,1,1,0,1,missed_grasp,success
20260811,20260812,7,latest-only,59,803382679,push_B,Push the blue ball away from the robot,1,1,1,1,success,success
20260811,20260812,7,latest-only,60,1586958513,push_A,Push the red cube away from the robot,1,1,0,1,workspace_stall,success
20260801,20260802,8,latest-only,1,1485225831,push_B,Push the blue ball away from the robot,1,1,0,0,target_not_contacted,recovery_limit
20260801,20260802,8,latest-only,2,423671072,push_C,Push the green cylinder away from the robot,1,1,1,0,task_success_only,insufficient_push_distance
20260801,20260802,8,latest-only,3,375455843,push_C,Push the green cylinder away from the robot,1,1,1,1,success,success
20260801,20260802,8,latest-only,4,553518490,push_C,Push the green cylinder away from the robot,1,1,1,1,success,success
20260801,20260802,8,latest-only,5,1506469058,pick_B,Pick up the blue ball,1,1,0,1,missed_grasp,success
20260801,20260802,8,latest-only,6,2061678707,push_C,Push the green cylinder away from the robot,1,1,0,1,insufficient_push_distance,success
20260801,20260802,8,latest-only,7,1419313632,pick_B,Pick up the blue ball,1,1,0,1,workspace_stall,success
20260801,20260802,8,latest-only,8,1070560489,push_B,Push the blue ball away from the robot,1,1,0,0,target_not_contacted,insufficient_push_distance
20260801,20260802,8,latest-only,9,1348464606,push_B,Push the blue ball away from the robot,1,1,0,0,target_not_contacted,insufficient_push_distance
20260801,20260802,8,latest-only,10,1982507234,push_B,Push the blue ball away from the robot,1,1,0,1,recovery_limit,success
20260801,20260802,8,latest-only,11,1679153557,pick_A,Pick up the red cube,1,1,0,1,grasp_failed_after_contact,success
20260801,20260802,8,latest-only,12,1255196262,push_A,Push the red cube away from the robot,1,1,1,1,success,success
20260801,20260802,8,latest-only,13,1431197586,pick_B,Pick up the blue ball,1,1,0,1,missed_grasp,success
20260801,20260802,8,latest-only,14,2134975730,pick_B,Pick up the blue ball,1,1,0,1,missed_grasp,success
20260801,20260802,8,latest-only,15,751649339,pick_B,Pick up the blue ball,1,1,0,1,grasp_failed_after_contact,success
20260801,20260802,8,latest-only,16,937821226,push_B,Push the blue ball away from the robot,1,1,0,0,target_not_contacted,insufficient_push_distance
20260801,20260802,8,latest-only,17,340795577,pick_B,Pick up the blue ball,1,1,0,1,missed_grasp,success
20260801,20260802,8,latest-only,18,1519111428,pick_C,Pick up the green cylinder,1,1,0,1,wrong_object_contact,success
20260801,20260802,8,latest-only,19,205738177,pick_A,Pick up the red cube,1,1,0,1,grasp_failed_after_contact,success
20260801,20260802,8,latest-only,20,1200166337,push_A,Push the red cube away from the robot,1,1,1,1,success,success
20260801,20260802,8,latest-only,21,1240704403,pick_B,Pick up the blue ball,1,1,0,1,missed_grasp,success
20260801,20260802,8,latest-only,22,988635068,pick_A,Pick up the red cube,1,1,1,0,success,grasp_failed_after_contact
20260801,20260802,8,latest-only,23,711297445,pick_C,Pick up the green cylinder,1,1,0,1,grasp_failed_after_contact,success
20260801,20260802,8,latest-only,24,1643017557,push_A,Push the red cube away from the robot,1,1,0,1,insufficient_push_distance,success
20260801,20260802,8,latest-only,25,2069655652,pick_A,Pick up the red cube,1,1,0,1,target_not_reached,success
20260801,20260802,8,latest-only,26,1940129737,push_C,Push the green cylinder away from the robot,1,1,0,0,target_not_contacted,insufficient_push_distance
20260801,20260802,8,latest-only,27,2094903561,push_A,Push the red cube away from the robot,1,1,0,0,insufficient_push_distance,target_not_contacted
20260801,20260802,8,latest-only,28,1947632996,push_B,Push the blue ball away from the robot,1,1,1,0,success,insufficient_push_distance
20260801,20260802,8,latest-only,29,677252663,pick_A,Pick up the red cube,1,1,0,0,missed_grasp,gripper_never_closed
20260801,20260802,8,latest-only,30,1357613382,push_A,Push the red cube away from the robot,1,1,0,1,insufficient_push_distance,success
20260801,20260802,8,latest-only,31,322558925,push_C,Push the green cylinder away from the robot,0,1,0,1,target_not_contacted,success
20260801,20260802,8,latest-only,32,1563891817,push_A,Push the red cube away from the robot,1,1,1,1,success,success
20260801,20260802,8,latest-only,33,57000727,pick_A,Pick up the red cube,1,1,0,0,missed_grasp,recovery_limit
20260801,20260802,8,latest-only,34,1736702307,push_B,Push the blue ball away from the robot,1,1,0,1,target_not_contacted,success
20260801,20260802,8,latest-only,35,1294355395,pick_B,Pick up the blue ball,1,1,0,1,grasp_failed_after_contact,success
20260801,20260802,8,latest-only,36,1662684910,push_A,Push the red cube away from the robot,1,1,0,0,workspace_stall,target_not_contacted
20260801,20260802,8,latest-only,37,1714462720,pick_A,Pick up the red cube,1,1,0,0,missed_grasp,insufficient_lift
20260801,20260802,8,latest-only,38,8882506,pick_C,Pick up the green cylinder,1,1,0,1,grasp_failed_after_contact,success
20260801,20260802,8,latest-only,39,936234202,push_A,Push the red cube away from the robot,1,1,0,0,insufficient_push_distance,insufficient_push_distance
20260801,20260802,8,latest-only,40,1675712970,push_B,Push the blue ball away from the robot,1,1,0,0,target_not_contacted,recovery_limit
20260801,20260802,8,latest-only,41,2038025009,pick_B,Pick up the blue ball,1,1,0,1,grasp_failed_after_contact,success
20260801,20260802,8,latest-only,42,139315407,pick_A,Pick up the red cube,1,1,0,0,grasp_failed_after_contact,gripper_never_closed
20260801,20260802,8,latest-only,43,254320480,pick_C,Pick up the green cylinder,1,1,0,1,grasp_failed_after_contact,success
20260801,20260802,8,latest-only,44,891626877,push_C,Push the green cylinder away from the robot,1,1,0,1,insufficient_push_distance,success
20260801,20260802,8,latest-only,45,1500631811,pick_A,Pick up the red cube,1,1,0,1,wrong_object_contact,success
20260801,20260802,8,latest-only,46,1286127551,push_A,Push the red cube away from the robot,1,1,0,1,insufficient_push_distance,success
20260801,20260802,8,latest-only,47,950405951,pick_C,Pick up the green cylinder,1,1,0,1,grasp_failed_after_contact,success
20260801,20260802,8,latest-only,48,1636226172,pick_A,Pick up the red cube,1,1,0,1,grasp_failed_after_contact,success
20260801,20260802,8,latest-only,49,497244317,pick_C,Pick up the green cylinder,1,1,0,1,missed_grasp,success
20260801,20260802,8,latest-only,50,1510784023,push_B,Push the blue ball away from the robot,1,1,1,1,success,success
20260801,20260802,8,latest-only,51,869057764,push_C,Push the green cylinder away from the robot,1,1,1,1,success,success
20260801,20260802,8,latest-only,52,2010421004,pick_C,Pick up the green cylinder,1,1,0,1,grasp_failed_after_contact,success
20260801,20260802,8,latest-only,53,1174929712,pick_C,Pick up the green cylinder,1,1,0,1,missed_grasp,success
20260801,20260802,8,latest-only,54,491312438,push_C,Push the green cylinder away from the robot,1,1,0,1,target_not_contacted,success
20260801,20260802,8,latest-only,55,1969865608,push_C,Push the green cylinder away from the robot,1,1,0,1,insufficient_push_distance,success
20260801,20260802,8,latest-only,56,1946662380,pick_C,Pick up the green cylinder,1,1,0,0,wrong_object_contact,gripper_never_closed
20260801,20260802,8,latest-only,57,886771867,pick_B,Pick up the blue ball,1,1,0,1,grasp_failed_after_contact,success
20260801,20260802,8,latest-only,58,1306754469,push_A,Push the red cube away from the robot,1,1,1,1,success,success
20260801,20260802,8,latest-only,59,1495092352,pick_C,Pick up the green cylinder,1,1,0,1,grasp_failed_after_contact,success
20260801,20260802,8,latest-only,60,1145732370,push_B,Push the blue ball away from the robot,1,1,0,1,recovery_limit,success
20260811,20260812,8,latest-only,1,1108291765,pick_B,Pick up the blue ball,1,1,0,1,grasp_failed_after_contact,success
20260811,20260812,8,latest-only,2,597377677,pick_A,Pick up the red cube,1,1,0,1,grasp_failed_after_contact,success
20260811,20260812,8,latest-only,3,627505086,push_C,Push the green cylinder away from the robot,1,1,1,0,success,insufficient_push_distance
20260811,20260812,8,latest-only,4,1237221648,push_A,Push the red cube away from the robot,1,1,0,1,insufficient_push_distance,success
20260811,20260812,8,latest-only,5,884968109,pick_B,Pick up the blue ball,1,1,1,1,success,success
20260811,20260812,8,latest-only,6,950419073,pick_C,Pick up the green cylinder,1,1,0,1,grasp_failed_after_contact,success
20260811,20260812,8,latest-only,7,1386785222,push_A,Push the red cube away from the robot,1,1,0,1,insufficient_push_distance,success
20260811,20260812,8,latest-only,8,1647636036,push_A,Push the red cube away from the robot,1,1,1,1,success,success
20260811,20260812,8,latest-only,9,709682685,pick_A,Pick up the red cube,1,1,0,0,missed_grasp,gripper_never_closed
20260811,20260812,8,latest-only,10,947302754,pick_B,Pick up the blue ball,1,1,1,1,success,success
20260811,20260812,8,latest-only,11,2115569061,push_A,Push the red cube away from the robot,1,1,0,0,insufficient_push_distance,target_not_contacted
20260811,20260812,8,latest-only,12,242403568,push_B,Push the blue ball away from the robot,1,1,0,1,insufficient_push_distance,success
20260811,20260812,8,latest-only,13,141437265,push_A,Push the red cube away from the robot,1,1,1,1,success,success
20260811,20260812,8,latest-only,14,2039796682,pick_C,Pick up the green cylinder,1,1,0,1,grasp_failed_after_contact,success
20260811,20260812,8,latest-only,15,69840060,pick_B,Pick up the blue ball,1,1,0,1,grasp_failed_after_contact,success
20260811,20260812,8,latest-only,16,1943017295,push_A,Push the red cube away from the robot,1,1,1,0,success,insufficient_push_distance
20260811,20260812,8,latest-only,17,2104894479,pick_C,Pick up the green cylinder,1,1,0,1,grasp_failed_after_contact,success
20260811,20260812,8,latest-only,18,1132678512,pick_A,Pick up the red cube,1,1,0,1,grasp_failed_after_contact,success
20260811,20260812,8,latest-only,19,665540359,pick_B,Pick up the blue ball,1,1,0,1,wrong_object_contact,success
20260811,20260812,8,latest-only,20,857946723,push_C,Push the green cylinder away from the robot,1,1,0,1,target_not_contacted,success
20260811,20260812,8,latest-only,21,1340257999,pick_B,Pick up the blue ball,1,1,0,1,missed_grasp,success
20260811,20260812,8,latest-only,22,2084683216,pick_A,Pick up the red cube,1,1,0,1,grasp_failed_after_contact,success
20260811,20260812,8,latest-only,23,1363560690,push_C,Push the green cylinder away from the robot,1,1,0,1,insufficient_push_distance,task_success_only
20260811,20260812,8,latest-only,24,613602556,pick_A,Pick up the red cube,1,1,0,1,grasp_failed_after_contact,success
20260811,20260812,8,latest-only,25,20673085,pick_B,Pick up the blue ball,1,1,0,1,missed_grasp,success
20260811,20260812,8,latest-only,26,287609370,pick_C,Pick up the green cylinder,1,1,0,1,wrong_object_contact,task_success_only
20260811,20260812,8,latest-only,27,1859882343,push_C,Push the green cylinder away from the robot,1,1,0,0,insufficient_push_distance,insufficient_push_distance
20260811,20260812,8,latest-only,28,943077148,pick_B,Pick up the blue ball,1,1,0,1,wrong_object_contact,success
20260811,20260812,8,latest-only,29,1559064316,pick_B,Pick up the blue ball,1,1,0,1,target_not_reached,success
20260811,20260812,8,latest-only,30,1984652207,push_C,Push the green cylinder away from the robot,1,1,0,1,insufficient_push_distance,success
20260811,20260812,8,latest-only,31,230134447,push_A,Push the red cube away from the robot,1,1,1,0,success,insufficient_push_distance
20260811,20260812,8,latest-only,32,783789416,push_C,Push the green cylinder away from the robot,1,1,0,0,target_not_contacted,insufficient_push_distance
20260811,20260812,8,latest-only,33,2001084263,push_C,Push the green cylinder away from the robot,1,1,0,0,wrong_object_contact,insufficient_push_distance
20260811,20260812,8,latest-only,34,1180781097,push_C,Push the green cylinder away from the robot,1,1,0,1,insufficient_push_distance,success
20260811,20260812,8,latest-only,35,163966935,pick_C,Pick up the green cylinder,1,1,0,1,grasp_failed_after_contact,success
20260811,20260812,8,latest-only,36,1837138281,pick_A,Pick up the red cube,1,1,0,1,grasp_failed_after_contact,success
20260811,20260812,8,latest-only,37,780026865,pick_A,Pick up the red cube,1,1,0,1,grasp_failed_after_contact,success
20260811,20260812,8,latest-only,38,1607092712,push_B,Push the blue ball away from the robot,1,1,0,0,target_not_contacted,insufficient_push_distance
20260811,20260812,8,latest-only,39,1451266199,push_A,Push the red cube away from the robot,1,1,0,1,insufficient_push_distance,success
20260811,20260812,8,latest-only,40,358756413,pick_C,Pick up the green cylinder,1,1,0,1,grasp_failed_after_contact,success
20260811,20260812,8,latest-only,41,1421965644,push_B,Push the blue ball away from the robot,1,1,0,1,recovery_limit,success
20260811,20260812,8,latest-only,42,59016797,push_B,Push the blue ball away from the robot,1,1,0,0,target_not_contacted,insufficient_push_distance
20260811,20260812,8,latest-only,43,1302654236,pick_C,Pick up the green cylinder,1,1,0,1,grasp_failed_after_contact,success
20260811,20260812,8,latest-only,44,384580899,push_B,Push the blue ball away from the robot,1,1,1,1,success,success
20260811,20260812,8,latest-only,45,1011128636,push_C,Push the green cylinder away from the robot,1,1,1,0,success,recovery_limit
20260811,20260812,8,latest-only,46,296641795,pick_B,Pick up the blue ball,1,1,0,1,grasp_failed_after_contact,success
20260811,20260812,8,latest-only,47,123843409,push_B,Push the blue ball away from the robot,1,1,0,1,insufficient_push_distance,success
20260811,20260812,8,latest-only,48,134514525,push_A,Push the red cube away from the robot,1,1,1,0,success,recovery_limit
20260811,20260812,8,latest-only,49,277643107,push_B,Push the blue ball away from the robot,1,1,0,1,insufficient_push_distance,success
20260811,20260812,8,latest-only,50,1980477288,pick_A,Pick up the red cube,1,1,0,1,grasp_failed_after_contact,success
20260811,20260812,8,latest-only,51,1664468370,push_B,Push the blue ball away from the robot,1,1,1,1,success,success
20260811,20260812,8,latest-only,52,1089264912,push_C,Push the green cylinder away from the robot,1,1,0,0,insufficient_push_distance,target_not_contacted
20260811,20260812,8,latest-only,53,1025412360,pick_C,Pick up the green cylinder,1,1,0,1,wrong_object_contact,success
20260811,20260812,8,latest-only,54,730531494,pick_C,Pick up the green cylinder,1,1,0,0,missed_grasp,insufficient_lift
20260811,20260812,8,latest-only,55,1446152857,pick_A,Pick up the red cube,1,1,0,1,grasp_failed_after_contact,success
20260811,20260812,8,latest-only,56,1446783571,push_B,Push the blue ball away from the robot,1,1,0,0,target_not_contacted,recovery_limit
20260811,20260812,8,latest-only,57,467683298,pick_A,Pick up the red cube,1,1,1,1,task_success_only,success
20260811,20260812,8,latest-only,58,1944327625,pick_C,Pick up the green cylinder,1,1,0,0,target_not_reached,gripper_never_closed
20260811,20260812,8,latest-only,59,803382679,push_B,Push the blue ball away from the robot,1,1,1,1,success,success
20260811,20260812,8,latest-only,60,1586958513,push_A,Push the red cube away from the robot,1,1,0,0,workspace_stall,target_not_contacted
